issue_id,project_id,sprint_id,team_id,assignee_id,issue_type,priority,severity,status,created_date,resolved_date,resolution_time_hours,reopened,escaped_defect,cycle_time_days
I000001,P001,S0001,T006,D0030,Bug,High,Critical,Done,2023-12-23 15:38:36.102984,2023-12-23 21:50:36.102984,6.2,0,0,0.25833333333333336
I000002,P001,S0001,T006,D0006,Bug,Medium,Critical,Done,2023-12-18 03:49:54.302009,2023-12-19 02:07:54.302009,22.3,0,0,0.9291666666666667
I000003,P001,S0001,T006,D0019,Task,Medium,,Done,2023-12-18 03:07:08.867580,2023-12-21 19:13:08.867580,88.1,0,0,3.6708333333333334
I000004,P001,S0001,T006,D0019,Story,Low,,Done,2023-12-28 16:41:23.956473,2023-12-31 03:47:23.956473,59.1,0,0,2.4625
I000005,P001,S0001,T006,D0050,Sub-task,Medium,,Done,2023-12-20 02:00:53.132478,2023-12-20 14:06:53.132478,12.1,0,0,0.5041666666666667
I000006,P001,S0001,T006,D0019,Bug,High,Minor,Won't Fix,2023-12-17 05:41:29.955140,2023-12-17 15:29:29.955140,9.8,0,0,0.4083333333333333
I000007,P001,S0001,T006,D0006,Task,High,,Done,2023-12-20 08:27:56.455337,2023-12-21 05:39:56.455337,21.2,0,0,0.8833333333333333
I000008,P001,S0001,T006,D0006,Bug,High,Minor,Done,2023-12-21 04:59:16.518329,2023-12-21 11:05:16.518329,6.1,0,0,0.25416666666666665
I000009,P001,S0001,T006,D0006,Task,Low,,Done,2023-12-23 13:54:15.963783,2023-12-24 15:00:15.963783,25.1,0,0,1.0458333333333334
I000010,P001,S0001,T006,D0050,Story,Medium,,Done,2023-12-19 14:56:23.655289,2023-12-20 20:44:23.655289,29.8,0,0,1.2416666666666667
I000011,P001,S0001,T006,D0042,Task,High,,Reopened,2023-12-24 17:50:21.433451,2023-12-24 18:50:21.433451,1.0,1,0,0.041666666666666664
I000012,P001,S0001,T006,D0019,Task,Medium,,Done,2023-12-29 03:04:36.036967,2023-12-29 13:34:36.036967,10.5,0,0,0.4375
I000013,P001,S0001,T006,D0019,Bug,High,Major,Done,2023-12-27 22:39:02.082055,2023-12-28 17:33:02.082055,18.9,0,0,0.7875
I000014,P001,S0001,T006,D0050,Story,High,,In Progress,2023-12-21 02:39:12.001235,,,0,0,
I000015,P001,S0001,T006,D0050,Task,High,,Done,2023-12-25 02:43:10.854425,2023-12-25 03:43:10.854425,1.0,0,0,0.041666666666666664
I000016,P001,S0002,T006,D0050,Story,High,,Reopened,2024-01-08 02:45:44.117011,2024-01-09 18:15:44.117011,39.5,1,0,1.6458333333333333
I000017,P001,S0002,T006,D0030,Task,Medium,,Done,2024-01-02 04:01:11.989625,2024-01-03 00:49:11.989625,20.8,0,0,0.8666666666666667
I000018,P001,S0002,T006,D0004,Bug,Low,Minor,Done,2024-01-09 16:06:40.475818,2024-01-12 04:36:40.475818,60.5,0,0,2.5208333333333335
I000019,P001,S0002,T006,D0019,Bug,Medium,Minor,Done,2024-01-05 22:35:02.646297,2024-01-06 20:29:02.646297,21.9,0,0,0.9125
I000020,P001,S0002,T006,D0019,Story,Medium,,Done,2024-01-07 01:19:48.094768,2024-01-10 23:07:48.094768,93.8,0,0,3.908333333333333
I000021,P001,S0002,T006,D0042,Sub-task,Low,,Reopened,2024-01-02 22:56:00.624139,2024-01-03 04:14:00.624139,5.3,1,0,0.22083333333333333
I000022,P001,S0002,T006,D0030,Bug,Low,Major,Reopened,2024-01-07 17:00:15.935187,2024-01-08 10:42:15.935187,17.7,1,0,0.7375
I000023,P001,S0002,T006,D0042,Task,Low,,Reopened,2024-01-07 11:48:07.086139,2024-01-07 20:00:07.086139,8.2,1,0,0.3416666666666667
I000024,P001,S0002,T006,D0050,Sub-task,Low,,Done,2024-01-03 01:36:09.658057,2024-01-07 02:18:09.658057,96.7,0,0,4.029166666666667
I000025,P001,S0002,T006,D0026,Sub-task,High,,Done,2024-01-06 17:52:38.905764,2024-01-06 20:28:38.905764,2.6,0,0,0.10833333333333334
I000026,P001,S0002,T006,D0042,Task,Medium,,Reopened,2024-01-01 11:39:05.031423,2024-01-03 20:39:05.031423,57.0,1,0,2.375
I000027,P001,S0002,T006,D0004,Bug,Low,Major,Done,2024-01-05 21:05:31.191207,2024-01-06 20:59:31.191207,23.9,0,0,0.9958333333333333
I000028,P001,S0002,T006,D0050,Story,Medium,,In Progress,2024-01-08 05:15:59.248191,,,0,0,
I000029,P001,S0002,T006,D0030,Sub-task,Medium,,Done,2024-01-07 05:52:45.390337,2024-01-08 04:40:45.390337,22.8,0,0,0.95
I000030,P001,S0002,T006,D0004,Story,Medium,,Done,2024-01-10 09:31:55.167194,2024-01-12 06:49:55.167194,45.3,0,0,1.8875
I000031,P001,S0002,T006,D0050,Bug,Medium,Major,Done,2023-12-31 20:30:03.943806,2024-01-01 13:36:03.943806,17.1,0,0,0.7125
I000032,P001,S0002,T006,D0004,Bug,Low,Minor,Reopened,2024-01-09 19:00:46.155144,2024-01-13 01:42:46.155144,78.7,1,0,3.279166666666667
I000033,P001,S0002,T006,D0004,Bug,Low,Major,Done,2024-01-08 13:35:03.371553,2024-01-10 14:41:03.371553,49.1,0,0,2.0458333333333334
I000034,P001,S0002,T006,D0042,Story,High,,Reopened,2024-01-10 11:15:29.771336,2024-01-11 21:15:29.771336,34.0,1,0,1.4166666666666667
I000035,P001,S0002,T006,D0026,Bug,Low,Critical,Done,2023-12-31 04:03:23.760487,2024-01-01 20:03:23.760487,40.0,1,0,1.6666666666666667
I000036,P001,S0002,T006,D0050,Story,High,,Done,2024-01-11 20:06:52.880776,2024-01-11 23:30:52.880776,3.4,0,0,0.14166666666666666
I000037,P001,S0002,T006,D0004,Bug,Medium,Minor,Done,2024-01-07 04:14:19.393533,2024-01-09 01:44:19.393533,45.5,0,0,1.8958333333333333
I000038,P001,S0003,T006,D0030,Story,High,,Done,2024-01-24 09:33:17.423480,2024-01-24 20:27:17.423480,10.9,0,0,0.45416666666666666
I000039,P001,S0003,T006,D0030,Story,Low,,Done,2024-01-22 09:15:24.841239,2024-01-23 13:21:24.841239,28.1,0,0,1.1708333333333334
I000040,P001,S0003,T006,D0050,Bug,Low,Minor,Done,2024-01-25 21:15:40.419529,2024-01-27 07:21:40.419529,34.1,0,0,1.4208333333333334
I000041,P001,S0003,T006,D0006,Bug,Low,Minor,Done,2024-01-17 11:08:50.995434,2024-01-17 23:26:50.995434,12.3,0,0,0.5125
I000042,P001,S0003,T006,D0019,Sub-task,Medium,,In Progress,2024-01-18 23:32:21.194930,,,0,0,
I000043,P001,S0003,T006,D0019,Bug,High,Minor,Reopened,2024-01-24 21:10:07.122358,2024-01-25 12:10:07.122358,15.0,1,0,0.625
I000044,P001,S0003,T006,D0019,Sub-task,Medium,,Done,2024-01-26 09:40:30.447121,2024-01-27 05:52:30.447121,20.2,0,0,0.8416666666666667
I000045,P001,S0003,T006,D0006,Story,Low,,Done,2024-01-20 10:51:58.568856,2024-01-20 21:27:58.568856,10.6,0,0,0.44166666666666665
I000046,P001,S0003,T006,D0019,Story,Low,,Done,2024-01-18 13:40:49.908986,2024-01-22 03:10:49.908986,85.5,0,0,3.5625
I000047,P001,S0003,T006,D0019,Task,High,,Done,2024-01-23 00:44:43.076064,2024-01-23 08:50:43.076064,8.1,0,0,0.3375
I000048,P001,S0003,T006,D0050,Bug,High,Blocker,Reopened,2024-01-24 06:29:03.229235,2024-01-24 23:47:03.229235,17.3,1,0,0.7208333333333333
I000049,P001,S0003,T006,D0004,Task,Medium,,Done,2024-01-22 23:59:25.037266,2024-01-25 23:11:25.037266,71.2,0,0,2.966666666666667
I000050,P001,S0003,T006,D0006,Story,Medium,,Won't Fix,2024-01-14 16:05:52.410039,2024-01-15 08:23:52.410039,16.3,0,0,0.6791666666666667
I000051,P001,S0003,T006,D0006,Story,High,,Done,2024-01-14 10:35:28.123148,2024-01-15 02:41:28.123148,16.1,0,0,0.6708333333333333
I000052,P001,S0003,T006,D0042,Story,High,,In Progress,2024-01-23 16:27:36.500449,,,0,0,
I000053,P001,S0003,T006,D0006,Story,Low,,In Progress,2024-01-15 13:37:00.726105,,,0,0,
I000054,P001,S0003,T006,D0030,Task,Low,,In Progress,2024-01-18 02:22:14.107451,,,0,0,
I000055,P001,S0003,T006,D0050,Story,Low,,Done,2024-01-14 07:36:46.957844,2024-01-15 17:42:46.957844,34.1,0,0,1.4208333333333334
I000056,P001,S0003,T006,D0026,Bug,Medium,Critical,Done,2024-01-14 21:50:57.365496,2024-01-18 23:44:57.365496,97.9,0,0,4.079166666666667
I000057,P001,S0003,T006,D0026,Task,Low,,Done,2024-01-15 10:28:04.523869,2024-01-16 03:22:04.523869,16.9,0,0,0.7041666666666667
I000058,P001,S0003,T006,D0030,Task,Medium,,Reopened,2024-01-17 14:30:24.773247,2024-01-18 07:48:24.773247,17.3,1,0,0.7208333333333333
I000059,P001,S0003,T006,D0019,Task,Low,,Reopened,2024-01-19 10:17:06.727362,2024-01-19 23:47:06.727362,13.5,1,0,0.5625
I000060,P001,S0003,T006,D0019,Sub-task,Critical,,Done,2024-01-23 15:55:33.890674,2024-01-24 00:19:33.890674,8.4,0,0,0.35
I000061,P001,S0003,T006,D0019,Story,Low,,Done,2024-01-16 07:04:36.285549,2024-01-16 23:52:36.285549,16.8,0,0,0.7
I000062,P001,S0003,T006,D0019,Task,High,,Done,2024-01-22 04:29:26.563109,2024-01-22 20:17:26.563109,15.8,0,0,0.6583333333333333
I000063,P001,S0003,T006,D0042,Story,High,,In Progress,2024-01-23 01:09:30.358198,,,0,0,
I000064,P001,S0003,T006,D0019,Story,High,,Done,2024-01-14 10:52:40.547975,2024-01-14 11:58:40.547975,1.1,0,0,0.04583333333333333
I000065,P001,S0003,T006,D0019,Sub-task,High,,Done,2024-01-24 12:34:08.455131,2024-01-24 19:22:08.455131,6.8,0,0,0.2833333333333333
I000066,P001,S0003,T006,D0006,Bug,Low,Minor,Done,2024-01-23 01:03:46.293729,2024-01-24 07:33:46.293729,30.5,0,0,1.2708333333333333
I000067,P001,S0003,T006,D0006,Story,Medium,,Done,2024-01-21 16:49:52.423730,2024-01-22 05:07:52.423730,12.3,0,0,0.5125
I000068,P001,S0003,T006,D0004,Story,High,,Done,2024-01-23 12:58:47.620969,2024-01-24 20:10:47.620969,31.2,0,0,1.3
I000069,P001,S0003,T006,D0004,Bug,Low,Critical,Done,2024-01-15 09:01:12.854188,2024-01-16 15:55:12.854188,30.9,0,0,1.2875
I000070,P001,S0004,T006,D0030,Task,Low,,In Progress,2024-02-01 08:33:25.497104,,,0,0,
I000071,P001,S0004,T006,D0030,Bug,Low,Minor,Done,2024-02-01 05:50:50.193128,2024-02-03 00:02:50.193128,42.2,0,1,1.7583333333333333
I000072,P001,S0004,T006,D0042,Task,Low,,In Progress,2024-02-06 21:26:26.540090,,,0,0,
I000073,P001,S0004,T006,D0004,Task,High,,Reopened,2024-01-30 06:12:39.903465,2024-01-30 21:30:39.903465,15.3,1,0,0.6375
I000074,P001,S0004,T006,D0026,Task,High,,Done,2024-02-03 03:45:18.191490,2024-02-03 12:45:18.191490,9.0,0,0,0.375
I000075,P001,S0004,T006,D0030,Bug,Low,Minor,In Progress,2024-02-03 08:27:24.031463,,,0,0,
I000076,P001,S0004,T006,D0050,Sub-task,Low,,In Progress,2024-02-08 02:30:48.418675,,,0,0,
I000077,P001,S0004,T006,D0026,Task,Medium,,Done,2024-01-31 13:15:25.100724,2024-02-01 12:03:25.100724,22.8,0,0,0.95
I000078,P001,S0004,T006,D0006,Task,High,,In Progress,2024-02-08 03:29:46.855438,,,0,0,
I000079,P001,S0004,T006,D0004,Bug,Low,Major,Done,2024-02-01 18:58:48.789271,2024-02-02 13:16:48.789271,18.3,0,0,0.7625
I000080,P001,S0004,T006,D0050,Bug,Low,Major,Done,2024-02-03 21:28:14.055036,2024-02-05 16:10:14.055036,42.7,0,1,1.7791666666666666
I000081,P001,S0004,T006,D0019,Bug,Medium,Minor,Done,2024-01-30 14:33:49.373030,2024-01-31 07:39:49.373030,17.1,0,0,0.7125
I000082,P001,S0004,T006,D0019,Sub-task,Low,,In Progress,2024-02-03 00:57:17.143741,,,0,0,
I000083,P001,S0004,T006,D0004,Task,High,,Done,2024-02-07 03:18:48.630725,2024-02-08 21:12:48.630725,41.9,0,0,1.7458333333333333
I000084,P001,S0004,T006,D0004,Bug,Critical,Minor,Done,2024-02-03 11:39:11.173957,2024-02-04 12:57:11.173957,25.3,0,0,1.0541666666666667
I000085,P001,S0005,T006,D0006,Bug,High,Minor,Done,2024-02-15 04:29:36.769533,2024-02-16 07:35:36.769533,27.1,0,0,1.1291666666666667
I000086,P001,S0005,T006,D0042,Bug,Low,Major,Reopened,2024-02-20 04:25:13.535990,2024-02-21 11:13:13.535990,30.8,1,0,1.2833333333333334
I000087,P001,S0005,T006,D0042,Task,Medium,,Done,2024-02-17 07:07:56.336315,2024-02-17 19:13:56.336315,12.1,0,0,0.5041666666666667
I000088,P001,S0005,T006,D0050,Task,Medium,,Done,2024-02-19 08:47:46.467245,2024-02-22 00:35:46.467245,63.8,0,0,2.658333333333333
I000089,P001,S0005,T006,D0030,Task,Medium,,Done,2024-02-19 00:06:41.439046,2024-02-20 00:30:41.439046,24.4,0,0,1.0166666666666666
I000090,P001,S0005,T006,D0006,Bug,High,Major,Won't Fix,2024-02-17 11:26:13.428720,2024-02-19 07:50:13.428720,44.4,0,0,1.85
I000091,P001,S0005,T006,D0004,Story,Low,,In Progress,2024-02-16 10:32:26.642632,,,0,0,
I000092,P001,S0005,T006,D0006,Task,High,,Won't Fix,2024-02-20 15:43:27.964612,2024-02-20 17:49:27.964612,2.1,0,0,0.0875
I000093,P001,S0005,T006,D0006,Task,Medium,,Done,2024-02-16 16:50:52.838834,2024-02-17 02:20:52.838834,9.5,0,0,0.3958333333333333
I000094,P001,S0005,T006,D0004,Story,High,,In Progress,2024-02-19 12:21:46.489376,,,0,0,
I000095,P001,S0005,T006,D0030,Bug,High,Critical,Won't Fix,2024-02-13 08:03:40.067883,2024-02-13 11:15:40.067883,3.2,0,0,0.13333333333333333
I000096,P001,S0005,T006,D0004,Story,Low,,Done,2024-02-16 06:21:59.361527,2024-02-19 14:45:59.361527,80.4,0,0,3.35
I000097,P001,S0005,T006,D0026,Story,Critical,,Done,2024-02-14 08:32:15.471610,2024-02-15 14:20:15.471610,29.8,0,0,1.2416666666666667
I000098,P001,S0005,T006,D0042,Bug,Critical,Major,Done,2024-02-14 01:38:51.880431,2024-02-14 13:02:51.880431,11.4,0,0,0.475
I000099,P001,S0005,T006,D0030,Bug,Low,Major,Done,2024-02-19 15:06:25.245425,2024-02-22 09:42:25.245425,66.6,0,0,2.775
I000100,P001,S0005,T006,D0019,Bug,Critical,Minor,In Progress,2024-02-14 00:06:46.240839,,,0,0,
I000101,P001,S0005,T006,D0026,Bug,Medium,Minor,Done,2024-02-12 22:16:59.083321,2024-02-14 13:58:59.083321,39.7,0,0,1.6541666666666666
I000102,P001,S0005,T006,D0030,Bug,Low,Minor,Done,2024-02-23 05:13:25.590292,2024-02-24 19:13:25.590292,38.0,0,0,1.5833333333333333
I000103,P001,S0005,T006,D0006,Story,High,,In Progress,2024-02-13 07:16:14.643507,,,0,0,
I000104,P001,S0005,T006,D0050,Bug,High,Critical,In Progress,2024-02-20 23:46:40.950233,,,0,0,
I000105,P001,S0005,T006,D0004,Task,Medium,,Done,2024-02-19 11:11:04.879813,2024-02-20 13:29:04.879813,26.3,0,0,1.0958333333333334
I000106,P001,S0005,T006,D0019,Task,Critical,,Done,2024-02-20 18:45:26.862970,2024-02-20 23:39:26.862970,4.9,0,0,0.20416666666666666
I000107,P001,S0005,T006,D0019,Task,Medium,,In Progress,2024-02-15 06:02:03.647068,,,0,0,
I000108,P001,S0005,T006,D0004,Task,Medium,,Done,2024-02-14 20:37:23.569186,2024-02-16 04:19:23.569186,31.7,0,0,1.3208333333333333
I000109,P001,S0005,T006,D0026,Story,Medium,,Done,2024-02-20 00:59:08.766554,2024-02-20 09:35:08.766554,8.6,0,0,0.35833333333333334
I000110,P001,S0005,T006,D0006,Bug,Medium,Minor,Done,2024-02-19 08:29:01.328321,2024-02-19 10:17:01.328321,1.8,0,0,0.075
I000111,P001,S0005,T006,D0050,Story,Low,,Done,2024-02-15 10:28:09.559990,2024-02-15 18:16:09.559990,7.8,0,0,0.325
I000112,P001,S0005,T006,D0030,Story,Medium,,Done,2024-02-20 17:01:30.804364,2024-02-20 21:01:30.804364,4.0,0,0,0.16666666666666666
I000113,P001,S0005,T006,D0006,Bug,Low,Major,Reopened,2024-02-22 16:11:07.912581,2024-02-23 23:59:07.912581,31.8,1,0,1.325
I000114,P001,S0005,T006,D0042,Bug,Medium,Major,Done,2024-02-19 17:04:11.866075,2024-02-20 13:04:11.866075,20.0,0,0,0.8333333333333334
I000115,P001,S0005,T006,D0030,Task,Low,,Done,2024-02-16 09:01:38.350833,2024-02-17 11:25:38.350833,26.4,0,0,1.1
I000116,P001,S0005,T006,D0026,Bug,Low,Critical,Done,2024-02-13 09:47:28.591162,2024-02-14 11:41:28.591162,25.9,0,0,1.0791666666666666
I000117,P001,S0006,T006,D0006,Story,Critical,,Done,2024-03-03 19:42:10.396388,2024-03-04 05:30:10.396388,9.8,0,0,0.4083333333333333
I000118,P001,S0006,T006,D0026,Bug,Medium,Critical,Done,2024-03-06 00:13:21.887323,2024-03-06 21:55:21.887323,21.7,0,0,0.9041666666666667
I000119,P001,S0006,T006,D0019,Story,Medium,,Done,2024-02-26 05:48:25.264499,2024-02-26 15:54:25.264499,10.1,0,0,0.42083333333333334
I000120,P001,S0006,T006,D0019,Task,Medium,,Done,2024-03-02 23:01:54.219990,2024-03-06 05:49:54.219990,78.8,0,0,3.283333333333333
I000121,P001,S0006,T006,D0019,Story,Medium,,Won't Fix,2024-02-28 00:22:02.978357,2024-03-01 07:10:02.978357,54.8,0,0,2.283333333333333
I000122,P001,S0006,T006,D0019,Story,Medium,,In Progress,2024-03-01 18:07:39.697087,,,0,0,
I000123,P001,S0006,T006,D0030,Sub-task,Low,,Done,2024-02-26 08:28:55.958188,2024-02-28 04:52:55.958188,44.4,0,0,1.85
I000124,P001,S0006,T006,D0026,Task,Low,,Done,2024-02-29 04:53:30.938568,2024-03-03 17:11:30.938568,84.3,0,0,3.5125
I000125,P001,S0006,T006,D0019,Story,High,,Done,2024-03-04 16:54:57.658442,2024-03-05 09:54:57.658442,17.0,0,0,0.7083333333333334
I000126,P001,S0006,T006,D0006,Story,Low,,Won't Fix,2024-02-29 07:53:47.748747,2024-03-01 01:35:47.748747,17.7,0,0,0.7375
I000127,P001,S0006,T006,D0030,Story,Critical,,Won't Fix,2024-03-01 19:15:42.960865,2024-03-02 12:33:42.960865,17.3,0,0,0.7208333333333333
I000128,P001,S0006,T006,D0026,Task,Low,,Done,2024-03-02 23:10:41.655200,2024-03-03 03:40:41.655200,4.5,0,0,0.1875
I000129,P001,S0006,T006,D0004,Bug,Medium,Critical,Won't Fix,2024-03-08 01:16:46.126839,2024-03-08 14:46:46.126839,13.5,0,0,0.5625
I000130,P001,S0006,T006,D0030,Task,Low,,Reopened,2024-02-28 08:11:55.489657,2024-02-28 15:47:55.489657,7.6,1,0,0.31666666666666665
I000131,P001,S0006,T006,D0004,Task,High,,Reopened,2024-03-05 05:07:42.044505,2024-03-05 12:31:42.044505,7.4,1,0,0.30833333333333335
I000132,P001,S0007,T006,D0042,Task,Low,,Done,2024-03-22 06:01:29.099856,2024-03-22 14:19:29.099856,8.3,0,0,0.3458333333333333
I000133,P001,S0007,T006,D0042,Story,Critical,,Reopened,2024-03-21 01:38:40.512539,2024-03-21 11:44:40.512539,10.1,1,0,0.42083333333333334
I000134,P001,S0007,T006,D0019,Task,Low,,Done,2024-03-12 18:08:18.733781,2024-03-13 21:20:18.733781,27.2,0,0,1.1333333333333333
I000135,P001,S0007,T006,D0042,Bug,Medium,Minor,Reopened,2024-03-22 16:23:25.377606,2024-03-24 12:29:25.377606,44.1,1,0,1.8375
I000136,P001,S0007,T006,D0030,Bug,High,Critical,In Progress,2024-03-14 03:04:11.322255,,,0,0,
I000137,P001,S0007,T006,D0042,Bug,Low,Blocker,Done,2024-03-17 03:27:11.574717,2024-03-18 07:15:11.574717,27.8,0,0,1.1583333333333334
I000138,P001,S0007,T006,D0042,Bug,Low,Major,Done,2024-03-14 17:49:01.359743,2024-03-16 11:43:01.359743,41.9,0,0,1.7458333333333333
I000139,P001,S0007,T006,D0026,Sub-task,Low,,Done,2024-03-19 00:51:03.569054,2024-03-19 18:21:03.569054,17.5,0,0,0.7291666666666666
I000140,P001,S0007,T006,D0026,Story,Low,,Done,2024-03-13 00:35:07.468914,2024-03-13 23:35:07.468914,23.0,0,0,0.9583333333333334
I000141,P001,S0007,T006,D0026,Story,Medium,,Done,2024-03-11 16:46:53.895155,2024-03-12 11:46:53.895155,19.0,0,0,0.7916666666666666
I000142,P001,S0007,T006,D0042,Story,Low,,Done,2024-03-15 00:46:06.863609,2024-03-17 10:58:06.863609,58.2,0,0,2.425
I000143,P001,S0007,T006,D0030,Story,Low,,Done,2024-03-13 09:03:42.196062,2024-03-14 03:39:42.196062,18.6,0,0,0.775
I000144,P001,S0007,T006,D0004,Task,Medium,,Done,2024-03-12 14:02:35.371197,2024-03-13 18:02:35.371197,28.0,0,0,1.1666666666666667
I000145,P001,S0007,T006,D0004,Bug,Medium,Major,Done,2024-03-20 23:26:21.875333,2024-03-21 20:02:21.875333,20.6,0,0,0.8583333333333333
I000146,P001,S0007,T006,D0004,Story,High,,Done,2024-03-15 02:25:36.628021,2024-03-15 08:49:36.628021,6.4,0,0,0.26666666666666666
I000147,P001,S0007,T006,D0030,Task,Critical,,Done,2024-03-20 12:22:17.904110,2024-03-20 20:28:17.904110,8.1,0,0,0.3375
I000148,P001,S0007,T006,D0004,Task,Medium,,Done,2024-03-15 00:32:27.095542,2024-03-15 15:56:27.095542,15.4,0,0,0.6416666666666667
I000149,P001,S0007,T006,D0019,Bug,Medium,Minor,Done,2024-03-19 14:04:45.609028,2024-03-22 15:46:45.609028,73.7,0,0,3.0708333333333333
I000150,P001,S0007,T006,D0026,Bug,Critical,Major,Done,2024-03-14 14:12:51.982030,2024-03-15 00:42:51.982030,10.5,0,0,0.4375
I000151,P001,S0007,T006,D0004,Story,Medium,,Reopened,2024-03-17 03:28:48.740305,2024-03-17 13:58:48.740305,10.5,1,0,0.4375
I000152,P001,S0007,T006,D0004,Sub-task,Medium,,Done,2024-03-10 03:15:12.391963,2024-03-10 21:57:12.391963,18.7,0,0,0.7791666666666667
I000153,P001,S0007,T006,D0026,Story,Medium,,In Progress,2024-03-10 13:05:19.614158,,,0,0,
I000154,P001,S0007,T006,D0006,Bug,Low,Minor,Done,2024-03-17 18:44:30.665809,2024-03-21 15:08:30.665809,92.4,0,0,3.85
I000155,P001,S0007,T006,D0042,Sub-task,Low,,Done,2024-03-11 13:54:30.345861,2024-03-13 00:24:30.345861,34.5,0,0,1.4375
I000156,P001,S0007,T006,D0030,Task,High,,In Progress,2024-03-21 22:42:18.282584,,,0,0,
I000157,P001,S0008,T006,D0026,Task,Medium,,Done,2024-03-26 08:20:43.852670,2024-03-27 03:02:43.852670,18.7,0,0,0.7791666666666667
I000158,P001,S0008,T006,D0030,Bug,Low,Minor,Done,2024-04-02 10:30:20.634895,2024-04-03 08:24:20.634895,21.9,0,0,0.9125
I000159,P001,S0008,T006,D0026,Story,High,,Done,2024-04-02 15:56:53.596521,2024-04-02 22:50:53.596521,6.9,0,0,0.2875
I000160,P001,S0008,T006,D0004,Story,High,,Done,2024-03-26 01:56:32.460381,2024-03-26 19:38:32.460381,17.7,0,0,0.7375
I000161,P001,S0008,T006,D0030,Task,High,,Done,2024-03-27 14:42:19.635630,2024-03-28 08:24:19.635630,17.7,0,0,0.7375
I000162,P001,S0008,T006,D0026,Task,Medium,,In Progress,2024-03-26 10:39:49.381920,,,0,0,
I000163,P001,S0008,T006,D0050,Story,High,,In Progress,2024-04-03 22:04:07.542653,,,0,0,
I000164,P001,S0008,T006,D0030,Bug,High,Blocker,In Progress,2024-03-28 18:54:45.264665,,,0,0,
I000165,P001,S0008,T006,D0030,Task,Low,,Reopened,2024-03-26 07:39:08.086694,2024-03-27 04:33:08.086694,20.9,1,0,0.8708333333333333
I000166,P001,S0008,T006,D0042,Story,Low,,Done,2024-03-31 12:57:17.790039,2024-03-31 22:51:17.790039,9.9,0,0,0.4125
I000167,P001,S0008,T006,D0006,Story,Medium,,In Progress,2024-03-31 19:52:09.987400,,,0,0,
I000168,P001,S0008,T006,D0050,Task,High,,Done,2024-03-30 17:23:16.604195,2024-03-31 12:53:16.604195,19.5,0,0,0.8125
I000169,P001,S0008,T006,D0042,Task,Low,,Done,2024-03-28 19:53:01.192504,2024-03-30 22:41:01.192504,50.8,0,0,2.1166666666666667
I000170,P001,S0008,T006,D0019,Story,High,,In Progress,2024-03-25 12:55:15.209645,,,0,0,
I000171,P001,S0008,T006,D0042,Task,Critical,,In Progress,2024-03-26 15:18:58.128060,,,0,0,
I000172,P001,S0008,T006,D0006,Task,Low,,Reopened,2024-03-30 17:38:26.070239,2024-04-01 00:08:26.070239,30.5,1,0,1.2708333333333333
I000173,P001,S0008,T006,D0026,Task,Low,,Reopened,2024-03-28 21:35:49.989832,2024-03-29 05:17:49.989832,7.7,1,0,0.32083333333333336
I000174,P001,S0008,T006,D0004,Bug,Low,Major,Done,2024-03-30 10:53:45.166325,2024-04-01 17:53:45.166325,55.0,0,0,2.2916666666666665
I000175,P001,S0008,T006,D0019,Sub-task,Low,,Done,2024-03-24 17:48:03.862797,2024-03-26 20:42:03.862797,50.9,0,0,2.120833333333333
I000176,P001,S0008,T006,D0006,Bug,High,Blocker,Done,2024-03-28 19:48:59.807857,2024-03-30 04:06:59.807857,32.3,0,1,1.3458333333333334
I000177,P001,S0008,T006,D0050,Sub-task,Low,,Done,2024-03-30 22:06:54.910332,2024-03-31 22:24:54.910332,24.3,0,0,1.0125
I000178,P001,S0008,T006,D0030,Bug,High,Major,In Progress,2024-03-25 15:55:56.355825,,,0,0,
I000179,P001,S0008,T006,D0004,Bug,Medium,Minor,Won't Fix,2024-03-31 08:22:58.941935,2024-04-02 00:22:58.941935,40.0,0,0,1.6666666666666667
I000180,P001,S0008,T006,D0050,Bug,High,Minor,Done,2024-03-25 03:43:05.363282,2024-03-26 00:25:05.363282,20.7,0,0,0.8625
I000181,P001,S0008,T006,D0030,Task,Medium,,Done,2024-03-25 01:29:53.908343,2024-03-27 23:35:53.908343,70.1,0,0,2.9208333333333334
I000182,P001,S0008,T006,D0019,Bug,Medium,Minor,Done,2024-03-25 06:26:22.211501,2024-03-26 01:32:22.211501,19.1,0,0,0.7958333333333333
I000183,P001,S0008,T006,D0026,Story,Low,,Done,2024-04-03 05:19:07.673548,2024-04-05 20:19:07.673548,63.0,0,0,2.625
I000184,P001,S0008,T006,D0006,Story,High,,Reopened,2024-04-02 19:16:53.746531,2024-04-03 01:28:53.746531,6.2,1,0,0.25833333333333336
I000185,P001,S0008,T006,D0026,Task,Medium,,Done,2024-03-31 04:23:03.292124,2024-04-01 09:47:03.292124,29.4,0,0,1.225
I000186,P001,S0008,T006,D0019,Story,Medium,,In Progress,2024-03-25 08:54:28.059791,,,0,0,
I000187,P001,S0008,T006,D0050,Bug,Low,Minor,Done,2024-03-28 15:16:52.838156,2024-03-30 09:46:52.838156,42.5,0,0,1.7708333333333333
I000188,P001,S0008,T006,D0019,Sub-task,Medium,,In Progress,2024-03-26 01:16:54.857009,,,0,0,
I000189,P001,S0008,T006,D0030,Task,Low,,Done,2024-03-30 14:11:59.799862,2024-04-01 13:11:59.799862,47.0,0,0,1.9583333333333333
I000190,P001,S0008,T006,D0030,Task,High,,Done,2024-03-28 01:42:23.552579,2024-03-28 08:36:23.552579,6.9,0,0,0.2875
I000191,P001,S0009,T006,D0019,Story,Low,,Done,2024-04-18 11:09:41.258128,2024-04-21 02:57:41.258128,63.8,0,0,2.658333333333333
I000192,P001,S0009,T006,D0026,Task,Low,,Won't Fix,2024-04-07 09:09:41.823504,2024-04-08 04:33:41.823504,19.4,0,0,0.8083333333333333
I000193,P001,S0009,T006,D0019,Task,High,,Done,2024-04-14 00:43:39.545600,2024-04-14 22:43:39.545600,22.0,0,0,0.9166666666666666
I000194,P001,S0009,T006,D0030,Sub-task,Medium,,Done,2024-04-11 01:59:13.084936,2024-04-12 13:23:13.084936,35.4,0,0,1.475
I000195,P001,S0009,T006,D0050,Bug,Low,Major,In Progress,2024-04-12 11:04:37.355119,,,0,0,
I000196,P001,S0009,T006,D0006,Story,Medium,,Done,2024-04-17 22:31:53.891625,2024-04-19 02:49:53.891625,28.3,0,0,1.1791666666666667
I000197,P001,S0009,T006,D0050,Bug,Medium,Minor,Done,2024-04-09 06:33:46.830236,2024-04-10 03:09:46.830236,20.6,0,0,0.8583333333333333
I000198,P001,S0009,T006,D0050,Bug,High,Minor,Done,2024-04-11 16:26:16.367346,2024-04-13 06:44:16.367346,38.3,0,1,1.5958333333333334
I000199,P001,S0009,T006,D0042,Bug,High,Major,Done,2024-04-14 06:51:26.916717,2024-04-14 16:27:26.916717,9.6,0,0,0.4
I000200,P001,S0009,T006,D0050,Story,Critical,,Reopened,2024-04-08 10:32:41.370424,2024-04-08 16:32:41.370424,6.0,1,0,0.25
I000201,P001,S0009,T006,D0004,Bug,High,Blocker,In Progress,2024-04-17 17:43:27.062832,,,0,0,
I000202,P001,S0009,T006,D0026,Bug,High,Minor,Done,2024-04-18 08:17:57.112601,2024-04-19 03:11:57.112601,18.9,0,1,0.7875
I000203,P001,S0009,T006,D0004,Bug,Medium,Minor,Done,2024-04-10 21:34:29.146045,2024-04-11 09:40:29.146045,12.1,0,0,0.5041666666666667
I000204,P001,S0009,T006,D0030,Bug,Low,Blocker,Done,2024-04-15 03:22:01.075933,2024-04-17 22:58:01.075933,67.6,0,0,2.816666666666667
I000205,P001,S0009,T006,D0030,Story,Low,,Done,2024-04-17 19:23:18.731358,2024-04-19 03:29:18.731358,32.1,0,0,1.3375
I000206,P001,S0009,T006,D0042,Story,Low,,Done,2024-04-18 06:59:17.051899,2024-04-18 17:35:17.051899,10.6,0,0,0.44166666666666665
I000207,P001,S0009,T006,D0050,Story,Medium,,Done,2024-04-14 16:36:34.252702,2024-04-15 11:54:34.252702,19.3,0,0,0.8041666666666667
I000208,P001,S0009,T006,D0042,Bug,Low,Critical,Won't Fix,2024-04-19 14:52:44.603112,2024-04-20 04:16:44.603112,13.4,0,0,0.5583333333333333
I000209,P001,S0009,T006,D0004,Bug,Medium,Major,Done,2024-04-07 14:14:32.670948,2024-04-07 23:26:32.670948,9.2,0,0,0.38333333333333336
I000210,P001,S0009,T006,D0004,Story,Medium,,In Progress,2024-04-12 19:36:36.216333,,,0,0,
I000211,P001,S0009,T006,D0042,Bug,Low,Minor,Done,2024-04-11 09:43:28.281337,2024-04-12 01:49:28.281337,16.1,0,0,0.6708333333333333
I000212,P001,S0009,T006,D0019,Bug,High,Minor,Done,2024-04-17 15:16:49.730338,2024-04-18 21:16:49.730338,30.0,0,1,1.25
I000213,P001,S0009,T006,D0026,Bug,Low,Minor,Reopened,2024-04-12 11:36:37.410135,2024-04-13 19:00:37.410135,31.4,1,0,1.3083333333333333
I000214,P001,S0009,T006,D0006,Task,Low,,Reopened,2024-04-16 08:08:59.710932,2024-04-18 12:08:59.710932,52.0,1,0,2.1666666666666665
I000215,P001,S0009,T006,D0006,Bug,Medium,Major,Done,2024-04-11 19:08:40.354042,2024-04-13 02:08:40.354042,31.0,0,1,1.2916666666666667
I000216,P001,S0009,T006,D0050,Bug,High,Minor,Done,2024-04-15 09:34:55.223766,2024-04-16 11:34:55.223766,26.0,0,0,1.0833333333333333
I000217,P001,S0009,T006,D0042,Task,High,,Done,2024-04-08 13:36:51.213305,2024-04-09 08:06:51.213305,18.5,0,0,0.7708333333333334
I000218,P001,S0009,T006,D0050,Bug,Low,Minor,Done,2024-04-10 20:03:09.722837,2024-04-16 18:21:09.722837,142.3,0,0,5.929166666666666
I000219,P001,S0010,T006,D0026,Bug,Medium,Critical,Done,2024-04-26 06:00:58.081036,2024-04-26 20:00:58.081036,14.0,0,0,0.5833333333333334
I000220,P001,S0010,T006,D0006,Task,High,,Done,2024-05-02 03:33:34.017661,2024-05-02 16:45:34.017661,13.2,0,0,0.55
I000221,P001,S0010,T006,D0026,Story,Low,,Done,2024-04-26 02:36:28.649908,2024-04-28 06:36:28.649908,52.0,0,0,2.1666666666666665
I000222,P001,S0010,T006,D0026,Story,Low,,In Progress,2024-05-02 13:42:36.989918,,,0,0,
I000223,P001,S0010,T006,D0026,Bug,Medium,Critical,In Progress,2024-04-28 17:56:54.667540,,,0,0,
I000224,P001,S0010,T006,D0042,Story,Low,,Done,2024-04-23 04:12:58.452261,2024-04-24 10:12:58.452261,30.0,0,0,1.25
I000225,P001,S0010,T006,D0030,Bug,Medium,Minor,Done,2024-04-21 07:17:09.074596,2024-04-22 11:53:09.074596,28.6,0,0,1.1916666666666667
I000226,P001,S0010,T006,D0019,Story,Medium,,Done,2024-04-27 03:53:24.020472,2024-04-28 02:59:24.020472,23.1,0,0,0.9625
I000227,P001,S0010,T006,D0030,Sub-task,Medium,,Done,2024-04-26 00:16:46.971401,2024-04-26 21:04:46.971401,20.8,0,0,0.8666666666666667
I000228,P001,S0010,T006,D0030,Story,Medium,,In Progress,2024-04-23 04:31:16.068888,,,0,0,
I000229,P001,S0010,T006,D0030,Bug,Low,Minor,Done,2024-04-24 12:19:02.207801,2024-04-25 07:55:02.207801,19.6,0,0,0.8166666666666667
I000230,P001,S0010,T006,D0030,Story,Medium,,In Progress,2024-04-27 08:32:10.044669,,,0,0,
I000231,P001,S0010,T006,D0050,Task,Low,,Reopened,2024-05-02 01:59:52.900632,2024-05-04 08:59:52.900632,55.0,1,0,2.2916666666666665
I000232,P001,S0010,T006,D0026,Sub-task,High,,In Progress,2024-04-30 09:18:31.282064,,,0,0,
I000233,P001,S0010,T006,D0026,Bug,Medium,Major,Reopened,2024-04-21 10:45:06.886586,2024-04-22 09:21:06.886586,22.6,1,0,0.9416666666666667
I000234,P001,S0010,T006,D0050,Story,High,,In Progress,2024-04-28 15:41:03.245658,,,0,0,
I000235,P001,S0010,T006,D0019,Story,High,,Reopened,2024-04-25 17:01:39.515429,2024-04-26 00:01:39.515429,7.0,1,0,0.2916666666666667
I000236,P001,S0010,T006,D0026,Story,High,,Done,2024-04-30 22:31:57.618956,2024-05-01 20:31:57.618956,22.0,0,0,0.9166666666666666
I000237,P001,S0010,T006,D0030,Bug,Medium,Minor,Done,2024-04-24 02:59:57.498987,2024-04-25 01:29:57.498987,22.5,1,0,0.9375
I000238,P001,S0010,T006,D0042,Sub-task,Low,,Done,2024-04-27 04:46:30.583615,2024-04-29 19:52:30.583615,63.1,0,0,2.629166666666667
I000239,P001,S0010,T006,D0042,Story,High,,Done,2024-04-25 08:01:23.104249,2024-04-26 12:19:23.104249,28.3,0,0,1.1791666666666667
I000240,P001,S0010,T006,D0004,Bug,Critical,Major,Done,2024-05-01 18:28:56.717141,2024-05-02 10:16:56.717141,15.8,0,0,0.6583333333333333
I000241,P001,S0010,T006,D0042,Task,High,,Done,2024-04-28 23:26:40.141112,2024-04-29 20:50:40.141112,187.03000000000293,0,0,0.8916666666666667
I000242,P001,S0010,T006,D0042,Bug,Medium,Minor,In Progress,2024-04-24 23:30:53.461276,,,1,0,
I000243,P001,S0010,T006,D0050,Bug,Low,Major,Done,2024-05-01 07:53:19.859572,2024-05-03 10:59:19.859572,51.1,0,0,2.129166666666667
I000244,P001,S0010,T006,D0042,Bug,High,Minor,Done,2024-04-24 19:15:52.950291,2024-04-25 05:15:52.950291,10.0,0,0,0.4166666666666667
I000245,P001,S0010,T006,D0004,Sub-task,Medium,,Done,2024-04-25 15:38:16.779276,2024-04-26 03:14:16.779276,11.6,0,0,0.48333333333333334
I000246,P001,S0010,T006,D0006,Task,High,,Done,2024-04-26 21:37:53.099795,2024-04-27 14:55:53.099795,17.3,0,0,0.7208333333333333
I000247,P001,S0010,T006,D0030,Task,High,,Done,2024-05-01 10:50:06.195683,2024-05-02 21:38:06.195683,34.8,0,0,1.45
I000248,P001,S0010,T006,D0004,Sub-task,High,,Done,2024-04-26 05:15:03.732642,2024-04-27 03:15:03.732642,22.0,0,0,0.9166666666666666
I000249,P001,S0010,T006,D0030,Bug,Medium,Minor,Done,2024-04-24 14:09:53.647344,2024-04-26 03:21:53.647344,37.2,0,1,1.55
I000250,P002,S0011,T003,D0024,Bug,Critical,Critical,Reopened,2023-12-26 16:32:17.291238,2023-12-27 12:08:17.291238,19.6,1,0,0.8166666666666667
I000251,P002,S0011,T003,D0015,Sub-task,Medium,,In Progress,2024-01-06 12:47:32.877402,,,0,0,
I000252,P002,S0011,T003,D0047,Story,Critical,,Reopened,2024-01-04 23:24:20.142542,2024-01-05 03:54:20.142542,4.5,1,0,0.1875
I000253,P002,S0011,T003,D0047,Sub-task,High,,Done,2024-01-06 08:38:27.905324,2024-01-07 04:32:27.905324,19.9,0,0,0.8291666666666667
I000254,P002,S0011,T003,D0024,Story,Medium,,Reopened,2024-01-06 23:50:00.489996,2024-01-07 20:44:00.489996,20.9,1,0,0.8708333333333333
I000255,P002,S0011,T003,D0013,Story,Low,,Done,2023-12-29 19:02:11.894315,2023-12-30 07:26:11.894315,12.4,0,0,0.5166666666666667
I000256,P002,S0011,T003,D0047,Bug,Medium,Minor,In Progress,2024-01-03 08:31:55.166817,,,0,0,
I000257,P002,S0011,T003,D0054,Bug,Low,Major,In Progress,2024-01-03 14:26:32.664974,,,0,0,
I000258,P002,S0011,T003,D0057,Story,Low,,Done,2023-12-25 13:25:05.408337,2023-12-28 00:01:05.408337,58.6,0,0,2.441666666666667
I000259,P002,S0011,T003,D0037,Task,Low,,Done,2023-12-29 22:16:38.435468,2023-12-31 17:04:38.435468,42.8,0,0,1.7833333333333334
I000260,P002,S0011,T003,D0013,Sub-task,Low,,In Progress,2024-01-03 13:41:40.317428,,,0,0,
I000261,P002,S0011,T003,D0057,Sub-task,Medium,,In Progress,2024-01-02 19:23:35.474810,,,0,0,
I000262,P002,S0011,T003,D0013,Bug,Low,Critical,Done,2024-01-01 11:30:39.188932,2024-01-02 12:42:39.188932,25.2,0,0,1.05
I000263,P002,S0011,T003,D0024,Task,Medium,,Done,2023-12-29 12:36:20.970247,2023-12-30 00:12:20.970247,11.6,0,0,0.48333333333333334
I000264,P002,S0011,T003,D0059,Task,Medium,,Done,2024-01-05 10:19:39.344995,2024-01-06 16:55:39.344995,30.6,0,0,1.275
I000265,P002,S0011,T003,D0015,Story,Medium,,Done,2023-12-28 22:30:34.946625,2023-12-31 21:36:34.946625,71.1,0,0,2.9625
I000266,P002,S0011,T003,D0059,Story,Medium,,Done,2023-12-25 18:37:53.560412,2023-12-27 08:43:53.560412,38.1,0,0,1.5875
I000267,P002,S0011,T003,D0024,Sub-task,Medium,,Done,2024-01-06 12:23:01.411004,2024-01-09 05:29:01.411004,65.1,0,0,2.7125
I000268,P002,S0011,T003,D0059,Task,Medium,,Won't Fix,2024-01-05 15:34:31.565568,2024-01-06 05:58:31.565568,14.4,0,0,0.6
I000269,P002,S0011,T003,D0037,Story,Medium,,Done,2024-01-02 18:19:43.147946,2024-01-04 08:43:43.147946,38.4,0,0,1.6
I000270,P002,S0011,T003,D0013,Bug,High,Major,Done,2023-12-25 18:54:58.409758,2023-12-27 02:18:58.409758,31.4,0,1,1.3083333333333333
I000271,P002,S0011,T003,D0047,Sub-task,Medium,,In Progress,2023-12-28 03:28:14.547948,,,0,0,
I000272,P002,S0011,T003,D0054,Story,Critical,,Done,2024-01-03 21:23:11.599759,2024-01-04 00:05:11.599759,2.7,0,0,0.1125
I000273,P002,S0011,T003,D0047,Story,Low,,Won't Fix,2023-12-25 15:35:36.444991,2023-12-27 01:35:36.444991,34.0,0,0,1.4166666666666667
I000274,P002,S0011,T003,D0024,Story,Medium,,Done,2024-01-02 13:38:36.580252,2024-01-03 15:38:36.580252,26.0,0,0,1.0833333333333333
I000275,P002,S0011,T003,D0057,Sub-task,Medium,,Done,2023-12-28 08:58:37.330863,2023-12-28 19:16:37.330863,10.3,0,0,0.42916666666666664
I000276,P002,S0011,T003,D0059,Bug,Low,Minor,Done,2024-01-04 18:46:12.675400,2024-01-05 09:10:12.675400,14.4,0,0,0.6
I000277,P002,S0011,T003,D0054,Bug,Medium,Major,In Progress,2023-12-28 05:10:12.642728,,,0,0,
I000278,P002,S0011,T003,D0047,Task,Medium,,In Progress,2024-01-04 20:38:50.075602,,,0,0,
I000279,P002,S0011,T003,D0047,Bug,Low,Critical,Done,2024-01-03 11:24:17.171958,2024-01-06 08:12:17.171958,68.8,1,0,2.8666666666666667
I000280,P002,S0011,T003,D0054,Bug,High,Minor,Done,2024-01-06 20:54:25.017599,2024-01-07 11:30:25.017599,14.6,0,0,0.6083333333333333
I000281,P002,S0011,T003,D0037,Sub-task,Critical,,In Progress,2024-01-01 12:03:44.088638,,,0,0,
I000282,P002,S0011,T003,D0059,Story,Medium,,Done,2023-12-30 09:40:06.295883,2023-12-30 20:04:06.295883,10.4,0,0,0.43333333333333335
I000283,P002,S0012,T003,D0015,Sub-task,Medium,,Done,2024-01-13 16:13:25.057948,2024-01-15 03:49:25.057948,35.6,0,0,1.4833333333333334
I000284,P002,S0012,T003,D0015,Task,Low,,Reopened,2024-01-13 14:11:31.550918,2024-01-16 17:17:31.550918,75.1,1,0,3.129166666666667
I000285,P002,S0012,T003,D0057,Bug,Medium,Minor,Done,2024-01-12 07:26:53.469992,2024-01-12 20:50:53.469992,13.4,0,1,0.5583333333333333
I000286,P002,S0012,T003,D0015,Task,Medium,,In Progress,2024-01-09 05:39:23.580742,,,0,0,
I000287,P002,S0012,T003,D0054,Task,Medium,,Done,2024-01-11 16:07:53.029299,2024-01-13 03:43:53.029299,35.6,0,0,1.4833333333333334
I000288,P002,S0012,T003,D0057,Story,Medium,,Done,2024-01-15 16:12:52.200089,2024-01-16 10:30:52.200089,18.3,0,0,0.7625
I000289,P002,S0012,T003,D0057,Bug,Low,Minor,Won't Fix,2024-01-08 00:27:35.396967,2024-01-08 18:57:35.396967,18.5,0,0,0.7708333333333334
I000290,P002,S0012,T003,D0057,Story,High,,Done,2024-01-15 22:12:17.552293,2024-01-16 05:12:17.552293,7.0,0,0,0.2916666666666667
I000291,P002,S0012,T003,D0013,Task,Critical,,Done,2024-01-17 19:19:31.645275,2024-01-17 23:31:31.645275,168.0,0,0,0.175
I000292,P002,S0012,T003,D0013,Story,Medium,,Done,2024-01-17 19:11:41.519679,2024-01-17 22:41:41.519679,3.5,0,0,0.14583333333333334
I000293,P002,S0012,T003,D0013,Story,Low,,Done,2024-01-17 06:54:01.221085,2024-01-18 15:24:01.221085,32.5,0,0,1.3541666666666667
I000294,P002,S0012,T003,D0054,Task,Low,,Done,2024-01-20 15:23:42.142922,2024-01-21 00:59:42.142922,9.6,0,0,0.4
I000295,P002,S0012,T003,D0024,Sub-task,Medium,,Done,2024-01-17 11:26:31.528452,2024-01-18 05:38:31.528452,18.2,0,0,0.7583333333333333
I000296,P002,S0012,T003,D0037,Bug,Low,Minor,Done,2024-01-16 15:31:32.205369,2024-01-18 17:07:32.205369,49.6,0,0,2.066666666666667
I000297,P002,S0012,T003,D0059,Task,High,,In Progress,2024-01-12 23:55:07.579270,,,0,0,
I000298,P002,S0012,T003,D0013,Task,Medium,,In Progress,2024-01-18 23:06:09.951740,,,0,0,
I000299,P002,S0012,T003,D0047,Sub-task,Low,,Reopened,2024-01-14 13:29:46.416016,2024-01-15 02:47:46.416016,13.3,1,0,0.5541666666666667
I000300,P002,S0012,T003,D0037,Sub-task,High,,In Progress,2024-01-20 09:10:11.065464,,,0,0,
I000301,P002,S0012,T003,D0024,Bug,High,Major,In Progress,2024-01-18 08:33:52.545325,,,0,0,
I000302,P002,S0012,T003,D0047,Story,Low,,Reopened,2024-01-10 02:47:53.863797,2024-01-10 12:11:53.863797,9.4,1,0,0.39166666666666666
I000303,P002,S0013,T003,D0024,Story,Low,,Done,2024-02-01 04:31:59.055078,2024-02-02 01:07:59.055078,20.6,0,0,0.8583333333333333
I000304,P002,S0013,T003,D0057,Task,Low,,In Progress,2024-01-24 16:05:06.862003,,,0,0,
I000305,P002,S0013,T003,D0015,Bug,Medium,Major,Done,2024-01-23 07:37:42.038532,2024-01-24 03:55:42.038532,20.3,0,0,0.8458333333333333
I000306,P002,S0013,T003,D0037,Story,Critical,,Done,2024-01-23 08:10:25.914257,2024-01-23 20:46:25.914257,12.6,0,0,0.525
I000307,P002,S0013,T003,D0013,Story,Low,,Done,2024-01-27 04:03:18.223591,2024-01-28 10:21:18.223591,30.3,0,0,1.2625
I000308,P002,S0013,T003,D0057,Task,Medium,,Done,2024-01-29 03:28:37.760814,2024-01-29 13:46:37.760814,10.3,0,0,0.42916666666666664
I000309,P002,S0013,T003,D0057,Sub-task,Low,,In Progress,2024-01-23 04:43:29.638768,,,0,0,
I000310,P002,S0013,T003,D0054,Story,Medium,,In Progress,2024-01-31 03:34:59.523705,,,0,0,
I000311,P002,S0013,T003,D0013,Bug,Low,Major,In Progress,2024-02-02 06:13:18.615673,,,0,0,
I000312,P002,S0013,T003,D0013,Story,Critical,,Done,2024-01-29 01:06:03.252116,2024-01-29 12:42:03.252116,11.6,0,0,0.48333333333333334
I000313,P002,S0013,T003,D0057,Task,Low,,In Progress,2024-01-30 17:48:27.631382,,,0,0,
I000314,P002,S0013,T003,D0024,Task,High,,Done,2024-02-01 14:58:57.796127,2024-02-02 03:46:57.796127,12.8,0,0,0.5333333333333333
I000315,P002,S0013,T003,D0057,Story,Medium,,Done,2024-01-30 06:57:31.438914,2024-01-31 20:03:31.438914,37.1,0,0,1.5458333333333334
I000316,P002,S0013,T003,D0015,Bug,High,Minor,Done,2024-01-26 15:03:46.663691,2024-01-26 21:15:46.663691,6.2,0,0,0.25833333333333336
I000317,P002,S0013,T003,D0047,Task,Medium,,Reopened,2024-01-30 17:56:09.458169,2024-01-31 22:20:09.458169,28.4,1,0,1.1833333333333333
I000318,P002,S0013,T003,D0059,Task,Medium,,Won't Fix,2024-01-28 16:14:47.927479,2024-01-29 21:32:47.927479,29.3,0,0,1.2208333333333334
I000319,P002,S0013,T003,D0059,Bug,Medium,Critical,Reopened,2024-01-29 14:20:53.015440,2024-01-29 17:56:53.015440,3.6,1,0,0.15
I000320,P002,S0013,T003,D0059,Task,Medium,,In Progress,2024-02-02 08:36:05.583949,,,0,0,
I000321,P002,S0013,T003,D0059,Story,Medium,,Done,2024-02-03 04:07:10.394034,2024-02-03 18:13:10.394034,14.1,0,0,0.5875
I000322,P002,S0013,T003,D0024,Story,Medium,,Done,2024-01-22 08:49:59.223409,2024-01-22 12:07:59.223409,3.3,0,0,0.1375
I000323,P002,S0013,T003,D0047,Story,Medium,,Done,2024-01-25 09:11:37.746857,2024-01-26 01:59:37.746857,16.8,0,0,0.7
I000324,P002,S0013,T003,D0013,Task,High,,In Progress,2024-02-01 17:51:51.422908,,,0,0,
I000325,P002,S0013,T003,D0059,Bug,Low,Major,In Progress,2024-01-28 23:05:34.044873,,,0,0,
I000326,P002,S0013,T003,D0013,Task,Medium,,Done,2024-01-26 20:32:17.862694,2024-01-27 02:32:17.862694,6.0,0,0,0.25
I000327,P002,S0013,T003,D0013,Bug,Medium,Major,In Progress,2024-01-28 12:58:38.393170,,,0,0,
I000328,P002,S0013,T003,D0057,Bug,Low,Major,Done,2024-01-27 08:15:40.341495,2024-01-28 07:03:40.341495,22.8,0,0,0.95
I000329,P002,S0013,T003,D0037,Bug,High,Major,Done,2024-01-28 16:39:33.138623,2024-01-29 04:21:33.138623,11.7,0,0,0.4875
I000330,P002,S0013,T003,D0013,Bug,Low,Minor,In Progress,2024-01-25 11:29:29.217281,,,0,0,
I000331,P002,S0013,T003,D0024,Story,Medium,,Done,2024-01-29 00:45:44.500311,2024-01-30 20:51:44.500311,44.1,0,0,1.8375
I000332,P002,S0014,T003,D0047,Story,Low,,Done,2024-02-17 06:52:32.256811,2024-02-19 19:28:32.256811,60.6,0,0,2.525
I000333,P002,S0014,T003,D0013,Bug,Low,Major,Done,2024-02-07 16:21:02.374261,2024-02-09 21:57:02.374261,53.6,0,1,2.2333333333333334
I000334,P002,S0014,T003,D0015,Task,Medium,,Done,2024-02-10 07:19:59.324627,2024-02-11 00:43:59.324627,17.4,0,0,0.725
I000335,P002,S0014,T003,D0054,Bug,Low,Major,Done,2024-02-11 23:07:29.492387,2024-02-13 13:49:29.492387,38.7,0,0,1.6125
I000336,P002,S0014,T003,D0054,Story,High,,Done,2024-02-10 06:13:31.514873,2024-02-11 01:49:31.514873,19.6,0,0,0.8166666666666667
I000337,P002,S0014,T003,D0037,Story,High,,Won't Fix,2024-02-16 17:21:12.588863,2024-02-17 05:09:12.588863,11.8,0,0,0.49166666666666664
I000338,P002,S0014,T003,D0037,Story,Critical,,Won't Fix,2024-02-10 20:32:57.531476,2024-02-11 14:38:57.531476,18.1,0,0,0.7541666666666667
I000339,P002,S0014,T003,D0054,Sub-task,Medium,,Done,2024-02-09 04:12:09.329841,2024-02-09 16:30:09.329841,12.3,0,0,0.5125
I000340,P002,S0014,T003,D0054,Story,Medium,,Reopened,2024-02-05 14:08:22.614129,2024-02-05 21:08:22.614129,7.0,1,0,0.2916666666666667
I000341,P002,S0014,T003,D0047,Bug,Medium,Major,Done,2024-02-05 01:39:28.095871,2024-02-06 09:57:28.095871,32.3,0,0,1.3458333333333334
I000342,P002,S0014,T003,D0024,Story,Medium,,Done,2024-02-13 19:22:18.139530,2024-02-15 05:16:18.139530,33.9,0,0,1.4125
I000343,P002,S0014,T003,D0057,Story,High,,Reopened,2024-02-07 05:00:10.345996,2024-02-07 21:30:10.345996,16.5,1,0,0.6875
I000344,P002,S0014,T003,D0054,Story,Medium,,Done,2024-02-15 01:34:56.773483,2024-02-15 20:40:56.773483,19.1,0,0,0.7958333333333333
I000345,P002,S0014,T003,D0037,Bug,Medium,Major,Done,2024-02-08 12:32:02.838749,2024-02-09 00:50:02.838749,12.3,0,0,0.5125
I000346,P002,S0014,T003,D0057,Task,Medium,,Done,2024-02-12 14:24:59.198874,2024-02-12 22:54:59.198874,8.5,0,0,0.3541666666666667
I000347,P002,S0014,T003,D0013,Task,High,,In Progress,2024-02-08 12:50:49.791475,,,0,0,
I000348,P002,S0014,T003,D0057,Story,High,,In Progress,2024-02-11 00:29:30.446582,,,0,0,
I000349,P002,S0014,T003,D0013,Bug,Medium,Critical,In Progress,2024-02-15 02:44:37.953100,,,0,0,
I000350,P002,S0014,T003,D0037,Story,Low,,In Progress,2024-02-10 09:33:18.660126,,,0,0,
I000351,P002,S0014,T003,D0024,Bug,Medium,Minor,Won't Fix,2024-02-16 16:09:02.830791,2024-02-17 08:15:02.830791,16.1,0,0,0.6708333333333333
I000352,P002,S0014,T003,D0047,Task,High,,Reopened,2024-02-17 13:47:10.461510,2024-02-18 14:29:10.461510,24.7,1,0,1.0291666666666666
I000353,P002,S0014,T003,D0024,Task,High,,Done,2024-02-16 03:42:11.737995,2024-02-16 17:18:11.737995,13.6,0,0,0.5666666666666667
I000354,P002,S0014,T003,D0054,Task,Medium,,Done,2024-02-05 04:16:26.211819,2024-02-05 18:04:26.211819,13.8,0,0,0.575
I000355,P002,S0014,T003,D0013,Bug,High,Major,Reopened,2024-02-14 21:50:18.307839,2024-02-16 04:26:18.307839,30.6,1,0,1.275
I000356,P002,S0014,T003,D0024,Bug,Medium,Major,Done,2024-02-13 18:57:04.046571,2024-02-16 20:57:04.046571,74.0,0,0,3.0833333333333335
I000357,P002,S0015,T003,D0057,Bug,Medium,Minor,Done,2024-03-02 22:38:12.862189,2024-03-04 07:32:12.862189,32.9,0,0,1.3708333333333333
I000358,P002,S0015,T003,D0024,Task,Low,,Done,2024-03-02 00:36:52.987345,2024-03-04 07:06:52.987345,54.5,0,0,2.2708333333333335
I000359,P002,S0015,T003,D0037,Task,Medium,,Done,2024-02-22 13:53:23.721349,2024-02-23 18:11:23.721349,28.3,0,0,1.1791666666666667
I000360,P002,S0015,T003,D0057,Bug,Medium,Major,In Progress,2024-03-02 08:00:29.704632,,,1,0,
I000361,P002,S0015,T003,D0047,Task,High,,Done,2024-03-02 11:48:25.509030,2024-03-02 17:54:25.509030,6.1,0,0,0.25416666666666665
I000362,P002,S0015,T003,D0015,Task,Medium,,Done,2024-02-20 00:30:36.155694,2024-02-21 00:48:36.155694,24.3,0,0,1.0125
I000363,P002,S0015,T003,D0059,Bug,Medium,Critical,Done,2024-03-01 11:28:09.921914,2024-03-01 21:34:09.921914,10.1,0,0,0.42083333333333334
I000364,P002,S0015,T003,D0057,Story,High,,In Progress,2024-03-01 11:59:23.954609,,,0,0,
I000365,P002,S0015,T003,D0057,Sub-task,Medium,,Done,2024-03-01 00:23:06.123618,2024-03-01 16:35:06.123618,16.2,0,0,0.675
I000366,P002,S0015,T003,D0057,Story,Medium,,In Progress,2024-02-27 16:49:27.429811,,,0,0,
I000367,P002,S0015,T003,D0054,Bug,Low,Major,Done,2024-02-22 11:47:29.026484,2024-02-24 10:47:29.026484,47.0,0,0,1.9583333333333333
I000368,P002,S0015,T003,D0037,Bug,Low,Minor,Done,2024-02-21 00:32:17.837892,2024-02-22 20:08:17.837892,43.6,0,0,1.8166666666666667
I000369,P002,S0015,T003,D0059,Task,Low,,Done,2024-02-21 17:40:41.394632,2024-02-22 03:10:41.394632,9.5,0,0,0.3958333333333333
I000370,P002,S0015,T003,D0059,Bug,Critical,Minor,Done,2024-02-20 06:45:28.343632,2024-02-20 20:39:28.343632,13.9,0,0,0.5791666666666667
I000371,P002,S0015,T003,D0015,Bug,Medium,Minor,Done,2024-02-25 08:12:15.506589,2024-02-26 22:18:15.506589,38.1,0,0,1.5875
I000372,P002,S0015,T003,D0047,Bug,Medium,Minor,Done,2024-02-23 12:17:00.452299,2024-02-24 13:05:00.452299,24.8,1,0,1.0333333333333334
I000373,P002,S0015,T003,D0059,Sub-task,High,,Done,2024-02-23 19:53:52.029380,2024-02-24 10:47:52.029380,14.9,0,0,0.6208333333333333
I000374,P002,S0015,T003,D0057,Task,Medium,,Done,2024-02-27 22:21:22.373934,2024-02-28 08:51:22.373934,10.5,0,0,0.4375
I000375,P002,S0015,T003,D0047,Story,High,,Reopened,2024-02-20 15:18:45.477697,2024-02-21 10:06:45.477697,18.8,1,0,0.7833333333333333
I000376,P002,S0015,T003,D0047,Story,High,,Reopened,2024-02-25 16:01:25.972759,2024-02-26 03:55:25.972759,11.9,1,0,0.49583333333333335
I000377,P002,S0015,T003,D0037,Task,Low,,Done,2024-02-26 10:06:49.514594,2024-02-28 20:48:49.514594,58.7,0,0,2.4458333333333333
I000378,P002,S0015,T003,D0054,Story,Medium,,Done,2024-03-01 17:47:43.882787,2024-03-03 22:11:43.882787,52.4,0,0,2.183333333333333
I000379,P002,S0015,T003,D0057,Story,High,,Done,2024-02-23 18:37:33.266473,2024-02-25 18:37:33.266473,48.0,0,0,2.0
I000380,P002,S0015,T003,D0047,Story,Low,,In Progress,2024-03-02 20:25:07.515028,,,0,0,
I000381,P002,S0015,T003,D0013,Task,High,,Done,2024-02-27 03:43:35.859894,2024-02-29 14:19:35.859894,58.6,0,0,2.441666666666667
I000382,P002,S0015,T003,D0047,Story,Low,,In Progress,2024-02-22 19:42:43.630262,,,0,0,
I000383,P002,S0015,T003,D0015,Story,Medium,,Done,2024-02-28 21:17:58.561606,2024-03-01 05:05:58.561606,31.8,0,0,1.325
I000384,P002,S0015,T003,D0054,Story,High,,In Progress,2024-03-02 03:46:25.287811,,,0,0,
I000385,P002,S0015,T003,D0037,Bug,Low,Major,Done,2024-02-26 23:55:13.050656,2024-02-27 13:37:13.050656,13.7,0,1,0.5708333333333333
I000386,P002,S0015,T003,D0013,Bug,High,Critical,Done,2024-03-02 22:52:34.563460,2024-03-03 22:16:34.563460,23.4,0,0,0.975
I000387,P002,S0015,T003,D0054,Story,Low,,In Progress,2024-02-21 06:07:50.763759,,,0,0,
I000388,P002,S0015,T003,D0054,Bug,Medium,Major,Reopened,2024-02-21 17:45:49.723915,2024-02-23 14:57:49.723915,45.2,1,0,1.8833333333333333
I000389,P002,S0015,T003,D0057,Bug,High,Major,Done,2024-02-29 01:52:34.119021,2024-02-29 18:40:34.119021,16.8,1,0,0.7
I000390,P002,S0016,T003,D0037,Story,Medium,,Done,2024-03-12 11:51:20.345491,2024-03-13 00:27:20.345491,12.6,0,0,0.525
I000391,P002,S0016,T003,D0059,Task,Low,,Done,2024-03-07 15:51:51.138493,2024-03-08 04:57:51.138493,13.1,0,0,0.5458333333333333
I000392,P002,S0016,T003,D0037,Story,Low,,Done,2024-03-09 15:55:16.228641,2024-03-10 08:37:16.228641,16.7,0,0,0.6958333333333333
I000393,P002,S0016,T003,D0013,Bug,Low,Critical,Done,2024-03-16 03:52:16.205594,2024-03-18 10:16:16.205594,54.4,0,1,2.2666666666666666
I000394,P002,S0016,T003,D0037,Bug,High,Minor,Done,2024-03-08 10:31:28.862820,2024-03-09 13:07:28.862820,26.6,0,0,1.1083333333333334
I000395,P002,S0016,T003,D0059,Task,Medium,,In Progress,2024-03-15 18:09:36.899273,,,0,0,
I000396,P002,S0016,T003,D0037,Task,Medium,,Done,2024-03-15 05:52:05.998065,2024-03-16 19:40:05.998065,37.8,0,0,1.575
I000397,P002,S0016,T003,D0054,Sub-task,Low,,Done,2024-03-12 23:36:33.888869,2024-03-13 12:00:33.888869,12.4,0,0,0.5166666666666667
I000398,P002,S0016,T003,D0047,Sub-task,Medium,,Done,2024-03-15 05:17:53.835985,2024-03-15 20:11:53.835985,14.9,0,0,0.6208333333333333
I000399,P002,S0016,T003,D0013,Story,Low,,Done,2024-03-11 17:58:39.252124,2024-03-13 09:46:39.252124,39.8,0,0,1.6583333333333334
I000400,P002,S0016,T003,D0059,Story,Medium,,Done,2024-03-04 14:07:03.889106,2024-03-04 23:31:03.889106,9.4,0,0,0.39166666666666666
I000401,P002,S0016,T003,D0047,Task,Medium,,In Progress,2024-03-08 05:57:35.813619,,,0,0,
I000402,P002,S0016,T003,D0024,Task,Low,,Done,2024-03-04 23:36:22.551905,2024-03-05 15:18:22.551905,15.7,0,0,0.6541666666666667
I000403,P002,S0016,T003,D0037,Story,High,,Done,2024-03-04 10:07:20.478600,2024-03-04 22:07:20.478600,12.0,0,0,0.5
I000404,P002,S0016,T003,D0057,Task,High,,In Progress,2024-03-13 17:25:34.240199,,,0,0,
I000405,P002,S0017,T003,D0057,Story,Low,,In Progress,2024-03-18 15:42:32.588692,,,0,0,
I000406,P002,S0017,T003,D0054,Bug,Critical,Major,Done,2024-03-19 19:01:12.734541,2024-03-20 10:01:12.734541,15.0,0,0,0.625
I000407,P002,S0017,T003,D0054,Task,Low,,Done,2024-03-20 17:13:35.488548,2024-03-22 06:07:35.488548,36.9,0,0,1.5375
I000408,P002,S0017,T003,D0057,Sub-task,Medium,,In Progress,2024-03-20 08:59:37.621978,,,0,0,
I000409,P002,S0017,T003,D0037,Bug,Critical,Minor,Done,2024-03-30 03:19:47.351915,2024-03-30 06:49:47.351915,3.5,1,0,0.14583333333333334
I000410,P002,S0017,T003,D0024,Bug,Medium,Major,In Progress,2024-03-22 07:37:05.708612,,,1,0,
I000411,P002,S0017,T003,D0047,Story,Medium,,In Progress,2024-03-23 05:48:02.951689,,,0,0,
I000412,P002,S0017,T003,D0047,Story,High,,Done,2024-03-30 12:13:32.056831,2024-04-01 05:37:32.056831,41.4,0,0,1.725
I000413,P002,S0017,T003,D0047,Bug,Medium,Minor,Done,2024-03-20 00:55:32.030612,2024-03-20 16:37:32.030612,15.7,0,0,0.6541666666666667
I000414,P002,S0017,T003,D0057,Task,Low,,Done,2024-03-22 03:07:14.684285,2024-03-24 09:55:14.684285,54.8,0,0,2.283333333333333
I000415,P002,S0017,T003,D0047,Story,Medium,,Done,2024-03-23 05:48:06.183192,2024-03-23 19:42:06.183192,13.9,0,0,0.5791666666666667
I000416,P002,S0017,T003,D0047,Task,Medium,,Reopened,2024-03-23 18:29:52.784462,2024-03-24 20:47:52.784462,26.3,1,0,1.0958333333333334
I000417,P002,S0017,T003,D0059,Story,Medium,,In Progress,2024-03-29 21:29:56.214763,,,0,0,
I000418,P002,S0017,T003,D0024,Story,Low,,In Progress,2024-03-29 17:17:38.031538,,,0,0,
I000419,P002,S0017,T003,D0054,Sub-task,Critical,,Done,2024-03-23 03:17:18.430121,2024-03-23 10:59:18.430121,7.7,0,0,0.32083333333333336
I000420,P002,S0017,T003,D0013,Task,Medium,,In Progress,2024-03-19 17:18:36.861879,,,0,0,
I000421,P002,S0017,T003,D0057,Story,Medium,,Reopened,2024-03-26 22:40:12.769706,2024-03-27 03:40:12.769706,5.0,1,0,0.20833333333333334
I000422,P002,S0017,T003,D0054,Bug,High,Minor,In Progress,2024-03-24 11:01:53.046379,,,0,0,
I000423,P002,S0017,T003,D0047,Bug,Low,Major,Done,2024-03-25 19:57:51.213217,2024-03-26 07:15:51.213217,11.3,1,0,0.4708333333333333
I000424,P002,S0017,T003,D0013,Bug,Low,Minor,In Progress,2024-03-21 14:38:54.078912,,,0,0,
I000425,P002,S0017,T003,D0057,Task,Low,,Done,2024-03-18 12:33:37.788980,2024-03-18 20:21:37.788980,7.8,0,0,0.325
I000426,P002,S0017,T003,D0024,Bug,Low,Major,Done,2024-03-25 08:36:51.673291,2024-03-26 03:00:51.673291,18.4,0,0,0.7666666666666667
I000427,P002,S0017,T003,D0059,Task,Low,,Reopened,2024-03-20 22:32:12.012559,2024-03-22 13:32:12.012559,39.0,1,0,1.625
I000428,P002,S0017,T003,D0047,Bug,Low,Major,Reopened,2024-03-21 17:38:45.367983,2024-03-22 06:32:45.367983,12.9,1,0,0.5375
I000429,P002,S0017,T003,D0037,Bug,Medium,Major,In Progress,2024-03-20 02:20:47.816942,,,0,0,
I000430,P002,S0017,T003,D0024,Task,Low,,Done,2024-03-23 07:12:26.353611,2024-03-24 10:54:26.353611,27.7,0,0,1.1541666666666666
I000431,P002,S0017,T003,D0037,Task,Low,,Reopened,2024-03-26 08:08:57.833347,2024-03-27 11:32:57.833347,27.4,1,0,1.1416666666666666
I000432,P002,S0017,T003,D0057,Bug,Low,Minor,Done,2024-03-26 10:12:31.574789,2024-03-27 22:30:31.574789,36.3,0,1,1.5125
I000433,P002,S0017,T003,D0015,Task,Medium,,Done,2024-03-26 17:26:11.390897,2024-03-27 20:56:11.390897,27.5,0,0,1.1458333333333333
I000434,P002,S0017,T003,D0057,Story,Medium,,Done,2024-03-19 12:35:29.062009,2024-03-20 02:53:29.062009,14.3,0,0,0.5958333333333333
I000435,P002,S0017,T003,D0054,Bug,Medium,Major,Done,2024-03-23 08:17:29.142497,2024-03-23 16:35:29.142497,8.3,0,0,0.3458333333333333
I000436,P002,S0017,T003,D0059,Bug,Medium,Minor,Done,2024-03-19 16:18:08.736897,2024-03-20 17:00:08.736897,24.7,0,0,1.0291666666666666
I000437,P002,S0017,T003,D0024,Bug,Low,Major,Done,2024-03-21 06:56:39.186122,2024-03-21 21:02:39.186122,14.1,0,0,0.5875
I000438,P002,S0017,T003,D0054,Sub-task,Low,,In Progress,2024-03-19 23:21:14.140345,,,0,0,
I000439,P002,S0018,T003,D0015,Bug,Low,Major,In Progress,2024-04-12 01:01:38.203473,,,0,0,
I000440,P002,S0018,T003,D0015,Story,Low,,Done,2024-04-01 08:41:14.276991,2024-04-04 02:35:14.276991,65.9,0,0,2.745833333333333
I000441,P002,S0018,T003,D0054,Story,Medium,,In Progress,2024-04-03 06:29:23.719199,,,0,0,
I000442,P002,S0018,T003,D0015,Story,High,,Done,2024-04-08 16:42:33.317821,2024-04-09 17:12:33.317821,24.5,0,0,1.0208333333333333
I000443,P002,S0018,T003,D0054,Sub-task,Medium,,Done,2024-04-02 20:42:13.734415,2024-04-02 22:42:13.734415,2.0,0,0,0.08333333333333333
I000444,P002,S0018,T003,D0057,Task,Critical,,Done,2024-04-08 20:54:36.540591,2024-04-09 14:18:36.540591,17.4,0,0,0.725
I000445,P002,S0018,T003,D0059,Bug,Low,Minor,Done,2024-04-09 14:29:32.606000,2024-04-10 09:59:32.606000,19.5,1,0,0.8125
I000446,P002,S0018,T003,D0037,Sub-task,High,,Done,2024-04-02 15:44:21.392577,2024-04-03 08:50:21.392577,17.1,0,0,0.7125
I000447,P002,S0018,T003,D0057,Story,Low,,In Progress,2024-04-06 05:25:56.970009,,,0,0,
I000448,P002,S0018,T003,D0047,Task,Low,,In Progress,2024-04-05 04:41:26.486487,,,0,0,
I000449,P002,S0018,T003,D0054,Sub-task,Medium,,Done,2024-04-07 16:30:42.963317,2024-04-08 16:30:42.963317,24.0,0,0,1.0
I000450,P002,S0018,T003,D0057,Task,Critical,,Done,2024-04-03 22:25:37.379416,2024-04-04 05:01:37.379416,6.6,0,0,0.275
I000451,P002,S0018,T003,D0047,Sub-task,Medium,,Done,2024-04-07 21:56:38.368138,2024-04-08 11:02:38.368138,13.1,0,0,0.5458333333333333
I000452,P002,S0018,T003,D0047,Task,Medium,,In Progress,2024-04-10 00:43:55.117620,,,0,0,
I000453,P002,S0018,T003,D0047,Story,Medium,,In Progress,2024-04-10 02:35:26.832750,,,0,0,
I000454,P002,S0018,T003,D0047,Task,Medium,,Done,2024-04-10 23:27:34.686519,2024-04-12 02:51:34.686519,27.4,0,0,1.1416666666666666
I000455,P002,S0018,T003,D0024,Task,Low,,Done,2024-04-02 15:10:17.524014,2024-04-08 05:34:17.524014,134.4,0,0,5.6
I000456,P002,S0018,T003,D0015,Task,Critical,,Done,2024-04-07 03:56:21.337573,2024-04-07 09:26:21.337573,5.5,0,0,0.22916666666666666
I000457,P002,S0018,T003,D0013,Task,Low,,Done,2024-04-07 11:24:59.552593,2024-04-07 22:18:59.552593,10.9,0,0,0.45416666666666666
I000458,P002,S0019,T003,D0037,Story,Low,,Reopened,2024-04-26 14:48:51.116558,2024-04-28 19:36:51.116558,52.8,1,0,2.2
I000459,P002,S0019,T003,D0024,Bug,High,Major,In Progress,2024-04-19 15:53:23.760850,,,0,0,
I000460,P002,S0019,T003,D0047,Sub-task,Medium,,Done,2024-04-18 23:51:30.801947,2024-04-19 18:27:30.801947,18.6,0,0,0.775
I000461,P002,S0019,T003,D0059,Bug,Medium,Blocker,Done,2024-04-19 21:53:09.004858,2024-04-20 16:05:09.004858,18.2,0,0,0.7583333333333333
I000462,P002,S0019,T003,D0054,Bug,Critical,Critical,Done,2024-04-20 21:03:03.665539,2024-04-21 03:21:03.665539,6.3,0,0,0.2625
I000463,P002,S0019,T003,D0015,Story,Low,,Done,2024-04-25 13:52:54.059669,2024-04-26 23:22:54.059669,33.5,0,0,1.3958333333333333
I000464,P002,S0019,T003,D0037,Bug,Medium,Minor,Done,2024-04-26 06:52:07.752511,2024-04-27 13:22:07.752511,30.5,0,1,1.2708333333333333
I000465,P002,S0019,T003,D0024,Bug,Low,Major,In Progress,2024-04-22 17:42:42.035790,,,0,0,
I000466,P002,S0019,T003,D0024,Story,Low,,Done,2024-04-17 05:41:27.031651,2024-04-19 17:11:27.031651,59.5,0,0,2.4791666666666665
I000467,P002,S0019,T003,D0037,Story,Medium,,Done,2024-04-16 01:09:07.223086,2024-04-18 00:27:07.223086,47.3,0,0,1.9708333333333334
I000468,P002,S0019,T003,D0057,Sub-task,Medium,,In Progress,2024-04-18 23:46:31.267377,,,0,0,
I000469,P002,S0019,T003,D0013,Task,Critical,,Reopened,2024-04-17 07:16:18.837284,2024-04-17 20:16:18.837284,13.0,1,0,0.5416666666666666
I000470,P002,S0019,T003,D0024,Task,Low,,Done,2024-04-25 05:12:31.270238,2024-04-27 10:12:31.270238,53.0,0,0,2.2083333333333335
I000471,P002,S0019,T003,D0047,Bug,Medium,Major,Done,2024-04-19 22:51:25.112330,2024-04-20 14:33:25.112330,15.7,0,0,0.6541666666666667
I000472,P002,S0019,T003,D0059,Sub-task,High,,Done,2024-04-17 13:25:44.457578,2024-04-17 17:19:44.457578,3.9,0,0,0.1625
I000473,P002,S0019,T003,D0057,Story,High,,Done,2024-04-23 05:00:54.515829,2024-04-23 16:48:54.515829,11.8,0,0,0.49166666666666664
I000474,P002,S0019,T003,D0047,Bug,High,Minor,In Progress,2024-04-20 09:31:08.332085,,,0,0,
I000475,P002,S0019,T003,D0057,Story,Low,,Done,2024-04-23 15:57:17.484222,2024-04-24 14:21:17.484222,22.4,0,0,0.9333333333333333
I000476,P002,S0019,T003,D0015,Bug,High,Minor,Reopened,2024-04-22 18:34:43.840584,2024-04-24 00:22:43.840584,29.8,1,0,1.2416666666666667
I000477,P002,S0019,T003,D0047,Bug,Medium,Minor,Done,2024-04-15 22:12:02.058516,2024-04-16 14:12:02.058516,16.0,0,0,0.6666666666666666
I000478,P002,S0019,T003,D0013,Bug,High,Critical,Done,2024-04-25 16:34:11.289988,2024-04-26 07:58:11.289988,15.4,0,0,0.6416666666666667
I000479,P002,S0019,T003,D0057,Bug,Low,Minor,Done,2024-04-16 14:27:52.340909,2024-04-18 22:21:52.340909,55.9,0,0,2.3291666666666666
I000480,P002,S0019,T003,D0037,Task,Low,,Done,2024-04-27 01:33:07.725857,2024-04-28 01:21:07.725857,23.8,0,0,0.9916666666666667
I000481,P002,S0019,T003,D0013,Story,Medium,,Done,2024-04-21 08:46:08.226199,2024-04-21 22:40:08.226199,13.9,0,0,0.5791666666666667
I000482,P002,S0019,T003,D0015,Bug,Critical,Minor,Done,2024-04-27 13:57:16.034927,2024-04-28 03:51:16.034927,13.9,0,1,0.5791666666666667
I000483,P002,S0019,T003,D0057,Task,Medium,,Reopened,2024-04-22 02:38:30.513507,2024-04-23 00:32:30.513507,21.9,1,0,0.9125
I000484,P002,S0019,T003,D0047,Story,Medium,,Won't Fix,2024-04-23 10:00:24.759045,2024-04-24 00:18:24.759045,14.3,0,0,0.5958333333333333
I000485,P002,S0019,T003,D0037,Bug,Medium,Minor,In Progress,2024-04-27 17:12:17.454889,,,0,0,
I000486,P002,S0019,T003,D0037,Task,Medium,,Done,2024-04-21 18:49:40.477387,2024-04-22 08:07:40.477387,13.3,0,0,0.5541666666666667
I000487,P002,S0019,T003,D0037,Sub-task,Low,,Done,2024-04-23 18:44:32.230122,2024-04-28 05:20:32.230122,106.6,0,0,4.441666666666666
I000488,P002,S0019,T003,D0057,Task,Medium,,Done,2024-04-20 15:25:27.404174,2024-04-21 08:43:27.404174,17.3,0,0,0.7208333333333333
I000489,P002,S0019,T003,D0013,Story,Medium,,Done,2024-04-19 15:38:13.595254,2024-04-20 00:14:13.595254,8.6,0,0,0.35833333333333334
I000490,P002,S0019,T003,D0024,Task,Low,,Done,2024-04-19 02:16:59.801668,2024-04-19 21:04:59.801668,18.8,0,0,0.7833333333333333
I000491,P002,S0019,T003,D0047,Bug,Medium,Major,Done,2024-04-25 08:25:40.822141,2024-04-26 19:19:40.822141,34.9,0,0,1.4541666666666666
I000492,P002,S0020,T003,D0024,Bug,Medium,Minor,Done,2024-05-03 03:32:31.427490,2024-05-04 17:20:31.427490,37.8,0,0,1.575
I000493,P002,S0020,T003,D0037,Bug,Medium,Minor,Done,2024-05-07 03:12:45.923852,2024-05-07 21:30:45.923852,18.3,0,0,0.7625
I000494,P002,S0020,T003,D0015,Bug,Medium,Minor,Done,2024-05-06 15:29:06.773758,2024-05-08 09:47:06.773758,42.3,0,0,1.7625
I000495,P002,S0020,T003,D0059,Bug,Low,Minor,Done,2024-05-02 05:01:09.813396,2024-05-02 12:01:09.813396,7.0,0,0,0.2916666666666667
I000496,P002,S0020,T003,D0047,Task,Low,,Done,2024-05-08 09:35:54.061611,2024-05-10 11:29:54.061611,49.9,0,0,2.0791666666666666
I000497,P002,S0020,T003,D0037,Task,Low,,In Progress,2024-05-07 10:36:22.290890,,,0,0,
I000498,P002,S0020,T003,D0047,Bug,Low,Major,In Progress,2024-05-08 04:35:19.578527,,,1,0,
I000499,P002,S0020,T003,D0047,Bug,High,Minor,Done,2024-05-02 00:05:50.013949,2024-05-02 22:11:50.013949,22.1,0,0,0.9208333333333333
I000500,P002,S0020,T003,D0059,Bug,Medium,Minor,Reopened,2024-05-10 20:27:30.504948,2024-05-11 17:45:30.504948,21.3,1,0,0.8875
I000501,P002,S0020,T003,D0013,Story,Critical,,In Progress,2024-05-02 22:39:22.642604,,,0,0,
I000502,P002,S0020,T003,D0024,Bug,Low,Minor,In Progress,2024-05-01 08:55:36.871261,,,0,0,
I000503,P002,S0020,T003,D0057,Story,High,,Done,2024-05-02 00:27:14.772820,2024-05-02 21:27:14.772820,21.0,0,0,0.875
I000504,P002,S0020,T003,D0024,Sub-task,High,,Done,2024-05-09 17:27:57.412199,2024-05-10 02:03:57.412199,8.6,0,0,0.35833333333333334
I000505,P002,S0020,T003,D0059,Sub-task,Medium,,Done,2024-05-03 09:50:35.110630,2024-05-05 05:02:35.110630,43.2,0,0,1.8
I000506,P002,S0020,T003,D0037,Task,Low,,In Progress,2024-05-06 19:11:23.898399,,,0,0,
I000507,P002,S0020,T003,D0024,Bug,Medium,Critical,Done,2024-05-07 20:57:09.465751,2024-05-08 18:03:09.465751,21.1,0,0,0.8791666666666667
I000508,P002,S0020,T003,D0059,Bug,Low,Minor,Done,2024-04-30 02:17:15.639916,2024-04-30 05:11:15.639916,2.9,0,0,0.12083333333333333
I000509,P002,S0020,T003,D0059,Bug,High,Minor,Reopened,2024-05-08 03:58:21.946016,2024-05-09 06:34:21.946016,26.6,1,0,1.1083333333333334
I000510,P002,S0020,T003,D0024,Task,Critical,,Done,2024-05-01 19:55:34.694577,2024-05-02 16:31:34.694577,20.6,0,0,0.8583333333333333
I000511,P002,S0020,T003,D0047,Task,Medium,,Done,2024-05-01 11:01:44.714013,2024-05-02 09:31:44.714013,22.5,0,0,0.9375
I000512,P002,S0020,T003,D0059,Sub-task,Critical,,Done,2024-05-11 03:21:58.227005,2024-05-12 09:09:58.227005,29.8,0,0,1.2416666666666667
I000513,P002,S0020,T003,D0057,Task,Medium,,Reopened,2024-05-10 10:20:06.797476,2024-05-10 23:20:06.797476,13.0,1,0,0.5416666666666666
I000514,P002,S0020,T003,D0059,Bug,Low,Critical,In Progress,2024-05-02 00:43:07.382316,,,0,0,
I000515,P002,S0020,T003,D0013,Story,Low,,Done,2024-04-29 03:20:35.422371,2024-04-30 19:32:35.422371,40.2,0,0,1.675
I000516,P002,S0020,T003,D0015,Bug,Low,Major,Done,2024-04-29 10:22:46.585217,2024-04-30 16:40:46.585217,30.3,0,0,1.2625
I000517,P002,S0020,T003,D0013,Bug,Medium,Major,In Progress,2024-05-04 09:31:31.598565,,,0,0,
I000518,P002,S0020,T003,D0059,Bug,Low,Critical,Done,2024-05-07 14:10:08.908549,2024-05-08 11:40:08.908549,21.5,0,0,0.8958333333333334
I000519,P002,S0020,T003,D0013,Bug,Low,Minor,Done,2024-05-04 10:37:58.384986,2024-05-05 02:31:58.384986,15.9,0,0,0.6625
I000520,P002,S0020,T003,D0013,Task,Low,,In Progress,2024-05-02 03:33:30.567270,,,0,0,
I000521,P002,S0020,T003,D0047,Task,Low,,Done,2024-04-29 11:06:14.947242,2024-04-30 14:06:14.947242,27.0,0,0,1.125
I000522,P002,S0020,T003,D0054,Task,High,,In Progress,2024-05-10 09:45:54.228601,,,0,0,
I000523,P002,S0020,T003,D0013,Task,Medium,,Done,2024-05-11 20:31:05.695992,2024-05-12 23:13:05.695992,26.7,0,0,1.1125
I000524,P002,S0020,T003,D0013,Task,Medium,,Done,2024-05-10 05:13:54.432392,2024-05-11 02:01:54.432392,20.8,0,0,0.8666666666666667
I000525,P003,S0021,T004,D0002,Story,Low,,Done,2023-12-30 15:29:13.964649,2024-01-02 02:05:13.964649,58.6,0,0,2.441666666666667
I000526,P003,S0021,T004,D0035,Bug,Medium,Minor,Done,2023-12-25 13:35:03.890347,2023-12-26 03:29:03.890347,13.9,0,0,0.5791666666666667
I000527,P003,S0021,T004,D0032,Sub-task,Medium,,Done,2023-12-24 07:00:31.163394,2023-12-25 01:36:31.163394,18.6,0,0,0.775
I000528,P003,S0021,T004,D0005,Task,High,,Done,2023-12-29 07:59:41.998464,2023-12-29 19:17:41.998464,11.3,0,0,0.4708333333333333
I000529,P003,S0021,T004,D0014,Sub-task,Low,,Done,2023-12-30 16:13:48.173601,2023-12-31 06:49:48.173601,14.6,0,0,0.6083333333333333
I000530,P003,S0021,T004,D0035,Bug,Medium,Major,In Progress,2023-12-22 18:13:59.232722,,,0,1,
I000531,P003,S0021,T004,D0022,Task,Low,,Done,2023-12-23 16:39:55.800943,2023-12-24 06:33:55.800943,13.9,0,0,0.5791666666666667
I000532,P003,S0021,T004,D0020,Story,High,,In Progress,2023-12-22 12:36:48.074949,,,0,0,
I000533,P003,S0021,T004,D0022,Task,Medium,,Done,2023-12-22 00:36:04.526284,2023-12-22 10:30:04.526284,9.9,0,0,0.4125
I000534,P003,S0021,T004,D0012,Sub-task,Low,,In Progress,2023-12-23 09:24:23.748663,,,0,0,
I000535,P003,S0021,T004,D0052,Bug,Medium,Critical,Done,2023-12-21 20:03:14.788165,2023-12-22 11:09:14.788165,15.1,0,0,0.6291666666666667
I000536,P003,S0021,T004,D0034,Story,Medium,,In Progress,2023-12-25 20:29:17.285840,,,0,0,
I000537,P003,S0021,T004,D0022,Story,High,,Done,2023-12-20 21:32:22.287539,2023-12-21 02:08:22.287539,4.6,0,0,0.19166666666666668
I000538,P003,S0021,T004,D0007,Task,Medium,,Done,2023-12-27 04:12:14.920743,2023-12-27 11:48:14.920743,7.6,0,0,0.31666666666666665
I000539,P003,S0021,T004,D0005,Bug,Low,Major,Done,2023-12-27 19:29:41.968233,2023-12-28 07:41:41.968233,12.2,0,0,0.5083333333333333
I000540,P003,S0022,T004,D0034,Story,Medium,,Done,2024-01-05 14:11:44.853774,2024-01-07 19:17:44.853774,53.1,0,0,2.2125
I000541,P003,S0022,T004,D0005,Bug,Low,Major,Done,2024-01-06 03:07:50.846213,2024-01-06 18:55:50.846213,15.8,0,0,0.6583333333333333
I000542,P003,S0022,T004,D0005,Story,Low,,Done,2024-01-13 13:26:44.765653,2024-01-14 14:38:44.765653,25.2,0,0,1.05
I000543,P003,S0022,T004,D0005,Sub-task,Low,,Done,2024-01-12 15:22:07.053030,2024-01-15 02:04:07.053030,58.7,0,0,2.4458333333333333
I000544,P003,S0022,T004,D0048,Task,Low,,Reopened,2024-01-10 19:00:15.745594,2024-01-12 03:18:15.745594,32.3,1,0,1.3458333333333334
I000545,P003,S0022,T004,D0034,Bug,Critical,Major,In Progress,2024-01-10 18:23:52.525258,,,0,0,
I000546,P003,S0022,T004,D0029,Bug,Medium,Critical,Done,2024-01-05 11:23:06.490427,2024-01-05 15:17:06.490427,3.9,0,0,0.1625
I000547,P003,S0022,T004,D0034,Bug,Medium,Critical,In Progress,2024-01-07 17:20:08.411002,,,0,1,
I000548,P003,S0022,T004,D0034,Bug,Medium,Major,Done,2024-01-09 00:49:53.875463,2024-01-10 11:37:53.875463,34.8,0,0,1.45
I000549,P003,S0022,T004,D0005,Bug,Low,Major,Done,2024-01-09 06:34:17.707895,2024-01-09 20:04:17.707895,13.5,0,0,0.5625
I000550,P003,S0022,T004,D0022,Task,Medium,,Done,2024-01-08 13:46:28.051780,2024-01-08 14:46:28.051780,1.0,0,0,0.041666666666666664
I000551,P003,S0022,T004,D0058,Bug,Medium,Critical,In Progress,2024-01-10 03:48:21.827815,,,0,0,
I000552,P003,S0022,T004,D0014,Bug,Critical,Major,Done,2024-01-09 11:08:35.565419,2024-01-09 16:14:35.565419,5.1,0,0,0.2125
I000553,P003,S0022,T004,D0035,Story,Medium,,In Progress,2024-01-14 02:37:07.632045,,,0,0,
I000554,P003,S0022,T004,D0032,Task,Low,,In Progress,2024-01-13 18:14:04.778778,,,0,0,
I000555,P003,S0022,T004,D0029,Story,Low,,In Progress,2024-01-05 18:03:52.952257,,,0,0,
I000556,P003,S0022,T004,D0022,Task,Low,,Done,2024-01-06 10:42:19.298569,2024-01-07 11:00:19.298569,24.3,0,0,1.0125
I000557,P003,S0022,T004,D0020,Bug,Low,Major,Done,2024-01-04 13:50:47.527360,2024-01-06 02:56:47.527360,37.1,0,0,1.5458333333333334
I000558,P003,S0022,T004,D0020,Task,Medium,,In Progress,2024-01-04 14:43:17.395416,,,0,0,
I000559,P003,S0022,T004,D0029,Bug,Medium,Major,Done,2024-01-10 19:58:13.372258,2024-01-16 01:16:13.372258,125.3,0,0,5.220833333333333
I000560,P003,S0022,T004,D0020,Task,Medium,,In Progress,2024-01-09 14:05:09.480287,,,0,0,
I000561,P003,S0022,T004,D0020,Story,Low,,In Progress,2024-01-15 03:03:16.989550,,,0,0,
I000562,P003,S0023,T004,D0014,Bug,High,Minor,Done,2024-01-17 15:29:39.787208,2024-01-18 17:41:39.787208,26.2,0,0,1.0916666666666666
I000563,P003,S0023,T004,D0058,Story,Medium,,Done,2024-01-20 01:49:20.107937,2024-01-20 02:49:20.107937,1.0,0,0,0.041666666666666664
I000564,P003,S0023,T004,D0034,Task,Low,,Done,2024-01-20 07:40:12.882977,2024-01-21 00:58:12.882977,17.3,0,0,0.7208333333333333
I000565,P003,S0023,T004,D0005,Story,Low,,Done,2024-01-17 11:22:33.052287,2024-01-20 04:34:33.052287,65.2,0,0,2.716666666666667
I000566,P003,S0023,T004,D0029,Story,High,,Done,2024-01-21 12:00:48.343119,2024-01-22 00:24:48.343119,12.4,0,0,0.5166666666666667
I000567,P003,S0023,T004,D0007,Bug,Medium,Minor,Done,2024-01-26 23:10:40.565101,2024-01-28 01:04:40.565101,25.9,0,0,1.0791666666666666
I000568,P003,S0023,T004,D0034,Bug,Low,Minor,Done,2024-01-18 05:50:23.629774,2024-01-20 16:56:23.629774,59.1,0,0,2.4625
I000569,P003,S0023,T004,D0035,Story,Low,,Done,2024-01-21 11:06:07.029317,2024-01-22 21:06:07.029317,34.0,0,0,1.4166666666666667
I000570,P003,S0023,T004,D0022,Task,Medium,,Done,2024-01-28 04:31:42.097433,2024-01-30 02:13:42.097433,45.7,0,0,1.9041666666666666
I000571,P003,S0023,T004,D0014,Sub-task,Medium,,Reopened,2024-01-18 15:20:52.730092,2024-01-20 22:14:52.730092,54.9,1,0,2.2875
I000572,P003,S0023,T004,D0007,Bug,High,Minor,Done,2024-01-21 02:39:32.825663,2024-01-21 23:03:32.825663,20.4,0,0,0.85
I000573,P003,S0023,T004,D0035,Bug,Low,Major,Done,2024-01-23 03:56:14.204811,2024-01-25 00:08:14.204811,44.2,0,0,1.8416666666666666
I000574,P003,S0023,T004,D0029,Task,Low,,Won't Fix,2024-01-29 09:03:13.835937,2024-01-29 17:27:13.835937,8.4,0,0,0.35
I000575,P003,S0023,T004,D0038,Story,Low,,Done,2024-01-17 10:44:33.245790,2024-01-20 09:14:33.245790,70.5,0,0,2.9375
I000576,P003,S0023,T004,D0005,Story,Medium,,Won't Fix,2024-01-25 01:48:36.477088,2024-01-25 19:24:36.477088,17.6,0,0,0.7333333333333333
I000577,P003,S0023,T004,D0029,Task,Critical,,Done,2024-01-25 19:06:16.476726,2024-01-26 09:18:16.476726,14.2,0,0,0.5916666666666667
I000578,P003,S0023,T004,D0052,Story,Critical,,Done,2024-01-29 23:13:32.364933,2024-01-30 07:25:32.364933,8.2,0,0,0.3416666666666667
I000579,P003,S0023,T004,D0007,Bug,Medium,Minor,Reopened,2024-01-20 23:00:03.644634,2024-01-22 22:30:03.644634,47.5,1,0,1.9791666666666667
I000580,P003,S0023,T004,D0052,Story,Medium,,Done,2024-01-20 13:29:04.199429,2024-01-21 03:29:04.199429,14.0,0,0,0.5833333333333334
I000581,P003,S0023,T004,D0034,Story,High,,Done,2024-01-19 23:14:21.662660,2024-01-20 12:20:21.662660,13.1,0,0,0.5458333333333333
I000582,P003,S0023,T004,D0012,Bug,Critical,Critical,Done,2024-01-24 12:05:29.093204,2024-01-24 19:23:29.093204,7.3,0,0,0.30416666666666664
I000583,P003,S0023,T004,D0007,Task,Medium,,Won't Fix,2024-01-23 13:26:48.601856,2024-01-24 06:08:48.601856,16.7,0,0,0.6958333333333333
I000584,P003,S0023,T004,D0048,Story,High,,Done,2024-01-23 01:39:57.480935,2024-01-23 17:33:57.480935,15.9,0,0,0.6625
I000585,P003,S0023,T004,D0032,Task,Medium,,Done,2024-01-23 04:14:01.715491,2024-01-24 08:14:01.715491,28.0,0,0,1.1666666666666667
I000586,P003,S0023,T004,D0038,Sub-task,Medium,,In Progress,2024-01-18 10:40:44.668173,,,0,0,
I000587,P003,S0023,T004,D0005,Bug,High,Major,Done,2024-01-17 17:02:18.292569,2024-01-18 07:50:18.292569,14.8,0,0,0.6166666666666667
I000588,P003,S0023,T004,D0005,Bug,Medium,Major,Done,2024-01-29 15:39:26.623820,2024-01-30 21:27:26.623820,29.8,0,0,1.2416666666666667
I000589,P003,S0023,T004,D0038,Bug,Critical,Major,Won't Fix,2024-01-19 07:53:56.913023,2024-01-19 16:35:56.913023,8.7,1,0,0.3625
I000590,P003,S0023,T004,D0034,Sub-task,Medium,,Done,2024-01-26 22:57:03.415704,2024-01-28 16:09:03.415704,41.2,0,0,1.7166666666666666
I000591,P003,S0023,T004,D0002,Bug,Medium,Major,Done,2024-01-22 13:38:44.742399,2024-01-23 08:08:44.742399,18.5,0,0,0.7708333333333334
I000592,P003,S0023,T004,D0012,Task,Medium,,Reopened,2024-01-29 06:57:21.436847,2024-01-30 23:09:21.436847,40.2,1,0,1.675
I000593,P003,S0023,T004,D0058,Story,Low,,Done,2024-01-29 11:10:04.887967,2024-01-30 22:28:04.887967,35.3,0,0,1.4708333333333334
I000594,P003,S0024,T004,D0048,Story,High,,In Progress,2024-02-05 02:23:14.341039,,,0,0,
I000595,P003,S0024,T004,D0007,Story,Low,,Reopened,2024-02-04 02:44:04.649398,2024-02-05 02:38:04.649398,23.9,1,0,0.9958333333333333
I000596,P003,S0024,T004,D0035,Bug,Low,Critical,In Progress,2024-02-08 03:04:02.751635,,,0,0,
I000597,P003,S0024,T004,D0014,Story,Low,,Won't Fix,2024-02-03 08:22:52.261011,2024-02-07 07:34:52.261011,95.2,0,0,3.966666666666667
I000598,P003,S0024,T004,D0032,Sub-task,Low,,Done,2024-02-11 11:22:33.681883,2024-02-12 07:04:33.681883,19.7,0,0,0.8208333333333333
I000599,P003,S0024,T004,D0032,Task,Medium,,Done,2024-02-07 20:12:45.258759,2024-02-08 21:24:45.258759,25.2,0,0,1.05
I000600,P003,S0024,T004,D0002,Task,Low,,Done,2024-02-11 01:46:33.343902,2024-02-11 08:22:33.343902,6.6,0,0,0.275
I000601,P003,S0024,T004,D0002,Bug,Medium,Critical,In Progress,2024-02-06 07:03:43.149726,,,0,0,
I000602,P003,S0024,T004,D0035,Bug,Low,Minor,In Progress,2024-02-02 08:48:13.306360,,,0,0,
I000603,P003,S0024,T004,D0049,Bug,Medium,Critical,Done,2024-02-07 13:55:44.386577,2024-02-08 00:01:44.386577,10.1,0,0,0.42083333333333334
I000604,P003,S0024,T004,D0005,Bug,Medium,Major,In Progress,2024-02-06 16:21:14.757723,,,0,0,
I000605,P003,S0024,T004,D0038,Story,Medium,,Done,2024-02-03 13:19:26.575669,2024-02-04 08:13:26.575669,18.9,0,0,0.7875
I000606,P003,S0024,T004,D0005,Sub-task,High,,Done,2024-01-31 02:07:13.883372,2024-01-31 11:37:13.883372,9.5,0,0,0.3958333333333333
I000607,P003,S0024,T004,D0022,Story,Medium,,Done,2024-02-12 18:48:08.351083,2024-02-14 07:12:08.351083,36.4,0,0,1.5166666666666666
I000608,P003,S0024,T004,D0005,Story,Low,,Done,2024-02-06 09:31:57.746025,2024-02-06 20:13:57.746025,10.7,0,0,0.44583333333333336
I000609,P003,S0024,T004,D0007,Task,Low,,Reopened,2024-02-10 23:16:10.608461,2024-02-11 06:10:10.608461,6.9,1,0,0.2875
I000610,P003,S0024,T004,D0007,Bug,Medium,Minor,Done,2024-02-03 07:14:35.674992,2024-02-04 01:02:35.674992,17.8,0,0,0.7416666666666667
I000611,P003,S0024,T004,D0007,Story,High,,Reopened,2024-02-02 19:50:43.133466,2024-02-03 00:08:43.133466,4.3,1,0,0.17916666666666667
I000612,P003,S0024,T004,D0032,Story,Low,,Done,2024-02-09 07:34:52.194992,2024-02-09 13:34:52.194992,6.0,0,0,0.25
I000613,P003,S0024,T004,D0032,Task,High,,Done,2024-02-10 23:35:51.340733,2024-02-12 12:35:51.340733,37.0,0,0,1.5416666666666667
I000614,P003,S0024,T004,D0020,Sub-task,High,,Reopened,2024-02-02 22:27:43.074913,2024-02-03 04:09:43.074913,5.7,1,0,0.2375
I000615,P003,S0024,T004,D0029,Bug,High,Minor,Done,2024-02-05 19:15:13.767537,2024-02-06 23:21:13.767537,28.1,0,0,1.1708333333333334
I000616,P003,S0024,T004,D0029,Story,Medium,,Done,2024-02-05 14:32:15.616600,2024-02-07 10:56:15.616600,44.4,0,0,1.85
I000617,P003,S0024,T004,D0032,Bug,Medium,Critical,Done,2024-02-07 09:37:23.358492,2024-02-08 12:19:23.358492,26.7,0,0,1.1125
I000618,P003,S0024,T004,D0022,Bug,Medium,Minor,Done,2024-02-05 19:12:18.635751,2024-02-09 07:18:18.635751,84.1,0,0,3.504166666666667
I000619,P003,S0024,T004,D0052,Bug,High,Critical,Done,2024-02-09 23:32:33.218617,2024-02-10 18:02:33.218617,18.5,0,0,0.7708333333333334
I000620,P003,S0024,T004,D0038,Bug,High,Minor,Done,2024-02-11 06:14:57.541802,2024-02-11 13:26:57.541802,7.2,0,0,0.3
I000621,P003,S0024,T004,D0014,Task,Low,,In Progress,2024-02-01 08:32:44.459714,,,0,0,
I000622,P003,S0024,T004,D0035,Bug,High,Major,Done,2024-02-04 02:30:42.989670,2024-02-06 06:54:42.989670,52.4,0,0,2.183333333333333
I000623,P003,S0025,T004,D0048,Sub-task,Medium,,Done,2024-02-24 20:30:42.556079,2024-02-25 08:54:42.556079,12.4,0,0,0.5166666666666667
I000624,P003,S0025,T004,D0002,Bug,Medium,Major,In Progress,2024-02-24 06:11:52.752604,,,0,0,
I000625,P003,S0025,T004,D0022,Task,Critical,,In Progress,2024-02-26 16:23:16.075597,,,0,0,
I000626,P003,S0025,T004,D0049,Task,High,,Done,2024-02-21 15:34:12.342129,2024-02-23 03:04:12.342129,35.5,0,0,1.4791666666666667
I000627,P003,S0025,T004,D0038,Task,Medium,,In Progress,2024-02-14 17:11:30.044290,,,0,0,
I000628,P003,S0025,T004,D0034,Story,Critical,,Done,2024-02-18 09:31:41.022491,2024-02-18 23:49:41.022491,14.3,0,0,0.5958333333333333
I000629,P003,S0025,T004,D0029,Bug,Low,Major,Reopened,2024-02-14 12:25:00.133423,2024-02-16 13:43:00.133423,49.3,1,0,2.0541666666666667
I000630,P003,S0025,T004,D0032,Sub-task,Medium,,Done,2024-02-25 07:14:16.504475,2024-02-26 04:20:16.504475,21.1,0,0,0.8791666666666667
I000631,P003,S0025,T004,D0007,Task,Low,,Done,2024-02-21 03:46:40.936717,2024-02-24 20:46:40.936717,89.0,0,0,3.7083333333333335
I000632,P003,S0025,T004,D0032,Story,Low,,Done,2024-02-23 08:51:58.445828,2024-02-28 17:39:58.445828,128.8,0,0,5.366666666666666
I000633,P003,S0025,T004,D0029,Bug,High,Major,Done,2024-02-16 10:12:57.996808,2024-02-17 04:54:57.996808,18.7,0,0,0.7791666666666667
I000634,P003,S0025,T004,D0034,Bug,Medium,Minor,In Progress,2024-02-16 15:17:24.757739,,,0,0,
I000635,P003,S0025,T004,D0012,Bug,Medium,Minor,In Progress,2024-02-15 16:30:55.397471,,,0,0,
I000636,P003,S0025,T004,D0002,Bug,Low,Major,Done,2024-02-18 04:33:55.242844,2024-02-20 17:33:55.242844,61.0,0,0,2.5416666666666665
I000637,P003,S0025,T004,D0038,Bug,Critical,Minor,In Progress,2024-02-21 12:53:43.322193,,,0,0,
I000638,P003,S0025,T004,D0005,Bug,Medium,Minor,Reopened,2024-02-25 23:23:48.806219,2024-02-27 09:11:48.806219,33.8,1,0,1.4083333333333334
I000639,P003,S0025,T004,D0034,Story,High,,Done,2024-02-18 00:33:08.365864,2024-02-18 08:09:08.365864,7.6,0,0,0.31666666666666665
I000640,P003,S0025,T004,D0058,Bug,Critical,Critical,Reopened,2024-02-14 17:17:56.088743,2024-02-15 01:35:56.088743,8.3,1,0,0.3458333333333333
I000641,P003,S0025,T004,D0012,Task,High,,Done,2024-02-16 04:38:59.369209,2024-02-17 14:44:59.369209,34.1,0,0,1.4208333333333334
I000642,P003,S0025,T004,D0007,Bug,Medium,Major,Done,2024-02-14 22:09:49.231720,2024-02-15 11:39:49.231720,13.5,0,0,0.5625
I000643,P003,S0025,T004,D0005,Bug,Medium,Minor,Reopened,2024-02-15 06:27:15.594804,2024-02-17 00:57:15.594804,42.5,1,0,1.7708333333333333
I000644,P003,S0025,T004,D0058,Bug,Medium,Minor,Done,2024-02-16 20:06:38.055187,2024-02-18 00:48:38.055187,28.7,0,0,1.1958333333333333
I000645,P003,S0026,T004,D0007,Sub-task,Critical,,In Progress,2024-03-07 22:14:37.416689,,,0,0,
I000646,P003,S0026,T004,D0035,Bug,High,Critical,Done,2024-03-04 19:53:02.755693,2024-03-04 23:11:02.755693,3.3,0,0,0.1375
I000647,P003,S0026,T004,D0049,Bug,High,Major,Done,2024-03-02 06:53:06.968455,2024-03-02 20:59:06.968455,14.1,0,0,0.5875
I000648,P003,S0026,T004,D0007,Bug,Low,Critical,Reopened,2024-03-07 20:20:05.740207,2024-03-08 17:44:05.740207,21.4,1,0,0.8916666666666667
I000649,P003,S0026,T004,D0052,Story,Medium,,Reopened,2024-02-29 09:31:28.460713,2024-02-29 12:31:28.460713,3.0,1,0,0.125
I000650,P003,S0026,T004,D0014,Bug,Low,Critical,Done,2024-02-28 23:57:36.912591,2024-03-03 17:03:36.912591,89.1,0,0,3.7125
I000651,P003,S0026,T004,D0038,Sub-task,Critical,,Done,2024-03-01 03:05:00.365490,2024-03-01 07:41:00.365490,4.6,0,0,0.19166666666666668
I000652,P003,S0026,T004,D0007,Task,Low,,Done,2024-03-02 09:19:35.170708,2024-03-03 10:25:35.170708,25.1,0,0,1.0458333333333334
I000653,P003,S0026,T004,D0005,Bug,Critical,Critical,Done,2024-03-02 15:49:15.306113,2024-03-02 20:31:15.306113,4.7,0,0,0.19583333333333333
I000654,P003,S0026,T004,D0020,Bug,Low,Major,In Progress,2024-02-28 19:42:47.254393,,,0,0,
I000655,P003,S0026,T004,D0035,Story,Critical,,Done,2024-03-05 04:03:16.097538,2024-03-05 13:45:16.097538,9.7,0,0,0.4041666666666667
I000656,P003,S0026,T004,D0012,Story,High,,Done,2024-03-09 13:50:45.419174,2024-03-09 19:56:45.419174,6.1,0,0,0.25416666666666665
I000657,P003,S0026,T004,D0032,Bug,Low,Critical,In Progress,2024-03-02 01:46:48.621427,,,0,0,
I000658,P003,S0026,T004,D0035,Sub-task,Low,,In Progress,2024-03-08 07:49:13.099828,,,0,0,
I000659,P003,S0026,T004,D0007,Bug,Medium,Major,Done,2024-03-05 17:37:14.839894,2024-03-07 19:13:14.839894,49.6,0,0,2.066666666666667
I000660,P003,S0026,T004,D0038,Bug,Critical,Minor,Done,2024-03-01 07:29:59.374771,2024-03-01 12:11:59.374771,4.7,0,0,0.19583333333333333
I000661,P003,S0026,T004,D0058,Task,Medium,,In Progress,2024-03-05 08:13:29.499338,,,0,0,
I000662,P003,S0026,T004,D0034,Task,Medium,,Reopened,2024-03-04 17:44:57.206629,2024-03-05 08:56:57.206629,15.2,1,0,0.6333333333333333
I000663,P003,S0026,T004,D0048,Task,Medium,,Done,2024-03-05 09:37:06.669101,2024-03-05 21:07:06.669101,11.5,0,0,0.4791666666666667
I000664,P003,S0026,T004,D0014,Bug,High,Major,Done,2024-03-05 07:53:25.447652,2024-03-06 00:47:25.447652,16.9,0,0,0.7041666666666667
I000665,P003,S0026,T004,D0048,Story,High,,Done,2024-03-01 20:47:12.444258,2024-03-02 19:05:12.444258,22.3,0,0,0.9291666666666667
I000666,P003,S0026,T004,D0058,Sub-task,Critical,,Done,2024-02-29 15:04:18.364786,2024-02-29 22:22:18.364786,7.3,0,0,0.30416666666666664
I000667,P003,S0026,T004,D0035,Story,Low,,In Progress,2024-03-11 13:20:27.746405,,,0,0,
I000668,P003,S0026,T004,D0020,Bug,Medium,Blocker,Done,2024-02-28 01:31:08.195479,2024-02-28 11:13:08.195479,9.7,0,0,0.4041666666666667
I000669,P003,S0026,T004,D0038,Task,Medium,,Done,2024-03-01 18:10:09.645935,2024-03-02 12:10:09.645935,18.0,0,0,0.75
I000670,P003,S0026,T004,D0048,Bug,Critical,Minor,Won't Fix,2024-02-29 08:20:04.771183,2024-02-29 11:56:04.771183,3.6,0,0,0.15
I000671,P003,S0026,T004,D0032,Bug,High,Major,Done,2024-02-28 13:59:47.378327,2024-02-29 20:29:47.378327,30.5,0,0,1.2708333333333333
I000672,P003,S0026,T004,D0049,Bug,High,Minor,Done,2024-03-05 18:18:44.538038,2024-03-07 03:30:44.538038,33.2,0,0,1.3833333333333333
I000673,P003,S0027,T004,D0029,Task,Low,,Done,2024-03-25 09:06:18.520017,2024-03-27 23:24:18.520017,62.3,0,0,2.595833333333333
I000674,P003,S0027,T004,D0029,Sub-task,Low,,Done,2024-03-18 04:41:35.867943,2024-03-19 10:41:35.867943,30.0,0,0,1.25
I000675,P003,S0027,T004,D0048,Story,Critical,,Done,2024-03-21 15:46:31.856942,2024-03-22 04:04:31.856942,12.3,0,0,0.5125
I000676,P003,S0027,T004,D0032,Sub-task,High,,Done,2024-03-23 15:15:41.116723,2024-03-23 22:33:41.116723,7.3,0,0,0.30416666666666664
I000677,P003,S0027,T004,D0014,Bug,Medium,Minor,Done,2024-03-24 08:11:13.573560,2024-03-25 11:41:13.573560,27.5,0,0,1.1458333333333333
I000678,P003,S0027,T004,D0029,Story,Low,,Done,2024-03-13 09:46:44.085662,2024-03-14 22:16:44.085662,36.5,0,0,1.5208333333333333
I000679,P003,S0027,T004,D0038,Task,Low,,Done,2024-03-20 02:38:15.505092,2024-03-20 15:56:15.505092,13.3,0,0,0.5541666666666667
I000680,P003,S0027,T004,D0038,Bug,Low,Blocker,Done,2024-03-24 22:16:26.425611,2024-03-26 00:52:26.425611,26.6,1,0,1.1083333333333334
I000681,P003,S0027,T004,D0032,Story,High,,Done,2024-03-16 00:54:41.112121,2024-03-16 16:30:41.112121,15.6,0,0,0.65
I000682,P003,S0027,T004,D0034,Task,High,,Done,2024-03-18 00:09:11.197342,2024-03-18 09:27:11.197342,9.3,0,0,0.3875
I000683,P003,S0027,T004,D0002,Task,High,,In Progress,2024-03-14 09:00:30.651570,,,0,0,
I000684,P003,S0027,T004,D0005,Story,Medium,,Done,2024-03-17 15:55:22.188354,2024-03-21 12:37:22.188354,92.7,0,0,3.8625
I000685,P003,S0027,T004,D0048,Story,High,,Done,2024-03-23 19:33:56.739624,2024-03-24 22:21:56.739624,26.8,0,0,1.1166666666666667
I000686,P003,S0027,T004,D0029,Task,High,,Won't Fix,2024-03-24 19:24:15.586545,2024-03-25 18:36:15.586545,23.2,0,0,0.9666666666666667
I000687,P003,S0027,T004,D0058,Sub-task,Low,,Done,2024-03-15 04:41:02.753817,2024-03-20 09:05:02.753817,124.4,0,0,5.183333333333334
I000688,P003,S0027,T004,D0058,Task,High,,Done,2024-03-16 18:35:34.469644,2024-03-17 06:47:34.469644,12.2,0,0,0.5083333333333333
I000689,P003,S0027,T004,D0020,Bug,Low,Major,In Progress,2024-03-22 20:58:13.031039,,,1,0,
I000690,P003,S0027,T004,D0052,Bug,High,Critical,In Progress,2024-03-24 22:07:40.638700,,,0,0,
I000691,P003,S0027,T004,D0020,Bug,High,Minor,Done,2024-03-15 07:41:53.427311,2024-03-17 21:29:53.427311,61.8,0,0,2.575
I000692,P003,S0027,T004,D0020,Task,Low,,In Progress,2024-03-13 10:48:39.677263,,,0,0,
I000693,P003,S0027,T004,D0038,Bug,Low,Minor,In Progress,2024-03-25 23:49:54.236966,,,0,0,
I000694,P003,S0027,T004,D0012,Story,Medium,,In Progress,2024-03-15 14:37:20.665161,,,0,0,
I000695,P003,S0027,T004,D0029,Story,Critical,,Done,2024-03-21 06:52:10.466894,2024-03-21 18:16:10.466894,11.4,0,0,0.475
I000696,P003,S0027,T004,D0032,Sub-task,High,,Done,2024-03-14 12:49:04.369099,2024-03-14 23:55:04.369099,11.1,0,0,0.4625
I000697,P003,S0027,T004,D0038,Sub-task,Medium,,Done,2024-03-20 00:32:52.034046,2024-03-21 01:20:52.034046,24.8,0,0,1.0333333333333334
I000698,P003,S0027,T004,D0014,Task,Low,,In Progress,2024-03-22 16:38:09.743087,,,0,0,
I000699,P003,S0027,T004,D0058,Bug,Medium,Minor,Done,2024-03-25 19:48:34.852043,2024-03-26 16:36:34.852043,20.8,1,0,0.8666666666666667
I000700,P003,S0027,T004,D0058,Story,Low,,Done,2024-03-24 12:17:40.367035,2024-03-24 16:29:40.367035,4.2,0,0,0.175
I000701,P003,S0027,T004,D0014,Bug,Critical,Minor,Done,2024-03-23 10:26:29.725673,2024-03-24 02:50:29.725673,16.4,0,0,0.6833333333333333
I000702,P003,S0027,T004,D0022,Bug,Low,Blocker,Done,2024-03-13 00:40:53.229257,2024-03-13 13:16:53.229257,12.6,0,0,0.525
I000703,P003,S0027,T004,D0038,Story,Critical,,Reopened,2024-03-21 10:52:46.495852,2024-03-21 23:16:46.495852,12.4,1,0,0.5166666666666667
I000704,P003,S0028,T004,D0052,Bug,High,Major,Done,2024-04-07 13:17:26.789748,2024-04-07 18:53:26.789748,5.6,0,0,0.23333333333333334
I000705,P003,S0028,T004,D0049,Story,Low,,Done,2024-04-06 09:07:02.976873,2024-04-08 12:43:02.976873,51.6,0,0,2.15
I000706,P003,S0028,T004,D0038,Story,Low,,Done,2024-03-29 07:02:57.150192,2024-03-30 13:32:57.150192,30.5,0,0,1.2708333333333333
I000707,P003,S0028,T004,D0048,Bug,Medium,Critical,Reopened,2024-04-04 08:59:40.059560,2024-04-04 10:35:40.059560,1.6,1,0,0.06666666666666667
I000708,P003,S0028,T004,D0022,Bug,Low,Major,Done,2024-04-02 12:05:26.310579,2024-04-02 21:47:26.310579,9.7,0,0,0.4041666666666667
I000709,P003,S0028,T004,D0002,Bug,Low,Minor,Done,2024-04-01 04:54:10.508199,2024-04-02 03:54:10.508199,23.0,0,0,0.9583333333333334
I000710,P003,S0028,T004,D0020,Task,Medium,,Done,2024-04-02 18:08:30.226988,2024-04-03 12:32:30.226988,18.4,0,0,0.7666666666666667
I000711,P003,S0028,T004,D0022,Bug,Low,Major,Done,2024-03-31 13:12:07.714669,2024-03-31 21:12:07.714669,8.0,0,0,0.3333333333333333
I000712,P003,S0028,T004,D0002,Task,Medium,,Done,2024-04-03 21:19:09.780587,2024-04-04 20:37:09.780587,23.3,0,0,0.9708333333333333
I000713,P003,S0028,T004,D0032,Task,Low,,Done,2024-04-03 09:28:10.465563,2024-04-06 02:40:10.465563,65.2,0,0,2.716666666666667
I000714,P003,S0028,T004,D0058,Bug,Low,Major,In Progress,2024-04-08 12:54:10.224091,,,0,1,
I000715,P003,S0028,T004,D0035,Story,Medium,,Done,2024-04-06 02:42:27.845660,2024-04-07 21:30:27.845660,42.8,0,0,1.7833333333333334
I000716,P003,S0028,T004,D0048,Bug,Medium,Major,Done,2024-04-07 00:45:54.879093,2024-04-07 21:03:54.879093,20.3,0,0,0.8458333333333333
I000717,P003,S0028,T004,D0002,Story,Medium,,Done,2024-03-27 09:08:29.134494,2024-03-29 03:02:29.134494,41.9,0,0,1.7458333333333333
I000718,P003,S0028,T004,D0012,Bug,Medium,Minor,Done,2024-04-04 16:37:31.137917,2024-04-06 14:07:31.137917,45.5,0,0,1.8958333333333333
I000719,P003,S0028,T004,D0012,Story,Low,,Done,2024-04-05 16:21:44.021767,2024-04-06 02:33:44.021767,10.2,0,0,0.425
I000720,P003,S0028,T004,D0022,Sub-task,Medium,,In Progress,2024-03-28 08:49:42.604444,,,0,0,
I000721,P003,S0028,T004,D0034,Bug,Critical,Major,Done,2024-04-05 05:26:16.693649,2024-04-06 05:38:16.693649,24.2,1,0,1.0083333333333333
I000722,P003,S0028,T004,D0038,Story,Medium,,In Progress,2024-04-08 09:58:01.743308,,,0,0,
I000723,P003,S0028,T004,D0038,Bug,Medium,Major,Done,2024-04-03 13:37:45.042522,2024-04-04 20:25:45.042522,30.8,0,0,1.2833333333333334
I000724,P003,S0028,T004,D0014,Story,Low,,Done,2024-04-03 21:11:32.886595,2024-04-05 09:41:32.886595,36.5,0,0,1.5208333333333333
I000725,P003,S0028,T004,D0007,Sub-task,High,,Done,2024-04-03 19:22:00.651649,2024-04-05 22:46:00.651649,51.4,0,0,2.1416666666666666
I000726,P003,S0028,T004,D0002,Task,High,,In Progress,2024-04-02 14:36:24.883633,,,0,0,
I000727,P003,S0028,T004,D0022,Task,Critical,,Done,2024-03-30 14:42:07.312709,2024-03-31 12:00:07.312709,21.3,0,0,0.8875
I000728,P003,S0029,T004,D0029,Story,Medium,,Done,2024-04-20 08:26:28.079081,2024-04-21 14:50:28.079081,30.4,0,0,1.2666666666666666
I000729,P003,S0029,T004,D0034,Bug,Medium,Critical,In Progress,2024-04-10 14:54:28.028810,,,0,0,
I000730,P003,S0029,T004,D0005,Task,High,,Done,2024-04-19 13:23:54.166156,2024-04-19 21:47:54.166156,8.4,0,0,0.35
I000731,P003,S0029,T004,D0035,Bug,Medium,Minor,Done,2024-04-22 07:38:25.149887,2024-04-23 21:32:25.149887,37.9,0,0,1.5791666666666666
I000732,P003,S0029,T004,D0020,Bug,Medium,Minor,Reopened,2024-04-18 00:46:27.826236,2024-04-18 08:22:27.826236,7.6,1,0,0.31666666666666665
I000733,P003,S0029,T004,D0020,Bug,High,Minor,Won't Fix,2024-04-17 17:43:34.947928,2024-04-19 09:25:34.947928,39.7,0,1,1.6541666666666666
I000734,P003,S0029,T004,D0048,Story,Low,,Done,2024-04-11 05:32:25.688535,2024-04-12 10:56:25.688535,29.4,0,0,1.225
I000735,P003,S0029,T004,D0002,Story,Low,,In Progress,2024-04-14 12:21:14.414340,,,0,0,
I000736,P003,S0029,T004,D0052,Sub-task,Medium,,Reopened,2024-04-19 03:07:31.416884,2024-04-19 18:19:31.416884,15.2,1,0,0.6333333333333333
I000737,P003,S0029,T004,D0005,Task,High,,In Progress,2024-04-18 10:01:34.234384,,,0,0,
I000738,P003,S0029,T004,D0058,Task,Medium,,Done,2024-04-17 00:30:17.094383,2024-04-18 14:24:17.094383,37.9,0,0,1.5791666666666666
I000739,P003,S0029,T004,D0034,Bug,Low,Major,Done,2024-04-22 08:33:25.600377,2024-04-24 16:27:25.600377,55.9,0,0,2.3291666666666666
I000740,P003,S0029,T004,D0034,Task,Low,,Done,2024-04-15 01:15:59.479954,2024-04-17 10:21:59.479954,57.1,0,0,2.379166666666667
I000741,P003,S0029,T004,D0038,Task,Low,,Done,2024-04-11 00:58:47.213721,2024-04-12 03:22:47.213721,26.4,0,0,1.1
I000742,P003,S0029,T004,D0002,Task,Low,,Done,2024-04-17 06:36:01.652260,2024-04-17 20:00:01.652260,13.4,0,0,0.5583333333333333
I000743,P003,S0029,T004,D0005,Task,High,,In Progress,2024-04-16 14:38:43.652458,,,0,0,
I000744,P003,S0029,T004,D0038,Bug,Medium,Major,Reopened,2024-04-18 03:43:19.238690,2024-04-19 11:25:19.238690,31.7,1,0,1.3208333333333333
I000745,P003,S0029,T004,D0029,Task,Medium,,Reopened,2024-04-20 22:35:02.484400,2024-04-21 18:59:02.484400,20.4,1,0,0.85
I000746,P003,S0029,T004,D0048,Bug,Low,Critical,In Progress,2024-04-21 06:48:20.132297,,,0,0,
I000747,P003,S0029,T004,D0048,Bug,Medium,Minor,Done,2024-04-17 06:27:02.292539,2024-04-18 03:27:02.292539,21.0,0,0,0.875
I000748,P003,S0029,T004,D0005,Story,Low,,Done,2024-04-13 08:42:57.534988,2024-04-15 06:54:57.534988,46.2,0,0,1.925
I000749,P003,S0029,T004,D0014,Story,Low,,Done,2024-04-14 15:07:57.037296,2024-04-15 13:07:57.037296,22.0,0,0,0.9166666666666666
I000750,P003,S0029,T004,D0029,Bug,High,Major,In Progress,2024-04-15 21:08:02.932819,,,0,0,
I000751,P003,S0029,T004,D0005,Story,High,,Done,2024-04-22 05:52:28.355611,2024-04-22 11:28:28.355611,5.6,0,0,0.23333333333333334
I000752,P003,S0029,T004,D0007,Story,Low,,Done,2024-04-19 08:20:02.638561,2024-04-19 20:32:02.638561,12.2,0,0,0.5083333333333333
I000753,P003,S0029,T004,D0038,Story,High,,Done,2024-04-19 17:41:15.696349,2024-04-20 00:47:15.696349,7.1,0,0,0.29583333333333334
I000754,P003,S0029,T004,D0005,Task,High,,Done,2024-04-15 19:15:45.463616,2024-04-16 18:51:45.463616,23.6,0,0,0.9833333333333333
I000755,P003,S0029,T004,D0048,Bug,Low,Major,Reopened,2024-04-22 04:12:35.668937,2024-04-23 11:24:35.668937,31.2,1,0,1.3
I000756,P003,S0029,T004,D0007,Bug,Medium,Major,Done,2024-04-18 14:47:20.935018,2024-04-18 19:17:20.935018,4.5,0,0,0.1875
I000757,P003,S0029,T004,D0034,Story,High,,In Progress,2024-04-12 05:33:48.948673,,,0,0,
I000758,P003,S0029,T004,D0032,Task,Medium,,Done,2024-04-20 15:08:59.965238,2024-04-22 03:02:59.965238,35.9,0,0,1.4958333333333333
I000759,P003,S0029,T004,D0007,Sub-task,Medium,,In Progress,2024-04-11 02:38:44.070356,,,0,0,
I000760,P003,S0029,T004,D0032,Story,Medium,,Done,2024-04-11 04:14:05.456623,2024-04-11 07:50:05.456623,3.6,0,0,0.15
I000761,P003,S0030,T004,D0034,Bug,High,Minor,Done,2024-04-26 07:38:21.954759,2024-04-26 22:08:21.954759,14.5,0,0,0.6041666666666666
I000762,P003,S0030,T004,D0012,Task,Medium,,Done,2024-04-28 16:00:29.662707,2024-04-29 06:36:29.662707,14.6,0,0,0.6083333333333333
I000763,P003,S0030,T004,D0052,Bug,High,Minor,In Progress,2024-04-25 16:39:33.164224,,,0,1,
I000764,P003,S0030,T004,D0048,Story,Medium,,Done,2024-04-30 19:13:31.066505,2024-05-02 03:01:31.066505,31.8,0,0,1.325
I000765,P003,S0030,T004,D0012,Task,Low,,Done,2024-04-28 20:16:08.488297,2024-04-29 18:04:08.488297,21.8,0,0,0.9083333333333333
I000766,P003,S0030,T004,D0002,Task,High,,In Progress,2024-04-29 09:33:41.646682,,,0,0,
I000767,P003,S0030,T004,D0012,Story,High,,In Progress,2024-04-27 19:56:48.578655,,,0,0,
I000768,P003,S0030,T004,D0005,Bug,Medium,Critical,Done,2024-05-04 09:07:37.501659,2024-05-04 18:37:37.501659,9.5,0,0,0.3958333333333333
I000769,P003,S0030,T004,D0022,Task,High,,Done,2024-04-29 09:30:48.381043,2024-04-29 16:42:48.381043,7.2,0,0,0.3
I000770,P003,S0030,T004,D0020,Story,Medium,,Done,2024-05-05 12:41:39.702060,2024-05-06 15:05:39.702060,26.4,0,0,1.1
I000771,P003,S0030,T004,D0012,Bug,Low,Blocker,Done,2024-05-04 11:51:56.284523,2024-05-06 05:51:56.284523,42.0,0,0,1.75
I000772,P003,S0030,T004,D0032,Task,High,,In Progress,2024-04-26 07:29:54.586261,,,0,0,
I000773,P003,S0030,T004,D0038,Story,High,,In Progress,2024-04-30 04:51:29.747234,,,0,0,
I000774,P003,S0030,T004,D0038,Task,Critical,,Done,2024-05-03 10:10:42.721054,2024-05-03 19:58:42.721054,9.8,0,0,0.4083333333333333
I000775,P003,S0030,T004,D0052,Story,High,,Done,2024-05-01 10:33:44.416500,2024-05-01 16:33:44.416500,6.0,0,0,0.25
I000776,P003,S0030,T004,D0029,Sub-task,Medium,,Done,2024-05-01 06:39:22.555152,2024-05-01 15:27:22.555152,8.8,0,0,0.36666666666666664
I000777,P003,S0030,T004,D0034,Bug,Low,Critical,In Progress,2024-05-02 06:27:53.848832,,,0,0,
I000778,P003,S0030,T004,D0049,Bug,Medium,Major,Done,2024-05-01 18:51:05.492031,2024-05-02 01:45:05.492031,6.9,0,0,0.2875
I000779,P003,S0030,T004,D0002,Task,Medium,,Done,2024-05-04 17:40:37.655923,2024-05-05 03:52:37.655923,10.2,0,0,0.425
I000780,P003,S0030,T004,D0048,Bug,Critical,Minor,Done,2024-04-25 22:11:40.721858,2024-04-26 00:05:40.721858,1.9,0,0,0.07916666666666666
I000781,P003,S0030,T004,D0049,Story,High,,In Progress,2024-05-03 14:42:57.931243,,,0,0,
I000782,P003,S0030,T004,D0020,Bug,Medium,Critical,Done,2024-04-30 14:42:33.813408,2024-05-01 01:00:33.813408,10.3,0,0,0.42916666666666664
I000783,P003,S0030,T004,D0014,Story,Medium,,In Progress,2024-05-06 16:16:34.662031,,,0,0,
I000784,P003,S0030,T004,D0035,Bug,High,Minor,Done,2024-04-28 04:50:11.781440,2024-04-29 02:32:11.781440,21.7,0,0,0.9041666666666667
I000785,P003,S0030,T004,D0002,Bug,Critical,Critical,Done,2024-04-26 04:05:18.441092,2024-04-26 06:47:18.441092,2.7,0,0,0.1125
I000786,P003,S0030,T004,D0032,Task,Medium,,In Progress,2024-04-25 09:27:39.643383,,,0,0,
I000787,P003,S0030,T004,D0005,Sub-task,Medium,,Done,2024-04-24 22:26:05.624890,2024-04-25 20:26:05.624890,22.0,0,0,0.9166666666666666
I000788,P003,S0030,T004,D0058,Bug,Low,Minor,Done,2024-04-29 13:22:56.488688,2024-04-30 03:52:56.488688,14.5,0,0,0.6041666666666666
I000789,P003,S0030,T004,D0020,Bug,Low,Major,Done,2024-04-27 10:51:47.990419,2024-04-28 02:51:47.990419,16.0,0,0,0.6666666666666666
I000790,P003,S0030,T004,D0002,Bug,High,Major,Done,2024-05-02 13:43:10.217392,2024-05-03 13:01:10.217392,23.3,0,0,0.9708333333333333
I000791,P003,S0030,T004,D0038,Task,High,,Done,2024-04-24 01:08:26.768902,2024-04-24 08:44:26.768902,7.6,0,0,0.31666666666666665
I000792,P003,S0030,T004,D0049,Story,High,,Done,2024-05-03 22:45:51.852688,2024-05-04 01:03:51.852688,2.3,0,0,0.09583333333333334
I000793,P004,S0031,T006,D0026,Story,Medium,,Done,2024-01-10 17:05:25.268541,2024-01-11 05:47:25.268541,12.7,0,0,0.5291666666666667
I000794,P004,S0031,T006,D0030,Sub-task,Medium,,Done,2024-01-03 08:31:38.363401,2024-01-03 20:49:38.363401,12.3,0,0,0.5125
I000795,P004,S0031,T006,D0006,Task,High,,In Progress,2024-01-05 03:25:18.217322,,,0,0,
I000796,P004,S0031,T006,D0006,Bug,Low,Minor,Done,2023-12-30 16:10:16.984052,2024-01-03 00:46:16.984052,80.6,0,0,3.3583333333333334
I000797,P004,S0031,T006,D0042,Task,Low,,Done,2024-01-05 17:00:38.169727,2024-01-06 18:54:38.169727,25.9,0,0,1.0791666666666666
I000798,P004,S0031,T006,D0030,Bug,High,Blocker,Reopened,2024-01-08 06:39:25.475183,2024-01-08 21:27:25.475183,14.8,1,0,0.6166666666666667
I000799,P004,S0031,T006,D0004,Task,Medium,,Done,2024-01-05 00:43:07.957077,2024-01-06 23:31:07.957077,46.8,0,0,1.95
I000800,P004,S0031,T006,D0042,Sub-task,Critical,,In Progress,2024-01-09 07:38:58.193098,,,0,0,
I000801,P004,S0031,T006,D0042,Story,Medium,,Done,2024-01-04 02:53:41.002232,2024-01-05 07:41:41.002232,28.8,0,0,1.2
I000802,P004,S0031,T006,D0004,Bug,Low,Minor,In Progress,2024-01-02 14:18:55.578864,,,0,0,
I000803,P004,S0031,T006,D0026,Task,High,,Done,2024-01-01 22:36:03.443231,2024-01-02 04:18:03.443231,5.7,0,0,0.2375
I000804,P004,S0031,T006,D0050,Task,Low,,Reopened,2024-01-07 00:29:22.124473,2024-01-07 01:41:22.124473,1.2,1,0,0.05
I000805,P004,S0031,T006,D0050,Task,High,,In Progress,2024-01-02 11:50:00.573709,,,0,0,
I000806,P004,S0031,T006,D0042,Task,Medium,,Done,2024-01-02 11:59:09.067385,2024-01-03 10:53:09.067385,22.9,0,0,0.9541666666666667
I000807,P004,S0031,T006,D0026,Bug,Low,Critical,Done,2024-01-01 15:15:29.675673,2024-01-02 21:03:29.675673,29.8,0,0,1.2416666666666667
I000808,P004,S0031,T006,D0026,Bug,High,Minor,Done,2024-01-09 03:55:50.275164,2024-01-09 07:49:50.275164,3.9,0,0,0.1625
I000809,P004,S0031,T006,D0026,Story,Low,,Done,2024-01-06 16:00:47.386381,2024-01-08 14:42:47.386381,46.7,0,0,1.9458333333333333
I000810,P004,S0031,T006,D0030,Sub-task,Critical,,Done,2023-12-30 23:56:58.021339,2023-12-31 01:44:58.021339,1.8,0,0,0.075
I000811,P004,S0031,T006,D0004,Story,Medium,,Done,2023-12-30 22:59:26.222487,2023-12-31 17:17:26.222487,18.3,0,0,0.7625
I000812,P004,S0031,T006,D0006,Bug,Medium,Critical,Done,2024-01-01 22:26:09.289097,2024-01-03 07:38:09.289097,33.2,0,0,1.3833333333333333
I000813,P004,S0031,T006,D0006,Bug,High,Critical,Done,2024-01-10 06:18:45.917657,2024-01-12 10:00:45.917657,51.7,0,1,2.154166666666667
I000814,P004,S0031,T006,D0026,Bug,Critical,Major,Won't Fix,2023-12-29 04:11:01.498589,2023-12-29 15:23:01.498589,11.2,0,0,0.4666666666666667
I000815,P004,S0031,T006,D0026,Story,Medium,,Done,2024-01-05 05:41:35.836960,2024-01-05 15:47:35.836960,10.1,0,0,0.42083333333333334
I000816,P004,S0031,T006,D0026,Bug,Low,Major,Done,2024-01-04 19:32:10.522755,2024-01-07 14:14:10.522755,66.7,0,0,2.779166666666667
I000817,P004,S0031,T006,D0042,Story,Low,,Done,2024-01-02 00:35:43.556880,2024-01-04 07:59:43.556880,55.4,0,0,2.308333333333333
I000818,P004,S0031,T006,D0030,Bug,Low,Blocker,Done,2024-01-05 23:22:52.954014,2024-01-06 19:04:52.954014,19.7,1,0,0.8208333333333333
I000819,P004,S0031,T006,D0026,Story,High,,Reopened,2024-01-09 22:30:17.751739,2024-01-10 03:00:17.751739,4.5,1,0,0.1875
I000820,P004,S0031,T006,D0006,Bug,Low,Major,Done,2023-12-30 11:20:24.586642,2023-12-31 08:56:24.586642,21.6,0,0,0.9
I000821,P004,S0031,T006,D0042,Story,Low,,Done,2024-01-01 14:46:50.936952,2024-01-03 05:58:50.936952,39.2,0,0,1.6333333333333333
I000822,P004,S0031,T006,D0050,Story,High,,Done,2023-12-29 01:35:04.522734,2023-12-29 14:35:04.522734,13.0,0,0,0.5416666666666666
I000823,P004,S0031,T006,D0019,Task,Low,,Reopened,2024-01-10 07:04:56.161707,2024-01-11 21:16:56.161707,38.2,1,0,1.5916666666666666
I000824,P004,S0031,T006,D0019,Story,High,,Done,2024-01-04 13:45:53.220666,2024-01-04 23:45:53.220666,10.0,0,0,0.4166666666666667
I000825,P004,S0032,T006,D0030,Sub-task,High,,Done,2024-01-15 12:20:55.536845,2024-01-16 03:56:55.536845,15.6,0,0,0.65
I000826,P004,S0032,T006,D0019,Task,Low,,Done,2024-01-23 05:44:12.834865,2024-01-26 04:32:12.834865,70.8,0,0,2.95
I000827,P004,S0032,T006,D0030,Story,Low,,Done,2024-01-21 19:56:41.568082,2024-01-23 13:50:41.568082,41.9,0,0,1.7458333333333333
I000828,P004,S0032,T006,D0026,Task,Low,,In Progress,2024-01-18 04:31:46.887856,,,0,0,
I000829,P004,S0032,T006,D0019,Story,Low,,Done,2024-01-24 18:12:41.939186,2024-01-25 15:18:41.939186,21.1,0,0,0.8791666666666667
I000830,P004,S0032,T006,D0004,Story,Medium,,Done,2024-01-18 12:36:14.044333,2024-01-18 23:06:14.044333,187.03000000000293,0,0,0.4375
I000831,P004,S0032,T006,D0042,Task,High,,Done,2024-01-22 12:38:54.117657,2024-01-22 23:56:54.117657,11.3,0,0,0.4708333333333333
I000832,P004,S0032,T006,D0004,Sub-task,Medium,,Done,2024-01-13 18:16:52.552383,2024-01-15 01:10:52.552383,30.9,0,0,1.2875
I000833,P004,S0032,T006,D0042,Bug,Medium,Minor,Reopened,2024-01-21 21:13:02.046520,2024-01-23 06:19:02.046520,33.1,1,1,1.3791666666666667
I000834,P004,S0032,T006,D0042,Bug,Medium,Major,Reopened,2024-01-21 06:59:13.641761,2024-01-22 02:11:13.641761,19.2,1,0,0.8
I000835,P004,S0032,T006,D0006,Story,Medium,,Done,2024-01-24 14:00:23.675732,2024-01-25 22:48:23.675732,32.8,0,0,1.3666666666666667
I000836,P004,S0032,T006,D0026,Story,Low,,Reopened,2024-01-21 22:34:07.660760,2024-01-22 19:22:07.660760,20.8,1,0,0.8666666666666667
I000837,P004,S0032,T006,D0050,Story,Medium,,Reopened,2024-01-23 07:03:57.390823,2024-01-23 17:51:57.390823,10.8,1,0,0.45
I000838,P004,S0032,T006,D0050,Story,Medium,,Done,2024-01-22 17:32:34.791534,2024-01-25 15:02:34.791534,69.5,0,0,2.8958333333333335
I000839,P004,S0032,T006,D0030,Bug,High,Critical,Done,2024-01-23 21:16:27.185203,2024-01-24 17:40:27.185203,20.4,1,1,0.85
I000840,P004,S0032,T006,D0050,Story,Low,,Done,2024-01-14 11:24:32.438735,2024-01-15 11:12:32.438735,23.8,0,0,0.9916666666666667
I000841,P004,S0032,T006,D0006,Bug,Low,Minor,In Progress,2024-01-18 07:16:33.336449,,,1,0,
I000842,P004,S0033,T006,D0030,Story,High,,Done,2024-02-07 21:41:25.757511,2024-02-08 03:05:25.757511,5.4,0,0,0.225
I000843,P004,S0033,T006,D0004,Bug,Medium,Minor,In Progress,2024-02-01 13:16:11.513573,,,0,0,
I000844,P004,S0033,T006,D0004,Story,Medium,,In Progress,2024-02-06 15:29:14.554835,,,0,0,
I000845,P004,S0033,T006,D0019,Story,Low,,Reopened,2024-02-06 12:58:42.512511,2024-02-09 11:22:42.512511,70.4,1,0,2.933333333333333
I000846,P004,S0033,T006,D0026,Task,Medium,,Done,2024-01-31 05:32:48.452000,2024-01-31 23:32:48.452000,18.0,0,0,0.75
I000847,P004,S0033,T006,D0004,Bug,Critical,Minor,Reopened,2024-02-03 12:19:51.680720,2024-02-03 15:31:51.680720,3.2,1,0,0.13333333333333333
I000848,P004,S0033,T006,D0026,Story,Medium,,Done,2024-01-28 16:50:50.067899,2024-01-30 00:56:50.067899,32.1,0,0,1.3375
I000849,P004,S0033,T006,D0042,Story,Low,,Done,2024-02-06 04:49:37.143934,2024-02-08 07:13:37.143934,50.4,0,0,2.1
I000850,P004,S0033,T006,D0004,Sub-task,High,,Done,2024-02-06 23:39:36.333004,2024-02-07 14:39:36.333004,15.0,0,0,0.625
I000851,P004,S0033,T006,D0019,Story,Low,,In Progress,2024-01-31 21:56:40.712549,,,0,0,
I000852,P004,S0033,T006,D0050,Story,Medium,,In Progress,2024-01-26 04:13:02.599573,,,0,0,
I000853,P004,S0033,T006,D0004,Task,High,,In Progress,2024-01-31 21:36:00.460468,,,0,0,
I000854,P004,S0033,T006,D0019,Task,Low,,Done,2024-02-06 02:57:38.963568,2024-02-06 15:15:38.963568,12.3,0,0,0.5125
I000855,P004,S0033,T006,D0030,Story,Low,,Done,2024-01-29 10:03:50.618706,2024-01-30 16:15:50.618706,30.2,0,0,1.2583333333333333
I000856,P004,S0033,T006,D0019,Story,Low,,Done,2024-01-31 14:28:00.176190,2024-02-04 12:34:00.176190,94.1,0,0,3.9208333333333334
I000857,P004,S0033,T006,D0019,Bug,Medium,Major,Done,2024-01-26 07:42:20.004761,2024-01-27 16:00:20.004761,32.3,0,1,1.3458333333333334
I000858,P004,S0033,T006,D0019,Bug,Low,Major,Done,2024-01-29 22:02:03.265005,2024-01-30 09:44:03.265005,11.7,0,0,0.4875
I000859,P004,S0033,T006,D0026,Sub-task,Low,,Done,2024-02-02 18:18:01.387601,2024-02-04 08:54:01.387601,38.6,0,0,1.6083333333333334
I000860,P004,S0033,T006,D0050,Story,Low,,Done,2024-02-03 22:37:40.614723,2024-02-04 19:31:40.614723,20.9,0,0,0.8708333333333333
I000861,P004,S0033,T006,D0004,Task,Medium,,Done,2024-01-31 09:43:18.256472,2024-02-01 21:31:18.256472,35.8,0,0,1.4916666666666667
I000862,P004,S0033,T006,D0019,Task,Low,,Done,2024-02-06 13:00:58.877055,2024-02-07 01:18:58.877055,12.3,0,0,0.5125
I000863,P004,S0033,T006,D0042,Bug,High,Minor,Done,2024-01-28 22:59:26.050575,2024-01-29 23:11:26.050575,24.2,0,0,1.0083333333333333
I000864,P004,S0033,T006,D0050,Task,Critical,,In Progress,2024-02-05 00:53:30.953223,,,0,0,
I000865,P004,S0033,T006,D0050,Story,Medium,,Reopened,2024-01-29 11:34:35.608221,2024-01-30 20:16:35.608221,32.7,1,0,1.3625
I000866,P004,S0033,T006,D0019,Bug,Critical,Blocker,Done,2024-01-30 03:59:30.883447,2024-01-30 10:29:30.883447,6.5,0,0,0.2708333333333333
I000867,P004,S0033,T006,D0004,Story,Low,,Reopened,2024-02-05 15:11:09.971418,2024-02-06 23:11:09.971418,32.0,1,0,1.3333333333333333
I000868,P004,S0033,T006,D0026,Story,Medium,,Done,2024-02-06 02:24:22.283928,2024-02-07 01:42:22.283928,23.3,0,0,0.9708333333333333
I000869,P004,S0033,T006,D0026,Bug,Medium,Major,Done,2024-01-31 05:56:15.967255,2024-01-31 13:26:15.967255,7.5,0,0,0.3125
I000870,P004,S0034,T006,D0004,Task,Medium,,Done,2024-02-11 05:07:15.079667,2024-02-11 14:55:15.079667,9.8,0,0,0.4083333333333333
I000871,P004,S0034,T006,D0026,Bug,Medium,Major,Done,2024-02-19 19:51:46.085777,2024-02-20 07:27:46.085777,11.6,0,0,0.48333333333333334
I000872,P004,S0034,T006,D0006,Bug,High,Major,In Progress,2024-02-11 10:00:40.665430,,,0,0,
I000873,P004,S0034,T006,D0019,Bug,High,Minor,Done,2024-02-13 19:14:50.589765,2024-02-13 22:26:50.589765,3.2,0,0,0.13333333333333333
I000874,P004,S0034,T006,D0042,Task,Low,,In Progress,2024-02-19 23:56:28.175650,,,0,0,
I000875,P004,S0034,T006,D0006,Story,High,,Done,2024-02-18 02:48:12.681834,2024-02-18 12:18:12.681834,9.5,0,0,0.3958333333333333
I000876,P004,S0034,T006,D0004,Task,Low,,Won't Fix,2024-02-20 08:58:04.573900,2024-02-21 05:34:04.573900,20.6,0,0,0.8583333333333333
I000877,P004,S0034,T006,D0006,Task,Low,,Reopened,2024-02-19 18:50:55.922172,2024-02-22 22:44:55.922172,75.9,1,0,3.1625
I000878,P004,S0034,T006,D0006,Story,High,,Done,2024-02-15 21:34:36.837142,2024-02-16 23:52:36.837142,26.3,0,0,1.0958333333333334
I000879,P004,S0034,T006,D0030,Task,Low,,Done,2024-02-17 04:49:31.886606,2024-02-17 14:55:31.886606,10.1,0,0,0.42083333333333334
I000880,P004,S0034,T006,D0042,Task,High,,In Progress,2024-02-09 17:12:31.882564,,,0,0,
I000881,P004,S0034,T006,D0019,Bug,Critical,Major,Done,2024-02-17 04:41:59.323507,2024-02-17 05:41:59.323507,1.0,0,0,0.041666666666666664
I000882,P004,S0034,T006,D0050,Story,Medium,,Done,2024-02-14 10:14:37.912473,2024-02-15 10:02:37.912473,23.8,0,0,0.9916666666666667
I000883,P004,S0034,T006,D0050,Bug,High,Blocker,Done,2024-02-20 12:43:33.378944,2024-02-22 09:37:33.378944,44.9,0,0,1.8708333333333333
I000884,P004,S0034,T006,D0050,Task,Low,,Done,2024-02-16 13:01:52.687366,2024-02-17 12:25:52.687366,23.4,0,0,0.975
I000885,P004,S0034,T006,D0026,Bug,Low,Minor,Done,2024-02-11 07:47:54.288148,2024-02-13 06:17:54.288148,46.5,0,0,1.9375
I000886,P004,S0034,T006,D0004,Task,Critical,,In Progress,2024-02-14 16:39:59.403203,,,0,0,
I000887,P004,S0034,T006,D0019,Task,Medium,,Done,2024-02-10 21:25:01.427045,2024-02-12 17:43:01.427045,44.3,0,0,1.8458333333333334
I000888,P004,S0034,T006,D0042,Story,Medium,,Done,2024-02-13 05:34:52.728045,2024-02-14 00:46:52.728045,19.2,0,0,0.8
I000889,P004,S0034,T006,D0042,Task,Critical,,Done,2024-02-09 14:26:01.385556,2024-02-09 21:56:01.385556,7.5,0,0,0.3125
I000890,P004,S0034,T006,D0042,Task,Medium,,Done,2024-02-11 14:26:53.210075,2024-02-13 04:50:53.210075,38.4,0,0,1.6
I000891,P004,S0034,T006,D0050,Story,High,,Done,2024-02-19 12:04:35.995312,2024-02-19 14:40:35.995312,2.6,0,0,0.10833333333333334
I000892,P004,S0034,T006,D0004,Story,Medium,,Done,2024-02-09 11:58:07.698338,2024-02-11 13:52:07.698338,49.9,0,0,2.0791666666666666
I000893,P004,S0034,T006,D0006,Bug,High,Critical,Done,2024-02-14 09:31:51.740474,2024-02-15 07:37:51.740474,22.1,0,0,0.9208333333333333
I000894,P004,S0034,T006,D0050,Story,Medium,,Done,2024-02-18 17:47:11.006896,2024-02-22 07:41:11.006896,85.9,0,0,3.5791666666666666
I000895,P004,S0034,T006,D0019,Bug,Low,Major,In Progress,2024-02-18 08:19:30.418098,,,0,0,
I000896,P004,S0034,T006,D0030,Sub-task,Medium,,Won't Fix,2024-02-14 09:18:07.565363,2024-02-14 17:12:07.565363,7.9,0,0,0.32916666666666666
I000897,P004,S0034,T006,D0004,Bug,Medium,Major,Done,2024-02-19 08:17:07.656457,2024-02-21 10:23:07.656457,50.1,0,1,2.0875
I000898,P004,S0034,T006,D0042,Bug,Medium,Minor,Reopened,2024-02-14 19:32:56.997834,2024-02-15 21:08:56.997834,25.6,1,1,1.0666666666666667
I000899,P004,S0034,T006,D0019,Story,Critical,,In Progress,2024-02-09 17:05:36.812228,,,0,0,
I000900,P004,S0034,T006,D0026,Story,Medium,,Done,2024-02-10 20:01:52.856074,2024-02-11 21:01:52.856074,25.0,0,0,1.0416666666666667
I000901,P004,S0034,T006,D0019,Story,Low,,In Progress,2024-02-17 18:20:58.770002,,,0,0,
I000902,P004,S0034,T006,D0004,Story,Medium,,Done,2024-02-11 05:26:14.294860,2024-02-11 15:14:14.294860,9.8,0,0,0.4083333333333333
I000903,P004,S0035,T006,D0006,Task,Medium,,Won't Fix,2024-03-01 08:17:24.532053,2024-03-03 03:47:24.532053,43.5,0,0,1.8125
I000904,P004,S0035,T006,D0004,Task,Low,,In Progress,2024-03-01 23:31:11.765433,,,0,0,
I000905,P004,S0035,T006,D0042,Story,High,,Done,2024-03-04 22:12:17.652329,2024-03-05 05:42:17.652329,7.5,0,0,0.3125
I000906,P004,S0035,T006,D0006,Task,Low,,Done,2024-02-27 05:13:29.018403,2024-02-29 19:07:29.018403,61.9,0,0,2.5791666666666666
I000907,P004,S0035,T006,D0050,Story,Low,,Done,2024-03-02 07:11:52.735356,2024-03-03 01:23:52.735356,18.2,0,0,0.7583333333333333
I000908,P004,S0035,T006,D0042,Bug,Critical,Minor,In Progress,2024-03-01 13:24:16.441917,,,0,1,
I000909,P004,S0035,T006,D0030,Task,Medium,,In Progress,2024-02-25 10:12:44.970362,,,0,0,
I000910,P004,S0035,T006,D0019,Sub-task,Low,,Done,2024-02-24 11:58:26.184669,2024-02-26 01:10:26.184669,37.2,0,0,1.55
I000911,P004,S0035,T006,D0050,Bug,Medium,Major,Done,2024-02-29 06:07:50.531737,2024-02-29 19:13:50.531737,13.1,0,0,0.5458333333333333
I000912,P004,S0035,T006,D0042,Sub-task,Medium,,Done,2024-02-27 14:34:49.027800,2024-02-27 20:40:49.027800,6.1,0,0,0.25416666666666665
I000913,P004,S0035,T006,D0026,Sub-task,Low,,Done,2024-02-28 16:18:01.193061,2024-02-28 21:00:01.193061,4.7,0,0,0.19583333333333333
I000914,P004,S0035,T006,D0004,Story,Low,,In Progress,2024-03-05 09:29:12.743254,,,0,0,
I000915,P004,S0035,T006,D0050,Story,Medium,,Done,2024-02-26 01:48:33.093597,2024-02-26 08:36:33.093597,6.8,0,0,0.2833333333333333
I000916,P004,S0035,T006,D0019,Task,Low,,In Progress,2024-03-05 06:19:31.258936,,,0,0,
I000917,P004,S0035,T006,D0019,Story,Medium,,Done,2024-02-28 08:04:59.191384,2024-02-28 18:10:59.191384,10.1,0,0,0.42083333333333334
I000918,P004,S0035,T006,D0006,Story,Low,,Done,2024-02-23 04:31:43.354173,2024-02-23 08:31:43.354173,4.0,0,0,0.16666666666666666
I000919,P004,S0035,T006,D0006,Bug,Medium,Minor,Reopened,2024-03-04 21:49:58.372854,2024-03-07 04:01:58.372854,54.2,1,0,2.2583333333333333
I000920,P004,S0035,T006,D0006,Task,Low,,In Progress,2024-02-28 15:56:56.829606,,,0,0,
I000921,P004,S0035,T006,D0019,Story,High,,Done,2024-02-24 08:39:14.824005,2024-02-24 12:45:14.824005,4.1,0,0,0.17083333333333334
I000922,P004,S0035,T006,D0019,Sub-task,Medium,,In Progress,2024-03-01 10:13:07.463279,,,0,0,
I000923,P004,S0035,T006,D0006,Task,High,,Reopened,2024-02-29 09:01:18.391649,2024-03-01 10:49:18.391649,25.8,1,0,1.075
I000924,P004,S0035,T006,D0042,Bug,High,Major,In Progress,2024-02-29 05:20:13.918602,,,0,0,
I000925,P004,S0035,T006,D0006,Task,Medium,,In Progress,2024-03-02 20:04:28.014069,,,0,0,
I000926,P004,S0035,T006,D0004,Bug,Low,Minor,Reopened,2024-03-02 10:07:30.561765,2024-03-03 00:01:30.561765,13.9,1,0,0.5791666666666667
I000927,P004,S0035,T006,D0004,Bug,Medium,Minor,Done,2024-02-24 05:37:31.936780,2024-02-25 13:07:31.936780,31.5,0,1,1.3125
I000928,P004,S0035,T006,D0004,Bug,Medium,Major,Reopened,2024-02-27 16:06:49.554147,2024-02-27 17:42:49.554147,1.6,1,0,0.06666666666666667
I000929,P004,S0035,T006,D0006,Sub-task,Critical,,In Progress,2024-03-06 21:28:14.057341,,,0,0,
I000930,P004,S0035,T006,D0006,Sub-task,Low,,Done,2024-03-01 20:08:25.171331,2024-03-06 04:32:25.171331,104.4,0,0,4.35
I000931,P004,S0035,T006,D0026,Task,Medium,,Reopened,2024-02-26 09:30:30.532772,2024-02-27 12:54:30.532772,27.4,1,0,1.1416666666666666
I000932,P004,S0035,T006,D0030,Bug,Low,Minor,Done,2024-02-28 11:08:40.709144,2024-02-28 22:38:40.709144,11.5,0,0,0.4791666666666667
I000933,P004,S0035,T006,D0030,Bug,Low,Critical,Done,2024-03-02 00:01:59.445898,2024-03-03 16:07:59.445898,40.1,0,0,1.6708333333333334
I000934,P004,S0036,T006,D0004,Story,High,,Done,2024-03-18 21:39:00.001490,2024-03-19 02:33:00.001490,4.9,0,0,0.20416666666666666
I000935,P004,S0036,T006,D0004,Sub-task,Medium,,In Progress,2024-03-11 08:58:47.046652,,,0,0,
I000936,P004,S0036,T006,D0030,Task,Medium,,In Progress,2024-03-09 05:52:31.115939,,,0,0,
I000937,P004,S0036,T006,D0006,Bug,Medium,Minor,Done,2024-03-16 17:55:50.778468,2024-03-18 06:19:50.778468,36.4,0,0,1.5166666666666666
I000938,P004,S0036,T006,D0004,Task,Low,,Done,2024-03-17 09:33:30.054274,2024-03-18 02:21:30.054274,16.8,0,0,0.7
I000939,P004,S0036,T006,D0006,Bug,Medium,Critical,In Progress,2024-03-10 23:01:16.864232,,,0,0,
I000940,P004,S0036,T006,D0050,Task,High,,Done,2024-03-19 01:30:47.430867,2024-03-19 09:18:47.430867,7.8,0,0,0.325
I000941,P004,S0036,T006,D0042,Sub-task,Low,,Done,2024-03-08 12:47:06.739231,2024-03-10 19:05:06.739231,54.3,0,0,2.2625
I000942,P004,S0036,T006,D0050,Task,Low,,In Progress,2024-03-14 03:08:30.746656,,,0,0,
I000943,P004,S0036,T006,D0004,Task,High,,Done,2024-03-13 04:03:43.615975,2024-03-15 00:51:43.615975,44.8,0,0,1.8666666666666667
I000944,P004,S0036,T006,D0026,Bug,High,Minor,Done,2024-03-13 15:14:26.427540,2024-03-14 14:20:26.427540,23.1,0,0,0.9625
I000945,P004,S0036,T006,D0050,Story,Medium,,In Progress,2024-03-13 09:25:55.982259,,,0,0,
I000946,P004,S0036,T006,D0019,Bug,Medium,Major,Reopened,2024-03-14 22:15:26.811451,2024-03-16 22:27:26.811451,48.2,1,0,2.0083333333333333
I000947,P004,S0036,T006,D0026,Sub-task,High,,Reopened,2024-03-08 16:14:17.886091,2024-03-09 00:56:17.886091,8.7,1,0,0.3625
I000948,P004,S0036,T006,D0006,Story,Critical,,In Progress,2024-03-14 22:04:44.261474,,,0,0,
I000949,P004,S0036,T006,D0004,Task,Medium,,Won't Fix,2024-03-20 09:46:18.600364,2024-03-20 15:40:18.600364,5.9,0,0,0.24583333333333332
I000950,P004,S0036,T006,D0019,Story,High,,Done,2024-03-18 00:22:06.519236,2024-03-18 15:04:06.519236,14.7,0,0,0.6125
I000951,P004,S0036,T006,D0026,Task,Low,,Won't Fix,2024-03-18 17:57:49.749076,2024-03-20 10:09:49.749076,40.2,0,0,1.675
I000952,P004,S0036,T006,D0042,Bug,Low,Minor,Done,2024-03-20 03:17:16.792384,2024-03-21 01:05:16.792384,21.8,0,0,0.9083333333333333
I000953,P004,S0036,T006,D0042,Bug,Medium,Blocker,Done,2024-03-15 00:09:43.318182,2024-03-16 06:27:43.318182,30.3,0,0,1.2625
I000954,P004,S0036,T006,D0006,Story,High,,Done,2024-03-09 11:42:16.945262,2024-03-10 17:12:16.945262,29.5,0,0,1.2291666666666667
I000955,P004,S0036,T006,D0006,Task,Low,,Done,2024-03-20 06:13:20.861074,2024-03-20 22:19:20.861074,16.1,0,0,0.6708333333333333
I000956,P004,S0036,T006,D0004,Task,Low,,In Progress,2024-03-16 19:30:11.572455,,,0,0,
I000957,P004,S0036,T006,D0019,Story,Medium,,Done,2024-03-08 16:18:28.167405,2024-03-12 21:00:28.167405,100.7,0,0,4.195833333333334
I000958,P004,S0036,T006,D0004,Story,Medium,,Won't Fix,2024-03-10 14:03:15.160740,2024-03-12 01:27:15.160740,35.4,0,0,1.475
I000959,P004,S0036,T006,D0019,Task,Low,,Done,2024-03-09 05:34:03.946666,2024-03-09 15:16:03.946666,9.7,0,0,0.4041666666666667
I000960,P004,S0036,T006,D0006,Bug,Low,Blocker,Done,2024-03-14 19:20:41.918220,2024-03-15 12:56:41.918220,17.6,0,0,0.7333333333333333
I000961,P004,S0036,T006,D0019,Bug,Medium,Minor,Done,2024-03-16 19:19:07.807084,2024-03-17 03:07:07.807084,7.8,0,0,0.325
I000962,P004,S0036,T006,D0050,Sub-task,Low,,Done,2024-03-13 06:44:58.984601,2024-03-14 04:44:58.984601,22.0,0,0,0.9166666666666666
I000963,P004,S0036,T006,D0006,Bug,Low,Major,Done,2024-03-08 04:56:29.321285,2024-03-11 10:50:29.321285,77.9,0,0,3.245833333333333
I000964,P004,S0037,T006,D0004,Task,Critical,,Done,2024-04-01 10:56:35.053592,2024-04-01 17:08:35.053592,6.2,0,0,0.25833333333333336
I000965,P004,S0037,T006,D0030,Story,Low,,Done,2024-03-29 15:52:17.303605,2024-03-30 08:28:17.303605,16.6,0,0,0.6916666666666667
I000966,P004,S0037,T006,D0042,Story,Low,,Done,2024-03-23 10:38:34.425540,2024-03-23 16:32:34.425540,5.9,0,0,0.24583333333333332
I000967,P004,S0037,T006,D0030,Bug,High,Major,Done,2024-03-22 07:37:16.274919,2024-03-22 18:31:16.274919,10.9,0,0,0.45416666666666666
I000968,P004,S0037,T006,D0050,Bug,Medium,Critical,Won't Fix,2024-04-01 10:32:16.373412,2024-04-01 20:02:16.373412,9.5,0,0,0.3958333333333333
I000969,P004,S0037,T006,D0050,Story,High,,In Progress,2024-03-23 02:42:25.417731,,,0,0,
I000970,P004,S0037,T006,D0042,Task,Low,,Done,2024-03-30 13:01:15.880034,2024-04-02 11:19:15.880034,70.3,0,0,2.9291666666666667
I000971,P004,S0037,T006,D0050,Story,Low,,Done,2024-04-02 12:20:20.389289,2024-04-02 18:26:20.389289,6.1,0,0,0.25416666666666665
I000972,P004,S0037,T006,D0026,Bug,Medium,Minor,Reopened,2024-03-24 22:26:17.085700,2024-03-26 05:26:17.085700,31.0,1,0,1.2916666666666667
I000973,P004,S0037,T006,D0030,Story,Critical,,Done,2024-03-31 00:16:52.957820,2024-03-31 14:28:52.957820,14.2,0,0,0.5916666666666667
I000974,P004,S0037,T006,D0042,Task,High,,Done,2024-04-03 10:18:48.424244,2024-04-03 16:30:48.424244,6.2,0,0,0.25833333333333336
I000975,P004,S0037,T006,D0019,Task,Low,,Done,2024-03-22 12:34:58.836893,2024-03-24 11:46:58.836893,47.2,0,0,1.9666666666666666
I000976,P004,S0037,T006,D0050,Task,High,,Done,2024-03-30 00:20:08.858427,2024-03-30 13:02:08.858427,12.7,0,0,0.5291666666666667
I000977,P004,S0037,T006,D0042,Story,Low,,Done,2024-03-31 01:13:15.917051,2024-04-02 00:07:15.917051,46.9,0,0,1.9541666666666666
I000978,P004,S0037,T006,D0019,Bug,Medium,Major,Done,2024-03-29 06:17:24.608768,2024-03-29 23:05:24.608768,16.8,0,0,0.7
I000979,P004,S0037,T006,D0050,Bug,Medium,Major,Done,2024-03-24 03:03:02.477036,2024-03-24 09:33:02.477036,6.5,1,0,0.2708333333333333
I000980,P004,S0037,T006,D0004,Task,High,,Done,2024-03-23 06:35:38.575505,2024-03-24 04:05:38.575505,21.5,0,0,0.8958333333333334
I000981,P004,S0037,T006,D0026,Bug,Low,Minor,Done,2024-03-28 21:37:40.867313,2024-03-30 01:25:40.867313,27.8,0,0,1.1583333333333334
I000982,P004,S0037,T006,D0006,Bug,Medium,Major,In Progress,2024-03-30 11:03:01.581569,,,0,0,
I000983,P004,S0037,T006,D0006,Story,Low,,Done,2024-03-24 22:46:23.433332,2024-03-26 02:16:23.433332,27.5,0,0,1.1458333333333333
I000984,P004,S0037,T006,D0030,Bug,Medium,Minor,Done,2024-04-01 18:51:23.861674,2024-04-04 16:03:23.861674,69.2,0,0,2.8833333333333333
I000985,P004,S0037,T006,D0050,Bug,Critical,Major,Done,2024-04-01 05:54:21.074034,2024-04-01 21:24:21.074034,15.5,0,0,0.6458333333333334
I000986,P004,S0037,T006,D0030,Story,Low,,In Progress,2024-04-02 01:11:46.064647,,,0,0,
I000987,P004,S0037,T006,D0026,Bug,Medium,Minor,Done,2024-03-27 19:55:38.608093,2024-03-29 13:31:38.608093,41.6,0,0,1.7333333333333334
I000988,P004,S0037,T006,D0006,Task,Low,,In Progress,2024-03-24 03:47:16.847305,,,0,0,
I000989,P004,S0037,T006,D0026,Bug,Low,Minor,Done,2024-03-23 12:27:58.223896,2024-03-24 03:45:58.223896,15.3,0,0,0.6375
I000990,P004,S0037,T006,D0004,Bug,Medium,Minor,Done,2024-03-30 07:54:05.724414,2024-03-30 23:06:05.724414,15.2,0,0,0.6333333333333333
I000991,P004,S0037,T006,D0019,Bug,Medium,Minor,Reopened,2024-04-03 19:18:24.791484,2024-04-04 03:12:24.791484,7.9,1,0,0.32916666666666666
I000992,P004,S0037,T006,D0004,Story,Critical,,Done,2024-03-23 20:10:57.869014,2024-03-24 00:58:57.869014,4.8,0,0,0.2
I000993,P004,S0037,T006,D0050,Bug,High,Major,Done,2024-03-31 20:46:23.956478,2024-04-01 18:10:23.956478,21.4,0,0,0.8916666666666667
I000994,P004,S0037,T006,D0042,Bug,Low,Minor,In Progress,2024-03-24 05:23:02.303754,,,0,0,
I000995,P004,S0037,T006,D0030,Story,Low,,Done,2024-03-27 10:53:17.798328,2024-03-29 11:23:17.798328,48.5,0,0,2.0208333333333335
I000996,P004,S0037,T006,D0026,Bug,Medium,Minor,Reopened,2024-03-24 08:32:24.106587,2024-03-25 00:50:24.106587,16.3,1,0,0.6791666666666667
I000997,P004,S0037,T006,D0042,Bug,Medium,Minor,Done,2024-03-22 06:56:56.421532,2024-03-23 08:38:56.421532,25.7,0,0,1.0708333333333333
I000998,P004,S0038,T006,D0050,Task,Low,,In Progress,2024-04-12 18:00:32.374273,,,0,0,
I000999,P004,S0038,T006,D0026,Task,Low,,Reopened,2024-04-08 06:41:13.738105,2024-04-10 00:05:13.738105,41.4,1,0,1.725
I001000,P004,S0038,T006,D0004,Story,Low,,Done,2024-04-11 08:36:35.344423,2024-04-13 06:12:35.344423,45.6,0,0,1.9
I001001,P004,S0038,T006,D0019,Story,Medium,,Done,2024-04-13 02:02:14.277986,2024-04-14 22:44:14.277986,44.7,0,0,1.8625
I001002,P004,S0038,T006,D0026,Story,High,,Done,2024-04-12 00:53:47.901850,2024-04-12 07:59:47.901850,7.1,0,0,0.29583333333333334
I001003,P004,S0038,T006,D0026,Task,High,,Done,2024-04-06 15:48:13.889887,2024-04-07 02:24:13.889887,10.6,0,0,0.44166666666666665
I001004,P004,S0038,T006,D0042,Story,High,,Done,2024-04-09 20:34:44.012886,2024-04-10 03:52:44.012886,7.3,0,0,0.30416666666666664
I001005,P004,S0038,T006,D0026,Bug,Low,Blocker,Done,2024-04-12 07:39:36.137770,2024-04-13 08:15:36.137770,24.6,0,0,1.025
I001006,P004,S0038,T006,D0004,Task,Medium,,Done,2024-04-16 11:08:19.312282,2024-04-16 19:26:19.312282,8.3,0,0,0.3458333333333333
I001007,P004,S0038,T006,D0026,Sub-task,Medium,,Done,2024-04-07 06:30:32.690589,2024-04-07 16:12:32.690589,9.7,0,0,0.4041666666666667
I001008,P004,S0038,T006,D0030,Bug,Low,Minor,Done,2024-04-14 23:44:50.547079,2024-04-15 23:32:50.547079,23.8,0,0,0.9916666666666667
I001009,P004,S0038,T006,D0030,Story,Low,,Done,2024-04-06 21:15:00.766548,2024-04-08 11:45:00.766548,38.5,0,0,1.6041666666666667
I001010,P004,S0038,T006,D0050,Task,Medium,,Done,2024-04-11 21:14:56.732766,2024-04-12 23:20:56.732766,26.1,0,0,1.0875
I001011,P004,S0038,T006,D0019,Task,High,,In Progress,2024-04-16 10:22:18.702881,,,0,0,
I001012,P004,S0038,T006,D0050,Bug,Medium,Critical,Reopened,2024-04-10 10:27:25.412888,2024-04-11 03:39:25.412888,17.2,1,0,0.7166666666666667
I001013,P004,S0038,T006,D0006,Story,Low,,Won't Fix,2024-04-15 23:29:26.583971,2024-04-16 21:17:26.583971,21.8,0,0,0.9083333333333333
I001014,P004,S0038,T006,D0042,Bug,Medium,Minor,Done,2024-04-16 05:02:54.578145,2024-04-17 22:14:54.578145,41.2,1,0,1.7166666666666666
I001015,P004,S0038,T006,D0006,Task,Medium,,Reopened,2024-04-17 07:28:35.640412,2024-04-17 14:52:35.640412,7.4,1,0,0.30833333333333335
I001016,P004,S0039,T006,D0026,Story,Low,,Done,2024-04-22 10:41:27.220055,2024-04-22 12:29:27.220055,1.8,0,0,0.075
I001017,P004,S0039,T006,D0006,Story,Medium,,Done,2024-04-28 23:36:20.262372,2024-05-01 13:18:20.262372,61.7,0,0,2.5708333333333333
I001018,P004,S0039,T006,D0042,Story,Medium,,Done,2024-04-25 23:35:48.582026,2024-04-26 13:53:48.582026,14.3,0,0,0.5958333333333333
I001019,P004,S0039,T006,D0019,Bug,High,Critical,Done,2024-05-01 11:50:18.715051,2024-05-01 22:26:18.715051,10.6,0,1,0.44166666666666665
I001020,P004,S0039,T006,D0030,Sub-task,Low,,Done,2024-04-25 11:15:59.979620,2024-04-26 01:03:59.979620,13.8,0,0,0.575
I001021,P004,S0039,T006,D0006,Sub-task,Critical,,Done,2024-05-01 20:00:39.275666,2024-05-02 02:42:39.275666,6.7,0,0,0.2791666666666667
I001022,P004,S0039,T006,D0026,Story,Low,,In Progress,2024-04-20 03:07:30.514570,,,0,0,
I001023,P004,S0039,T006,D0004,Bug,Low,Minor,Reopened,2024-04-23 21:22:29.427413,2024-04-24 15:40:29.427413,18.3,1,0,0.7625
I001024,P004,S0039,T006,D0050,Sub-task,High,,In Progress,2024-04-23 04:46:09.713314,,,0,0,
I001025,P004,S0039,T006,D0030,Task,Low,,In Progress,2024-04-27 06:57:47.842290,,,0,0,
I001026,P004,S0039,T006,D0026,Task,High,,Reopened,2024-04-19 19:55:34.710537,2024-04-21 04:07:34.710537,32.2,1,0,1.3416666666666666
I001027,P004,S0039,T006,D0030,Task,Medium,,Done,2024-04-21 19:00:01.025105,2024-04-23 14:12:01.025105,43.2,0,0,1.8
I001028,P004,S0039,T006,D0019,Bug,High,Major,Done,2024-05-01 16:57:23.806826,2024-05-02 05:57:23.806826,13.0,0,0,0.5416666666666666
I001029,P004,S0039,T006,D0026,Story,Medium,,Done,2024-04-19 16:49:37.077047,2024-04-19 20:01:37.077047,3.2,0,0,0.13333333333333333
I001030,P004,S0039,T006,D0026,Task,Medium,,In Progress,2024-05-01 02:38:53.785545,,,0,0,
I001031,P004,S0039,T006,D0050,Sub-task,High,,Done,2024-04-21 23:54:51.801313,2024-04-23 02:30:51.801313,26.6,0,0,1.1083333333333334
I001032,P004,S0039,T006,D0030,Bug,Medium,Major,Done,2024-04-30 16:22:31.244268,2024-05-01 20:58:31.244268,28.6,0,0,1.1916666666666667
I001033,P004,S0039,T006,D0006,Task,Medium,,In Progress,2024-04-19 11:33:36.799317,,,0,0,
I001034,P004,S0039,T006,D0006,Bug,Low,Critical,Done,2024-04-23 13:35:17.072421,2024-04-24 07:47:17.072421,18.2,0,1,0.7583333333333333
I001035,P004,S0039,T006,D0042,Task,Low,,Done,2024-04-27 16:28:20.519511,2024-04-30 02:40:20.519511,58.2,0,0,2.425
I001036,P004,S0039,T006,D0030,Story,Medium,,Done,2024-04-23 04:55:41.453878,2024-04-24 01:55:41.453878,21.0,0,0,0.875
I001037,P004,S0039,T006,D0026,Task,Low,,In Progress,2024-04-25 06:00:19.024099,,,0,0,
I001038,P004,S0039,T006,D0042,Story,High,,In Progress,2024-04-19 12:38:19.903048,,,0,0,
I001039,P004,S0039,T006,D0019,Story,Low,,Done,2024-04-20 02:58:15.869964,2024-04-21 01:40:15.869964,22.7,0,0,0.9458333333333333
I001040,P004,S0039,T006,D0030,Bug,Medium,Minor,Done,2024-05-01 14:01:21.143651,2024-05-02 01:01:21.143651,11.0,0,0,0.4583333333333333
I001041,P004,S0039,T006,D0042,Bug,Medium,Major,Done,2024-04-25 15:35:57.453365,2024-04-26 20:11:57.453365,28.6,0,0,1.1916666666666667
I001042,P004,S0039,T006,D0030,Task,Medium,,Done,2024-04-22 21:16:18.088179,2024-04-23 15:16:18.088179,18.0,0,0,0.75
I001043,P004,S0039,T006,D0042,Sub-task,Medium,,Reopened,2024-04-24 16:58:37.646839,2024-04-25 14:22:37.646839,21.4,1,0,0.8916666666666667
I001044,P004,S0039,T006,D0042,Story,Low,,Done,2024-04-30 23:07:29.924639,2024-05-02 07:25:29.924639,32.3,0,0,1.3458333333333334
I001045,P004,S0039,T006,D0042,Story,Medium,,Done,2024-04-29 14:56:09.115789,2024-04-30 11:44:09.115789,20.8,0,0,0.8666666666666667
I001046,P004,S0039,T006,D0026,Task,High,,In Progress,2024-04-21 14:39:30.852196,,,0,0,
I001047,P004,S0040,T006,D0006,Bug,Critical,Minor,Done,2024-05-04 05:36:13.967302,2024-05-04 12:00:13.967302,6.4,0,0,0.26666666666666666
I001048,P004,S0040,T006,D0042,Sub-task,High,,Done,2024-05-10 02:29:00.081083,2024-05-10 15:59:00.081083,13.5,0,0,0.5625
I001049,P004,S0040,T006,D0004,Task,Critical,,Done,2024-05-09 10:04:48.966958,2024-05-09 15:22:48.966958,5.3,0,0,0.22083333333333333
I001050,P004,S0040,T006,D0030,Bug,Critical,Major,Done,2024-05-07 05:25:04.745058,2024-05-07 11:55:04.745058,6.5,0,0,0.2708333333333333
I001051,P004,S0040,T006,D0042,Story,Medium,,In Progress,2024-05-15 19:45:40.225560,,,0,0,
I001052,P004,S0040,T006,D0019,Task,Low,,Reopened,2024-05-13 19:10:30.564558,2024-05-17 01:22:30.564558,78.2,1,0,3.2583333333333333
I001053,P004,S0040,T006,D0042,Story,High,,Done,2024-05-05 01:08:24.615599,2024-05-06 00:44:24.615599,23.6,0,0,0.9833333333333333
I001054,P004,S0040,T006,D0006,Task,Medium,,Done,2024-05-04 09:47:10.605202,2024-05-06 21:35:10.605202,59.8,0,0,2.4916666666666667
I001055,P004,S0040,T006,D0050,Story,Low,,Done,2024-05-14 14:46:58.044185,2024-05-15 09:10:58.044185,18.4,0,0,0.7666666666666667
I001056,P004,S0040,T006,D0030,Sub-task,Low,,In Progress,2024-05-07 02:05:17.278127,,,0,0,
I001057,P004,S0040,T006,D0006,Bug,Medium,Minor,Done,2024-05-13 17:07:02.931712,2024-05-15 06:01:02.931712,36.9,0,0,1.5375
I001058,P004,S0040,T006,D0030,Story,Low,,In Progress,2024-05-07 10:21:19.803001,,,0,0,
I001059,P004,S0040,T006,D0019,Story,Medium,,Done,2024-05-10 16:40:38.259043,2024-05-12 00:22:38.259043,31.7,0,0,1.3208333333333333
I001060,P004,S0040,T006,D0026,Story,Medium,,In Progress,2024-05-10 21:36:18.874410,,,0,0,
I001061,P004,S0040,T006,D0006,Task,Medium,,In Progress,2024-05-07 07:50:21.583178,,,0,0,
I001062,P004,S0040,T006,D0004,Story,Low,,Done,2024-05-12 01:18:36.868481,2024-05-13 21:18:36.868481,44.0,0,0,1.8333333333333333
I001063,P004,S0040,T006,D0030,Story,Medium,,Done,2024-05-10 06:19:24.910967,2024-05-11 00:55:24.910967,18.6,0,0,0.775
I001064,P004,S0040,T006,D0004,Bug,Critical,Minor,Done,2024-05-15 02:45:59.657660,2024-05-15 12:33:59.657660,9.8,0,0,0.4083333333333333
I001065,P004,S0040,T006,D0004,Story,Low,,Reopened,2024-05-04 12:55:35.326610,2024-05-06 18:43:35.326610,53.8,1,0,2.2416666666666667
I001066,P004,S0040,T006,D0026,Bug,Low,Minor,Reopened,2024-05-03 23:09:54.072400,2024-05-05 06:57:54.072400,31.8,1,0,1.325
I001067,P004,S0040,T006,D0006,Bug,High,Major,Done,2024-05-13 12:05:07.062178,2024-05-13 23:41:07.062178,11.6,1,0,0.48333333333333334
I001068,P004,S0040,T006,D0006,Story,High,,In Progress,2024-05-08 21:43:56.877602,,,0,0,
I001069,P004,S0040,T006,D0004,Sub-task,Low,,Done,2024-05-08 14:04:40.608430,2024-05-10 03:16:40.608430,37.2,0,0,1.55
I001070,P004,S0040,T006,D0004,Bug,Medium,Major,Done,2024-05-15 09:22:29.564769,2024-05-17 12:28:29.564769,51.1,0,0,2.129166666666667
I001071,P004,S0040,T006,D0050,Story,Critical,,Done,2024-05-12 05:52:20.674621,2024-05-12 15:52:20.674621,10.0,0,0,0.4166666666666667
I001072,P004,S0040,T006,D0004,Task,High,,Done,2024-05-08 02:32:00.080297,2024-05-08 22:14:00.080297,19.7,0,0,0.8208333333333333
I001073,P004,S0040,T006,D0026,Task,Low,,In Progress,2024-05-09 16:31:56.655169,,,0,0,
I001074,P004,S0040,T006,D0006,Task,High,,Done,2024-05-05 15:48:19.273220,2024-05-05 23:30:19.273220,7.7,0,0,0.32083333333333336
I001075,P005,S0041,T007,D0031,Story,High,,Done,2024-01-01 03:00:30.088069,2024-01-02 02:12:30.088069,23.2,0,0,0.9666666666666667
I001076,P005,S0041,T007,D0031,Bug,Medium,Major,Done,2023-12-30 16:07:28.676850,2024-01-01 02:43:28.676850,34.6,0,0,1.4416666666666667
I001077,P005,S0041,T007,D0055,Task,Medium,,Reopened,2023-12-26 01:19:29.313236,2023-12-26 23:13:29.313236,21.9,1,0,0.9125
I001078,P005,S0041,T007,D0023,Task,Low,,Done,2024-01-02 07:49:47.673431,2024-01-03 13:25:47.673431,29.6,0,0,1.2333333333333334
I001079,P005,S0041,T007,D0003,Bug,Medium,Major,Done,2023-12-29 05:27:53.713328,2023-12-31 00:21:53.713328,42.9,0,0,1.7875
I001080,P005,S0041,T007,D0003,Task,High,,Reopened,2023-12-31 14:31:03.838386,2024-01-03 06:55:03.838386,64.4,1,0,2.683333333333333
I001081,P005,S0041,T007,D0031,Bug,High,Major,Done,2023-12-27 11:47:23.380345,2023-12-28 09:59:23.380345,22.2,0,0,0.925
I001082,P005,S0041,T007,D0003,Story,Medium,,In Progress,2023-12-24 09:47:05.314081,,,0,0,
I001083,P005,S0041,T007,D0003,Bug,High,Critical,Done,2023-12-26 09:49:49.585531,2023-12-28 00:19:49.585531,38.5,0,0,1.6041666666666667
I001084,P005,S0041,T007,D0003,Task,Medium,,In Progress,2024-01-04 19:36:07.337799,,,0,0,
I001085,P005,S0041,T007,D0055,Sub-task,High,,Done,2024-01-04 02:25:54.913658,2024-01-04 13:49:54.913658,11.4,0,0,0.475
I001086,P005,S0041,T007,D0023,Bug,High,Major,Done,2023-12-31 19:37:27.110895,2024-01-01 04:49:27.110895,9.2,0,1,0.38333333333333336
I001087,P005,S0041,T007,D0055,Story,Medium,,In Progress,2023-12-25 11:33:03.326640,,,0,0,
I001088,P005,S0041,T007,D0031,Bug,Critical,Critical,In Progress,2023-12-30 02:34:38.484666,,,0,0,
I001089,P005,S0041,T007,D0023,Story,Low,,Reopened,2023-12-30 13:44:34.005586,2024-01-02 12:44:34.005586,71.0,1,0,2.9583333333333335
I001090,P005,S0041,T007,D0055,Story,Low,,Done,2024-01-02 02:39:18.735636,2024-01-03 08:39:18.735636,30.0,0,0,1.25
I001091,P005,S0041,T007,D0055,Story,High,,Done,2023-12-24 01:10:31.874519,2023-12-25 18:52:31.874519,41.7,0,0,1.7375
I001092,P005,S0041,T007,D0023,Story,Medium,,In Progress,2023-12-29 02:28:05.426063,,,0,0,
I001093,P005,S0041,T007,D0031,Sub-task,Medium,,Done,2024-01-04 13:46:27.832150,2024-01-07 07:52:27.832150,66.1,0,0,2.754166666666667
I001094,P005,S0041,T007,D0018,Bug,Low,Critical,Done,2023-12-26 00:04:02.048493,2023-12-26 19:46:02.048493,19.7,0,0,0.8208333333333333
I001095,P005,S0041,T007,D0055,Task,Medium,,Done,2024-01-02 03:37:40.811111,2024-01-04 02:31:40.811111,46.9,0,0,1.9541666666666666
I001096,P005,S0041,T007,D0055,Story,High,,Reopened,2023-12-29 05:22:26.334967,2023-12-29 23:10:26.334967,17.8,1,0,0.7416666666666667
I001097,P005,S0041,T007,D0023,Task,Low,,Done,2023-12-27 03:33:54.425909,2023-12-29 07:09:54.425909,51.6,0,0,2.15
I001098,P005,S0041,T007,D0055,Task,Medium,,Done,2024-01-03 12:56:41.459852,2024-01-04 04:26:41.459852,15.5,0,0,0.6458333333333334
I001099,P005,S0041,T007,D0003,Sub-task,Low,,Done,2023-12-26 20:31:16.111882,2023-12-30 01:49:16.111882,77.3,0,0,3.220833333333333
I001100,P005,S0041,T007,D0031,Sub-task,Medium,,Reopened,2023-12-27 14:41:40.102242,2023-12-29 10:59:40.102242,44.3,1,0,1.8458333333333334
I001101,P005,S0041,T007,D0018,Sub-task,High,,In Progress,2023-12-25 03:29:43.762863,,,0,0,
I001102,P005,S0041,T007,D0003,Story,High,,Done,2024-01-05 14:20:23.061863,2024-01-06 20:02:23.061863,29.7,0,0,1.2375
I001103,P005,S0041,T007,D0018,Story,Low,,Done,2023-12-31 00:50:32.663182,2023-12-31 21:02:32.663182,20.2,0,0,0.8416666666666667
I001104,P005,S0042,T007,D0003,Task,Medium,,In Progress,2024-01-10 11:50:04.666399,,,0,0,
I001105,P005,S0042,T007,D0018,Story,Medium,,In Progress,2024-01-08 07:10:43.484308,,,0,0,
I001106,P005,S0042,T007,D0023,Story,Medium,,Done,2024-01-19 20:37:33.237688,2024-01-22 05:37:33.237688,57.0,0,0,2.375
I001107,P005,S0042,T007,D0055,Bug,Low,Critical,Done,2024-01-16 01:03:05.151323,2024-01-17 04:21:05.151323,27.3,0,0,1.1375
I001108,P005,S0042,T007,D0003,Story,Medium,,Reopened,2024-01-11 11:16:56.336049,2024-01-14 08:40:56.336049,69.4,1,0,2.8916666666666666
I001109,P005,S0042,T007,D0023,Task,Low,,In Progress,2024-01-19 23:30:26.729943,,,0,0,
I001110,P005,S0042,T007,D0003,Bug,High,Minor,In Progress,2024-01-08 00:24:41.525125,,,0,0,
I001111,P005,S0042,T007,D0018,Bug,Low,Major,Done,2024-01-16 05:18:02.544186,2024-01-18 10:36:02.544186,53.3,0,0,2.220833333333333
I001112,P005,S0042,T007,D0003,Bug,High,Minor,Done,2024-01-10 04:58:00.444288,2024-01-11 07:22:00.444288,26.4,0,0,1.1
I001113,P005,S0042,T007,D0003,Bug,Critical,Major,Done,2024-01-14 23:46:04.904922,2024-01-15 16:58:04.904922,17.2,0,0,0.7166666666666667
I001114,P005,S0042,T007,D0023,Task,Medium,,Done,2024-01-07 02:31:47.126743,2024-01-09 06:55:47.126743,52.4,0,0,2.183333333333333
I001115,P005,S0042,T007,D0055,Task,Low,,Done,2024-01-14 06:41:11.931645,2024-01-14 23:29:11.931645,16.8,0,0,0.7
I001116,P005,S0042,T007,D0055,Bug,Medium,Minor,Done,2024-01-16 02:56:04.753783,2024-01-16 19:38:04.753783,16.7,0,0,0.6958333333333333
I001117,P005,S0042,T007,D0003,Story,Low,,Done,2024-01-13 20:37:07.789921,2024-01-16 12:01:07.789921,63.4,0,0,2.6416666666666666
I001118,P005,S0042,T007,D0031,Sub-task,Low,,Done,2024-01-19 23:33:45.462226,2024-01-21 12:27:45.462226,36.9,0,0,1.5375
I001119,P005,S0042,T007,D0055,Task,High,,Done,2024-01-09 10:55:38.993772,2024-01-09 17:49:38.993772,6.9,0,0,0.2875
I001120,P005,S0042,T007,D0031,Task,Low,,Done,2024-01-08 22:23:09.023544,2024-01-11 22:53:09.023544,72.5,0,0,3.0208333333333335
I001121,P005,S0042,T007,D0055,Bug,Medium,Major,Done,2024-01-08 18:01:52.708913,2024-01-10 04:19:52.708913,34.3,0,0,1.4291666666666667
I001122,P005,S0042,T007,D0031,Bug,Medium,Critical,In Progress,2024-01-15 14:54:07.641982,,,1,0,
I001123,P005,S0042,T007,D0055,Story,Low,,Done,2024-01-16 07:15:20.167660,2024-01-16 22:27:20.167660,15.2,0,0,0.6333333333333333
I001124,P005,S0042,T007,D0023,Task,High,,In Progress,2024-01-09 16:34:47.015530,,,0,0,
I001125,P005,S0042,T007,D0031,Bug,Medium,Major,Done,2024-01-15 17:21:02.101942,2024-01-16 11:21:02.101942,18.0,0,0,0.75
I001126,P005,S0042,T007,D0055,Story,Low,,In Progress,2024-01-11 12:43:30.462414,,,0,0,
I001127,P005,S0042,T007,D0031,Story,Low,,Reopened,2024-01-07 23:07:18.947214,2024-01-13 23:07:18.947214,144.0,1,0,6.0
I001128,P005,S0043,T007,D0031,Sub-task,Low,,Done,2024-01-21 07:55:52.513594,2024-01-22 03:43:52.513594,19.8,0,0,0.825
I001129,P005,S0043,T007,D0018,Story,Medium,,Done,2024-01-21 23:40:19.027423,2024-01-24 00:28:19.027423,48.8,0,0,2.033333333333333
I001130,P005,S0043,T007,D0023,Story,Medium,,Reopened,2024-01-25 04:34:10.556117,2024-01-28 00:16:10.556117,67.7,1,0,2.8208333333333333
I001131,P005,S0043,T007,D0023,Bug,Medium,Major,Won't Fix,2024-02-02 17:25:33.779529,2024-02-03 10:55:33.779529,17.5,0,0,0.7291666666666666
I001132,P005,S0043,T007,D0023,Story,Medium,,Done,2024-01-29 05:53:01.839786,2024-01-29 15:41:01.839786,9.8,0,0,0.4083333333333333
I001133,P005,S0043,T007,D0023,Bug,Low,Minor,In Progress,2024-01-31 05:24:05.834318,,,0,0,
I001134,P005,S0043,T007,D0018,Task,Medium,,Done,2024-01-29 09:19:35.974779,2024-01-29 13:19:35.974779,4.0,0,0,0.16666666666666666
I001135,P005,S0043,T007,D0031,Task,Medium,,Done,2024-01-31 19:49:37.452573,2024-02-02 01:49:37.452573,30.0,0,0,1.25
I001136,P005,S0043,T007,D0003,Bug,Medium,Critical,Reopened,2024-01-27 08:45:04.788100,2024-01-28 02:15:04.788100,17.5,1,0,0.7291666666666666
I001137,P005,S0043,T007,D0031,Bug,Medium,Minor,Done,2024-01-30 07:59:46.864933,2024-01-30 21:47:46.864933,13.8,0,0,0.575
I001138,P005,S0043,T007,D0055,Bug,Medium,Minor,Done,2024-01-31 06:47:35.775990,2024-01-31 18:29:35.775990,11.7,0,0,0.4875
I001139,P005,S0043,T007,D0031,Bug,High,Minor,Done,2024-01-21 17:10:18.354628,2024-01-23 16:34:18.354628,47.4,0,0,1.975
I001140,P005,S0043,T007,D0031,Story,Low,,Done,2024-01-30 14:00:54.127087,2024-02-01 04:54:54.127087,38.9,0,0,1.6208333333333333
I001141,P005,S0043,T007,D0031,Story,Critical,,Reopened,2024-02-01 01:17:00.337318,2024-02-01 05:47:00.337318,4.5,1,0,0.1875
I001142,P005,S0043,T007,D0023,Story,Low,,Done,2024-01-26 01:34:23.216714,2024-01-29 02:10:23.216714,72.6,0,0,3.025
I001143,P005,S0043,T007,D0018,Task,Medium,,Reopened,2024-01-24 00:51:54.151924,2024-01-25 13:09:54.151924,36.3,1,0,1.5125
I001144,P005,S0043,T007,D0031,Bug,Critical,Minor,Done,2024-01-26 16:35:11.431786,2024-01-27 13:47:11.431786,21.2,0,0,0.8833333333333333
I001145,P005,S0043,T007,D0018,Story,Low,,Reopened,2024-01-26 09:54:03.757048,2024-01-28 08:18:03.757048,46.4,1,0,1.9333333333333333
I001146,P005,S0043,T007,D0003,Task,Critical,,Done,2024-01-25 20:29:38.798072,2024-01-26 03:05:38.798072,6.6,0,0,0.275
I001147,P005,S0043,T007,D0023,Task,Low,,In Progress,2024-01-23 20:25:12.461309,,,0,0,
I001148,P005,S0043,T007,D0023,Story,Medium,,Done,2024-01-29 10:39:14.826573,2024-01-29 14:51:14.826573,4.2,0,0,0.175
I001149,P005,S0043,T007,D0031,Story,Low,,Done,2024-01-27 14:35:35.695012,2024-01-27 20:23:35.695012,5.8,0,0,0.24166666666666667
I001150,P005,S0043,T007,D0023,Bug,Critical,Major,Done,2024-01-26 08:45:10.881105,2024-01-26 15:57:10.881105,7.2,0,0,0.3
I001151,P005,S0043,T007,D0055,Bug,High,Major,Done,2024-01-31 12:25:07.606830,2024-02-01 02:19:07.606830,13.9,0,0,0.5791666666666667
I001152,P005,S0043,T007,D0003,Story,Critical,,Done,2024-02-02 05:47:24.265849,2024-02-02 17:17:24.265849,11.5,0,0,0.4791666666666667
I001153,P005,S0044,T007,D0055,Bug,Medium,Major,Done,2024-02-06 19:06:23.728971,2024-02-09 02:06:23.728971,55.0,0,0,2.2916666666666665
I001154,P005,S0044,T007,D0031,Story,High,,Done,2024-02-07 09:19:03.496383,2024-02-07 21:31:03.496383,12.2,0,0,0.5083333333333333
I001155,P005,S0044,T007,D0023,Story,Low,,In Progress,2024-02-14 22:42:41.601731,,,0,0,
I001156,P005,S0044,T007,D0031,Story,Medium,,Done,2024-02-04 05:43:37.149623,2024-02-06 09:49:37.149623,52.1,0,0,2.1708333333333334
I001157,P005,S0044,T007,D0055,Story,High,,In Progress,2024-02-12 13:43:34.412605,,,0,0,
I001158,P005,S0044,T007,D0023,Sub-task,High,,Won't Fix,2024-02-12 10:00:12.384757,2024-02-14 01:24:12.384757,39.4,0,0,1.6416666666666666
I001159,P005,S0044,T007,D0018,Bug,Critical,Minor,Done,2024-02-11 11:33:44.307696,2024-02-11 18:09:44.307696,6.6,0,0,0.275
I001160,P005,S0044,T007,D0018,Story,High,,In Progress,2024-02-04 13:56:54.825370,,,0,0,
I001161,P005,S0044,T007,D0003,Bug,Medium,Critical,Won't Fix,2024-02-10 01:01:59.299520,2024-02-12 01:01:59.299520,48.0,0,0,2.0
I001162,P005,S0044,T007,D0003,Sub-task,Low,,Done,2024-02-09 14:40:30.239420,2024-02-13 01:28:30.239420,82.8,0,0,3.45
I001163,P005,S0044,T007,D0023,Bug,Medium,Minor,Done,2024-02-07 10:32:18.388689,2024-02-10 01:14:18.388689,62.7,0,0,2.6125
I001164,P005,S0044,T007,D0018,Sub-task,High,,In Progress,2024-02-06 14:24:10.020194,,,0,0,
I001165,P005,S0044,T007,D0023,Story,Low,,Done,2024-02-07 08:58:49.085701,2024-02-08 02:46:49.085701,17.8,0,0,0.7416666666666667
I001166,P005,S0044,T007,D0023,Bug,High,Major,In Progress,2024-02-04 06:54:46.326160,,,0,0,
I001167,P005,S0044,T007,D0018,Sub-task,High,,Done,2024-02-11 11:21:33.416962,2024-02-12 05:33:33.416962,18.2,0,0,0.7583333333333333
I001168,P005,S0044,T007,D0018,Story,High,,In Progress,2024-02-06 02:43:15.331523,,,0,0,
I001169,P005,S0044,T007,D0003,Story,High,,In Progress,2024-02-12 20:20:54.266918,,,0,0,
I001170,P005,S0044,T007,D0055,Story,Medium,,Done,2024-02-10 13:10:38.331992,2024-02-11 18:52:38.331992,29.7,0,0,1.2375
I001171,P005,S0044,T007,D0003,Bug,Medium,Minor,Done,2024-02-06 00:20:30.613292,2024-02-07 03:14:30.613292,26.9,0,0,1.1208333333333333
I001172,P005,S0044,T007,D0018,Story,Low,,In Progress,2024-02-04 10:45:54.754083,,,0,0,
I001173,P005,S0045,T007,D0018,Story,Medium,,Done,2024-02-28 02:54:42.913565,2024-02-28 16:12:42.913565,13.3,0,0,0.5541666666666667
I001174,P005,S0045,T007,D0055,Story,Critical,,Done,2024-02-20 19:46:26.108166,2024-02-21 01:10:26.108166,5.4,0,0,0.225
I001175,P005,S0045,T007,D0003,Bug,Critical,Critical,Won't Fix,2024-02-27 17:27:44.524510,2024-02-28 22:57:44.524510,29.5,0,0,1.2291666666666667
I001176,P005,S0045,T007,D0031,Bug,Low,Minor,In Progress,2024-02-19 22:25:19.000419,,,1,0,
I001177,P005,S0045,T007,D0018,Story,Low,,Done,2024-02-19 15:49:06.362782,2024-02-21 07:01:06.362782,39.2,0,0,1.6333333333333333
I001178,P005,S0045,T007,D0003,Sub-task,Low,,Reopened,2024-02-20 18:09:09.681684,2024-02-22 04:21:09.681684,34.2,1,0,1.425
I001179,P005,S0045,T007,D0003,Story,Medium,,Won't Fix,2024-02-19 04:39:26.298776,2024-02-19 22:27:26.298776,17.8,0,0,0.7416666666666667
I001180,P005,S0045,T007,D0055,Task,Low,,Done,2024-02-25 09:08:47.077464,2024-02-26 17:38:47.077464,32.5,0,0,1.3541666666666667
I001181,P005,S0045,T007,D0031,Task,Low,,Done,2024-02-19 00:52:42.347705,2024-02-21 04:52:42.347705,52.0,0,0,2.1666666666666665
I001182,P005,S0045,T007,D0031,Bug,Low,Minor,Done,2024-02-24 15:34:05.371558,2024-02-26 22:34:05.371558,55.0,0,0,2.2916666666666665
I001183,P005,S0045,T007,D0018,Bug,High,Critical,Done,2024-02-28 07:00:55.599431,2024-02-29 12:00:55.599431,29.0,0,0,1.2083333333333333
I001184,P005,S0045,T007,D0055,Bug,High,Minor,Reopened,2024-02-18 20:47:16.567815,2024-02-20 02:35:16.567815,29.8,1,1,1.2416666666666667
I001185,P005,S0045,T007,D0031,Task,Medium,,Done,2024-02-23 01:36:35.639000,2024-02-26 01:06:35.639000,71.5,0,0,2.9791666666666665
I001186,P005,S0045,T007,D0003,Story,Critical,,Done,2024-02-25 21:45:45.147537,2024-02-26 00:33:45.147537,2.8,0,0,0.11666666666666667
I001187,P005,S0045,T007,D0031,Story,Critical,,Done,2024-02-24 07:20:32.854185,2024-02-24 23:26:32.854185,16.1,0,0,0.6708333333333333
I001188,P005,S0045,T007,D0031,Bug,High,Major,Reopened,2024-03-01 03:12:47.360636,2024-03-01 12:24:47.360636,9.2,1,0,0.38333333333333336
I001189,P005,S0045,T007,D0055,Task,High,,Done,2024-02-27 11:27:30.699946,2024-02-28 02:39:30.699946,15.2,0,0,0.6333333333333333
I001190,P005,S0045,T007,D0003,Bug,Low,Minor,Done,2024-02-18 08:53:53.691899,2024-02-20 14:05:53.691899,53.2,0,0,2.216666666666667
I001191,P005,S0045,T007,D0023,Bug,Medium,Minor,Reopened,2024-02-21 12:19:03.536469,2024-02-22 23:55:03.536469,35.6,1,0,1.4833333333333334
I001192,P005,S0045,T007,D0031,Task,Low,,Reopened,2024-02-25 07:33:57.605482,2024-02-26 19:39:57.605482,36.1,1,0,1.5041666666666667
I001193,P005,S0046,T007,D0023,Bug,Medium,Major,Reopened,2024-03-04 12:22:48.451893,2024-03-05 09:40:48.451893,21.3,1,0,0.8875
I001194,P005,S0046,T007,D0018,Sub-task,Medium,,Done,2024-03-09 19:46:45.963422,2024-03-10 20:10:45.963422,24.4,0,0,1.0166666666666666
I001195,P005,S0046,T007,D0031,Sub-task,Medium,,Done,2024-03-12 11:03:44.570304,2024-03-13 18:27:44.570304,31.4,0,0,1.3083333333333333
I001196,P005,S0046,T007,D0031,Task,Medium,,In Progress,2024-03-14 14:56:42.132565,,,0,0,
I001197,P005,S0046,T007,D0003,Sub-task,Low,,Done,2024-03-05 15:13:44.254780,2024-03-06 11:37:44.254780,20.4,0,0,0.85
I001198,P005,S0046,T007,D0031,Bug,High,Major,Done,2024-03-08 09:49:44.349106,2024-03-09 02:37:44.349106,16.8,1,0,0.7
I001199,P005,S0046,T007,D0055,Bug,Medium,Blocker,Done,2024-03-15 13:13:04.702334,2024-03-15 18:37:04.702334,5.4,0,0,0.225
I001200,P005,S0046,T007,D0023,Story,Low,,Done,2024-03-09 06:32:30.280240,2024-03-10 05:02:30.280240,22.5,0,0,0.9375
I001201,P005,S0046,T007,D0055,Bug,Low,Minor,Done,2024-03-03 11:09:12.596664,2024-03-04 21:03:12.596664,33.9,0,0,1.4125
I001202,P005,S0046,T007,D0055,Task,Low,,In Progress,2024-03-06 05:48:18.885077,,,0,0,
I001203,P005,S0046,T007,D0003,Bug,High,Minor,Done,2024-03-11 09:32:27.059639,2024-03-11 14:26:27.059639,4.9,0,0,0.20416666666666666
I001204,P005,S0046,T007,D0055,Bug,Medium,Major,Done,2024-03-10 04:40:12.083099,2024-03-11 00:52:12.083099,20.2,0,0,0.8416666666666667
I001205,P005,S0046,T007,D0031,Bug,High,Critical,Done,2024-03-14 02:40:50.855497,2024-03-14 19:40:50.855497,17.0,0,0,0.7083333333333334
I001206,P005,S0046,T007,D0031,Story,Low,,In Progress,2024-03-06 00:19:06.839819,,,0,0,
I001207,P005,S0046,T007,D0018,Task,High,,Done,2024-03-08 08:24:28.428599,2024-03-08 20:00:28.428599,11.6,0,0,0.48333333333333334
I001208,P005,S0047,T007,D0023,Story,Medium,,Done,2024-03-18 19:39:16.995221,2024-03-19 21:45:16.995221,26.1,0,0,1.0875
I001209,P005,S0047,T007,D0031,Bug,High,Minor,Done,2024-03-25 03:30:46.185096,2024-03-26 13:24:46.185096,33.9,0,0,1.4125
I001210,P005,S0047,T007,D0031,Bug,Low,Minor,Done,2024-03-22 11:55:51.947446,2024-03-25 18:49:51.947446,78.9,0,0,3.2875
I001211,P005,S0047,T007,D0055,Bug,Critical,Major,Done,2024-03-26 21:56:52.399869,2024-03-27 04:44:52.399869,6.8,0,0,0.2833333333333333
I001212,P005,S0047,T007,D0031,Sub-task,High,,Done,2024-03-25 09:06:13.335282,2024-03-25 18:54:13.335282,9.8,0,0,0.4083333333333333
I001213,P005,S0047,T007,D0055,Sub-task,Low,,In Progress,2024-03-18 13:01:14.085830,,,0,0,
I001214,P005,S0047,T007,D0055,Bug,High,Minor,Reopened,2024-03-20 16:16:46.708420,2024-03-21 12:22:46.708420,20.1,1,0,0.8375
I001215,P005,S0047,T007,D0023,Story,High,,Done,2024-03-27 06:36:25.676912,2024-03-27 17:18:25.676912,10.7,0,0,0.44583333333333336
I001216,P005,S0047,T007,D0003,Story,Medium,,Done,2024-03-29 14:13:54.236879,2024-03-30 03:07:54.236879,12.9,0,0,0.5375
I001217,P005,S0047,T007,D0003,Bug,Medium,Minor,Done,2024-03-23 13:52:59.938720,2024-03-26 00:52:59.938720,59.0,0,0,2.4583333333333335
I001218,P005,S0047,T007,D0023,Bug,Medium,Minor,Reopened,2024-03-17 12:37:55.924286,2024-03-18 00:19:55.924286,11.7,1,1,0.4875
I001219,P005,S0047,T007,D0018,Bug,Low,Minor,Reopened,2024-03-23 16:31:03.534042,2024-03-25 16:25:03.534042,47.9,1,0,1.9958333333333333
I001220,P005,S0047,T007,D0031,Bug,Medium,Minor,Done,2024-03-22 14:53:17.436344,2024-03-23 20:41:17.436344,29.8,0,0,1.2416666666666667
I001221,P005,S0047,T007,D0031,Bug,Medium,Critical,In Progress,2024-03-24 14:31:02.732142,,,0,0,
I001222,P005,S0047,T007,D0031,Story,Low,,Done,2024-03-23 18:58:49.650088,2024-03-25 09:28:49.650088,38.5,0,0,1.6041666666666667
I001223,P005,S0047,T007,D0023,Story,High,,In Progress,2024-03-27 04:08:37.487617,,,0,0,
I001224,P005,S0047,T007,D0018,Task,Low,,In Progress,2024-03-29 23:20:58.278972,,,0,0,
I001225,P005,S0047,T007,D0031,Bug,Low,Major,Done,2024-03-22 10:13:29.221833,2024-03-24 14:43:29.221833,52.5,0,0,2.1875
I001226,P005,S0047,T007,D0018,Bug,High,Minor,Done,2024-03-27 09:45:38.587949,2024-03-28 00:21:38.587949,14.6,0,0,0.6083333333333333
I001227,P005,S0047,T007,D0018,Story,Low,,Done,2024-03-23 09:18:03.298190,2024-03-25 09:12:03.298190,47.9,0,0,1.9958333333333333
I001228,P005,S0047,T007,D0003,Bug,Low,Critical,Done,2024-03-29 23:27:45.208110,2024-04-01 09:57:45.208110,58.5,0,0,2.4375
I001229,P005,S0047,T007,D0023,Bug,High,Critical,Done,2024-03-22 15:35:51.316824,2024-03-23 22:59:51.316824,31.4,0,0,1.3083333333333333
I001230,P005,S0047,T007,D0031,Task,Medium,,In Progress,2024-03-21 03:00:52.106700,,,0,0,
I001231,P005,S0047,T007,D0031,Task,Medium,,Done,2024-03-17 17:57:44.719108,2024-03-18 10:09:44.719108,16.2,0,0,0.675
I001232,P005,S0048,T007,D0031,Story,Medium,,Done,2024-04-04 17:53:16.421496,2024-04-07 07:29:16.421496,61.6,0,0,2.566666666666667
I001233,P005,S0048,T007,D0018,Sub-task,Medium,,In Progress,2024-04-02 07:39:36.916566,,,0,0,
I001234,P005,S0048,T007,D0055,Bug,High,Critical,Won't Fix,2024-04-02 12:34:32.308842,2024-04-03 07:22:32.308842,18.8,0,0,0.7833333333333333
I001235,P005,S0048,T007,D0003,Story,High,,In Progress,2024-04-06 02:48:28.208356,,,0,0,
I001236,P005,S0048,T007,D0018,Sub-task,Medium,,Done,2024-04-05 04:36:47.943098,2024-04-05 09:18:47.943098,4.7,0,0,0.19583333333333333
I001237,P005,S0048,T007,D0018,Bug,Medium,Major,Done,2024-04-02 00:02:23.742528,2024-04-03 16:14:23.742528,40.2,0,0,1.675
I001238,P005,S0048,T007,D0023,Story,Low,,Done,2024-04-08 08:32:18.949759,2024-04-10 17:26:18.949759,56.9,0,0,2.370833333333333
I001239,P005,S0048,T007,D0055,Story,Low,,Done,2024-04-10 03:39:17.220645,2024-04-11 03:57:17.220645,24.3,0,0,1.0125
I001240,P005,S0048,T007,D0018,Bug,High,Blocker,In Progress,2024-04-08 17:09:01.208068,,,0,0,
I001241,P005,S0048,T007,D0023,Story,Low,,Done,2024-04-09 00:26:50.226698,2024-04-11 07:14:50.226698,54.8,0,0,2.283333333333333
I001242,P005,S0048,T007,D0018,Bug,Medium,Critical,Done,2024-03-31 15:03:38.983431,2024-04-02 02:15:38.983431,35.2,0,0,1.4666666666666666
I001243,P005,S0048,T007,D0055,Task,Medium,,Done,2024-04-03 06:33:28.790799,2024-04-04 05:21:28.790799,22.8,0,0,0.95
I001244,P005,S0048,T007,D0003,Sub-task,High,,Done,2024-04-02 02:27:15.792620,2024-04-02 19:51:15.792620,17.4,0,0,0.725
I001245,P005,S0048,T007,D0023,Bug,Low,Minor,Done,2024-04-08 02:25:19.122992,2024-04-10 05:25:19.122992,51.0,0,0,2.125
I001246,P005,S0048,T007,D0023,Story,Medium,,In Progress,2024-04-03 06:28:19.446165,,,0,0,
I001247,P005,S0048,T007,D0023,Bug,Medium,Minor,Done,2024-04-10 20:48:13.642734,2024-04-12 01:24:13.642734,28.6,0,0,1.1916666666666667
I001248,P005,S0048,T007,D0023,Story,Low,,Done,2024-04-06 20:55:57.033521,2024-04-10 12:49:57.033521,87.9,0,0,3.6625
I001249,P005,S0048,T007,D0055,Task,Low,,In Progress,2024-03-31 20:34:11.328526,,,0,0,
I001250,P005,S0048,T007,D0003,Task,Low,,Done,2024-04-01 13:56:06.910996,2024-04-03 03:20:06.910996,37.4,0,0,1.5583333333333333
I001251,P005,S0048,T007,D0023,Task,Low,,Reopened,2024-04-04 04:33:24.522126,2024-04-07 08:45:24.522126,76.2,1,0,3.175
I001252,P005,S0048,T007,D0031,Task,Medium,,Done,2024-04-05 08:46:55.483311,2024-04-06 14:04:55.483311,29.3,0,0,1.2208333333333334
I001253,P005,S0048,T007,D0031,Task,High,,Done,2024-03-31 13:27:21.131727,2024-04-02 03:51:21.131727,38.4,0,0,1.6
I001254,P005,S0049,T007,D0018,Bug,Critical,Major,Done,2024-04-24 15:41:22.526295,2024-04-25 05:29:22.526295,13.8,0,0,0.575
I001255,P005,S0049,T007,D0023,Story,Critical,,Done,2024-04-25 06:00:50.307789,2024-04-25 11:36:50.307789,5.6,0,0,0.23333333333333334
I001256,P005,S0049,T007,D0018,Story,Low,,Done,2024-04-18 21:59:48.268037,2024-04-19 21:53:48.268037,23.9,0,0,0.9958333333333333
I001257,P005,S0049,T007,D0018,Bug,Critical,Minor,Done,2024-04-17 00:04:59.790142,2024-04-17 12:10:59.790142,12.1,0,0,0.5041666666666667
I001258,P005,S0049,T007,D0031,Bug,Medium,Minor,Done,2024-04-16 22:09:39.703116,2024-04-17 21:27:39.703116,23.3,0,0,0.9708333333333333
I001259,P005,S0049,T007,D0031,Bug,Medium,Critical,Done,2024-04-14 03:04:35.570068,2024-04-14 23:58:35.570068,20.9,0,0,0.8708333333333333
I001260,P005,S0049,T007,D0031,Story,Medium,,In Progress,2024-04-17 07:15:16.554664,,,0,0,
I001261,P005,S0049,T007,D0055,Bug,Medium,Minor,Done,2024-04-21 07:54:23.968897,2024-04-21 15:54:23.968897,8.0,0,1,0.3333333333333333
I001262,P005,S0049,T007,D0003,Task,Low,,In Progress,2024-04-26 02:18:32.431294,,,0,0,
I001263,P005,S0049,T007,D0031,Sub-task,High,,Done,2024-04-15 17:58:19.032939,2024-04-16 06:16:19.032939,12.3,0,0,0.5125
I001264,P005,S0049,T007,D0018,Sub-task,Medium,,Done,2024-04-24 21:30:20.415014,2024-04-25 07:18:20.415014,9.8,0,0,0.4083333333333333
I001265,P005,S0049,T007,D0023,Story,Medium,,In Progress,2024-04-19 06:24:33.097209,,,0,0,
I001266,P005,S0049,T007,D0003,Task,High,,Done,2024-04-16 04:23:08.870423,2024-04-16 10:35:08.870423,6.2,0,0,0.25833333333333336
I001267,P005,S0049,T007,D0031,Sub-task,Low,,Reopened,2024-04-14 23:08:15.507605,2024-04-16 17:56:15.507605,42.8,1,0,1.7833333333333334
I001268,P005,S0049,T007,D0003,Story,Low,,In Progress,2024-04-23 11:57:31.389962,,,0,0,
I001269,P005,S0049,T007,D0023,Task,Medium,,Reopened,2024-04-21 15:45:01.506003,2024-04-23 13:21:01.506003,45.6,1,0,1.9
I001270,P005,S0049,T007,D0031,Task,Low,,Done,2024-04-16 21:29:50.917943,2024-04-17 11:53:50.917943,14.4,0,0,0.6
I001271,P005,S0049,T007,D0031,Story,Critical,,In Progress,2024-04-21 18:30:44.279314,,,0,0,
I001272,P005,S0049,T007,D0055,Task,Low,,Reopened,2024-04-26 09:59:26.698285,2024-04-27 03:05:26.698285,17.1,1,0,0.7125
I001273,P005,S0049,T007,D0018,Bug,Low,Major,Done,2024-04-15 17:36:20.973986,2024-04-17 00:48:20.973986,31.2,0,0,1.3
I001274,P005,S0049,T007,D0003,Story,Low,,Won't Fix,2024-04-26 05:20:05.754300,2024-04-27 03:08:05.754300,21.8,0,0,0.9083333333333333
I001275,P005,S0050,T007,D0003,Bug,Low,Major,Done,2024-05-01 00:05:59.077342,2024-05-03 23:59:59.077342,71.9,0,0,2.995833333333333
I001276,P005,S0050,T007,D0003,Story,Medium,,Done,2024-05-09 01:56:16.760291,2024-05-10 04:02:16.760291,26.1,0,0,1.0875
I001277,P005,S0050,T007,D0003,Task,Medium,,Done,2024-05-08 04:21:54.340561,2024-05-09 05:33:54.340561,25.2,0,0,1.05
I001278,P005,S0050,T007,D0003,Bug,Medium,Major,Reopened,2024-05-05 12:50:18.962013,2024-05-05 21:32:18.962013,8.7,1,0,0.3625
I001279,P005,S0050,T007,D0055,Bug,High,Minor,Done,2024-05-07 10:04:41.046238,2024-05-08 21:16:41.046238,35.2,0,1,1.4666666666666666
I001280,P005,S0050,T007,D0003,Story,High,,In Progress,2024-04-30 22:47:00.963944,,,0,0,
I001281,P005,S0050,T007,D0055,Bug,Critical,Minor,Reopened,2024-05-10 23:53:10.734478,2024-05-12 07:47:10.734478,31.9,1,0,1.3291666666666666
I001282,P005,S0050,T007,D0023,Task,High,,Done,2024-04-30 15:10:11.543282,2024-05-01 08:46:11.543282,17.6,0,0,0.7333333333333333
I001283,P005,S0050,T007,D0023,Bug,Medium,Major,Done,2024-05-06 05:22:08.758960,2024-05-07 14:28:08.758960,33.1,0,0,1.3791666666666667
I001284,P005,S0050,T007,D0055,Task,Low,,Done,2024-05-06 17:29:41.660757,2024-05-07 23:23:41.660757,29.9,0,0,1.2458333333333333
I001285,P005,S0050,T007,D0018,Bug,Medium,Critical,In Progress,2024-04-28 20:50:26.477181,,,0,0,
I001286,P005,S0050,T007,D0055,Story,Low,,In Progress,2024-05-01 07:26:17.198664,,,0,0,
I001287,P005,S0050,T007,D0018,Task,High,,In Progress,2024-05-06 15:56:19.324208,,,0,0,
I001288,P005,S0050,T007,D0055,Story,Low,,Done,2024-05-10 00:31:16.364891,2024-05-10 14:43:16.364891,14.2,0,0,0.5916666666666667
I001289,P005,S0050,T007,D0018,Bug,Critical,Major,In Progress,2024-05-08 08:33:24.844742,,,1,0,
I001290,P005,S0050,T007,D0018,Story,Medium,,In Progress,2024-04-29 06:18:55.370784,,,0,0,
I001291,P005,S0050,T007,D0023,Sub-task,Low,,Done,2024-05-04 12:18:08.719848,2024-05-08 09:18:08.719848,93.0,0,0,3.875
I001292,P005,S0050,T007,D0018,Bug,High,Major,Done,2024-05-05 05:42:42.626189,2024-05-05 10:12:42.626189,4.5,0,0,0.1875
I001293,P006,S0051,T004,D0002,Sub-task,Low,,In Progress,2023-11-29 19:05:35.581724,,,0,0,
I001294,P006,S0051,T004,D0007,Sub-task,High,,In Progress,2023-11-29 14:45:03.545207,,,0,0,
I001295,P006,S0051,T004,D0005,Bug,Critical,Minor,In Progress,2023-11-21 01:12:11.213024,,,0,0,
I001296,P006,S0051,T004,D0029,Task,Low,,In Progress,2023-11-22 06:39:47.294036,,,0,0,
I001297,P006,S0051,T004,D0032,Story,Low,,Done,2023-11-20 20:38:40.708242,2023-11-21 17:44:40.708242,21.1,0,0,0.8791666666666667
I001298,P006,S0051,T004,D0022,Story,High,,Done,2023-11-26 10:21:51.331503,2023-11-26 21:45:51.331503,11.4,0,0,0.475
I001299,P006,S0051,T004,D0005,Story,High,,Done,2023-11-22 23:45:36.508302,2023-11-23 17:03:36.508302,17.3,0,0,0.7208333333333333
I001300,P006,S0051,T004,D0012,Bug,Low,Major,In Progress,2023-11-26 01:07:06.826563,,,1,0,
I001301,P006,S0051,T004,D0038,Bug,High,Minor,Done,2023-11-27 12:02:53.383564,2023-11-27 16:44:53.383564,4.7,0,0,0.19583333333333333
I001302,P006,S0051,T004,D0022,Task,Medium,,Done,2023-11-20 00:55:27.727733,2023-11-20 14:13:27.727733,13.3,0,0,0.5541666666666667
I001303,P006,S0051,T004,D0035,Bug,Low,Major,Reopened,2023-11-20 18:08:15.874081,2023-11-21 10:02:15.874081,15.9,1,0,0.6625
I001304,P006,S0051,T004,D0049,Bug,Medium,Critical,In Progress,2023-11-28 14:13:55.535636,,,0,0,
I001305,P006,S0051,T004,D0029,Bug,Low,Major,Done,2023-11-28 13:08:17.519119,2023-11-29 09:32:17.519119,20.4,0,0,0.85
I001306,P006,S0051,T004,D0049,Task,High,,Done,2023-11-24 02:53:33.575834,2023-11-24 07:29:33.575834,4.6,0,0,0.19166666666666668
I001307,P006,S0051,T004,D0032,Story,High,,Done,2023-11-24 15:20:57.345473,2023-11-24 21:26:57.345473,6.1,0,0,0.25416666666666665
I001308,P006,S0051,T004,D0007,Bug,High,Minor,Done,2023-11-28 22:57:15.143520,2023-11-29 07:09:15.143520,8.2,0,0,0.3416666666666667
I001309,P006,S0052,T004,D0007,Bug,Medium,Major,Reopened,2023-12-05 19:01:27.956568,2023-12-05 22:49:27.956568,3.8,1,0,0.15833333333333333
I001310,P006,S0052,T004,D0032,Task,Critical,,Reopened,2023-12-05 04:44:03.830894,2023-12-05 21:38:03.830894,16.9,1,0,0.7041666666666667
I001311,P006,S0052,T004,D0038,Bug,High,Critical,In Progress,2023-12-12 17:10:10.706065,,,1,0,
I001312,P006,S0052,T004,D0022,Task,Low,,Done,2023-12-14 22:50:48.519765,2023-12-16 22:26:48.519765,47.6,0,0,1.9833333333333334
I001313,P006,S0052,T004,D0035,Bug,Low,Minor,Done,2023-12-09 09:42:06.942437,2023-12-11 15:00:06.942437,53.3,0,0,2.220833333333333
I001314,P006,S0052,T004,D0022,Sub-task,High,,Reopened,2023-12-07 08:52:42.067161,2023-12-08 08:16:42.067161,23.4,1,0,0.975
I001315,P006,S0052,T004,D0002,Task,Low,,Done,2023-12-09 00:33:41.959048,2023-12-09 10:33:41.959048,10.0,0,0,0.4166666666666667
I001316,P006,S0052,T004,D0029,Task,Low,,Done,2023-12-11 17:47:22.020287,2023-12-12 16:17:22.020287,22.5,0,0,0.9375
I001317,P006,S0052,T004,D0020,Bug,High,Major,Done,2023-12-05 03:45:37.321888,2023-12-05 21:51:37.321888,18.1,1,0,0.7541666666666667
I001318,P006,S0052,T004,D0007,Bug,Medium,Minor,Done,2023-12-16 13:23:24.171473,2023-12-17 16:05:24.171473,26.7,0,1,1.1125
I001319,P006,S0052,T004,D0005,Bug,Low,Critical,In Progress,2023-12-16 22:47:50.335954,,,0,0,
I001320,P006,S0052,T004,D0029,Bug,High,Major,Done,2023-12-13 15:23:53.421204,2023-12-13 18:35:53.421204,3.2,0,0,0.13333333333333333
I001321,P006,S0052,T004,D0052,Task,High,,In Progress,2023-12-13 12:10:46.810912,,,0,0,
I001322,P006,S0052,T004,D0035,Story,Medium,,Done,2023-12-04 07:31:22.417931,2023-12-05 13:07:22.417931,29.6,0,0,1.2333333333333334
I001323,P006,S0052,T004,D0038,Bug,Low,Minor,In Progress,2023-12-11 09:41:15.731648,,,0,0,
I001324,P006,S0052,T004,D0035,Bug,High,Major,Done,2023-12-12 08:47:20.377285,2023-12-13 01:41:20.377285,16.9,0,0,0.7041666666666667
I001325,P006,S0052,T004,D0002,Bug,Medium,Major,Won't Fix,2023-12-06 02:36:56.254256,2023-12-07 11:36:56.254256,33.0,0,0,1.375
I001326,P006,S0052,T004,D0058,Bug,Low,Major,Done,2023-12-05 21:58:26.626790,2023-12-06 21:04:26.626790,23.1,0,0,0.9625
I001327,P006,S0052,T004,D0048,Story,Medium,,Done,2023-12-09 09:41:10.436885,2023-12-09 23:23:10.436885,13.7,0,0,0.5708333333333333
I001328,P006,S0052,T004,D0034,Sub-task,Low,,Done,2023-12-11 12:47:16.464500,2023-12-13 19:41:16.464500,54.9,0,0,2.2875
I001329,P006,S0052,T004,D0034,Bug,Medium,Minor,In Progress,2023-12-06 17:07:43.375110,,,0,0,
I001330,P006,S0052,T004,D0049,Story,Medium,,Done,2023-12-07 15:22:35.760549,2023-12-08 11:52:35.760549,20.5,0,0,0.8541666666666666
I001331,P006,S0052,T004,D0020,Task,High,,In Progress,2023-12-14 08:13:15.736569,,,0,0,
I001332,P006,S0052,T004,D0052,Task,High,,Done,2023-12-14 20:19:33.216459,2023-12-15 05:43:33.216459,9.4,0,0,0.39166666666666666
I001333,P006,S0052,T004,D0048,Task,Low,,Done,2023-12-10 08:16:29.167522,2023-12-11 09:46:29.167522,25.5,0,0,1.0625
I001334,P006,S0052,T004,D0038,Task,High,,Done,2023-12-16 20:14:53.880522,2023-12-17 10:38:53.880522,14.4,0,0,0.6
I001335,P006,S0052,T004,D0022,Story,Low,,Done,2023-12-13 05:38:27.405603,2023-12-14 07:08:27.405603,25.5,0,0,1.0625
I001336,P006,S0052,T004,D0022,Bug,Low,Minor,Done,2023-12-09 13:21:21.291621,2023-12-10 15:03:21.291621,25.7,0,0,1.0708333333333333
I001337,P006,S0053,T004,D0002,Task,Critical,,In Progress,2023-12-21 11:19:22.848077,,,0,0,
I001338,P006,S0053,T004,D0058,Task,High,,Done,2023-12-25 06:13:06.025060,2023-12-25 20:25:06.025060,14.2,0,0,0.5916666666666667
I001339,P006,S0053,T004,D0014,Bug,Low,Critical,Done,2023-12-20 05:21:19.391683,2023-12-21 00:57:19.391683,19.6,0,0,0.8166666666666667
I001340,P006,S0053,T004,D0032,Bug,Low,Major,Reopened,2023-12-30 14:56:39.490499,2023-12-31 21:26:39.490499,30.5,1,0,1.2708333333333333
I001341,P006,S0053,T004,D0038,Story,High,,Done,2023-12-21 13:41:12.143410,2023-12-22 07:53:12.143410,18.2,0,0,0.7583333333333333
I001342,P006,S0053,T004,D0022,Bug,Low,Major,Done,2023-12-20 16:54:41.252566,2023-12-23 07:12:41.252566,62.3,0,0,2.595833333333333
I001343,P006,S0053,T004,D0007,Bug,Low,Minor,In Progress,2023-12-21 15:52:32.660478,,,0,0,
I001344,P006,S0053,T004,D0014,Task,High,,Done,2023-12-26 05:43:27.788081,2023-12-26 15:25:27.788081,9.7,0,0,0.4041666666666667
I001345,P006,S0053,T004,D0002,Bug,Medium,Major,Done,2023-12-18 13:12:30.611238,2023-12-19 12:24:30.611238,23.2,0,0,0.9666666666666667
I001346,P006,S0053,T004,D0049,Bug,Low,Minor,Reopened,2023-12-27 10:03:24.085105,2023-12-27 18:15:24.085105,8.2,1,0,0.3416666666666667
I001347,P006,S0053,T004,D0002,Bug,Low,Major,Reopened,2023-12-24 01:02:23.028749,2023-12-26 07:50:23.028749,54.8,1,0,2.283333333333333
I001348,P006,S0053,T004,D0032,Task,Low,,In Progress,2023-12-26 07:39:30.148144,,,0,0,
I001349,P006,S0053,T004,D0049,Sub-task,Low,,In Progress,2023-12-23 18:05:15.990998,,,0,0,
I001350,P006,S0053,T004,D0005,Task,Low,,Done,2023-12-26 22:55:18.411736,2023-12-27 23:31:18.411736,24.6,0,0,1.025
I001351,P006,S0053,T004,D0002,Bug,High,Minor,Done,2023-12-23 04:20:44.299975,2023-12-24 02:50:44.299975,22.5,0,0,0.9375
I001352,P006,S0053,T004,D0022,Bug,Medium,Critical,Done,2023-12-25 18:09:07.626538,2023-12-26 04:21:07.626538,10.2,0,1,0.425
I001353,P006,S0053,T004,D0052,Bug,Critical,Major,Done,2023-12-25 16:00:40.447594,2023-12-26 06:30:40.447594,14.5,0,0,0.6041666666666666
I001354,P006,S0053,T004,D0034,Sub-task,Low,,Done,2023-12-25 06:03:54.154760,2023-12-25 23:39:54.154760,17.6,0,0,0.7333333333333333
I001355,P006,S0053,T004,D0048,Task,Medium,,In Progress,2023-12-29 22:16:03.773625,,,0,0,
I001356,P006,S0053,T004,D0002,Task,High,,In Progress,2023-12-22 23:38:25.455764,,,0,0,
I001357,P006,S0053,T004,D0048,Story,Low,,In Progress,2023-12-28 15:04:12.409604,,,0,0,
I001358,P006,S0053,T004,D0048,Story,Medium,,Done,2023-12-19 15:32:13.780814,2023-12-20 12:08:13.780814,20.6,0,0,0.8583333333333333
I001359,P006,S0053,T004,D0014,Story,Low,,Done,2023-12-23 21:12:00.450259,2023-12-24 22:12:00.450259,25.0,0,0,1.0416666666666667
I001360,P006,S0054,T004,D0049,Task,High,,Done,2024-01-04 20:38:48.731775,2024-01-06 01:32:48.731775,28.9,0,0,1.2041666666666666
I001361,P006,S0054,T004,D0012,Bug,Medium,Minor,In Progress,2024-01-13 00:46:11.386808,,,0,0,
I001362,P006,S0054,T004,D0048,Task,Low,,In Progress,2024-01-08 17:29:56.743349,,,0,0,
I001363,P006,S0054,T004,D0052,Story,Low,,Done,2024-01-09 03:44:28.166582,2024-01-10 08:26:28.166582,28.7,0,0,1.1958333333333333
I001364,P006,S0054,T004,D0014,Story,Low,,Done,2024-01-12 17:01:35.229931,2024-01-14 08:25:35.229931,39.4,0,0,1.6416666666666666
I001365,P006,S0054,T004,D0058,Bug,Medium,Major,Reopened,2024-01-11 19:28:18.093118,2024-01-12 13:28:18.093118,18.0,1,0,0.75
I001366,P006,S0054,T004,D0002,Bug,Medium,Minor,Done,2024-01-09 10:12:43.716301,2024-01-11 01:24:43.716301,39.2,0,0,1.6333333333333333
I001367,P006,S0054,T004,D0034,Bug,Low,Major,In Progress,2024-01-05 08:56:49.337188,,,0,0,
I001368,P006,S0054,T004,D0029,Task,Low,,Done,2024-01-11 16:42:28.029018,2024-01-12 23:00:28.029018,30.3,0,0,1.2625
I001369,P006,S0054,T004,D0035,Story,High,,Done,2024-01-05 02:07:00.157405,2024-01-05 21:25:00.157405,19.3,0,0,0.8041666666666667
I001370,P006,S0054,T004,D0012,Story,High,,Done,2024-01-09 18:47:13.771933,2024-01-11 03:05:13.771933,32.3,0,0,1.3458333333333334
I001371,P006,S0054,T004,D0048,Story,Critical,,Done,2024-01-04 19:37:37.347484,2024-01-05 19:07:37.347484,23.5,0,0,0.9791666666666666
I001372,P006,S0054,T004,D0012,Story,Low,,Won't Fix,2024-01-06 23:05:05.000848,2024-01-07 20:11:05.000848,21.1,0,0,0.8791666666666667
I001373,P006,S0054,T004,D0005,Task,Low,,Done,2024-01-08 01:34:57.813790,2024-01-08 21:46:57.813790,20.2,0,0,0.8416666666666667
I001374,P006,S0054,T004,D0022,Sub-task,Medium,,Done,2024-01-06 03:50:33.867830,2024-01-06 12:44:33.867830,8.9,0,0,0.37083333333333335
I001375,P006,S0054,T004,D0002,Bug,High,Critical,Done,2024-01-09 21:59:11.765865,2024-01-10 14:05:11.765865,16.1,0,0,0.6708333333333333
I001376,P006,S0054,T004,D0022,Bug,Low,Minor,Done,2024-01-11 04:19:36.433164,2024-01-11 20:01:36.433164,15.7,0,0,0.6541666666666667
I001377,P006,S0054,T004,D0005,Story,High,,Done,2024-01-11 19:49:14.536406,2024-01-12 12:43:14.536406,16.9,0,0,0.7041666666666667
I001378,P006,S0054,T004,D0022,Story,Low,,Done,2024-01-02 13:59:27.995320,2024-01-03 14:29:27.995320,24.5,0,0,1.0208333333333333
I001379,P006,S0054,T004,D0029,Task,High,,In Progress,2024-01-09 19:53:17.503355,,,0,0,
I001380,P006,S0054,T004,D0002,Bug,Low,Minor,Done,2024-01-02 14:19:33.864252,2024-01-06 21:31:33.864252,103.2,0,0,4.3
I001381,P006,S0054,T004,D0007,Story,Low,,Done,2024-01-10 19:21:55.073246,2024-01-11 16:03:55.073246,20.7,0,0,0.8625
I001382,P006,S0054,T004,D0007,Sub-task,Low,,Done,2024-01-13 07:45:23.227454,2024-01-13 12:57:23.227454,5.2,0,0,0.21666666666666667
I001383,P006,S0054,T004,D0048,Bug,Low,Critical,Done,2024-01-10 07:06:46.625216,2024-01-13 09:12:46.625216,74.1,0,0,3.0875
I001384,P006,S0055,T004,D0014,Bug,Medium,Critical,Done,2024-01-24 20:46:50.237950,2024-01-26 19:40:50.237950,46.9,0,0,1.9541666666666666
I001385,P006,S0055,T004,D0020,Story,High,,Done,2024-01-27 08:23:09.466482,2024-01-27 18:17:09.466482,9.9,0,0,0.4125
I001386,P006,S0055,T004,D0022,Bug,Low,Critical,In Progress,2024-01-26 02:55:10.152194,,,0,0,
I001387,P006,S0055,T004,D0022,Bug,Low,Critical,Done,2024-01-16 19:34:06.265291,2024-01-17 00:40:06.265291,5.1,0,1,0.2125
I001388,P006,S0055,T004,D0049,Bug,Medium,Major,Done,2024-01-22 14:07:52.704841,2024-01-23 18:07:52.704841,28.0,0,0,1.1666666666666667
I001389,P006,S0055,T004,D0035,Story,Medium,,Done,2024-01-23 02:34:16.664004,2024-01-23 16:58:16.664004,14.4,0,0,0.6
I001390,P006,S0055,T004,D0007,Task,Low,,Done,2024-01-19 23:27:14.210031,2024-01-24 05:51:14.210031,102.4,0,0,4.266666666666667
I001391,P006,S0055,T004,D0052,Story,Low,,Done,2024-01-17 06:35:56.438053,2024-01-18 19:17:56.438053,36.7,0,0,1.5291666666666666
I001392,P006,S0055,T004,D0012,Bug,Medium,Critical,Done,2024-01-19 22:46:37.225673,2024-01-21 15:52:37.225673,41.1,1,0,1.7125
I001393,P006,S0055,T004,D0002,Task,Medium,,Done,2024-01-15 06:36:11.195865,2024-01-16 05:12:11.195865,22.6,0,0,0.9416666666666667
I001394,P006,S0055,T004,D0052,Sub-task,Medium,,Reopened,2024-01-20 09:48:28.376650,2024-01-20 12:42:28.376650,2.9,1,0,0.12083333333333333
I001395,P006,S0055,T004,D0032,Story,Low,,Done,2024-01-27 07:39:07.129806,2024-01-29 21:09:07.129806,61.5,0,0,2.5625
I001396,P006,S0055,T004,D0022,Bug,Medium,Major,Done,2024-01-17 06:02:38.885749,2024-01-18 16:44:38.885749,34.7,0,0,1.4458333333333333
I001397,P006,S0055,T004,D0052,Sub-task,Low,,Done,2024-01-16 17:09:43.580287,2024-01-17 14:03:43.580287,20.9,0,0,0.8708333333333333
I001398,P006,S0055,T004,D0007,Task,Low,,Done,2024-01-19 23:13:11.415817,2024-01-20 15:25:11.415817,16.2,0,0,0.675
I001399,P006,S0055,T004,D0012,Bug,Medium,Minor,Done,2024-01-17 16:19:03.367227,2024-01-18 15:55:03.367227,23.6,0,0,0.9833333333333333
I001400,P006,S0055,T004,D0052,Bug,High,Major,Done,2024-01-15 18:41:49.611292,2024-01-16 15:47:49.611292,21.1,0,0,0.8791666666666667
I001401,P006,S0055,T004,D0035,Bug,Medium,Minor,In Progress,2024-01-24 05:04:36.073273,,,0,0,
I001402,P006,S0055,T004,D0058,Task,Medium,,Reopened,2024-01-19 00:52:36.691664,2024-01-21 10:10:36.691664,57.3,1,0,2.3875
I001403,P006,S0055,T004,D0020,Task,High,,In Progress,2024-01-26 19:49:55.607935,,,0,0,
I001404,P006,S0055,T004,D0038,Task,High,,Reopened,2024-01-23 07:30:01.755846,2024-01-25 10:06:01.755846,50.6,1,0,2.1083333333333334
I001405,P006,S0055,T004,D0058,Bug,Low,Minor,Won't Fix,2024-01-18 02:43:13.724205,2024-01-18 19:49:13.724205,17.1,0,0,0.7125
I001406,P006,S0055,T004,D0032,Bug,Medium,Minor,In Progress,2024-01-18 23:14:20.876206,,,0,0,
I001407,P006,S0055,T004,D0038,Task,Low,,Done,2024-01-27 21:30:11.040525,2024-01-29 09:42:11.040525,36.2,0,0,1.5083333333333333
I001408,P006,S0055,T004,D0020,Task,Low,,Reopened,2024-01-23 18:01:34.135059,2024-01-24 05:43:34.135059,11.7,1,0,0.4875
I001409,P006,S0055,T004,D0058,Bug,High,Minor,Won't Fix,2024-01-15 09:25:11.671627,2024-01-15 15:37:11.671627,6.2,0,0,0.25833333333333336
I001410,P006,S0055,T004,D0012,Story,High,,Done,2024-01-17 21:15:44.834565,2024-01-19 05:51:44.834565,32.6,0,0,1.3583333333333334
I001411,P006,S0055,T004,D0034,Task,Medium,,Done,2024-01-25 06:27:09.160313,2024-01-25 18:15:09.160313,11.8,0,0,0.49166666666666664
I001412,P006,S0055,T004,D0014,Bug,Low,Critical,In Progress,2024-01-17 14:05:36.671671,,,0,0,
I001413,P006,S0055,T004,D0020,Task,Low,,Done,2024-01-17 05:52:08.792913,2024-01-20 10:52:08.792913,77.0,0,0,3.2083333333333335
I001414,P006,S0055,T004,D0029,Story,Medium,,Reopened,2024-01-19 16:45:04.949310,2024-01-20 08:51:04.949310,16.1,1,0,0.6708333333333333
I001415,P006,S0055,T004,D0020,Bug,High,Critical,Done,2024-01-24 20:23:21.034968,2024-01-25 12:05:21.034968,15.7,0,0,0.6541666666666667
I001416,P006,S0055,T004,D0034,Bug,Medium,Critical,In Progress,2024-01-24 04:43:33.222074,,,0,0,
I001417,P006,S0055,T004,D0052,Sub-task,Medium,,In Progress,2024-01-19 07:33:17.139197,,,0,0,
I001418,P006,S0056,T004,D0012,Bug,Low,Major,Done,2024-01-29 01:53:52.774820,2024-01-30 18:11:52.774820,40.3,0,0,1.6791666666666667
I001419,P006,S0056,T004,D0034,Bug,Medium,Minor,Done,2024-02-06 18:29:53.827840,2024-02-06 20:29:53.827840,2.0,0,0,0.08333333333333333
I001420,P006,S0056,T004,D0007,Task,Medium,,Done,2024-02-04 20:20:40.540888,2024-02-05 17:08:40.540888,20.8,0,0,0.8666666666666667
I001421,P006,S0056,T004,D0038,Task,High,,Done,2024-02-04 05:05:51.789710,2024-02-04 17:29:51.789710,12.4,0,0,0.5166666666666667
I001422,P006,S0056,T004,D0052,Task,Medium,,Done,2024-01-30 16:39:44.819107,2024-01-31 13:09:44.819107,20.5,0,0,0.8541666666666666
I001423,P006,S0056,T004,D0007,Bug,High,Critical,Done,2024-02-01 00:03:12.211477,2024-02-02 00:27:12.211477,24.4,0,0,1.0166666666666666
I001424,P006,S0056,T004,D0014,Task,High,,Done,2024-02-06 22:03:17.368171,2024-02-07 08:45:17.368171,10.7,0,0,0.44583333333333336
I001425,P006,S0056,T004,D0014,Task,Medium,,Done,2024-01-30 05:09:02.672837,2024-01-30 14:45:02.672837,9.6,0,0,0.4
I001426,P006,S0056,T004,D0029,Task,Medium,,Done,2024-01-31 06:05:50.840241,2024-02-01 02:29:50.840241,20.4,0,0,0.85
I001427,P006,S0056,T004,D0014,Task,Critical,,In Progress,2024-01-30 17:03:00.223582,,,0,0,
I001428,P006,S0056,T004,D0014,Bug,High,Minor,Done,2024-01-29 14:11:05.869277,2024-01-30 02:11:05.869277,12.0,0,0,0.5
I001429,P006,S0056,T004,D0052,Story,High,,Done,2024-01-30 07:12:35.572943,2024-01-31 10:06:35.572943,26.9,0,0,1.1208333333333333
I001430,P006,S0056,T004,D0012,Story,High,,Done,2024-02-03 14:29:51.354610,2024-02-03 21:35:51.354610,7.1,0,0,0.29583333333333334
I001431,P006,S0056,T004,D0038,Story,Low,,Done,2024-01-30 20:15:02.140382,2024-02-01 01:51:02.140382,29.6,0,0,1.2333333333333334
I001432,P006,S0056,T004,D0035,Sub-task,High,,Done,2024-02-03 08:28:39.988678,2024-02-03 21:34:39.988678,13.1,0,0,0.5458333333333333
I001433,P006,S0056,T004,D0052,Bug,Critical,Minor,In Progress,2024-02-10 17:01:16.640413,,,0,0,
I001434,P006,S0056,T004,D0049,Bug,Low,Minor,In Progress,2024-02-09 18:09:56.059568,,,0,0,
I001435,P006,S0056,T004,D0049,Task,High,,Done,2024-01-31 17:43:56.222278,2024-02-01 02:07:56.222278,8.4,0,0,0.35
I001436,P006,S0056,T004,D0052,Bug,High,Major,Done,2024-02-08 11:38:51.148409,2024-02-09 04:38:51.148409,17.0,0,1,0.7083333333333334
I001437,P006,S0056,T004,D0058,Story,Low,,Reopened,2024-02-04 12:44:54.026474,2024-02-07 06:44:54.026474,66.0,1,0,2.75
I001438,P006,S0057,T004,D0022,Task,High,,In Progress,2024-02-14 17:09:29.555726,,,0,0,
I001439,P006,S0057,T004,D0014,Task,Medium,,In Progress,2024-02-21 10:38:58.933426,,,0,0,
I001440,P006,S0057,T004,D0012,Bug,Medium,Major,Done,2024-02-23 16:31:59.987981,2024-02-24 02:49:59.987981,10.3,0,0,0.42916666666666664
I001441,P006,S0057,T004,D0020,Bug,Medium,Blocker,Done,2024-02-22 07:24:50.469244,2024-02-25 03:06:50.469244,67.7,0,0,2.8208333333333333
I001442,P006,S0057,T004,D0032,Story,Critical,,Done,2024-02-12 21:17:56.220529,2024-02-13 15:59:56.220529,18.7,0,0,0.7791666666666667
I001443,P006,S0057,T004,D0022,Story,High,,Done,2024-02-14 11:04:44.914931,2024-02-14 21:28:44.914931,10.4,0,0,0.43333333333333335
I001444,P006,S0057,T004,D0002,Story,Low,,Done,2024-02-14 14:52:20.665676,2024-02-15 21:16:20.665676,30.4,0,0,1.2666666666666666
I001445,P006,S0057,T004,D0005,Story,Medium,,In Progress,2024-02-19 03:21:59.028012,,,0,0,
I001446,P006,S0057,T004,D0058,Task,Low,,Done,2024-02-16 10:02:50.986329,2024-02-17 00:26:50.986329,14.4,0,0,0.6
I001447,P006,S0057,T004,D0002,Story,Low,,In Progress,2024-02-24 17:35:19.097128,,,0,0,
I001448,P006,S0057,T004,D0049,Story,Critical,,Reopened,2024-02-24 09:41:47.647919,2024-02-25 04:05:47.647919,18.4,1,0,0.7666666666666667
I001449,P006,S0057,T004,D0020,Task,Critical,,In Progress,2024-02-12 23:54:19.375006,,,0,0,
I001450,P006,S0057,T004,D0029,Bug,High,Minor,Done,2024-02-16 08:16:09.746398,2024-02-16 21:34:09.746398,13.3,0,0,0.5541666666666667
I001451,P006,S0057,T004,D0049,Story,Medium,,Done,2024-02-15 13:01:47.009066,2024-02-16 02:01:47.009066,13.0,0,0,0.5416666666666666
I001452,P006,S0057,T004,D0007,Bug,High,Major,Done,2024-02-13 07:28:30.693910,2024-02-13 18:40:30.693910,11.2,0,0,0.4666666666666667
I001453,P006,S0057,T004,D0022,Story,Low,,Done,2024-02-12 04:39:07.208699,2024-02-13 02:15:07.208699,21.6,0,0,0.9
I001454,P006,S0057,T004,D0005,Bug,High,Minor,In Progress,2024-02-16 05:05:48.199768,,,0,0,
I001455,P006,S0057,T004,D0032,Story,Medium,,In Progress,2024-02-15 00:07:36.751940,,,0,0,
I001456,P006,S0057,T004,D0034,Bug,Low,Minor,In Progress,2024-02-16 12:26:17.513236,,,0,0,
I001457,P006,S0057,T004,D0002,Story,Medium,,Done,2024-02-13 09:00:10.868223,2024-02-14 16:42:10.868223,31.7,0,0,1.3208333333333333
I001458,P006,S0058,T004,D0032,Sub-task,Medium,,Reopened,2024-03-07 16:05:02.846911,2024-03-08 08:17:02.846911,16.2,1,0,0.675
I001459,P006,S0058,T004,D0002,Bug,Critical,Major,Done,2024-03-01 01:05:31.353499,2024-03-02 00:29:31.353499,23.4,0,0,0.975
I001460,P006,S0058,T004,D0007,Bug,Medium,Blocker,Reopened,2024-03-08 08:06:35.352993,2024-03-09 01:42:35.352993,17.6,1,0,0.7333333333333333
I001461,P006,S0058,T004,D0032,Bug,Medium,Major,Done,2024-03-09 21:22:42.621475,2024-03-10 11:52:42.621475,14.5,0,0,0.6041666666666666
I001462,P006,S0058,T004,D0032,Story,Low,,In Progress,2024-03-01 08:51:57.055093,,,0,0,
I001463,P006,S0058,T004,D0038,Story,Critical,,Done,2024-02-27 10:43:48.245884,2024-02-27 11:43:48.245884,1.0,0,0,0.041666666666666664
I001464,P006,S0058,T004,D0002,Story,Medium,,Done,2024-03-03 21:13:53.469203,2024-03-04 07:25:53.469203,10.2,0,0,0.425
I001465,P006,S0058,T004,D0058,Bug,Low,Blocker,In Progress,2024-03-05 16:22:20.601620,,,0,0,
I001466,P006,S0058,T004,D0052,Bug,Medium,Blocker,Done,2024-02-29 21:26:01.011983,2024-03-01 12:50:01.011983,15.4,0,0,0.6416666666666667
I001467,P006,S0058,T004,D0012,Story,Low,,Reopened,2024-03-09 00:17:55.541898,2024-03-09 06:41:55.541898,6.4,1,0,0.26666666666666666
I001468,P006,S0058,T004,D0038,Bug,Low,Critical,Done,2024-03-07 14:27:08.291729,2024-03-09 10:27:08.291729,44.0,0,0,1.8333333333333333
I001469,P006,S0058,T004,D0014,Bug,High,Major,Done,2024-02-29 19:14:34.741792,2024-03-01 11:38:34.741792,16.4,0,0,0.6833333333333333
I001470,P006,S0058,T004,D0014,Task,Low,,Reopened,2024-03-09 18:20:44.579263,2024-03-10 22:56:44.579263,28.6,1,0,1.1916666666666667
I001471,P006,S0058,T004,D0005,Sub-task,Medium,,Reopened,2024-03-01 11:29:04.483696,2024-03-04 09:11:04.483696,69.7,1,0,2.904166666666667
I001472,P006,S0058,T004,D0058,Task,Low,,Done,2024-03-02 11:56:07.713988,2024-03-03 20:14:07.713988,32.3,0,0,1.3458333333333334
I001473,P006,S0058,T004,D0029,Bug,Medium,Minor,Done,2024-02-26 02:35:27.997550,2024-02-27 01:17:27.997550,22.7,0,0,0.9458333333333333
I001474,P006,S0058,T004,D0002,Story,Low,,Done,2024-02-29 13:02:57.902462,2024-03-04 05:08:57.902462,88.1,0,0,3.6708333333333334
I001475,P006,S0058,T004,D0052,Sub-task,High,,Done,2024-03-09 10:26:52.604560,2024-03-10 10:08:52.604560,23.7,0,0,0.9875
I001476,P006,S0058,T004,D0052,Story,Medium,,Reopened,2024-02-28 14:24:18.264654,2024-02-29 10:36:18.264654,20.2,1,0,0.8416666666666667
I001477,P006,S0058,T004,D0032,Story,High,,Done,2024-02-28 00:38:47.670053,2024-02-28 17:14:47.670053,16.6,0,0,0.6916666666666667
I001478,P006,S0058,T004,D0020,Sub-task,High,,Done,2024-02-28 22:27:25.952337,2024-02-29 20:57:25.952337,22.5,0,0,0.9375
I001479,P006,S0058,T004,D0038,Task,Low,,Done,2024-03-03 00:42:53.554776,2024-03-04 07:30:53.554776,30.8,0,0,1.2833333333333334
I001480,P006,S0058,T004,D0007,Bug,Low,Major,Reopened,2024-02-27 22:12:38.190835,2024-02-28 20:42:38.190835,22.5,1,0,0.9375
I001481,P006,S0058,T004,D0007,Story,Low,,Done,2024-03-08 20:28:02.465704,2024-03-11 18:04:02.465704,69.6,0,0,2.9
I001482,P006,S0058,T004,D0029,Task,Medium,,Done,2024-02-26 04:35:37.875339,2024-02-26 20:11:37.875339,15.6,0,0,0.65
I001483,P006,S0058,T004,D0038,Bug,High,Major,In Progress,2024-03-09 11:03:25.480083,,,0,0,
I001484,P006,S0058,T004,D0007,Bug,Medium,Major,Done,2024-03-06 13:58:16.893974,2024-03-09 14:16:16.893974,72.3,0,0,3.0125
I001485,P006,S0058,T004,D0052,Bug,Low,Blocker,Reopened,2024-03-09 17:31:20.310657,2024-03-14 16:19:20.310657,118.8,1,0,4.95
I001486,P006,S0058,T004,D0048,Story,Low,,Done,2024-02-26 00:24:36.596269,2024-02-27 17:24:36.596269,41.0,0,0,1.7083333333333333
I001487,P006,S0058,T004,D0014,Story,Low,,In Progress,2024-03-03 01:22:53.851563,,,0,0,
I001488,P006,S0058,T004,D0032,Story,Medium,,Done,2024-03-08 03:56:16.400369,2024-03-08 11:44:16.400369,7.8,0,0,0.325
I001489,P006,S0059,T004,D0005,Sub-task,Medium,,Done,2024-03-15 07:29:14.490680,2024-03-16 14:23:14.490680,30.9,0,0,1.2875
I001490,P006,S0059,T004,D0012,Bug,Medium,Minor,Done,2024-03-19 00:17:02.221339,2024-03-20 01:41:02.221339,25.4,0,0,1.0583333333333333
I001491,P006,S0059,T004,D0049,Task,Low,,Done,2024-03-21 14:51:37.691744,2024-03-22 01:03:37.691744,10.2,0,0,0.425
I001492,P006,S0059,T004,D0038,Bug,High,Critical,Done,2024-03-23 14:39:36.487981,2024-03-24 23:51:36.487981,33.2,0,0,1.3833333333333333
I001493,P006,S0059,T004,D0007,Story,High,,Done,2024-03-19 20:13:35.658233,2024-03-20 19:07:35.658233,22.9,0,0,0.9541666666666667
I001494,P006,S0059,T004,D0005,Story,Medium,,Done,2024-03-16 14:24:54.093332,2024-03-17 10:18:54.093332,19.9,0,0,0.8291666666666667
I001495,P006,S0059,T004,D0007,Bug,Low,Major,Done,2024-03-13 17:59:48.952570,2024-03-14 10:29:48.952570,16.5,0,0,0.6875
I001496,P006,S0059,T004,D0049,Story,Medium,,In Progress,2024-03-12 05:19:00.135005,,,0,0,
I001497,P006,S0059,T004,D0052,Task,High,,Done,2024-03-21 11:41:42.027468,2024-03-22 04:53:42.027468,17.2,0,0,0.7166666666666667
I001498,P006,S0059,T004,D0007,Task,Critical,,Done,2024-03-13 22:08:58.687123,2024-03-13 23:56:58.687123,1.8,0,0,0.075
I001499,P006,S0059,T004,D0014,Sub-task,Low,,Done,2024-03-17 17:05:52.884519,2024-03-18 17:59:52.884519,24.9,0,0,1.0375
I001500,P006,S0059,T004,D0022,Bug,High,Major,Done,2024-03-22 13:51:54.911369,2024-03-22 23:51:54.911369,10.0,0,0,0.4166666666666667
I001501,P006,S0059,T004,D0014,Bug,Medium,Minor,Done,2024-03-13 11:52:08.095843,2024-03-13 13:58:08.095843,2.1,0,0,0.0875
I001502,P006,S0059,T004,D0048,Bug,Medium,Critical,In Progress,2024-03-11 15:26:21.567224,,,0,0,
I001503,P006,S0059,T004,D0032,Story,Medium,,Done,2024-03-19 08:35:40.333006,2024-03-20 20:23:40.333006,35.8,0,0,1.4916666666666667
I001504,P006,S0059,T004,D0035,Story,Low,,In Progress,2024-03-23 21:24:53.421774,,,0,0,
I001505,P006,S0059,T004,D0038,Story,High,,Reopened,2024-03-14 05:35:47.877582,2024-03-14 09:17:47.877582,3.7,1,0,0.15416666666666667
I001506,P006,S0059,T004,D0058,Task,High,,Done,2024-03-14 16:58:10.621946,2024-03-15 15:34:10.621946,22.6,0,0,0.9416666666666667
I001507,P006,S0059,T004,D0014,Story,Low,,Done,2024-03-11 10:53:26.260911,2024-03-15 17:53:26.260911,103.0,0,0,4.291666666666667
I001508,P006,S0059,T004,D0052,Bug,Low,Minor,In Progress,2024-03-21 22:41:27.736003,,,0,0,
I001509,P006,S0060,T004,D0022,Story,Low,,Done,2024-03-25 09:48:52.721700,2024-03-27 22:00:52.721700,60.2,0,0,2.5083333333333333
I001510,P006,S0060,T004,D0007,Task,Medium,,Done,2024-03-31 01:56:14.366475,2024-03-31 04:44:14.366475,2.8,0,0,0.11666666666666667
I001511,P006,S0060,T004,D0029,Story,High,,Done,2024-04-05 06:15:53.605195,2024-04-06 16:15:53.605195,34.0,0,0,1.4166666666666667
I001512,P006,S0060,T004,D0020,Bug,High,Major,Reopened,2024-04-06 19:44:42.811186,2024-04-08 06:44:42.811186,35.0,1,0,1.4583333333333333
I001513,P006,S0060,T004,D0032,Task,Critical,,Done,2024-03-27 14:55:54.558856,2024-03-28 01:01:54.558856,10.1,0,0,0.42083333333333334
I001514,P006,S0060,T004,D0035,Story,Medium,,Done,2024-03-26 00:36:03.231137,2024-03-26 09:18:03.231137,8.7,0,0,0.3625
I001515,P006,S0060,T004,D0032,Task,Low,,Done,2024-04-03 09:14:08.833508,2024-04-03 19:08:08.833508,9.9,0,0,0.4125
I001516,P006,S0060,T004,D0058,Story,Critical,,Done,2024-03-28 13:07:14.421686,2024-03-29 05:31:14.421686,16.4,0,0,0.6833333333333333
I001517,P006,S0060,T004,D0052,Sub-task,Medium,,Done,2024-03-27 08:06:41.282686,2024-03-27 15:48:41.282686,7.7,0,0,0.32083333333333336
I001518,P006,S0060,T004,D0022,Task,High,,In Progress,2024-04-06 00:21:20.267352,,,0,0,
I001519,P006,S0060,T004,D0002,Task,Medium,,In Progress,2024-03-30 19:06:18.309132,,,0,0,
I001520,P006,S0060,T004,D0014,Bug,Medium,Minor,In Progress,2024-04-01 20:07:10.778792,,,0,0,
I001521,P006,S0060,T004,D0038,Bug,High,Major,In Progress,2024-03-30 04:00:20.249309,,,0,0,
I001522,P006,S0060,T004,D0012,Task,Low,,In Progress,2024-04-06 20:02:31.064819,,,0,0,
I001523,P006,S0060,T004,D0005,Story,Low,,In Progress,2024-04-04 20:48:58.041376,,,0,0,
I001524,P006,S0060,T004,D0058,Task,High,,Done,2024-03-31 04:36:49.491154,2024-03-31 18:24:49.491154,13.8,0,0,0.575
I001525,P006,S0060,T004,D0012,Bug,Low,Major,Done,2024-04-01 03:44:03.411742,2024-04-02 12:02:03.411742,32.3,0,0,1.3458333333333334
I001526,P006,S0060,T004,D0029,Bug,Low,Major,Done,2024-04-03 13:07:28.291250,2024-04-04 13:49:28.291250,24.7,0,0,1.0291666666666666
I001527,P006,S0060,T004,D0029,Bug,Medium,Minor,Reopened,2024-03-28 08:41:44.713791,2024-03-28 13:05:44.713791,4.4,1,0,0.18333333333333332
I001528,P006,S0060,T004,D0012,Bug,Medium,Major,Done,2024-03-29 18:31:38.584677,2024-03-30 12:37:38.584677,18.1,0,0,0.7541666666666667
I001529,P006,S0060,T004,D0029,Story,Low,,Reopened,2024-03-26 18:45:54.713061,2024-03-29 04:51:54.713061,58.1,1,0,2.4208333333333334
I001530,P006,S0060,T004,D0058,Story,Medium,,Done,2024-04-03 11:49:15.322953,2024-04-04 17:13:15.322953,29.4,0,0,1.225
I001531,P007,S0061,T004,D0048,Story,Medium,,Done,2023-11-30 03:47:53.153128,2023-11-30 12:41:53.153128,8.9,0,0,0.37083333333333335
I001532,P007,S0061,T004,D0049,Task,Low,,In Progress,2023-11-20 12:24:49.063387,,,0,0,
I001533,P007,S0061,T004,D0049,Task,Medium,,Done,2023-11-26 20:10:44.546994,2023-11-27 22:04:44.546994,25.9,0,0,1.0791666666666666
I001534,P007,S0061,T004,D0020,Story,Medium,,Done,2023-11-24 18:34:55.228904,2023-11-25 21:34:55.228904,27.0,0,0,1.125
I001535,P007,S0061,T004,D0029,Task,Medium,,Done,2023-11-26 18:17:46.204394,2023-11-27 01:41:46.204394,7.4,0,0,0.30833333333333335
I001536,P007,S0061,T004,D0035,Story,High,,Done,2023-11-27 22:42:05.022740,2023-11-28 17:12:05.022740,18.5,0,0,0.7708333333333334
I001537,P007,S0061,T004,D0014,Story,Low,,Done,2023-11-25 16:51:20.729683,2023-11-26 03:15:20.729683,10.4,0,0,0.43333333333333335
I001538,P007,S0061,T004,D0058,Sub-task,Low,,Done,2023-11-30 18:30:58.375274,2023-12-01 04:00:58.375274,9.5,0,0,0.3958333333333333
I001539,P007,S0061,T004,D0022,Bug,Medium,Critical,Done,2023-11-20 13:03:28.599345,2023-11-21 02:51:28.599345,13.8,0,0,0.575
I001540,P007,S0061,T004,D0035,Sub-task,Low,,In Progress,2023-11-26 03:06:40.310315,,,0,0,
I001541,P007,S0061,T004,D0002,Bug,Low,Critical,Done,2023-11-25 10:21:05.737177,2023-11-25 13:21:05.737177,3.0,0,0,0.125
I001542,P007,S0061,T004,D0022,Bug,Medium,Major,Done,2023-11-24 09:28:40.522666,2023-11-25 17:40:40.522666,32.2,0,0,1.3416666666666666
I001543,P007,S0061,T004,D0014,Story,Medium,,Reopened,2023-11-20 19:51:18.426259,2023-11-22 15:03:18.426259,43.2,1,0,1.8
I001544,P007,S0061,T004,D0035,Task,Low,,In Progress,2023-11-29 02:10:15.200983,,,0,0,
I001545,P007,S0061,T004,D0052,Task,High,,Reopened,2023-11-22 19:48:22.772358,2023-11-23 04:12:22.772358,8.4,1,0,0.35
I001546,P007,S0061,T004,D0052,Story,High,,Reopened,2023-11-26 02:52:14.147354,2023-11-26 08:22:14.147354,5.5,1,0,0.22916666666666666
I001547,P007,S0061,T004,D0029,Story,Low,,Done,2023-11-19 02:11:34.506197,2023-11-19 13:35:34.506197,11.4,0,0,0.475
I001548,P007,S0061,T004,D0012,Bug,Low,Major,Done,2023-11-23 08:22:59.628652,2023-11-24 11:22:59.628652,27.0,0,0,1.125
I001549,P007,S0061,T004,D0029,Bug,High,Minor,Reopened,2023-11-18 12:09:33.759209,2023-11-20 11:09:33.759209,47.0,1,0,1.9583333333333333
I001550,P007,S0061,T004,D0032,Task,Medium,,Done,2023-11-26 16:52:28.708401,2023-11-28 05:04:28.708401,36.2,0,0,1.5083333333333333
I001551,P007,S0061,T004,D0052,Task,Medium,,Done,2023-11-23 00:55:14.511178,2023-11-23 04:07:14.511178,3.2,0,0,0.13333333333333333
I001552,P007,S0061,T004,D0029,Task,Medium,,Done,2023-11-27 06:01:17.799646,2023-11-28 00:31:17.799646,18.5,0,0,0.7708333333333334
I001553,P007,S0061,T004,D0052,Story,Medium,,In Progress,2023-11-28 09:48:58.153990,,,0,0,
I001554,P007,S0061,T004,D0020,Story,Low,,Done,2023-11-21 17:12:09.945372,2023-11-24 17:48:09.945372,72.6,0,0,3.025
I001555,P007,S0061,T004,D0048,Bug,Medium,Minor,Done,2023-11-27 19:46:21.771982,2023-11-28 00:40:21.771982,4.9,0,0,0.20416666666666666
I001556,P007,S0061,T004,D0020,Bug,Medium,Minor,Done,2023-11-19 13:04:40.115751,2023-11-20 02:16:40.115751,13.2,0,0,0.55
I001557,P007,S0061,T004,D0049,Sub-task,Low,,Done,2023-11-18 08:37:13.741724,2023-11-18 12:49:13.741724,4.2,0,0,0.175
I001558,P007,S0061,T004,D0002,Bug,Medium,Major,Done,2023-11-30 14:57:13.022264,2023-12-01 17:45:13.022264,26.8,0,1,1.1166666666666667
I001559,P007,S0061,T004,D0032,Task,Low,,Reopened,2023-11-24 15:35:01.939175,2023-11-25 04:35:01.939175,13.0,1,0,0.5416666666666666
I001560,P007,S0061,T004,D0002,Bug,Medium,Critical,In Progress,2023-11-19 12:51:52.313698,,,0,0,
I001561,P007,S0062,T004,D0005,Task,High,,Won't Fix,2023-12-06 18:20:04.105169,2023-12-07 02:20:04.105169,8.0,0,0,0.3333333333333333
I001562,P007,S0062,T004,D0058,Task,High,,Done,2023-12-04 12:30:16.811956,2023-12-05 09:18:16.811956,20.8,0,0,0.8666666666666667
I001563,P007,S0062,T004,D0007,Bug,Medium,Major,Reopened,2023-12-11 14:41:54.200630,2023-12-12 06:47:54.200630,16.1,1,0,0.6708333333333333
I001564,P007,S0062,T004,D0012,Sub-task,Low,,Done,2023-12-05 04:54:47.135577,2023-12-08 03:42:47.135577,70.8,0,0,2.95
I001565,P007,S0062,T004,D0002,Story,Low,,Done,2023-12-02 12:29:10.060478,2023-12-04 00:29:10.060478,36.0,0,0,1.5
I001566,P007,S0062,T004,D0014,Task,Low,,In Progress,2023-12-08 04:22:48.546596,,,0,0,
I001567,P007,S0062,T004,D0058,Story,Medium,,In Progress,2023-12-12 18:14:09.510171,,,0,0,
I001568,P007,S0062,T004,D0014,Story,Low,,In Progress,2023-12-13 20:28:44.707420,,,0,0,
I001569,P007,S0062,T004,D0038,Sub-task,Medium,,Done,2023-12-14 23:38:22.509894,2023-12-15 15:14:22.509894,15.6,0,0,0.65
I001570,P007,S0062,T004,D0029,Task,Medium,,Done,2023-12-05 04:46:52.933662,2023-12-05 08:04:52.933662,3.3,0,0,0.1375
I001571,P007,S0062,T004,D0038,Sub-task,Medium,,Done,2023-12-09 19:37:45.760693,2023-12-12 09:19:45.760693,61.7,0,0,2.5708333333333333
I001572,P007,S0062,T004,D0007,Story,Low,,Done,2023-12-08 21:13:42.477429,2023-12-09 20:31:42.477429,23.3,0,0,0.9708333333333333
I001573,P007,S0062,T004,D0052,Task,Critical,,Done,2023-12-05 13:09:05.684365,2023-12-05 19:21:05.684365,6.2,0,0,0.25833333333333336
I001574,P007,S0062,T004,D0007,Bug,High,Minor,Done,2023-12-03 06:53:38.615796,2023-12-04 04:41:38.615796,21.8,0,0,0.9083333333333333
I001575,P007,S0062,T004,D0007,Sub-task,Critical,,Done,2023-12-04 03:12:13.338554,2023-12-05 03:42:13.338554,24.5,0,0,1.0208333333333333
I001576,P007,S0062,T004,D0020,Story,Medium,,In Progress,2023-12-12 17:09:04.710267,,,0,0,
I001577,P007,S0062,T004,D0007,Sub-task,Critical,,Done,2023-12-04 06:10:31.675941,2023-12-05 04:58:31.675941,22.8,0,0,0.95
I001578,P007,S0062,T004,D0007,Bug,Medium,Major,Reopened,2023-12-09 08:52:21.220788,2023-12-10 16:22:21.220788,31.5,1,0,1.3125
I001579,P007,S0062,T004,D0049,Bug,Medium,Minor,Done,2023-12-02 06:58:19.912761,2023-12-02 14:40:19.912761,7.7,0,0,0.32083333333333336
I001580,P007,S0062,T004,D0007,Story,Medium,,Done,2023-12-02 08:28:41.877565,2023-12-03 23:40:41.877565,39.2,0,0,1.6333333333333333
I001581,P007,S0062,T004,D0049,Task,Low,,Done,2023-12-14 09:21:01.925575,2023-12-14 21:15:01.925575,11.9,0,0,0.49583333333333335
I001582,P007,S0062,T004,D0007,Task,Medium,,Reopened,2023-12-08 15:16:50.552894,2023-12-09 06:28:50.552894,15.2,1,0,0.6333333333333333
I001583,P007,S0062,T004,D0012,Bug,Low,Minor,Done,2023-12-05 03:20:12.621113,2023-12-05 14:38:12.621113,11.3,0,0,0.4708333333333333
I001584,P007,S0062,T004,D0034,Task,Low,,Done,2023-12-11 20:37:42.651915,2023-12-13 07:07:42.651915,34.5,0,0,1.4375
I001585,P007,S0062,T004,D0029,Bug,Medium,Major,Done,2023-12-08 22:01:17.026982,2023-12-09 03:19:17.026982,5.3,0,0,0.22083333333333333
I001586,P007,S0062,T004,D0014,Story,Medium,,Reopened,2023-12-09 04:40:47.925266,2023-12-10 20:34:47.925266,39.9,1,0,1.6625
I001587,P007,S0062,T004,D0032,Task,Low,,Done,2023-12-14 03:46:13.970471,2023-12-14 21:04:13.970471,17.3,0,0,0.7208333333333333
I001588,P007,S0062,T004,D0022,Bug,Critical,Minor,Done,2023-12-11 15:41:29.804345,2023-12-11 23:47:29.804345,8.1,0,0,0.3375
I001589,P007,S0062,T004,D0032,Story,High,,In Progress,2023-12-10 03:57:43.360885,,,0,0,
I001590,P007,S0062,T004,D0032,Task,Medium,,Done,2023-12-03 00:33:25.855735,2023-12-04 01:03:25.855735,24.5,0,0,1.0208333333333333
I001591,P007,S0062,T004,D0038,Task,High,,Reopened,2023-12-06 16:26:16.706132,2023-12-07 11:02:16.706132,18.6,1,0,0.775
I001592,P007,S0062,T004,D0012,Story,Low,,Done,2023-12-09 09:57:26.548232,2023-12-10 14:15:26.548232,28.3,0,0,1.1791666666666667
I001593,P007,S0062,T004,D0032,Bug,Medium,Critical,In Progress,2023-12-02 07:41:42.254696,,,0,0,
I001594,P007,S0063,T004,D0022,Bug,Low,Minor,In Progress,2023-12-20 09:49:19.809987,,,0,0,
I001595,P007,S0063,T004,D0020,Task,Medium,,Done,2023-12-20 09:39:20.105072,2023-12-20 18:39:20.105072,9.0,0,0,0.375
I001596,P007,S0063,T004,D0005,Sub-task,Low,,Done,2023-12-16 10:44:02.154649,2023-12-17 03:08:02.154649,16.4,0,0,0.6833333333333333
I001597,P007,S0063,T004,D0034,Task,Medium,,Done,2023-12-28 11:06:49.303102,2023-12-29 01:00:49.303102,13.9,0,0,0.5791666666666667
I001598,P007,S0063,T004,D0020,Task,Critical,,Reopened,2023-12-23 19:35:08.340299,2023-12-23 23:35:08.340299,4.0,1,0,0.16666666666666666
I001599,P007,S0063,T004,D0029,Task,Low,,Reopened,2023-12-24 01:47:27.935939,2023-12-25 15:23:27.935939,37.6,1,0,1.5666666666666667
I001600,P007,S0063,T004,D0022,Story,High,,In Progress,2023-12-21 18:43:23.069637,,,0,0,
I001601,P007,S0063,T004,D0048,Bug,Low,Minor,Done,2023-12-28 15:01:12.944884,2023-12-29 04:49:12.944884,13.8,0,0,0.575
I001602,P007,S0063,T004,D0014,Bug,Low,Major,Done,2023-12-18 07:17:04.090182,2023-12-21 05:17:04.090182,70.0,0,0,2.9166666666666665
I001603,P007,S0063,T004,D0032,Bug,Medium,Major,Done,2023-12-17 08:13:47.096680,2023-12-18 03:43:47.096680,19.5,0,0,0.8125
I001604,P007,S0063,T004,D0007,Sub-task,Low,,Done,2023-12-20 06:41:06.633433,2023-12-20 14:11:06.633433,7.5,0,0,0.3125
I001605,P007,S0063,T004,D0034,Bug,Critical,Minor,In Progress,2023-12-20 01:06:30.667696,,,0,0,
I001606,P007,S0063,T004,D0005,Bug,Low,Minor,Won't Fix,2023-12-16 17:16:00.132772,2023-12-17 23:22:00.132772,30.1,0,0,1.2541666666666667
I001607,P007,S0063,T004,D0022,Bug,Medium,Major,Done,2023-12-27 17:10:15.621779,2023-12-29 01:40:15.621779,32.5,0,1,1.3541666666666667
I001608,P007,S0063,T004,D0005,Task,Medium,,Done,2023-12-18 23:42:25.648750,2023-12-19 14:54:25.648750,15.2,0,0,0.6333333333333333
I001609,P007,S0063,T004,D0048,Story,Low,,Done,2023-12-24 01:47:37.042572,2023-12-25 13:53:37.042572,36.1,0,0,1.5041666666666667
I001610,P007,S0063,T004,D0032,Story,High,,Done,2023-12-23 05:25:54.415473,2023-12-23 17:19:54.415473,11.9,0,0,0.49583333333333335
I001611,P007,S0063,T004,D0020,Task,Critical,,In Progress,2023-12-24 05:56:57.766573,,,0,0,
I001612,P007,S0063,T004,D0058,Story,Medium,,In Progress,2023-12-27 08:12:22.165021,,,0,0,
I001613,P007,S0063,T004,D0052,Bug,Low,Minor,Done,2023-12-19 00:06:56.832145,2023-12-20 10:06:56.832145,34.0,1,0,1.4166666666666667
I001614,P007,S0063,T004,D0002,Story,Medium,,In Progress,2023-12-21 23:17:58.527917,,,0,0,
I001615,P007,S0063,T004,D0020,Task,Low,,Done,2023-12-26 22:11:34.042849,2023-12-27 21:41:34.042849,23.5,0,0,0.9791666666666666
I001616,P007,S0063,T004,D0035,Bug,High,Major,Done,2023-12-25 03:05:26.055396,2023-12-25 13:59:26.055396,10.9,0,0,0.45416666666666666
I001617,P007,S0063,T004,D0020,Task,High,,Done,2023-12-26 08:38:11.070642,2023-12-27 17:26:11.070642,32.8,0,0,1.3666666666666667
I001618,P007,S0063,T004,D0049,Bug,High,Minor,Done,2023-12-21 11:22:27.394451,2023-12-21 19:46:27.394451,8.4,0,0,0.35
I001619,P007,S0064,T004,D0049,Story,High,,Done,2024-01-10 20:49:24.765080,2024-01-11 04:13:24.765080,7.4,0,0,0.30833333333333335
I001620,P007,S0064,T004,D0035,Story,High,,Done,2024-01-07 10:02:44.713725,2024-01-08 10:50:44.713725,24.8,0,0,1.0333333333333334
I001621,P007,S0064,T004,D0058,Bug,Medium,Critical,In Progress,2023-12-30 06:00:01.049323,,,0,0,
I001622,P007,S0064,T004,D0005,Bug,Low,Major,Done,2024-01-05 01:16:37.774295,2024-01-05 07:46:37.774295,6.5,0,0,0.2708333333333333
I001623,P007,S0064,T004,D0058,Task,Medium,,Done,2023-12-30 02:31:38.977658,2023-12-30 07:19:38.977658,4.8,0,0,0.2
I001624,P007,S0064,T004,D0012,Bug,Low,Minor,In Progress,2024-01-02 03:12:06.848013,,,0,0,
I001625,P007,S0064,T004,D0005,Story,Critical,,In Progress,2023-12-31 05:28:14.159985,,,0,0,
I001626,P007,S0064,T004,D0012,Bug,Medium,Minor,In Progress,2024-01-07 09:50:29.912722,,,0,0,
I001627,P007,S0064,T004,D0005,Sub-task,High,,Done,2024-01-08 11:55:45.483697,2024-01-09 11:07:45.483697,23.2,0,0,0.9666666666666667
I001628,P007,S0064,T004,D0058,Sub-task,Critical,,Reopened,2024-01-11 15:49:34.241607,2024-01-12 13:19:34.241607,21.5,1,0,0.8958333333333334
I001629,P007,S0064,T004,D0034,Story,Low,,Done,2024-01-10 21:33:30.916143,2024-01-13 09:21:30.916143,59.8,0,0,2.4916666666666667
I001630,P007,S0064,T004,D0020,Sub-task,Low,,Done,2024-01-10 05:49:07.637977,2024-01-10 12:01:07.637977,6.2,0,0,0.25833333333333336
I001631,P007,S0064,T004,D0014,Task,Low,,In Progress,2024-01-10 13:24:47.621314,,,0,0,
I001632,P007,S0064,T004,D0014,Bug,Critical,Critical,Reopened,2024-01-03 12:35:59.050698,2024-01-04 00:41:59.050698,12.1,1,1,0.5041666666666667
I001633,P007,S0064,T004,D0035,Bug,High,Minor,Done,2024-01-05 16:36:26.714562,2024-01-06 01:12:26.714562,8.6,0,0,0.35833333333333334
I001634,P007,S0064,T004,D0058,Task,Critical,,Done,2024-01-01 23:51:29.443398,2024-01-03 01:39:29.443398,25.8,0,0,1.075
I001635,P007,S0064,T004,D0058,Story,High,,Won't Fix,2024-01-03 02:10:58.655452,2024-01-03 09:58:58.655452,7.8,0,0,0.325
I001636,P007,S0064,T004,D0035,Story,High,,Done,2024-01-04 12:03:57.630193,2024-01-04 17:09:57.630193,5.1,0,0,0.2125
I001637,P007,S0064,T004,D0012,Bug,Low,Minor,Done,2024-01-10 23:09:41.858741,2024-01-11 04:09:41.858741,5.0,0,0,0.20833333333333334
I001638,P007,S0064,T004,D0002,Story,Low,,Done,2024-01-07 07:34:28.340481,2024-01-07 20:04:28.340481,12.5,0,0,0.5208333333333334
I001639,P007,S0064,T004,D0014,Bug,Medium,Major,Done,2024-01-01 23:15:59.610714,2024-01-02 23:15:59.610714,24.0,0,0,1.0
I001640,P007,S0064,T004,D0012,Sub-task,Medium,,In Progress,2024-01-09 17:53:07.470950,,,0,0,
I001641,P007,S0064,T004,D0058,Story,Medium,,Done,2024-01-04 07:16:33.008768,2024-01-04 23:28:33.008768,16.2,0,0,0.675
I001642,P007,S0065,T004,D0048,Story,Medium,,Done,2024-01-13 06:50:58.173308,2024-01-16 19:44:58.173308,84.9,0,0,3.5375
I001643,P007,S0065,T004,D0005,Task,Medium,,Done,2024-01-19 04:24:11.185736,2024-01-21 06:00:11.185736,49.6,0,0,2.066666666666667
I001644,P007,S0065,T004,D0058,Bug,Medium,Minor,Reopened,2024-01-19 11:46:15.205765,2024-01-20 09:28:15.205765,21.7,1,0,0.9041666666666667
I001645,P007,S0065,T004,D0035,Story,Critical,,Done,2024-01-17 16:46:52.464855,2024-01-18 02:22:52.464855,9.6,0,0,0.4
I001646,P007,S0065,T004,D0014,Task,Low,,Done,2024-01-15 08:14:12.349108,2024-01-21 16:26:12.349108,152.2,0,0,6.341666666666667
I001647,P007,S0065,T004,D0038,Task,Low,,Done,2024-01-13 08:05:59.415815,2024-01-16 08:35:59.415815,72.5,0,0,3.0208333333333335
I001648,P007,S0065,T004,D0048,Story,Low,,Done,2024-01-21 02:09:42.295702,2024-01-25 04:15:42.295702,98.1,0,0,4.0875
I001649,P007,S0065,T004,D0034,Task,Low,,Done,2024-01-20 10:50:44.025927,2024-01-21 12:26:44.025927,25.6,0,0,1.0666666666666667
I001650,P007,S0065,T004,D0049,Task,Medium,,Done,2024-01-17 17:25:46.429272,2024-01-18 14:31:46.429272,21.1,0,0,0.8791666666666667
I001651,P007,S0065,T004,D0052,Bug,Low,Minor,In Progress,2024-01-25 07:09:09.663558,,,0,0,
I001652,P007,S0065,T004,D0012,Bug,High,Blocker,Done,2024-01-19 10:12:48.962731,2024-01-19 21:36:48.962731,11.4,0,0,0.475
I001653,P007,S0065,T004,D0052,Bug,Low,Major,Done,2024-01-22 17:24:37.422871,2024-01-24 16:36:37.422871,47.2,0,0,1.9666666666666666
I001654,P007,S0065,T004,D0035,Bug,High,Major,Done,2024-01-14 07:05:39.924345,2024-01-14 22:59:39.924345,15.9,0,0,0.6625
I001655,P007,S0065,T004,D0014,Task,Low,,Done,2024-01-24 07:48:18.516859,2024-01-26 10:36:18.516859,50.8,0,0,2.1166666666666667
I001656,P007,S0065,T004,D0035,Task,Critical,,Done,2024-01-21 07:10:18.902014,2024-01-21 11:58:18.902014,4.8,0,0,0.2
I001657,P007,S0065,T004,D0058,Bug,Low,Minor,Done,2024-01-16 01:10:39.933960,2024-01-16 04:04:39.933960,2.9,0,0,0.12083333333333333
I001658,P007,S0065,T004,D0049,Story,High,,Done,2024-01-23 01:38:43.012258,2024-01-23 05:14:43.012258,3.6,0,0,0.15
I001659,P007,S0065,T004,D0038,Task,Low,,In Progress,2024-01-20 09:16:51.608373,,,0,0,
I001660,P007,S0065,T004,D0049,Bug,Low,Minor,Done,2024-01-14 09:29:39.984322,2024-01-14 21:47:39.984322,12.3,0,0,0.5125
I001661,P007,S0065,T004,D0012,Bug,Low,Major,In Progress,2024-01-14 02:26:41.840383,,,0,0,
I001662,P007,S0065,T004,D0005,Sub-task,Low,,Won't Fix,2024-01-20 23:20:28.536108,2024-01-21 16:26:28.536108,17.1,0,0,0.7125
I001663,P007,S0065,T004,D0034,Task,Low,,In Progress,2024-01-25 13:21:42.240464,,,0,0,
I001664,P007,S0065,T004,D0007,Task,Low,,Done,2024-01-18 14:47:59.714093,2024-01-18 19:35:59.714093,4.8,0,0,0.2
I001665,P007,S0065,T004,D0032,Bug,Medium,Minor,In Progress,2024-01-16 08:48:27.064126,,,0,0,
I001666,P007,S0065,T004,D0038,Story,Critical,,Done,2024-01-15 18:05:59.919697,2024-01-16 03:59:59.919697,9.9,0,0,0.4125
I001667,P007,S0065,T004,D0002,Story,Medium,,Won't Fix,2024-01-14 18:42:23.975078,2024-01-15 06:18:23.975078,11.6,0,0,0.48333333333333334
I001668,P007,S0065,T004,D0052,Story,Low,,Won't Fix,2024-01-14 08:04:47.675378,2024-01-14 22:58:47.675378,14.9,0,0,0.6208333333333333
I001669,P007,S0065,T004,D0022,Bug,Low,Minor,Done,2024-01-14 16:52:35.547540,2024-01-16 17:46:35.547540,48.9,0,0,2.0375
I001670,P007,S0065,T004,D0005,Task,Low,,Done,2024-01-18 08:23:40.633669,2024-01-18 18:53:40.633669,10.5,0,0,0.4375
I001671,P007,S0065,T004,D0029,Story,Medium,,Done,2024-01-17 00:37:13.209880,2024-01-18 03:31:13.209880,26.9,0,0,1.1208333333333333
I001672,P007,S0065,T004,D0012,Bug,Low,Major,In Progress,2024-01-13 04:27:09.338342,,,0,0,
I001673,P007,S0065,T004,D0020,Story,Low,,Done,2024-01-21 17:44:03.547431,2024-01-22 02:44:03.547431,9.0,0,0,0.375
I001674,P007,S0066,T004,D0012,Story,Low,,In Progress,2024-01-27 05:33:10.709917,,,0,0,
I001675,P007,S0066,T004,D0052,Story,Medium,,Won't Fix,2024-02-03 18:10:57.090674,2024-02-04 09:28:57.090674,15.3,0,0,0.6375
I001676,P007,S0066,T004,D0002,Bug,Low,Major,Done,2024-02-05 08:45:32.288365,2024-02-06 05:09:32.288365,20.4,0,1,0.85
I001677,P007,S0066,T004,D0014,Task,Low,,Done,2024-02-03 13:01:41.940017,2024-02-07 10:25:41.940017,93.4,0,0,3.8916666666666666
I001678,P007,S0066,T004,D0020,Task,Low,,In Progress,2024-01-31 22:17:11.976504,,,0,0,
I001679,P007,S0066,T004,D0020,Bug,Low,Minor,Done,2024-02-06 19:26:58.860563,2024-02-07 10:56:58.860563,15.5,0,1,0.6458333333333334
I001680,P007,S0066,T004,D0049,Bug,High,Minor,Done,2024-02-04 01:20:42.384790,2024-02-04 21:50:42.384790,20.5,0,0,0.8541666666666666
I001681,P007,S0066,T004,D0007,Bug,High,Minor,Reopened,2024-02-01 13:21:12.662995,2024-02-02 01:33:12.662995,12.2,1,0,0.5083333333333333
I001682,P007,S0066,T004,D0012,Bug,Low,Major,Done,2024-01-27 23:19:56.553093,2024-01-29 09:19:56.553093,34.0,0,0,1.4166666666666667
I001683,P007,S0066,T004,D0007,Sub-task,Low,,Won't Fix,2024-02-06 00:00:00.487818,2024-02-07 13:36:00.487818,37.6,0,0,1.5666666666666667
I001684,P007,S0066,T004,D0007,Task,Medium,,In Progress,2024-01-27 08:25:09.592287,,,0,0,
I001685,P007,S0066,T004,D0058,Bug,Medium,Minor,Done,2024-01-27 02:52:19.805613,2024-01-28 13:46:19.805613,34.9,0,0,1.4541666666666666
I001686,P007,S0066,T004,D0052,Story,Medium,,Done,2024-02-04 20:57:56.293167,2024-02-06 11:27:56.293167,38.5,0,0,1.6041666666666667
I001687,P007,S0066,T004,D0034,Story,High,,Done,2024-02-01 12:23:36.598619,2024-02-03 11:41:36.598619,47.3,0,0,1.9708333333333334
I001688,P007,S0066,T004,D0038,Bug,High,Major,Done,2024-01-30 11:55:56.447574,2024-01-30 16:13:56.447574,4.3,0,0,0.17916666666666667
I001689,P007,S0066,T004,D0034,Sub-task,High,,In Progress,2024-02-07 20:27:43.793937,,,0,0,
I001690,P007,S0066,T004,D0034,Bug,Medium,Major,Done,2024-02-08 09:05:52.918979,2024-02-11 04:23:52.918979,67.3,0,0,2.8041666666666667
I001691,P007,S0067,T004,D0032,Task,Low,,Done,2024-02-10 20:05:05.869164,2024-02-11 14:35:05.869164,18.5,0,0,0.7708333333333334
I001692,P007,S0067,T004,D0034,Bug,Low,Minor,Done,2024-02-15 10:50:10.543578,2024-02-17 22:44:10.543578,59.9,0,0,2.495833333333333
I001693,P007,S0067,T004,D0012,Story,Low,,Done,2024-02-12 11:11:06.957000,2024-02-13 23:05:06.957000,35.9,0,0,1.4958333333333333
I001694,P007,S0067,T004,D0020,Story,Medium,,Done,2024-02-18 20:07:18.393649,2024-02-19 05:55:18.393649,9.8,0,0,0.4083333333333333
I001695,P007,S0067,T004,D0020,Task,Medium,,Won't Fix,2024-02-20 16:37:52.456444,2024-02-20 23:31:52.456444,6.9,0,0,0.2875
I001696,P007,S0067,T004,D0014,Bug,High,Minor,Done,2024-02-17 03:32:21.267327,2024-02-17 14:56:21.267327,11.4,0,0,0.475
I001697,P007,S0067,T004,D0012,Bug,Low,Critical,Done,2024-02-11 21:34:49.073985,2024-02-13 19:16:49.073985,45.7,0,0,1.9041666666666666
I001698,P007,S0067,T004,D0049,Story,Medium,,Done,2024-02-11 21:47:44.106541,2024-02-13 11:41:44.106541,37.9,0,0,1.5791666666666666
I001699,P007,S0067,T004,D0038,Story,Critical,,Won't Fix,2024-02-15 02:04:42.163993,2024-02-15 06:10:42.163993,4.1,0,0,0.17083333333333334
I001700,P007,S0067,T004,D0005,Story,Medium,,Done,2024-02-19 03:00:28.556301,2024-02-19 23:00:28.556301,20.0,0,0,0.8333333333333334
I001701,P007,S0067,T004,D0038,Bug,Low,Critical,Done,2024-02-13 20:34:20.503996,2024-02-15 13:34:20.503996,41.0,0,0,1.7083333333333333
I001702,P007,S0067,T004,D0002,Story,Medium,,Done,2024-02-11 09:04:49.739758,2024-02-12 03:40:49.739758,18.6,0,0,0.775
I001703,P007,S0067,T004,D0029,Task,Medium,,In Progress,2024-02-18 09:33:18.758791,,,0,0,
I001704,P007,S0067,T004,D0020,Bug,Medium,Minor,Done,2024-02-16 10:06:13.915369,2024-02-17 09:24:13.915369,23.3,0,0,0.9708333333333333
I001705,P007,S0067,T004,D0035,Bug,Low,Major,In Progress,2024-02-17 09:09:42.265860,,,0,0,
I001706,P007,S0067,T004,D0007,Story,Medium,,Done,2024-02-10 18:44:47.648593,2024-02-11 15:14:47.648593,20.5,0,0,0.8541666666666666
I001707,P007,S0067,T004,D0007,Story,Low,,Reopened,2024-02-19 20:03:35.926084,2024-02-21 13:15:35.926084,41.2,1,0,1.7166666666666666
I001708,P007,S0067,T004,D0005,Task,Medium,,Reopened,2024-02-19 02:26:59.366137,2024-02-19 10:50:59.366137,8.4,1,0,0.35
I001709,P007,S0067,T004,D0022,Story,Low,,Done,2024-02-21 07:33:59.086879,2024-02-24 17:15:59.086879,81.7,0,0,3.404166666666667
I001710,P007,S0067,T004,D0022,Task,High,,Done,2024-02-20 02:39:38.071154,2024-02-20 18:09:38.071154,15.5,0,0,0.6458333333333334
I001711,P007,S0067,T004,D0048,Bug,Low,Critical,Done,2024-02-14 12:18:57.794322,2024-02-14 22:36:57.794322,10.3,0,0,0.42916666666666664
I001712,P007,S0068,T004,D0029,Bug,Low,Major,Done,2024-02-29 23:49:05.233452,2024-03-01 19:01:05.233452,19.2,0,0,0.8
I001713,P007,S0068,T004,D0038,Story,High,,In Progress,2024-03-04 23:12:34.995730,,,0,0,
I001714,P007,S0068,T004,D0029,Bug,Low,Minor,Done,2024-03-04 02:58:44.109563,2024-03-05 09:46:44.109563,30.8,0,0,1.2833333333333334
I001715,P007,S0068,T004,D0032,Task,Critical,,Done,2024-02-29 17:45:00.374062,2024-03-01 12:15:00.374062,18.5,0,0,0.7708333333333334
I001716,P007,S0068,T004,D0014,Story,Medium,,Done,2024-03-03 22:42:29.306431,2024-03-04 07:00:29.306431,8.3,0,0,0.3458333333333333
I001717,P007,S0068,T004,D0029,Task,Critical,,Done,2024-03-07 16:28:43.397125,2024-03-08 13:22:43.397125,20.9,0,0,0.8708333333333333
I001718,P007,S0068,T004,D0049,Task,Medium,,In Progress,2024-02-26 17:10:44.827648,,,0,0,
I001719,P007,S0068,T004,D0029,Story,Critical,,Done,2024-02-25 06:20:35.935249,2024-02-25 14:14:35.935249,7.9,0,0,0.32916666666666666
I001720,P007,S0068,T004,D0029,Sub-task,Low,,Done,2024-02-27 18:09:54.614757,2024-02-28 11:09:54.614757,17.0,0,0,0.7083333333333334
I001721,P007,S0068,T004,D0035,Task,Medium,,Done,2024-03-05 18:44:14.796202,2024-03-07 09:14:14.796202,38.5,0,0,1.6041666666666667
I001722,P007,S0068,T004,D0002,Task,Medium,,In Progress,2024-02-29 21:58:12.637798,,,0,0,
I001723,P007,S0068,T004,D0002,Bug,Low,Minor,Done,2024-03-01 08:34:24.321605,2024-03-02 07:04:24.321605,22.5,0,0,0.9375
I001724,P007,S0068,T004,D0022,Bug,Medium,Major,In Progress,2024-03-01 23:49:19.264409,,,1,0,
I001725,P007,S0068,T004,D0020,Bug,High,Major,Done,2024-03-05 13:51:15.981934,2024-03-06 04:21:15.981934,14.5,0,0,0.6041666666666666
I001726,P007,S0068,T004,D0032,Bug,Medium,Minor,Reopened,2024-03-01 11:26:31.366515,2024-03-02 09:56:31.366515,22.5,1,0,0.9375
I001727,P007,S0068,T004,D0012,Story,Medium,,In Progress,2024-02-29 16:39:57.298817,,,0,0,
I001728,P007,S0068,T004,D0022,Sub-task,High,,Done,2024-02-24 11:28:46.711131,2024-02-25 20:16:46.711131,32.8,0,0,1.3666666666666667
I001729,P007,S0068,T004,D0052,Sub-task,High,,Done,2024-02-29 08:10:59.056947,2024-02-29 18:10:59.056947,10.0,0,0,0.4166666666666667
I001730,P007,S0068,T004,D0020,Story,Medium,,In Progress,2024-03-04 15:01:29.895941,,,0,0,
I001731,P007,S0068,T004,D0058,Sub-task,Medium,,Done,2024-02-29 22:46:46.233724,2024-03-01 17:28:46.233724,18.7,0,0,0.7791666666666667
I001732,P007,S0068,T004,D0058,Task,High,,In Progress,2024-03-03 19:16:26.064738,,,0,0,
I001733,P007,S0068,T004,D0014,Bug,Medium,Minor,Done,2024-02-28 13:47:39.758628,2024-02-29 22:53:39.758628,33.1,0,0,1.3791666666666667
I001734,P007,S0068,T004,D0014,Bug,Low,Critical,Done,2024-03-02 21:35:43.437064,2024-03-04 21:23:43.437064,47.8,0,0,1.9916666666666667
I001735,P007,S0068,T004,D0049,Task,High,,Done,2024-03-04 04:26:14.083003,2024-03-04 19:32:14.083003,15.1,0,0,0.6291666666666667
I001736,P007,S0068,T004,D0058,Bug,Low,Critical,Done,2024-02-29 21:49:48.193462,2024-03-01 05:49:48.193462,8.0,0,0,0.3333333333333333
I001737,P007,S0068,T004,D0007,Task,High,,Done,2024-03-03 09:15:56.879617,2024-03-03 23:33:56.879617,14.3,0,0,0.5958333333333333
I001738,P007,S0068,T004,D0012,Task,Medium,,Done,2024-02-24 03:16:42.583465,2024-02-24 18:28:42.583465,15.2,0,0,0.6333333333333333
I001739,P007,S0068,T004,D0020,Task,Low,,Done,2024-02-24 11:54:14.130187,2024-02-25 23:42:14.130187,35.8,0,0,1.4916666666666667
I001740,P007,S0068,T004,D0014,Bug,Low,Minor,In Progress,2024-02-25 14:04:39.328872,,,0,0,
I001741,P007,S0068,T004,D0034,Story,Medium,,Won't Fix,2024-03-04 13:02:28.960926,2024-03-05 02:20:28.960926,13.3,0,0,0.5541666666666667
I001742,P007,S0068,T004,D0048,Story,Low,,Done,2024-02-27 17:41:11.829888,2024-03-03 16:29:11.829888,118.8,0,0,4.95
I001743,P007,S0068,T004,D0005,Bug,Medium,Minor,Done,2024-03-07 22:42:25.941253,2024-03-08 17:48:25.941253,19.1,0,0,0.7958333333333333
I001744,P007,S0069,T004,D0034,Story,Medium,,In Progress,2024-03-14 02:11:21.012927,,,0,0,
I001745,P007,S0069,T004,D0014,Bug,Medium,Critical,Reopened,2024-03-15 10:56:47.867956,2024-03-16 10:44:47.867956,23.8,1,0,0.9916666666666667
I001746,P007,S0069,T004,D0005,Story,Low,,In Progress,2024-03-20 04:27:15.726397,,,0,0,
I001747,P007,S0069,T004,D0035,Task,Critical,,Done,2024-03-19 01:18:23.334489,2024-03-19 18:42:23.334489,17.4,0,0,0.725
I001748,P007,S0069,T004,D0038,Task,High,,Done,2024-03-17 03:17:30.320291,2024-03-18 03:59:30.320291,24.7,0,0,1.0291666666666666
I001749,P007,S0069,T004,D0058,Story,Medium,,Done,2024-03-20 21:25:21.303979,2024-03-22 18:55:21.303979,45.5,0,0,1.8958333333333333
I001750,P007,S0069,T004,D0032,Task,Medium,,Reopened,2024-03-13 22:25:56.514329,2024-03-14 21:37:56.514329,23.2,1,0,0.9666666666666667
I001751,P007,S0069,T004,D0029,Task,Low,,In Progress,2024-03-13 06:25:56.343474,,,0,0,
I001752,P007,S0069,T004,D0002,Bug,Medium,Minor,In Progress,2024-03-17 19:16:29.342854,,,0,1,
I001753,P007,S0069,T004,D0007,Story,Low,,Done,2024-03-15 02:08:37.600971,2024-03-16 20:02:37.600971,41.9,0,0,1.7458333333333333
I001754,P007,S0069,T004,D0029,Sub-task,Low,,Done,2024-03-19 23:00:08.435554,2024-03-22 09:30:08.435554,58.5,0,0,2.4375
I001755,P007,S0069,T004,D0020,Sub-task,Medium,,Reopened,2024-03-19 05:06:56.026576,2024-03-19 21:06:56.026576,16.0,1,0,0.6666666666666666
I001756,P007,S0069,T004,D0014,Story,Medium,,In Progress,2024-03-15 16:40:18.555292,,,0,0,
I001757,P007,S0069,T004,D0005,Sub-task,Low,,Done,2024-03-15 08:14:34.021013,2024-03-20 14:32:34.021013,126.3,0,0,5.2625
I001758,P007,S0069,T004,D0012,Bug,Medium,Minor,In Progress,2024-03-20 22:54:08.514712,,,0,0,
I001759,P007,S0069,T004,D0048,Story,Medium,,Done,2024-03-17 12:06:01.848029,2024-03-19 03:18:01.848029,39.2,0,0,1.6333333333333333
I001760,P007,S0069,T004,D0029,Task,Critical,,Done,2024-03-16 10:04:09.831650,2024-03-17 16:10:09.831650,30.1,0,0,1.2541666666666667
I001761,P007,S0069,T004,D0005,Task,Low,,Done,2024-03-15 02:06:21.719210,2024-03-15 05:18:21.719210,3.2,0,0,0.13333333333333333
I001762,P007,S0070,T004,D0052,Task,Low,,In Progress,2024-03-28 13:11:19.136621,,,0,0,
I001763,P007,S0070,T004,D0035,Bug,Low,Blocker,Done,2024-03-29 18:48:42.880069,2024-03-30 12:54:42.880069,18.1,0,1,0.7541666666666667
I001764,P007,S0070,T004,D0032,Story,Critical,,Done,2024-04-03 10:18:22.551593,2024-04-03 19:06:22.551593,8.8,0,0,0.36666666666666664
I001765,P007,S0070,T004,D0029,Task,Critical,,Done,2024-04-02 15:34:16.517923,2024-04-02 21:28:16.517923,5.9,0,0,0.24583333333333332
I001766,P007,S0070,T004,D0058,Bug,Low,Minor,Done,2024-03-25 10:12:46.700359,2024-03-26 09:12:46.700359,23.0,0,0,0.9583333333333334
I001767,P007,S0070,T004,D0049,Task,Medium,,Done,2024-03-29 16:21:27.186865,2024-03-30 04:51:27.186865,12.5,0,0,0.5208333333333334
I001768,P007,S0070,T004,D0048,Story,High,,In Progress,2024-03-25 20:31:44.750755,,,0,0,
I001769,P007,S0070,T004,D0029,Task,Medium,,Done,2024-03-29 17:01:51.132976,2024-03-31 02:25:51.132976,33.4,0,0,1.3916666666666666
I001770,P007,S0070,T004,D0048,Task,Low,,Done,2024-03-25 11:56:39.660313,2024-03-27 16:08:39.660313,52.2,0,0,2.175
I001771,P007,S0070,T004,D0034,Bug,Medium,Major,In Progress,2024-03-31 07:16:54.132783,,,0,0,
I001772,P007,S0070,T004,D0032,Sub-task,High,,Reopened,2024-03-29 09:40:11.696430,2024-03-29 15:04:11.696430,5.4,1,0,0.225
I001773,P007,S0070,T004,D0012,Story,Medium,,In Progress,2024-03-29 04:26:51.586876,,,0,0,
I001774,P007,S0070,T004,D0002,Story,Medium,,Done,2024-03-28 18:12:48.096219,2024-03-29 14:00:48.096219,19.8,0,0,0.825
I001775,P007,S0070,T004,D0012,Story,Medium,,Reopened,2024-03-28 01:44:28.110415,2024-03-28 05:08:28.110415,3.4,1,0,0.14166666666666666
I001776,P007,S0070,T004,D0022,Story,Low,,Done,2024-04-03 10:40:31.164214,2024-04-04 17:52:31.164214,31.2,0,0,1.3
I001777,P007,S0070,T004,D0022,Story,Low,,In Progress,2024-04-01 07:36:52.726305,,,0,0,
I001778,P007,S0070,T004,D0022,Bug,Low,Major,In Progress,2024-04-02 05:29:39.962286,,,0,0,
I001779,P007,S0070,T004,D0049,Bug,Medium,Blocker,Done,2024-03-23 03:44:48.691976,2024-03-23 19:38:48.691976,15.9,0,0,0.6625
I001780,P007,S0070,T004,D0002,Bug,Medium,Critical,In Progress,2024-04-04 13:32:28.600803,,,0,0,
I001781,P007,S0070,T004,D0034,Task,Low,,Done,2024-03-27 11:09:16.618996,2024-03-29 08:15:16.618996,45.1,0,0,1.8791666666666667
I001782,P007,S0070,T004,D0005,Story,Medium,,Done,2024-03-26 13:35:46.984130,2024-03-26 23:53:46.984130,10.3,0,0,0.42916666666666664
I001783,P008,S0071,T005,D0016,Bug,Low,Major,Done,2024-01-04 00:55:39.204128,2024-01-06 22:01:39.204128,187.03000000000293,0,0,2.879166666666667
I001784,P008,S0071,T005,D0028,Task,Medium,,Done,2024-01-07 11:26:33.222732,2024-01-08 02:14:33.222732,14.8,0,0,0.6166666666666667
I001785,P008,S0071,T005,D0051,Bug,Critical,Minor,Done,2023-12-30 13:56:54.059653,2023-12-31 03:32:54.059653,13.6,0,0,0.5666666666666667
I001786,P008,S0071,T005,D0051,Story,High,,Done,2023-12-28 07:48:28.194077,2023-12-30 07:54:28.194077,48.1,0,0,2.004166666666667
I001787,P008,S0071,T005,D0039,Sub-task,Medium,,Done,2024-01-04 04:18:27.139552,2024-01-05 20:24:27.139552,40.1,0,0,1.6708333333333334
I001788,P008,S0071,T005,D0011,Task,High,,Done,2024-01-03 03:17:17.823913,2024-01-05 12:17:17.823913,57.0,0,0,2.375
I001789,P008,S0071,T005,D0028,Story,High,,Reopened,2024-01-08 15:30:01.508858,2024-01-09 17:00:01.508858,25.5,1,0,1.0625
I001790,P008,S0071,T005,D0039,Story,Critical,,Done,2024-01-08 13:37:00.080921,2024-01-11 16:07:00.080921,74.5,0,0,3.1041666666666665
I001791,P008,S0071,T005,D0016,Story,Medium,,Done,2023-12-30 17:44:04.668408,2024-01-04 00:56:04.668408,103.2,0,0,4.3
I001792,P008,S0071,T005,D0051,Task,Critical,,In Progress,2024-01-07 12:29:44.716142,,,0,0,
I001793,P008,S0071,T005,D0016,Bug,Medium,Minor,Won't Fix,2023-12-29 15:42:08.862093,2023-12-30 10:00:08.862093,18.3,0,0,0.7625
I001794,P008,S0071,T005,D0011,Bug,Medium,Minor,Done,2023-12-28 00:24:42.476843,2023-12-28 13:12:42.476843,12.8,0,0,0.5333333333333333
I001795,P008,S0071,T005,D0051,Task,Medium,,Done,2024-01-03 17:57:23.831518,2024-01-04 08:51:23.831518,14.9,0,0,0.6208333333333333
I001796,P008,S0071,T005,D0039,Task,Medium,,In Progress,2024-01-09 02:22:51.238728,,,0,0,
I001797,P008,S0071,T005,D0011,Bug,Medium,Major,Done,2024-01-08 14:14:20.450338,2024-01-12 18:26:20.450338,100.2,0,1,4.175
I001798,P008,S0071,T005,D0011,Task,High,,In Progress,2023-12-30 13:11:43.717621,,,0,0,
I001799,P008,S0071,T005,D0016,Task,Low,,Done,2024-01-02 01:51:33.140912,2024-01-03 23:15:33.140912,45.4,0,0,1.8916666666666666
I001800,P008,S0071,T005,D0051,Task,Low,,Done,2024-01-05 18:50:48.410347,2024-01-06 14:56:48.410347,20.1,0,0,0.8375
I001801,P008,S0071,T005,D0011,Bug,Low,Critical,Done,2023-12-30 14:11:39.288084,2024-01-01 07:05:39.288084,40.9,1,0,1.7041666666666666
I001802,P008,S0071,T005,D0028,Task,Low,,Done,2024-01-04 12:43:01.240126,2024-01-05 08:25:01.240126,19.7,0,0,0.8208333333333333
I001803,P008,S0071,T005,D0039,Bug,Low,Major,Done,2023-12-28 23:06:20.243387,2024-01-01 22:30:20.243387,95.4,0,0,3.975
I001804,P008,S0071,T005,D0051,Bug,Low,Minor,In Progress,2023-12-30 15:59:21.304182,,,0,0,
I001805,P008,S0071,T005,D0051,Bug,Low,Major,In Progress,2024-01-06 14:44:23.850259,,,0,0,
I001806,P008,S0071,T005,D0039,Task,Medium,,Done,2024-01-04 11:47:58.362376,2024-01-08 10:41:58.362376,94.9,0,0,3.9541666666666666
I001807,P008,S0071,T005,D0016,Bug,Critical,Major,Done,2023-12-29 15:48:30.479968,2023-12-29 22:00:30.479968,6.2,0,1,0.25833333333333336
I001808,P008,S0071,T005,D0011,Task,High,,Done,2024-01-01 18:27:46.580462,2024-01-02 15:33:46.580462,21.1,0,0,0.8791666666666667
I001809,P008,S0071,T005,D0039,Sub-task,High,,Done,2024-01-08 11:44:39.649315,2024-01-09 12:38:39.649315,24.9,0,0,1.0375
I001810,P008,S0071,T005,D0051,Story,Low,,Done,2024-01-07 04:34:50.385876,2024-01-10 20:52:50.385876,88.3,0,0,3.6791666666666667
I001811,P008,S0071,T005,D0011,Bug,High,Major,Done,2023-12-31 03:26:51.642542,2024-01-02 00:26:51.642542,45.0,0,0,1.875
I001812,P008,S0071,T005,D0016,Story,Medium,,Done,2024-01-09 23:56:21.137891,2024-01-10 08:20:21.137891,8.4,0,0,0.35
I001813,P008,S0071,T005,D0051,Story,High,,Done,2024-01-01 16:37:23.139364,2024-01-02 16:25:23.139364,23.8,0,0,0.9916666666666667
I001814,P008,S0071,T005,D0011,Story,Medium,,Reopened,2024-01-04 02:22:08.518225,2024-01-05 05:28:08.518225,27.1,1,0,1.1291666666666667
I001815,P008,S0071,T005,D0051,Story,Medium,,Done,2024-01-04 03:16:48.310016,2024-01-05 23:52:48.310016,44.6,0,0,1.8583333333333334
I001816,P008,S0071,T005,D0051,Task,Low,,In Progress,2023-12-28 15:59:12.252616,,,0,0,
I001817,P008,S0072,T005,D0011,Story,High,,In Progress,2024-01-18 02:39:45.739100,,,0,0,
I001818,P008,S0072,T005,D0011,Bug,Low,Minor,Done,2024-01-23 19:07:37.090333,2024-01-28 02:49:37.090333,103.7,0,0,4.320833333333334
I001819,P008,S0072,T005,D0039,Task,Medium,,Done,2024-01-13 08:33:09.313159,2024-01-14 17:03:09.313159,32.5,0,0,1.3541666666666667
I001820,P008,S0072,T005,D0028,Task,Low,,Reopened,2024-01-19 12:10:14.627378,2024-01-19 15:34:14.627378,3.4,1,0,0.14166666666666666
I001821,P008,S0072,T005,D0011,Task,Medium,,Done,2024-01-22 17:51:39.150571,2024-01-23 23:21:39.150571,29.5,0,0,1.2291666666666667
I001822,P008,S0072,T005,D0039,Task,Critical,,Done,2024-01-14 22:23:17.811081,2024-01-15 22:23:17.811081,24.0,0,0,1.0
I001823,P008,S0072,T005,D0028,Task,Medium,,Done,2024-01-19 04:38:55.033162,2024-01-19 19:32:55.033162,14.9,0,0,0.6208333333333333
I001824,P008,S0072,T005,D0028,Story,High,,Done,2024-01-12 19:41:32.064556,2024-01-13 04:17:32.064556,8.6,0,0,0.35833333333333334
I001825,P008,S0072,T005,D0011,Story,Medium,,In Progress,2024-01-13 12:13:11.228893,,,0,0,
I001826,P008,S0072,T005,D0039,Story,Low,,Done,2024-01-23 06:53:25.348702,2024-01-24 20:23:25.348702,37.5,0,0,1.5625
I001827,P008,S0072,T005,D0039,Bug,High,Minor,Reopened,2024-01-22 11:28:22.616743,2024-01-23 13:34:22.616743,26.1,1,0,1.0875
I001828,P008,S0072,T005,D0028,Bug,Medium,Minor,Done,2024-01-16 19:31:57.824339,2024-01-21 18:43:57.824339,119.2,0,0,4.966666666666667
I001829,P008,S0072,T005,D0051,Bug,Medium,Major,Done,2024-01-11 08:19:41.755725,2024-01-14 19:25:41.755725,83.1,0,0,3.4625
I001830,P008,S0072,T005,D0051,Bug,Medium,Minor,Done,2024-01-17 04:05:22.076383,2024-01-17 09:05:22.076383,5.0,0,0,0.20833333333333334
I001831,P008,S0072,T005,D0051,Task,Medium,,Done,2024-01-22 15:02:58.683674,2024-01-27 16:14:58.683674,187.03000000000293,0,0,5.05
I001832,P008,S0072,T005,D0011,Story,Low,,Reopened,2024-01-16 17:36:10.293926,2024-01-17 09:30:10.293926,15.9,1,0,0.6625
I001833,P008,S0072,T005,D0028,Bug,Low,Blocker,In Progress,2024-01-22 20:16:27.697010,,,0,1,
I001834,P008,S0072,T005,D0016,Bug,High,Major,Won't Fix,2024-01-23 18:15:43.708779,2024-01-24 08:27:43.708779,14.2,0,0,0.5916666666666667
I001835,P008,S0072,T005,D0028,Story,Low,,Done,2024-01-18 18:09:05.149365,2024-01-24 16:57:05.149365,142.8,0,0,5.95
I001836,P008,S0072,T005,D0051,Story,Medium,,Done,2024-01-14 05:12:35.753776,2024-01-14 13:24:35.753776,8.2,0,0,0.3416666666666667
I001837,P008,S0072,T005,D0028,Bug,Low,Major,Reopened,2024-01-20 18:19:09.998584,2024-01-23 22:31:09.998584,76.2,1,0,3.175
I001838,P008,S0072,T005,D0011,Bug,Low,Major,Done,2024-01-14 23:12:33.836859,2024-01-17 00:54:33.836859,49.7,0,1,2.0708333333333333
I001839,P008,S0072,T005,D0028,Bug,High,Major,Done,2024-01-11 03:17:48.992300,2024-01-12 04:29:48.992300,25.2,0,0,1.05
I001840,P008,S0072,T005,D0051,Sub-task,Low,,In Progress,2024-01-14 16:34:56.023303,,,0,0,
I001841,P008,S0072,T005,D0011,Bug,Medium,Major,Done,2024-01-17 18:48:36.619205,2024-01-18 11:54:36.619205,17.1,0,0,0.7125
I001842,P008,S0072,T005,D0016,Sub-task,Low,,In Progress,2024-01-18 02:29:00.543677,,,0,0,
I001843,P008,S0072,T005,D0039,Bug,Low,Minor,Won't Fix,2024-01-22 06:08:33.145192,2024-01-23 18:26:33.145192,36.3,0,1,1.5125
I001844,P008,S0072,T005,D0028,Bug,High,Minor,Done,2024-01-18 02:08:04.556897,2024-01-19 22:14:04.556897,44.1,0,0,1.8375
I001845,P008,S0072,T005,D0016,Story,Medium,,Won't Fix,2024-01-16 16:51:41.434326,2024-01-16 18:09:41.434326,1.3,0,0,0.05416666666666667
I001846,P008,S0072,T005,D0028,Task,High,,Reopened,2024-01-20 06:19:59.141853,2024-01-20 19:49:59.141853,13.5,1,0,0.5625
I001847,P008,S0072,T005,D0028,Bug,Low,Major,In Progress,2024-01-13 13:21:58.202811,,,0,0,
I001848,P008,S0072,T005,D0011,Sub-task,Medium,,Reopened,2024-01-12 16:03:07.878032,2024-01-18 05:09:07.878032,133.1,1,0,5.545833333333333
I001849,P008,S0072,T005,D0016,Bug,Low,Major,Done,2024-01-14 00:57:38.488157,2024-01-16 01:27:38.488157,48.5,0,0,2.0208333333333335
I001850,P008,S0073,T005,D0028,Story,Medium,,In Progress,2024-02-02 10:58:45.605374,,,0,0,
I001851,P008,S0073,T005,D0011,Story,Medium,,Done,2024-01-26 03:12:50.152747,2024-01-27 11:30:50.152747,32.3,0,0,1.3458333333333334
I001852,P008,S0073,T005,D0051,Sub-task,Low,,In Progress,2024-02-04 19:53:43.064083,,,0,0,
I001853,P008,S0073,T005,D0039,Bug,Critical,Minor,In Progress,2024-02-04 19:32:05.802167,,,0,0,
I001854,P008,S0073,T005,D0011,Bug,Medium,Critical,Done,2024-02-05 01:18:47.483097,2024-02-05 17:54:47.483097,16.6,0,1,0.6916666666666667
I001855,P008,S0073,T005,D0039,Story,Medium,,Done,2024-01-31 07:21:15.708931,2024-02-02 09:45:15.708931,50.4,0,0,2.1
I001856,P008,S0073,T005,D0016,Task,Low,,Done,2024-02-01 04:39:30.388866,2024-02-01 23:45:30.388866,19.1,0,0,0.7958333333333333
I001857,P008,S0073,T005,D0011,Story,Low,,Done,2024-02-05 20:48:45.151334,2024-02-08 17:12:45.151334,68.4,0,0,2.85
I001858,P008,S0073,T005,D0016,Bug,Low,Major,Done,2024-01-25 23:54:01.181844,2024-01-27 00:18:01.181844,24.4,0,0,1.0166666666666666
I001859,P008,S0073,T005,D0011,Bug,Medium,Minor,Reopened,2024-01-31 08:27:24.825221,2024-02-04 08:57:24.825221,96.5,1,0,4.020833333333333
I001860,P008,S0073,T005,D0051,Bug,Medium,Major,Won't Fix,2024-01-31 22:20:23.144087,2024-02-06 02:26:23.144087,124.1,0,0,5.170833333333333
I001861,P008,S0073,T005,D0016,Bug,Medium,Minor,Done,2024-02-02 02:48:46.627529,2024-02-03 07:18:46.627529,28.5,1,0,1.1875
I001862,P008,S0073,T005,D0011,Story,Critical,,In Progress,2024-01-27 19:57:02.851214,,,0,0,
I001863,P008,S0073,T005,D0051,Sub-task,Medium,,Done,2024-01-28 00:12:29.623337,2024-01-30 23:06:29.623337,70.9,0,0,2.9541666666666666
I001864,P008,S0073,T005,D0016,Story,Medium,,Done,2024-01-29 03:37:38.344322,2024-01-30 19:25:38.344322,39.8,0,0,1.6583333333333334
I001865,P008,S0073,T005,D0028,Task,Medium,,Done,2024-02-02 21:32:53.171234,2024-02-03 09:56:53.171234,12.4,0,0,0.5166666666666667
I001866,P008,S0073,T005,D0011,Task,Medium,,Done,2024-01-28 00:25:49.622177,2024-01-31 03:37:49.622177,75.2,0,0,3.1333333333333333
I001867,P008,S0073,T005,D0016,Bug,Medium,Minor,Done,2024-01-26 08:16:30.678270,2024-01-27 14:04:30.678270,29.8,0,0,1.2416666666666667
I001868,P008,S0073,T005,D0039,Task,Medium,,Done,2024-01-30 18:57:54.490571,2024-02-01 12:27:54.490571,41.5,0,0,1.7291666666666667
I001869,P008,S0073,T005,D0011,Task,Low,,Done,2024-02-01 23:53:45.469122,2024-02-03 00:59:45.469122,187.03000000000293,0,0,1.0458333333333334
I001870,P008,S0073,T005,D0039,Task,Medium,,Done,2024-01-29 18:00:11.145781,2024-01-31 23:18:11.145781,53.3,0,0,2.220833333333333
I001871,P008,S0073,T005,D0028,Task,High,,Reopened,2024-01-25 10:45:43.468585,2024-01-26 12:15:43.468585,25.5,1,0,1.0625
I001872,P008,S0074,T005,D0011,Story,Medium,,Done,2024-02-11 02:13:56.419034,2024-02-12 13:13:56.419034,35.0,0,0,1.4583333333333333
I001873,P008,S0074,T005,D0051,Bug,Low,Critical,Done,2024-02-17 03:17:17.421501,2024-02-19 16:41:17.421501,61.4,0,0,2.558333333333333
I001874,P008,S0074,T005,D0039,Story,High,,In Progress,2024-02-16 04:31:25.375963,,,0,0,
I001875,P008,S0074,T005,D0016,Bug,Medium,Minor,Reopened,2024-02-17 13:36:55.896976,2024-02-19 16:12:55.896976,50.6,1,0,2.1083333333333334
I001876,P008,S0074,T005,D0039,Bug,Medium,Minor,Done,2024-02-10 11:30:50.852788,2024-02-12 12:12:50.852788,48.7,0,0,2.029166666666667
I001877,P008,S0074,T005,D0051,Story,Medium,,Done,2024-02-18 12:38:35.375424,2024-02-18 16:32:35.375424,3.9,0,0,0.1625
I001878,P008,S0074,T005,D0016,Story,High,,Done,2024-02-11 01:16:12.592989,2024-02-12 04:46:12.592989,27.5,0,0,1.1458333333333333
I001879,P008,S0074,T005,D0011,Bug,Medium,Critical,Done,2024-02-19 06:30:49.891746,2024-02-20 01:18:49.891746,18.8,0,1,0.7833333333333333
I001880,P008,S0074,T005,D0039,Bug,Low,Minor,In Progress,2024-02-14 00:42:44.554520,,,0,0,
I001881,P008,S0074,T005,D0051,Task,Medium,,Done,2024-02-10 16:05:43.749392,2024-02-13 22:17:43.749392,78.2,0,0,3.2583333333333333
I001882,P008,S0074,T005,D0028,Task,Medium,,In Progress,2024-02-15 18:03:15.165940,,,0,0,
I001883,P008,S0074,T005,D0016,Story,Critical,,Done,2024-02-17 04:06:00.168208,2024-02-17 12:42:00.168208,8.6,0,0,0.35833333333333334
I001884,P008,S0074,T005,D0039,Story,Low,,Reopened,2024-02-09 07:48:09.917696,2024-02-11 02:12:09.917696,42.4,1,0,1.7666666666666666
I001885,P008,S0074,T005,D0011,Task,High,,Done,2024-02-10 15:17:10.779911,2024-02-11 07:05:10.779911,15.8,0,0,0.6583333333333333
I001886,P008,S0074,T005,D0016,Bug,Low,Major,Done,2024-02-12 04:24:36.657176,2024-02-13 23:30:36.657176,43.1,0,0,1.7958333333333334
I001887,P008,S0074,T005,D0016,Sub-task,Low,,Done,2024-02-14 06:28:12.919295,2024-02-14 22:46:12.919295,16.3,0,0,0.6791666666666667
I001888,P008,S0074,T005,D0039,Sub-task,Medium,,Done,2024-02-10 16:23:33.588893,2024-02-11 07:05:33.588893,14.7,0,0,0.6125
I001889,P008,S0074,T005,D0039,Bug,Low,Major,In Progress,2024-02-15 22:23:51.652415,,,0,0,
I001890,P008,S0074,T005,D0016,Bug,Medium,Major,Done,2024-02-14 00:14:55.660038,2024-02-15 06:14:55.660038,30.0,0,0,1.25
I001891,P008,S0074,T005,D0016,Task,Medium,,In Progress,2024-02-15 04:25:19.162311,,,0,0,
I001892,P008,S0074,T005,D0011,Story,Critical,,Done,2024-02-20 17:54:11.740704,2024-02-20 19:06:11.740704,1.2,0,0,0.05
I001893,P008,S0074,T005,D0039,Story,High,,Done,2024-02-18 11:19:01.094567,2024-02-21 20:13:01.094567,80.9,0,0,3.370833333333333
I001894,P008,S0074,T005,D0051,Task,Low,,Done,2024-02-16 02:56:23.062606,2024-02-18 02:50:23.062606,47.9,0,0,1.9958333333333333
I001895,P008,S0075,T005,D0051,Bug,Medium,Minor,Reopened,2024-03-03 20:20:54.192093,2024-03-05 00:56:54.192093,28.6,1,0,1.1916666666666667
I001896,P008,S0075,T005,D0011,Story,Medium,,Done,2024-02-29 19:59:00.734340,2024-03-04 23:47:00.734340,99.8,0,0,4.158333333333333
I001897,P008,S0075,T005,D0051,Bug,Low,Critical,Won't Fix,2024-02-25 02:53:31.151956,2024-02-26 00:35:31.151956,21.7,0,0,0.9041666666666667
I001898,P008,S0075,T005,D0028,Bug,Medium,Major,Done,2024-02-27 19:34:44.274480,2024-03-01 11:04:44.274480,63.5,0,0,2.6458333333333335
I001899,P008,S0075,T005,D0011,Sub-task,Medium,,Won't Fix,2024-02-27 05:41:38.798213,2024-02-29 04:11:38.798213,46.5,0,0,1.9375
I001900,P008,S0075,T005,D0051,Bug,High,Minor,Done,2024-02-24 14:47:27.550328,2024-02-28 10:29:27.550328,91.7,0,0,3.8208333333333333
I001901,P008,S0075,T005,D0028,Sub-task,Low,,Done,2024-02-25 00:22:45.535134,2024-02-27 14:58:45.535134,62.6,0,0,2.6083333333333334
I001902,P008,S0075,T005,D0028,Story,Low,,Done,2024-02-29 03:10:24.709923,2024-03-07 03:16:24.709923,168.1,0,0,7.004166666666666
I001903,P008,S0075,T005,D0011,Bug,Medium,Minor,Done,2024-02-24 17:50:57.974825,2024-02-24 22:20:57.974825,4.5,0,1,0.1875
I001904,P008,S0075,T005,D0028,Bug,High,Major,In Progress,2024-02-28 16:20:36.283867,,,0,0,
I001905,P008,S0075,T005,D0039,Story,Low,,Done,2024-03-02 23:27:43.520268,2024-03-04 23:21:43.520268,47.9,0,0,1.9958333333333333
I001906,P008,S0075,T005,D0051,Task,High,,Done,2024-03-04 23:52:51.005978,2024-03-05 13:58:51.005978,14.1,0,0,0.5875
I001907,P008,S0075,T005,D0051,Bug,High,Minor,In Progress,2024-02-27 13:34:57.453246,,,0,0,
I001908,P008,S0075,T005,D0028,Task,Medium,,Done,2024-02-24 21:05:53.512461,2024-02-25 15:59:53.512461,18.9,0,0,0.7875
I001909,P008,S0075,T005,D0011,Bug,Medium,Critical,Done,2024-03-03 21:06:49.949780,2024-03-04 08:18:49.949780,11.2,0,0,0.4666666666666667
I001910,P008,S0075,T005,D0016,Bug,Low,Minor,Done,2024-03-01 05:10:42.286839,2024-03-04 22:52:42.286839,89.7,0,0,3.7375
I001911,P008,S0075,T005,D0016,Bug,High,Blocker,Won't Fix,2024-03-01 10:04:11.246591,2024-03-02 15:10:11.246591,29.1,0,0,1.2125
I001912,P008,S0075,T005,D0016,Task,Medium,,In Progress,2024-03-02 09:06:44.597073,,,0,0,
I001913,P008,S0075,T005,D0011,Bug,High,Major,Done,2024-02-25 16:58:07.543515,2024-02-26 21:04:07.543515,28.1,0,0,1.1708333333333334
I001914,P008,S0075,T005,D0011,Bug,Medium,Minor,Done,2024-02-29 09:26:35.224059,2024-03-02 08:56:35.224059,47.5,0,0,1.9791666666666667
I001915,P008,S0075,T005,D0016,Bug,Medium,Major,In Progress,2024-02-26 11:26:37.945702,,,0,0,
I001916,P008,S0075,T005,D0039,Bug,Low,Critical,Done,2024-03-03 07:17:13.898150,2024-03-05 20:11:13.898150,60.9,0,0,2.5375
I001917,P008,S0075,T005,D0028,Task,Low,,In Progress,2024-02-24 04:54:38.996122,,,0,0,
I001918,P008,S0076,T005,D0051,Sub-task,Medium,,Done,2024-03-19 05:43:29.314586,2024-03-22 09:19:29.314586,75.6,0,0,3.15
I001919,P008,S0076,T005,D0011,Story,Medium,,Done,2024-03-11 09:49:10.791859,2024-03-17 23:19:10.791859,187.03000000000293,0,0,6.5625
I001920,P008,S0076,T005,D0039,Sub-task,Low,,Done,2024-03-10 18:55:03.025495,2024-03-15 20:07:03.025495,121.2,0,0,5.05
I001921,P008,S0076,T005,D0039,Bug,Critical,Minor,Reopened,2024-03-12 16:58:16.022115,2024-03-13 02:22:16.022115,9.4,1,0,0.39166666666666666
I001922,P008,S0076,T005,D0028,Bug,High,Minor,Done,2024-03-12 10:44:46.393378,2024-03-13 11:26:46.393378,24.7,0,0,1.0291666666666666
I001923,P008,S0076,T005,D0011,Story,Low,,Done,2024-03-09 08:18:38.514662,2024-03-10 09:24:38.514662,25.1,0,0,1.0458333333333334
I001924,P008,S0076,T005,D0051,Sub-task,Low,,Done,2024-03-13 12:04:57.094799,2024-03-16 18:16:57.094799,78.2,0,0,3.2583333333333333
I001925,P008,S0076,T005,D0016,Task,Medium,,Won't Fix,2024-03-08 14:49:31.918647,2024-03-08 17:07:31.918647,2.3,0,0,0.09583333333333334
I001926,P008,S0076,T005,D0039,Bug,Low,Minor,Done,2024-03-08 16:45:16.839588,2024-03-11 19:33:16.839588,187.03000000000293,0,0,3.1166666666666667
I001927,P008,S0076,T005,D0051,Story,Low,,Done,2024-03-11 10:01:51.337656,2024-03-11 18:01:51.337656,8.0,0,0,0.3333333333333333
I001928,P008,S0076,T005,D0051,Story,Medium,,Done,2024-03-07 11:46:51.065597,2024-03-10 03:58:51.065597,64.2,0,0,2.675
I001929,P008,S0076,T005,D0011,Bug,High,Minor,Done,2024-03-18 04:46:48.509223,2024-03-18 13:34:48.509223,8.8,0,1,0.36666666666666664
I001930,P008,S0076,T005,D0028,Bug,Critical,Minor,In Progress,2024-03-14 08:35:25.402344,,,0,0,
I001931,P008,S0076,T005,D0051,Bug,Low,Major,Reopened,2024-03-10 02:06:25.880604,2024-03-11 23:30:25.880604,45.4,1,1,1.8916666666666666
I001932,P008,S0076,T005,D0051,Bug,Low,Critical,Done,2024-03-08 02:15:40.234344,2024-03-15 07:09:40.234344,172.9,0,0,7.204166666666667
I001933,P008,S0076,T005,D0028,Task,Medium,,Done,2024-03-10 10:46:32.114919,2024-03-10 22:46:32.114919,12.0,0,0,0.5
I001934,P008,S0076,T005,D0039,Story,Low,,Done,2024-03-14 14:16:34.355436,2024-03-19 18:22:34.355436,124.1,0,0,5.170833333333333
I001935,P008,S0076,T005,D0051,Task,High,,In Progress,2024-03-13 01:44:10.867207,,,0,0,
I001936,P008,S0076,T005,D0028,Bug,Critical,Major,Done,2024-03-14 08:57:18.109787,2024-03-15 05:57:18.109787,21.0,0,0,0.875
I001937,P008,S0076,T005,D0039,Bug,Medium,Critical,Reopened,2024-03-19 07:24:04.948820,2024-03-21 02:24:04.948820,43.0,1,0,1.7916666666666667
I001938,P008,S0076,T005,D0016,Bug,Low,Major,Done,2024-03-07 09:08:22.689462,2024-03-08 09:08:22.689462,24.0,0,1,1.0
I001939,P008,S0076,T005,D0051,Story,Low,,In Progress,2024-03-11 08:33:31.576353,,,0,0,
I001940,P008,S0076,T005,D0028,Bug,High,Minor,Done,2024-03-12 05:57:11.834144,2024-03-12 12:03:11.834144,6.1,0,0,0.25416666666666665
I001941,P008,S0076,T005,D0016,Bug,High,Major,Done,2024-03-09 17:34:39.908388,2024-03-10 13:52:39.908388,20.3,0,0,0.8458333333333333
I001942,P008,S0076,T005,D0011,Story,Low,,Reopened,2024-03-18 15:22:44.176423,2024-03-22 19:58:44.176423,100.6,1,0,4.191666666666666
I001943,P008,S0076,T005,D0039,Bug,Low,Major,Done,2024-03-10 07:43:00.772185,2024-03-11 13:31:00.772185,29.8,0,1,1.2416666666666667
I001944,P008,S0077,T005,D0016,Story,Low,,Done,2024-03-25 17:08:11.360021,2024-03-30 01:32:11.360021,104.4,0,0,4.35
I001945,P008,S0077,T005,D0028,Story,Medium,,Done,2024-03-29 04:08:07.875127,2024-03-30 13:38:07.875127,33.5,0,0,1.3958333333333333
I001946,P008,S0077,T005,D0039,Bug,Medium,Critical,In Progress,2024-03-25 13:38:04.492750,,,0,0,
I001947,P008,S0077,T005,D0039,Story,Low,,In Progress,2024-03-24 03:57:18.136141,,,0,0,
I001948,P008,S0077,T005,D0039,Bug,Medium,Major,Won't Fix,2024-03-26 02:35:47.181007,2024-03-29 08:59:47.181007,78.4,0,0,3.2666666666666666
I001949,P008,S0077,T005,D0016,Story,Medium,,In Progress,2024-03-28 09:27:40.078757,,,0,0,
I001950,P008,S0077,T005,D0039,Bug,Low,Minor,Won't Fix,2024-03-23 23:44:11.943694,2024-03-24 20:08:11.943694,20.4,0,0,0.85
I001951,P008,S0077,T005,D0011,Sub-task,Low,,Done,2024-03-25 02:46:38.890070,2024-03-28 13:34:38.890070,82.8,0,0,3.45
I001952,P008,S0077,T005,D0051,Sub-task,Medium,,Reopened,2024-03-30 16:52:05.788327,2024-03-31 07:22:05.788327,14.5,1,0,0.6041666666666666
I001953,P008,S0077,T005,D0016,Story,Low,,Won't Fix,2024-03-29 21:58:27.594644,2024-03-30 21:58:27.594644,24.0,0,0,1.0
I001954,P008,S0077,T005,D0016,Bug,High,Blocker,In Progress,2024-03-27 05:21:17.729099,,,0,0,
I001955,P008,S0077,T005,D0051,Sub-task,Medium,,Done,2024-03-28 08:30:25.590022,2024-03-30 18:06:25.590022,57.6,0,0,2.4
I001956,P008,S0077,T005,D0016,Bug,Low,Major,Done,2024-03-28 19:43:15.768445,2024-03-29 04:43:15.768445,9.0,0,0,0.375
I001957,P008,S0077,T005,D0039,Bug,Medium,Critical,In Progress,2024-03-28 00:04:28.049018,,,0,0,
I001958,P008,S0077,T005,D0039,Sub-task,Low,,Done,2024-03-23 08:26:29.673913,2024-03-24 06:20:29.673913,21.9,0,0,0.9125
I001959,P008,S0077,T005,D0039,Bug,Medium,Minor,Done,2024-04-01 19:46:33.721727,2024-04-05 00:34:33.721727,76.8,0,0,3.2
I001960,P008,S0077,T005,D0028,Sub-task,High,,Done,2024-03-28 00:23:17.234815,2024-03-30 12:53:17.234815,60.5,0,0,2.5208333333333335
I001961,P008,S0077,T005,D0011,Task,High,,Won't Fix,2024-03-23 22:36:00.646976,2024-03-25 23:42:00.646976,49.1,0,0,2.0458333333333334
I001962,P008,S0077,T005,D0051,Bug,High,Minor,Done,2024-03-21 12:18:49.966845,2024-03-21 21:06:49.966845,8.8,0,0,0.36666666666666664
I001963,P008,S0077,T005,D0028,Task,Medium,,Done,2024-03-25 05:21:52.636400,2024-03-26 02:09:52.636400,20.8,0,0,0.8666666666666667
I001964,P008,S0077,T005,D0039,Story,Critical,,Done,2024-03-31 06:13:27.708820,2024-03-31 22:13:27.708820,16.0,0,0,0.6666666666666666
I001965,P008,S0077,T005,D0011,Task,Medium,,Done,2024-03-22 09:56:52.460706,2024-03-23 18:44:52.460706,32.8,0,0,1.3666666666666667
I001966,P008,S0077,T005,D0039,Bug,Low,Major,In Progress,2024-03-26 17:20:53.950441,,,0,1,
I001967,P008,S0077,T005,D0028,Story,Medium,,Done,2024-03-30 12:31:44.103012,2024-04-03 04:55:44.103012,88.4,0,0,3.683333333333333
I001968,P008,S0077,T005,D0016,Task,Low,,In Progress,2024-03-29 05:35:53.035072,,,0,0,
I001969,P008,S0077,T005,D0011,Task,Critical,,In Progress,2024-03-28 13:01:55.781626,,,0,0,
I001970,P008,S0077,T005,D0028,Sub-task,Low,,Done,2024-03-30 15:38:45.756675,2024-04-04 09:56:45.756675,114.3,0,0,4.7625
I001971,P008,S0077,T005,D0039,Bug,Medium,Minor,In Progress,2024-03-31 06:57:29.437287,,,0,0,
I001972,P008,S0077,T005,D0039,Task,Low,,In Progress,2024-03-31 14:55:44.691175,,,0,0,
I001973,P008,S0077,T005,D0039,Bug,Low,Minor,In Progress,2024-04-01 19:24:55.277207,,,0,0,
I001974,P008,S0077,T005,D0011,Task,Low,,Done,2024-03-22 11:13:40.892606,2024-03-24 13:37:40.892606,50.4,0,0,2.1
I001975,P008,S0077,T005,D0028,Story,High,,Done,2024-03-21 11:17:22.764589,2024-03-22 00:23:22.764589,13.1,0,0,0.5458333333333333
I001976,P008,S0077,T005,D0039,Story,Low,,Done,2024-04-02 08:36:05.165692,2024-04-03 13:54:05.165692,29.3,0,0,1.2208333333333334
I001977,P008,S0077,T005,D0011,Task,High,,In Progress,2024-03-24 01:10:25.075414,,,0,0,
I001978,P008,S0078,T005,D0039,Bug,Medium,Minor,Done,2024-04-15 13:28:12.964764,2024-04-17 04:52:12.964764,39.4,0,1,1.6416666666666666
I001979,P008,S0078,T005,D0039,Bug,Critical,Major,Reopened,2024-04-13 17:56:59.483391,2024-04-15 19:02:59.483391,49.1,1,0,2.0458333333333334
I001980,P008,S0078,T005,D0039,Sub-task,Medium,,In Progress,2024-04-07 12:07:48.478194,,,0,0,
I001981,P008,S0078,T005,D0028,Bug,High,Minor,Done,2024-04-04 05:15:07.184867,2024-04-07 02:39:07.184867,69.4,1,0,2.8916666666666666
I001982,P008,S0078,T005,D0051,Story,Medium,,Done,2024-04-05 03:32:38.902411,2024-04-05 15:50:38.902411,12.3,0,0,0.5125
I001983,P008,S0078,T005,D0039,Sub-task,Low,,Done,2024-04-09 13:50:47.308271,2024-04-11 10:26:47.308271,44.6,0,0,1.8583333333333334
I001984,P008,S0078,T005,D0011,Bug,Low,Major,Done,2024-04-08 11:41:20.863718,2024-04-09 06:53:20.863718,19.2,0,0,0.8
I001985,P008,S0078,T005,D0028,Bug,Low,Blocker,In Progress,2024-04-07 15:50:20.236870,,,1,0,
I001986,P008,S0078,T005,D0011,Task,Medium,,Done,2024-04-08 17:44:45.200594,2024-04-11 08:14:45.200594,62.5,0,0,2.6041666666666665
I001987,P008,S0078,T005,D0011,Bug,Medium,Major,In Progress,2024-04-14 02:56:47.383609,,,0,0,
I001988,P008,S0078,T005,D0011,Bug,High,Major,Done,2024-04-12 21:10:56.288826,2024-04-14 12:16:56.288826,39.1,0,0,1.6291666666666667
I001989,P008,S0078,T005,D0039,Story,Medium,,In Progress,2024-04-10 22:34:50.293719,,,0,0,
I001990,P008,S0078,T005,D0051,Task,Medium,,Done,2024-04-09 03:11:39.647090,2024-04-09 22:59:39.647090,19.8,0,0,0.825
I001991,P008,S0078,T005,D0051,Bug,Medium,Minor,Done,2024-04-08 11:59:04.045244,2024-04-09 11:29:04.045244,23.5,0,0,0.9791666666666666
I001992,P008,S0078,T005,D0028,Bug,Critical,Major,In Progress,2024-04-13 19:04:34.714544,,,0,0,
I001993,P008,S0078,T005,D0016,Task,Medium,,In Progress,2024-04-10 19:39:27.894555,,,0,0,
I001994,P008,S0078,T005,D0016,Story,High,,Done,2024-04-06 07:54:48.503027,2024-04-07 04:06:48.503027,20.2,0,0,0.8416666666666667
I001995,P008,S0078,T005,D0028,Story,High,,Done,2024-04-07 21:54:28.047203,2024-04-08 12:48:28.047203,14.9,0,0,0.6208333333333333
I001996,P008,S0078,T005,D0051,Sub-task,Medium,,Done,2024-04-16 19:54:20.074485,2024-04-17 22:06:20.074485,26.2,0,0,1.0916666666666666
I001997,P008,S0078,T005,D0028,Task,Medium,,Done,2024-04-06 07:49:32.504185,2024-04-06 20:07:32.504185,12.3,0,0,0.5125
I001998,P008,S0078,T005,D0016,Task,Medium,,Done,2024-04-04 19:36:33.881819,2024-04-06 09:24:33.881819,37.8,0,0,1.575
I001999,P008,S0078,T005,D0011,Bug,High,Minor,Reopened,2024-04-12 03:03:53.986982,2024-04-14 00:51:53.986982,45.8,1,0,1.9083333333333334
I002000,P008,S0078,T005,D0028,Bug,Low,Critical,Done,2024-04-14 20:47:08.203949,2024-04-22 13:17:08.203949,184.5,0,1,7.6875
I002001,P008,S0078,T005,D0028,Task,Low,,In Progress,2024-04-12 05:54:02.851496,,,0,0,
I002002,P008,S0078,T005,D0011,Task,Medium,,Done,2024-04-08 23:23:02.545370,2024-04-12 05:53:02.545370,78.5,0,0,3.2708333333333335
I002003,P008,S0078,T005,D0011,Bug,Critical,Minor,Done,2024-04-10 20:20:17.538503,2024-04-11 17:56:17.538503,21.6,0,0,0.9
I002004,P008,S0078,T005,D0039,Bug,Medium,Critical,Done,2024-04-13 10:24:41.679534,2024-04-14 17:06:41.679534,30.7,0,0,1.2791666666666666
I002005,P008,S0078,T005,D0028,Task,Medium,,Done,2024-04-15 17:42:38.590735,2024-04-16 12:36:38.590735,18.9,0,0,0.7875
I002006,P008,S0078,T005,D0011,Story,Critical,,In Progress,2024-04-13 12:35:37.156705,,,0,0,
I002007,P008,S0078,T005,D0011,Story,Low,,Done,2024-04-14 18:42:32.699127,2024-04-16 05:00:32.699127,34.3,0,0,1.4291666666666667
I002008,P008,S0078,T005,D0011,Story,High,,In Progress,2024-04-06 02:49:47.368872,,,0,0,
I002009,P008,S0078,T005,D0028,Story,Medium,,Done,2024-04-08 23:19:20.769517,2024-04-09 12:55:20.769517,13.6,0,0,0.5666666666666667
I002010,P008,S0078,T005,D0016,Story,Low,,Done,2024-04-12 04:50:38.595944,2024-04-16 07:56:38.595944,99.1,0,0,4.129166666666666
I002011,P008,S0079,T005,D0051,Bug,Medium,Minor,Done,2024-04-18 14:51:18.223450,2024-04-18 19:51:18.223450,5.0,1,0,0.20833333333333334
I002012,P008,S0079,T005,D0011,Task,Medium,,Done,2024-04-29 17:50:03.034610,2024-05-02 08:02:03.034610,62.2,0,0,2.591666666666667
I002013,P008,S0079,T005,D0051,Story,High,,Done,2024-04-21 19:27:35.421122,2024-04-22 00:57:35.421122,5.5,0,0,0.22916666666666666
I002014,P008,S0079,T005,D0028,Story,Medium,,Done,2024-04-28 17:59:26.480233,2024-04-29 21:59:26.480233,28.0,0,0,1.1666666666666667
I002015,P008,S0079,T005,D0039,Story,Low,,Reopened,2024-04-28 23:44:40.409056,2024-04-29 20:02:40.409056,20.3,1,0,0.8458333333333333
I002016,P008,S0079,T005,D0028,Bug,Low,Critical,Done,2024-04-30 05:36:01.619241,2024-05-02 08:42:01.619241,51.1,0,0,2.129166666666667
I002017,P008,S0079,T005,D0039,Bug,Low,Major,In Progress,2024-04-19 21:26:29.358097,,,0,0,
I002018,P008,S0079,T005,D0016,Story,Low,,Done,2024-04-30 23:44:04.793406,2024-05-04 06:02:04.793406,78.3,0,0,3.2625
I002019,P008,S0079,T005,D0039,Bug,Low,Minor,Done,2024-04-30 02:18:36.056552,2024-05-01 04:54:36.056552,26.6,0,0,1.1083333333333334
I002020,P008,S0079,T005,D0039,Task,Medium,,Done,2024-04-26 11:52:15.594603,2024-04-28 05:04:15.594603,41.2,0,0,1.7166666666666666
I002021,P008,S0079,T005,D0051,Bug,High,Major,In Progress,2024-04-26 21:09:39.573284,,,1,0,
I002022,P008,S0079,T005,D0028,Bug,Medium,Major,Done,2024-04-22 20:38:17.184556,2024-04-24 01:44:17.184556,29.1,0,0,1.2125
I002023,P008,S0079,T005,D0028,Story,High,,Done,2024-04-30 10:09:52.173631,2024-05-01 07:57:52.173631,21.8,0,0,0.9083333333333333
I002024,P008,S0079,T005,D0016,Bug,Medium,Major,In Progress,2024-04-27 21:54:28.840512,,,1,1,
I002025,P008,S0079,T005,D0039,Story,Medium,,Done,2024-04-27 01:22:59.491435,2024-04-28 04:58:59.491435,27.6,0,0,1.15
I002026,P008,S0079,T005,D0028,Story,Medium,,Done,2024-04-28 19:54:41.345617,2024-05-01 03:54:41.345617,56.0,0,0,2.3333333333333335
I002027,P008,S0079,T005,D0051,Bug,Low,Minor,In Progress,2024-04-28 20:39:01.502906,,,0,0,
I002028,P008,S0079,T005,D0051,Sub-task,Low,,In Progress,2024-04-27 10:32:13.905901,,,0,0,
I002029,P008,S0079,T005,D0016,Story,High,,Done,2024-04-20 19:13:17.120677,2024-04-21 00:07:17.120677,4.9,0,0,0.20416666666666666
I002030,P008,S0079,T005,D0039,Bug,High,Minor,Done,2024-04-30 14:48:33.062114,2024-05-01 18:42:33.062114,27.9,0,0,1.1625
I002031,P008,S0079,T005,D0051,Story,Medium,,Done,2024-04-27 03:31:06.738267,2024-04-28 03:19:06.738267,23.8,0,0,0.9916666666666667
I002032,P008,S0079,T005,D0051,Story,High,,Done,2024-04-30 10:06:25.016524,2024-04-30 19:06:25.016524,9.0,0,0,0.375
I002033,P008,S0079,T005,D0016,Story,Low,,Done,2024-04-25 19:01:55.354244,2024-04-26 15:25:55.354244,20.4,0,0,0.85
I002034,P008,S0079,T005,D0039,Story,Low,,Done,2024-04-26 11:15:18.957396,2024-04-27 07:03:18.957396,19.8,0,0,0.825
I002035,P008,S0079,T005,D0051,Story,Critical,,Reopened,2024-04-27 09:39:59.269979,2024-04-28 04:03:59.269979,18.4,1,0,0.7666666666666667
I002036,P008,S0080,T005,D0011,Story,Medium,,In Progress,2024-05-08 21:33:22.143594,,,0,0,
I002037,P008,S0080,T005,D0039,Bug,Medium,Minor,Done,2024-05-03 13:39:17.287085,2024-05-04 06:39:17.287085,17.0,0,0,0.7083333333333334
I002038,P008,S0080,T005,D0039,Task,High,,Done,2024-05-13 07:48:53.003963,2024-05-14 08:42:53.003963,24.9,0,0,1.0375
I002039,P008,S0080,T005,D0011,Task,Low,,In Progress,2024-05-13 02:52:06.501465,,,0,0,
I002040,P008,S0080,T005,D0016,Story,High,,Reopened,2024-05-02 05:20:31.526767,2024-05-03 22:20:31.526767,41.0,1,0,1.7083333333333333
I002041,P008,S0080,T005,D0051,Story,High,,Done,2024-05-03 12:48:43.232390,2024-05-03 23:18:43.232390,10.5,0,0,0.4375
I002042,P008,S0080,T005,D0039,Bug,Medium,Minor,Done,2024-05-10 05:36:05.895126,2024-05-13 17:42:05.895126,84.1,0,0,3.504166666666667
I002043,P008,S0080,T005,D0039,Bug,High,Major,Done,2024-05-10 01:50:46.506558,2024-05-10 23:44:46.506558,21.9,0,0,0.9125
I002044,P008,S0080,T005,D0016,Story,High,,In Progress,2024-05-05 13:14:59.146342,,,0,0,
I002045,P008,S0080,T005,D0051,Bug,Low,Major,Done,2024-05-08 19:07:19.878676,2024-05-12 20:55:19.878676,97.8,0,0,4.075
I002046,P008,S0080,T005,D0051,Story,Medium,,Done,2024-05-05 16:23:53.716009,2024-05-09 02:05:53.716009,81.7,0,0,3.404166666666667
I002047,P008,S0080,T005,D0028,Story,Low,,Done,2024-05-13 16:03:20.054170,2024-05-16 12:27:20.054170,68.4,0,0,2.85
I002048,P008,S0080,T005,D0011,Bug,High,Major,In Progress,2024-05-04 13:26:44.325789,,,0,0,
I002049,P008,S0080,T005,D0011,Story,Critical,,In Progress,2024-05-04 04:05:49.557320,,,0,0,
I002050,P008,S0080,T005,D0051,Bug,High,Major,Done,2024-05-06 21:00:46.381977,2024-05-07 19:42:46.381977,22.7,0,0,0.9458333333333333
I002051,P008,S0080,T005,D0011,Task,Low,,Reopened,2024-05-06 17:55:51.481098,2024-05-07 07:19:51.481098,13.4,1,0,0.5583333333333333
I002052,P008,S0080,T005,D0039,Sub-task,Medium,,In Progress,2024-05-12 04:47:47.353587,,,0,0,
I002053,P008,S0080,T005,D0028,Sub-task,Medium,,Done,2024-05-04 02:46:39.797861,2024-05-05 20:04:39.797861,41.3,0,0,1.7208333333333334
I002054,P008,S0080,T005,D0028,Task,High,,Done,2024-05-10 21:50:48.718999,2024-05-11 19:14:48.718999,21.4,0,0,0.8916666666666667
I002055,P008,S0080,T005,D0028,Sub-task,Low,,In Progress,2024-05-03 09:44:03.312515,,,0,0,
I002056,P008,S0080,T005,D0051,Bug,High,Minor,In Progress,2024-05-04 02:03:01.166742,,,0,0,
I002057,P008,S0080,T005,D0039,Task,Critical,,Done,2024-05-02 21:58:38.192242,2024-05-05 21:34:38.192242,71.6,0,0,2.9833333333333334
I002058,P008,S0080,T005,D0028,Task,Critical,,Done,2024-05-06 08:55:28.275154,2024-05-06 12:31:28.275154,3.6,0,0,0.15
I002059,P008,S0080,T005,D0028,Task,High,,Reopened,2024-05-07 20:11:34.261958,2024-05-08 05:35:34.261958,9.4,1,0,0.39166666666666666
I002060,P008,S0080,T005,D0011,Bug,Critical,Major,Reopened,2024-05-10 04:23:50.266883,2024-05-10 09:53:50.266883,5.5,1,0,0.22916666666666666
I002061,P009,S0081,T005,D0039,Bug,Low,Minor,Done,2024-01-05 19:53:20.547044,2024-01-11 00:29:20.547044,124.6,0,0,5.191666666666666
I002062,P009,S0081,T005,D0051,Bug,High,Critical,Reopened,2023-12-29 06:46:59.275362,2023-12-30 12:34:59.275362,29.8,1,0,1.2416666666666667
I002063,P009,S0081,T005,D0011,Story,Low,,Done,2024-01-07 08:14:08.276081,2024-01-07 18:26:08.276081,10.2,0,0,0.425
I002064,P009,S0081,T005,D0051,Bug,Low,Minor,Done,2024-01-06 09:55:45.299865,2024-01-07 18:37:45.299865,32.7,1,0,1.3625
I002065,P009,S0081,T005,D0039,Bug,Medium,Critical,In Progress,2023-12-29 10:16:14.156653,,,0,0,
I002066,P009,S0081,T005,D0011,Bug,High,Critical,In Progress,2024-01-07 10:43:49.534556,,,0,0,
I002067,P009,S0081,T005,D0011,Story,Medium,,In Progress,2023-12-30 08:08:51.305511,,,0,0,
I002068,P009,S0081,T005,D0011,Story,Critical,,Won't Fix,2023-12-30 03:57:57.520743,2023-12-31 09:03:57.520743,29.1,0,0,1.2125
I002069,P009,S0081,T005,D0011,Story,High,,Done,2024-01-04 04:07:24.885379,2024-01-05 04:37:24.885379,24.5,0,0,1.0208333333333333
I002070,P009,S0081,T005,D0028,Task,Medium,,In Progress,2024-01-02 13:59:19.282540,,,0,0,
I002071,P009,S0081,T005,D0016,Bug,Low,Minor,Done,2024-01-02 14:09:40.755993,2024-01-04 15:03:40.755993,48.9,0,0,2.0375
I002072,P009,S0081,T005,D0011,Story,Low,,Done,2023-12-31 21:01:31.542781,2024-01-02 14:01:31.542781,41.0,0,0,1.7083333333333333
I002073,P009,S0081,T005,D0051,Bug,High,Major,Done,2024-01-02 04:30:18.822811,2024-01-03 21:06:18.822811,40.6,1,0,1.6916666666666667
I002074,P009,S0081,T005,D0028,Sub-task,Medium,,In Progress,2024-01-07 02:03:27.368752,,,0,0,
I002075,P009,S0081,T005,D0028,Sub-task,Low,,Done,2024-01-03 17:22:13.779677,2024-01-04 12:52:13.779677,19.5,0,0,0.8125
I002076,P009,S0081,T005,D0028,Story,Critical,,Done,2024-01-05 22:41:49.558842,2024-01-06 04:29:49.558842,5.8,0,0,0.24166666666666667
I002077,P009,S0081,T005,D0011,Story,Medium,,Reopened,2024-01-01 19:51:44.649793,2024-01-07 04:39:44.649793,128.8,1,0,5.366666666666666
I002078,P009,S0081,T005,D0051,Bug,Low,Major,Done,2024-01-02 15:14:54.658642,2024-01-06 03:20:54.658642,84.1,0,0,3.504166666666667
I002079,P009,S0081,T005,D0039,Task,High,,Done,2024-01-06 03:22:44.677732,2024-01-06 14:04:44.677732,10.7,0,0,0.44583333333333336
I002080,P009,S0081,T005,D0051,Bug,Low,Critical,Done,2024-01-01 23:28:36.318932,2024-01-07 07:28:36.318932,128.0,0,0,5.333333333333333
I002081,P009,S0081,T005,D0051,Bug,Low,Minor,Reopened,2023-12-30 12:42:20.243081,2023-12-30 22:48:20.243081,10.1,1,0,0.42083333333333334
I002082,P009,S0081,T005,D0051,Task,Medium,,Done,2024-01-02 23:01:31.020570,2024-01-03 18:19:31.020570,19.3,0,0,0.8041666666666667
I002083,P009,S0081,T005,D0028,Story,High,,Done,2024-01-08 19:44:28.942116,2024-01-09 10:26:28.942116,14.7,0,0,0.6125
I002084,P009,S0081,T005,D0016,Bug,Low,Critical,Done,2024-01-03 18:27:43.623393,2024-01-06 13:33:43.623393,67.1,0,0,2.7958333333333334
I002085,P009,S0081,T005,D0011,Bug,Medium,Minor,In Progress,2024-01-10 08:15:02.409724,,,0,0,
I002086,P009,S0081,T005,D0016,Task,Medium,,In Progress,2023-12-31 19:19:59.124585,,,0,0,
I002087,P009,S0081,T005,D0051,Story,Low,,Done,2023-12-31 00:14:15.185263,2024-01-01 10:14:15.185263,34.0,0,0,1.4166666666666667
I002088,P009,S0081,T005,D0016,Story,High,,Done,2024-01-01 00:40:09.634791,2024-01-01 07:46:09.634791,7.1,0,0,0.29583333333333334
I002089,P009,S0081,T005,D0039,Task,Low,,In Progress,2023-12-31 20:02:41.078626,,,0,0,
I002090,P009,S0081,T005,D0011,Task,Medium,,Done,2024-01-09 16:23:47.510978,2024-01-13 14:59:47.510978,94.6,0,0,3.941666666666667
I002091,P009,S0082,T005,D0028,Sub-task,Low,,Done,2024-01-19 15:03:34.100875,2024-01-22 03:51:34.100875,60.8,0,0,2.533333333333333
I002092,P009,S0082,T005,D0039,Bug,Critical,Major,Done,2024-01-21 17:48:27.158977,2024-01-23 04:00:27.158977,34.2,0,0,1.425
I002093,P009,S0082,T005,D0016,Story,Medium,,In Progress,2024-01-15 00:26:22.947566,,,0,0,
I002094,P009,S0082,T005,D0016,Story,Low,,Done,2024-01-19 06:09:21.518689,2024-01-25 12:21:21.518689,150.2,0,0,6.258333333333334
I002095,P009,S0082,T005,D0028,Story,High,,In Progress,2024-01-17 15:11:44.451430,,,0,0,
I002096,P009,S0082,T005,D0039,Bug,High,Minor,Done,2024-01-15 16:06:36.542160,2024-01-16 18:06:36.542160,26.0,0,0,1.0833333333333333
I002097,P009,S0082,T005,D0028,Story,Medium,,Done,2024-01-19 14:27:49.865169,2024-01-21 15:09:49.865169,48.7,0,0,2.029166666666667
I002098,P009,S0082,T005,D0011,Story,Low,,Done,2024-01-18 13:17:39.583663,2024-01-19 13:47:39.583663,24.5,0,0,1.0208333333333333
I002099,P009,S0082,T005,D0051,Task,Low,,Done,2024-01-21 12:42:21.296358,2024-01-22 05:54:21.296358,17.2,0,0,0.7166666666666667
I002100,P009,S0082,T005,D0011,Bug,Low,Minor,In Progress,2024-01-21 12:29:55.625445,,,0,0,
I002101,P009,S0082,T005,D0028,Story,Medium,,In Progress,2024-01-20 05:47:58.932360,,,0,0,
I002102,P009,S0082,T005,D0051,Bug,Medium,Minor,In Progress,2024-01-14 23:04:36.518487,,,0,0,
I002103,P009,S0082,T005,D0016,Bug,High,Blocker,Done,2024-01-21 10:51:10.553465,2024-01-22 01:03:10.553465,14.2,0,0,0.5916666666666667
I002104,P009,S0082,T005,D0016,Bug,Low,Minor,Done,2024-01-16 08:40:49.713516,2024-01-17 13:46:49.713516,29.1,1,0,1.2125
I002105,P009,S0082,T005,D0016,Story,High,,In Progress,2024-01-20 02:12:53.263933,,,0,0,
I002106,P009,S0082,T005,D0028,Task,High,,Done,2024-01-17 07:18:01.512372,2024-01-18 05:24:01.512372,22.1,0,0,0.9208333333333333
I002107,P009,S0082,T005,D0011,Bug,Low,Major,Done,2024-01-24 16:43:05.227714,2024-01-31 09:13:05.227714,160.5,1,0,6.6875
I002108,P009,S0082,T005,D0051,Bug,Medium,Minor,Done,2024-01-16 12:55:05.735230,2024-01-17 11:49:05.735230,22.9,1,0,0.9541666666666667
I002109,P009,S0082,T005,D0039,Story,Medium,,Done,2024-01-20 04:01:38.954230,2024-01-21 09:49:38.954230,29.8,0,0,1.2416666666666667
I002110,P009,S0082,T005,D0028,Bug,High,Major,Won't Fix,2024-01-15 15:00:04.915393,2024-01-16 14:30:04.915393,187.03000000000293,0,0,0.9791666666666666
I002111,P009,S0082,T005,D0016,Task,Critical,,Done,2024-01-18 07:49:28.318074,2024-01-19 14:43:28.318074,30.9,0,0,1.2875
I002112,P009,S0083,T005,D0039,Task,Medium,,Done,2024-01-31 10:49:58.933590,2024-02-02 14:07:58.933590,51.3,0,0,2.1375
I002113,P009,S0083,T005,D0016,Story,Low,,Done,2024-01-30 03:22:15.059058,2024-02-02 10:10:15.059058,78.8,0,0,3.283333333333333
I002114,P009,S0083,T005,D0028,Bug,Low,Major,Done,2024-01-26 21:02:10.486520,2024-01-28 23:38:10.486520,50.6,0,1,2.1083333333333334
I002115,P009,S0083,T005,D0039,Sub-task,Low,,Done,2024-01-27 08:04:41.118615,2024-01-30 16:58:41.118615,80.9,0,0,3.370833333333333
I002116,P009,S0083,T005,D0011,Story,High,,Done,2024-02-03 23:24:09.797908,2024-02-04 18:00:09.797908,18.6,0,0,0.775
I002117,P009,S0083,T005,D0016,Task,Medium,,Done,2024-01-30 07:19:37.348318,2024-02-02 19:25:37.348318,84.1,0,0,3.504166666666667
I002118,P009,S0083,T005,D0051,Bug,Critical,Minor,Done,2024-01-29 10:55:16.971337,2024-01-29 23:13:16.971337,12.3,0,0,0.5125
I002119,P009,S0083,T005,D0051,Bug,Low,Critical,In Progress,2024-01-26 23:56:33.821839,,,0,0,
I002120,P009,S0083,T005,D0039,Bug,Medium,Major,Done,2024-02-07 05:39:40.140539,2024-02-10 01:27:40.140539,67.8,0,0,2.825
I002121,P009,S0083,T005,D0028,Task,Low,,In Progress,2024-01-30 08:22:55.312908,,,0,0,
I002122,P009,S0083,T005,D0011,Task,Medium,,Done,2024-02-03 08:39:58.941947,2024-02-05 16:45:58.941947,56.1,0,0,2.3375
I002123,P009,S0083,T005,D0039,Story,Medium,,Done,2024-02-01 09:49:14.966582,2024-02-03 03:31:14.966582,41.7,0,0,1.7375
I002124,P009,S0083,T005,D0011,Task,Medium,,In Progress,2024-02-07 21:58:00.691580,,,0,0,
I002125,P009,S0083,T005,D0051,Bug,Low,Minor,Done,2024-01-30 19:00:10.054433,2024-02-02 09:36:10.054433,62.6,1,0,2.6083333333333334
I002126,P009,S0083,T005,D0039,Bug,Medium,Blocker,Done,2024-02-03 07:58:37.533333,2024-02-08 10:10:37.533333,122.2,1,0,5.091666666666667
I002127,P009,S0083,T005,D0016,Task,High,,In Progress,2024-02-05 03:38:44.011220,,,0,0,
I002128,P009,S0083,T005,D0051,Bug,Low,Major,Done,2024-02-01 12:21:50.357202,2024-02-03 21:03:50.357202,56.7,0,0,2.3625
I002129,P009,S0083,T005,D0011,Task,Low,,Done,2024-02-07 02:39:33.261910,2024-02-10 06:27:33.261910,75.8,0,0,3.158333333333333
I002130,P009,S0083,T005,D0028,Task,Low,,In Progress,2024-01-27 12:16:07.229421,,,0,0,
I002131,P009,S0083,T005,D0039,Task,Low,,Done,2024-02-01 14:11:55.930642,2024-02-03 13:17:55.930642,47.1,0,0,1.9625
I002132,P009,S0083,T005,D0016,Story,Medium,,Done,2024-01-30 18:52:01.258758,2024-02-01 00:04:01.258758,29.2,0,0,1.2166666666666666
I002133,P009,S0083,T005,D0016,Task,Medium,,Done,2024-01-31 12:03:02.540682,2024-02-02 18:15:02.540682,54.2,0,0,2.2583333333333333
I002134,P009,S0083,T005,D0039,Sub-task,Critical,,In Progress,2024-01-28 14:34:02.789887,,,0,0,
I002135,P009,S0083,T005,D0016,Story,Medium,,In Progress,2024-02-06 08:41:16.154764,,,0,0,
I002136,P009,S0083,T005,D0051,Story,Low,,Done,2024-01-26 15:18:56.483943,2024-02-01 15:54:56.483943,144.6,0,0,6.025
I002137,P009,S0083,T005,D0051,Story,Low,,Won't Fix,2024-01-27 08:41:55.841051,2024-01-29 17:59:55.841051,57.3,0,0,2.3875
I002138,P009,S0083,T005,D0016,Bug,High,Minor,Won't Fix,2024-01-29 02:01:54.860024,2024-01-29 19:43:54.860024,17.7,1,0,0.7375
I002139,P009,S0083,T005,D0011,Bug,High,Minor,Reopened,2024-02-06 03:20:20.570889,2024-02-07 09:14:20.570889,29.9,1,0,1.2458333333333333
I002140,P009,S0083,T005,D0039,Story,Low,,Done,2024-02-04 05:54:10.482548,2024-02-05 22:30:10.482548,40.6,0,0,1.6916666666666667
I002141,P009,S0083,T005,D0016,Story,High,,Done,2024-01-28 19:01:19.156802,2024-01-30 08:01:19.156802,37.0,0,0,1.5416666666666667
I002142,P009,S0084,T005,D0039,Story,Critical,,In Progress,2024-02-11 00:54:43.432015,,,0,0,
I002143,P009,S0084,T005,D0039,Bug,Low,Minor,Reopened,2024-02-20 09:58:20.702269,2024-02-22 22:46:20.702269,60.8,1,0,2.533333333333333
I002144,P009,S0084,T005,D0028,Story,Low,,Done,2024-02-14 04:19:00.504929,2024-02-19 02:31:00.504929,118.2,0,0,4.925
I002145,P009,S0084,T005,D0039,Task,Low,,Done,2024-02-20 10:33:19.928761,2024-02-23 15:45:19.928761,77.2,0,0,3.216666666666667
I002146,P009,S0084,T005,D0051,Bug,High,Critical,Done,2024-02-12 09:28:18.364823,2024-02-13 18:34:18.364823,33.1,0,0,1.3791666666666667
I002147,P009,S0084,T005,D0011,Task,Critical,,Done,2024-02-11 03:38:31.767031,2024-02-11 21:02:31.767031,17.4,0,0,0.725
I002148,P009,S0084,T005,D0011,Bug,Medium,Major,Done,2024-02-14 15:00:15.883796,2024-02-15 03:12:15.883796,12.2,0,0,0.5083333333333333
I002149,P009,S0084,T005,D0051,Bug,Medium,Critical,In Progress,2024-02-13 14:38:37.152479,,,0,0,
I002150,P009,S0084,T005,D0016,Bug,High,Major,In Progress,2024-02-10 13:22:15.076285,,,0,0,
I002151,P009,S0084,T005,D0016,Story,High,,Done,2024-02-15 09:37:38.204940,2024-02-16 06:31:38.204940,20.9,0,0,0.8708333333333333
I002152,P009,S0084,T005,D0011,Bug,Critical,Major,Done,2024-02-19 20:13:16.275335,2024-02-20 16:31:16.275335,20.3,0,1,0.8458333333333333
I002153,P009,S0084,T005,D0011,Story,Critical,,Done,2024-02-16 07:53:52.302876,2024-02-17 07:23:52.302876,23.5,0,0,0.9791666666666666
I002154,P009,S0084,T005,D0039,Bug,High,Major,Reopened,2024-02-14 02:20:38.334676,2024-02-15 21:20:38.334676,43.0,1,1,1.7916666666666667
I002155,P009,S0084,T005,D0016,Story,High,,Done,2024-02-12 07:35:41.110065,2024-02-12 14:59:41.110065,7.4,0,0,0.30833333333333335
I002156,P009,S0084,T005,D0039,Sub-task,Medium,,Done,2024-02-11 16:59:20.002569,2024-02-13 09:59:20.002569,41.0,0,0,1.7083333333333333
I002157,P009,S0084,T005,D0039,Sub-task,High,,Done,2024-02-21 15:51:51.300766,2024-02-21 20:03:51.300766,4.2,0,0,0.175
I002158,P009,S0084,T005,D0028,Task,Low,,Done,2024-02-15 16:14:25.721618,2024-02-16 13:38:25.721618,21.4,0,0,0.8916666666666667
I002159,P009,S0085,T005,D0011,Bug,High,Blocker,Done,2024-02-27 18:03:31.887963,2024-03-01 07:27:31.887963,61.4,0,0,2.558333333333333
I002160,P009,S0085,T005,D0016,Story,High,,Done,2024-03-03 07:10:04.889907,2024-03-03 20:34:04.889907,13.4,0,0,0.5583333333333333
I002161,P009,S0085,T005,D0011,Sub-task,High,,Reopened,2024-02-23 02:23:35.841762,2024-02-24 05:29:35.841762,27.1,1,0,1.1291666666666667
I002162,P009,S0085,T005,D0039,Bug,Medium,Critical,Done,2024-03-05 23:55:17.000237,2024-03-06 22:13:17.000237,22.3,0,0,0.9291666666666667
I002163,P009,S0085,T005,D0016,Sub-task,Medium,,In Progress,2024-03-05 02:30:56.244293,,,0,0,
I002164,P009,S0085,T005,D0028,Story,Low,,Done,2024-03-06 10:44:14.517801,2024-03-09 01:50:14.517801,63.1,0,0,2.629166666666667
I002165,P009,S0085,T005,D0011,Story,Low,,In Progress,2024-02-26 09:47:51.086916,,,0,0,
I002166,P009,S0085,T005,D0039,Bug,Low,Minor,Done,2024-03-05 21:31:26.594695,2024-03-07 12:13:26.594695,38.7,1,0,1.6125
I002167,P009,S0085,T005,D0016,Sub-task,Medium,,Done,2024-02-24 22:18:14.250583,2024-02-25 17:48:14.250583,19.5,0,0,0.8125
I002168,P009,S0085,T005,D0051,Story,Medium,,Done,2024-03-03 07:29:17.125474,2024-03-05 03:35:17.125474,44.1,0,0,1.8375
I002169,P009,S0085,T005,D0051,Sub-task,Medium,,Done,2024-02-28 13:35:26.932157,2024-02-29 01:59:26.932157,12.4,0,0,0.5166666666666667
I002170,P009,S0085,T005,D0011,Bug,Low,Minor,Done,2024-03-03 00:22:48.883060,2024-03-11 15:52:48.883060,187.03000000000293,0,1,8.645833333333334
I002171,P009,S0085,T005,D0011,Task,High,,Done,2024-02-26 10:17:06.238777,2024-02-26 18:23:06.238777,8.1,0,0,0.3375
I002172,P009,S0085,T005,D0028,Task,High,,Done,2024-02-29 17:21:09.586053,2024-03-01 02:21:09.586053,9.0,0,0,0.375
I002173,P009,S0085,T005,D0028,Task,Medium,,Done,2024-02-29 01:27:05.772005,2024-02-29 11:45:05.772005,10.3,0,0,0.42916666666666664
I002174,P009,S0085,T005,D0039,Bug,Medium,Major,In Progress,2024-02-28 13:34:41.057580,,,0,1,
I002175,P009,S0085,T005,D0011,Task,High,,Done,2024-02-27 04:51:10.787726,2024-02-28 04:51:10.787726,24.0,0,0,1.0
I002176,P009,S0085,T005,D0011,Bug,Critical,Minor,Done,2024-02-26 23:09:56.946399,2024-02-27 12:39:56.946399,13.5,0,0,0.5625
I002177,P009,S0085,T005,D0028,Bug,Medium,Critical,In Progress,2024-02-29 00:07:07.750359,,,0,0,
I002178,P009,S0085,T005,D0011,Bug,Low,Minor,In Progress,2024-03-01 18:30:31.336562,,,0,0,
I002179,P009,S0085,T005,D0016,Bug,Low,Major,Reopened,2024-03-01 17:36:05.856996,2024-03-03 11:54:05.856996,42.3,1,0,1.7625
I002180,P009,S0085,T005,D0039,Bug,Critical,Major,Won't Fix,2024-02-25 07:50:09.913006,2024-02-25 23:38:09.913006,15.8,0,0,0.6583333333333333
I002181,P009,S0085,T005,D0028,Bug,Low,Blocker,Done,2024-02-26 20:13:01.683869,2024-02-28 10:19:01.683869,38.1,0,0,1.5875
I002182,P009,S0085,T005,D0039,Sub-task,High,,In Progress,2024-03-01 12:31:21.824730,,,0,0,
I002183,P009,S0085,T005,D0011,Story,High,,In Progress,2024-02-26 06:57:44.401698,,,0,0,
I002184,P009,S0085,T005,D0028,Task,Medium,,Reopened,2024-03-06 10:27:19.140068,2024-03-07 13:27:19.140068,27.0,1,0,1.125
I002185,P009,S0085,T005,D0051,Task,Low,,Done,2024-02-23 09:35:41.702781,2024-02-26 07:11:41.702781,69.6,0,0,2.9
I002186,P009,S0085,T005,D0011,Task,Medium,,Done,2024-02-28 09:01:02.130838,2024-03-01 10:01:02.130838,49.0,0,0,2.0416666666666665
I002187,P009,S0085,T005,D0039,Bug,Low,Critical,In Progress,2024-03-03 07:20:08.544437,,,0,0,
I002188,P009,S0085,T005,D0051,Task,High,,Done,2024-02-23 19:52:54.040537,2024-02-25 11:16:54.040537,39.4,0,0,1.6416666666666666
I002189,P009,S0086,T005,D0028,Story,Medium,,Done,2024-03-11 16:13:40.524053,2024-03-14 03:43:40.524053,59.5,0,0,2.4791666666666665
I002190,P009,S0086,T005,D0011,Bug,High,Minor,Done,2024-03-18 11:08:13.645092,2024-03-19 11:38:13.645092,24.5,0,0,1.0208333333333333
I002191,P009,S0086,T005,D0039,Story,Low,,Done,2024-03-20 08:39:44.649646,2024-03-22 15:15:44.649646,54.6,0,0,2.275
I002192,P009,S0086,T005,D0011,Task,Low,,Done,2024-03-14 13:48:39.752573,2024-03-15 15:18:39.752573,25.5,0,0,1.0625
I002193,P009,S0086,T005,D0028,Story,Low,,Done,2024-03-08 14:30:49.575095,2024-03-08 23:48:49.575095,9.3,0,0,0.3875
I002194,P009,S0086,T005,D0016,Task,High,,In Progress,2024-03-19 08:02:13.792174,,,0,0,
I002195,P009,S0086,T005,D0011,Sub-task,Medium,,Done,2024-03-14 17:24:39.888821,2024-03-16 18:00:39.888821,48.6,0,0,2.025
I002196,P009,S0086,T005,D0016,Story,Medium,,In Progress,2024-03-14 13:26:34.443869,,,0,0,
I002197,P009,S0086,T005,D0039,Bug,Critical,Blocker,Done,2024-03-09 05:37:58.737042,2024-03-09 13:43:58.737042,8.1,0,0,0.3375
I002198,P009,S0086,T005,D0051,Story,Medium,,Done,2024-03-17 12:55:32.288371,2024-03-18 15:43:32.288371,26.8,0,0,1.1166666666666667
I002199,P009,S0086,T005,D0051,Story,High,,In Progress,2024-03-08 04:05:38.771431,,,0,0,
I002200,P009,S0086,T005,D0028,Task,Medium,,Done,2024-03-20 12:41:56.726023,2024-03-21 07:59:56.726023,19.3,0,0,0.8041666666666667
I002201,P009,S0086,T005,D0028,Bug,Medium,Critical,In Progress,2024-03-10 07:45:38.449124,,,0,0,
I002202,P009,S0086,T005,D0039,Bug,Low,Minor,In Progress,2024-03-09 11:13:59.147336,,,0,0,
I002203,P009,S0086,T005,D0039,Task,Low,,In Progress,2024-03-11 02:58:50.533570,,,0,0,
I002204,P009,S0086,T005,D0028,Sub-task,Low,,In Progress,2024-03-09 10:49:39.231322,,,0,0,
I002205,P009,S0086,T005,D0011,Bug,Low,Major,Done,2024-03-17 09:05:54.584937,2024-03-22 16:23:54.584937,127.3,1,0,5.304166666666666
I002206,P009,S0086,T005,D0039,Bug,Low,Minor,Done,2024-03-08 07:27:30.491926,2024-03-10 18:45:30.491926,59.3,0,0,2.470833333333333
I002207,P009,S0086,T005,D0039,Task,Low,,Done,2024-03-14 07:43:15.954865,2024-03-18 01:43:15.954865,90.0,0,0,3.75
I002208,P009,S0086,T005,D0011,Task,Low,,Done,2024-03-09 08:40:04.832188,2024-03-12 19:40:04.832188,83.0,0,0,3.4583333333333335
I002209,P009,S0086,T005,D0016,Task,Medium,,Reopened,2024-03-20 22:17:51.699596,2024-03-21 08:17:51.699596,10.0,1,0,0.4166666666666667
I002210,P009,S0086,T005,D0011,Task,Low,,Done,2024-03-15 06:55:29.777852,2024-03-16 23:13:29.777852,40.3,0,0,1.6791666666666667
I002211,P009,S0086,T005,D0011,Sub-task,High,,Done,2024-03-18 18:25:27.516333,2024-03-20 17:31:27.516333,47.1,0,0,1.9625
I002212,P009,S0086,T005,D0051,Task,Medium,,Done,2024-03-20 21:52:09.760644,2024-03-21 10:10:09.760644,12.3,0,0,0.5125
I002213,P009,S0086,T005,D0051,Story,High,,Done,2024-03-16 13:24:26.685943,2024-03-17 00:36:26.685943,11.2,0,0,0.4666666666666667
I002214,P009,S0086,T005,D0028,Story,High,,Done,2024-03-10 20:21:09.909822,2024-03-11 21:27:09.909822,25.1,0,0,1.0458333333333334
I002215,P009,S0086,T005,D0051,Bug,Low,Major,In Progress,2024-03-20 09:12:24.574216,,,0,1,
I002216,P009,S0086,T005,D0051,Task,Low,,Done,2024-03-19 23:36:03.240105,2024-03-21 16:36:03.240105,41.0,0,0,1.7083333333333333
I002217,P009,S0086,T005,D0016,Sub-task,Low,,Done,2024-03-16 16:36:20.047634,2024-03-21 15:48:20.047634,119.2,0,0,4.966666666666667
I002218,P009,S0086,T005,D0016,Story,Medium,,Done,2024-03-14 13:16:12.551532,2024-03-16 06:34:12.551532,41.3,0,0,1.7208333333333334
I002219,P009,S0086,T005,D0051,Story,High,,In Progress,2024-03-14 02:01:36.567091,,,0,0,
I002220,P009,S0086,T005,D0028,Bug,High,Critical,Done,2024-03-10 23:57:44.366205,2024-03-11 14:33:44.366205,14.6,0,0,0.6083333333333333
I002221,P009,S0086,T005,D0011,Story,Medium,,Done,2024-03-13 01:10:59.679005,2024-03-14 00:16:59.679005,23.1,0,0,0.9625
I002222,P009,S0087,T005,D0028,Story,High,,Reopened,2024-03-31 18:20:23.760593,2024-04-01 01:50:23.760593,7.5,1,0,0.3125
I002223,P009,S0087,T005,D0051,Story,Low,,In Progress,2024-03-22 18:29:35.194098,,,0,0,
I002224,P009,S0087,T005,D0039,Story,Low,,In Progress,2024-03-23 15:57:37.781292,,,0,0,
I002225,P009,S0087,T005,D0011,Sub-task,Medium,,Done,2024-03-22 12:22:32.188165,2024-03-24 08:22:32.188165,44.0,0,0,1.8333333333333333
I002226,P009,S0087,T005,D0016,Task,Medium,,Won't Fix,2024-04-03 07:12:47.666131,2024-04-04 07:00:47.666131,23.8,0,0,0.9916666666666667
I002227,P009,S0087,T005,D0039,Bug,High,Major,Done,2024-03-22 03:35:40.400708,2024-03-22 14:11:40.400708,10.6,1,0,0.44166666666666665
I002228,P009,S0087,T005,D0028,Bug,High,Major,Done,2024-03-24 03:31:35.033442,2024-03-25 04:49:35.033442,25.3,0,1,1.0541666666666667
I002229,P009,S0087,T005,D0028,Bug,Low,Major,Done,2024-03-29 09:34:07.380647,2024-04-03 19:40:07.380647,130.1,0,0,5.420833333333333
I002230,P009,S0087,T005,D0011,Bug,Medium,Minor,Done,2024-04-02 03:22:49.132539,2024-04-02 14:40:49.132539,11.3,0,0,0.4708333333333333
I002231,P009,S0087,T005,D0028,Sub-task,Low,,In Progress,2024-04-01 19:16:26.825393,,,0,0,
I002232,P009,S0087,T005,D0016,Story,Medium,,Reopened,2024-03-26 20:59:01.276002,2024-03-28 11:53:01.276002,38.9,1,0,1.6208333333333333
I002233,P009,S0087,T005,D0011,Bug,Medium,Major,In Progress,2024-03-23 07:17:53.235808,,,0,0,
I002234,P009,S0087,T005,D0051,Sub-task,Low,,Done,2024-03-31 07:55:12.003200,2024-04-02 00:43:12.003200,40.8,0,0,1.7
I002235,P009,S0087,T005,D0051,Bug,High,Minor,Done,2024-03-22 08:44:30.773750,2024-03-24 19:02:30.773750,58.3,0,0,2.4291666666666667
I002236,P009,S0087,T005,D0028,Story,Medium,,Done,2024-03-23 15:59:03.678661,2024-03-25 16:11:03.678661,48.2,0,0,2.0083333333333333
I002237,P009,S0087,T005,D0028,Story,High,,Done,2024-03-29 09:19:36.387652,2024-03-30 05:01:36.387652,19.7,0,0,0.8208333333333333
I002238,P009,S0087,T005,D0028,Story,Medium,,Won't Fix,2024-03-31 22:02:17.952942,2024-04-01 14:50:17.952942,16.8,0,0,0.7
I002239,P009,S0087,T005,D0039,Bug,Medium,Major,Done,2024-03-27 03:49:03.571488,2024-03-28 21:55:03.571488,42.1,0,0,1.7541666666666667
I002240,P009,S0087,T005,D0051,Task,Low,,Done,2024-03-28 14:36:15.458243,2024-04-03 11:36:15.458243,141.0,0,0,5.875
I002241,P009,S0087,T005,D0039,Sub-task,Low,,In Progress,2024-03-23 16:32:45.348259,,,0,0,
I002242,P009,S0087,T005,D0051,Story,High,,Done,2024-03-29 03:02:36.110848,2024-03-29 15:20:36.110848,12.3,0,0,0.5125
I002243,P009,S0087,T005,D0011,Bug,Medium,Critical,Done,2024-03-28 08:26:19.854231,2024-03-29 11:26:19.854231,27.0,0,0,1.125
I002244,P009,S0087,T005,D0028,Task,Medium,,In Progress,2024-03-29 17:28:36.387877,,,0,0,
I002245,P009,S0087,T005,D0016,Bug,Low,Major,Done,2024-03-30 17:49:24.769995,2024-03-30 23:31:24.769995,5.7,0,0,0.2375
I002246,P009,S0087,T005,D0011,Task,Critical,,Done,2024-03-28 11:32:03.586400,2024-03-28 21:44:03.586400,10.2,0,0,0.425
I002247,P009,S0087,T005,D0028,Sub-task,Medium,,In Progress,2024-03-22 14:42:26.871049,,,0,0,
I002248,P009,S0087,T005,D0039,Sub-task,Medium,,Done,2024-03-25 10:50:05.740503,2024-03-26 13:44:05.740503,26.9,0,0,1.1208333333333333
I002249,P009,S0087,T005,D0051,Task,Medium,,In Progress,2024-03-23 12:26:43.594243,,,0,0,
I002250,P009,S0087,T005,D0051,Task,Medium,,Done,2024-03-23 22:47:27.493989,2024-03-25 01:17:27.493989,26.5,0,0,1.1041666666666667
I002251,P009,S0087,T005,D0039,Bug,Low,Major,In Progress,2024-03-29 15:14:34.647742,,,0,0,
I002252,P009,S0088,T005,D0028,Bug,High,Major,Done,2024-04-14 17:24:49.282685,2024-04-16 13:54:49.282685,44.5,0,0,1.8541666666666667
I002253,P009,S0088,T005,D0051,Bug,Low,Minor,Done,2024-04-15 03:56:17.895555,2024-04-16 06:32:17.895555,26.6,0,0,1.1083333333333334
I002254,P009,S0088,T005,D0028,Story,Low,,Done,2024-04-10 03:25:38.453358,2024-04-11 13:25:38.453358,34.0,0,0,1.4166666666666667
I002255,P009,S0088,T005,D0051,Bug,Medium,Minor,Done,2024-04-15 01:33:26.365106,2024-04-16 09:09:26.365106,31.6,0,0,1.3166666666666667
I002256,P009,S0088,T005,D0016,Bug,Medium,Major,In Progress,2024-04-07 02:32:10.640010,,,0,0,
I002257,P009,S0088,T005,D0016,Sub-task,Low,,In Progress,2024-04-14 15:27:44.857249,,,0,0,
I002258,P009,S0088,T005,D0028,Story,Medium,,Done,2024-04-11 15:38:20.103272,2024-04-14 15:14:20.103272,71.6,0,0,2.9833333333333334
I002259,P009,S0088,T005,D0051,Story,High,,In Progress,2024-04-11 08:56:34.278250,,,0,0,
I002260,P009,S0088,T005,D0051,Sub-task,High,,In Progress,2024-04-15 05:33:56.465460,,,0,0,
I002261,P009,S0088,T005,D0011,Story,Low,,Done,2024-04-12 01:04:18.150059,2024-04-14 05:28:18.150059,52.4,0,0,2.183333333333333
I002262,P009,S0088,T005,D0051,Story,Medium,,Won't Fix,2024-04-17 23:16:58.371759,2024-04-21 06:52:58.371759,79.6,0,0,3.316666666666667
I002263,P009,S0088,T005,D0028,Task,Low,,In Progress,2024-04-13 14:08:57.964916,,,0,0,
I002264,P009,S0088,T005,D0051,Task,High,,Done,2024-04-07 07:02:42.465624,2024-04-07 19:26:42.465624,12.4,0,0,0.5166666666666667
I002265,P009,S0088,T005,D0028,Task,Critical,,Done,2024-04-05 16:49:05.665139,2024-04-06 23:01:05.665139,30.2,0,0,1.2583333333333333
I002266,P009,S0088,T005,D0039,Task,Medium,,Reopened,2024-04-11 00:52:20.930039,2024-04-11 17:04:20.930039,16.2,1,0,0.675
I002267,P009,S0088,T005,D0028,Story,Low,,Done,2024-04-14 16:37:47.948491,2024-04-21 11:07:47.948491,162.5,0,0,6.770833333333333
I002268,P009,S0088,T005,D0011,Story,Low,,Done,2024-04-15 14:48:13.559955,2024-04-16 21:12:13.559955,30.4,0,0,1.2666666666666666
I002269,P009,S0088,T005,D0051,Bug,Low,Minor,In Progress,2024-04-17 10:26:36.234946,,,0,0,
I002270,P009,S0088,T005,D0011,Task,Low,,Done,2024-04-08 17:48:15.531027,2024-04-09 14:36:15.531027,20.8,0,0,0.8666666666666667
I002271,P009,S0088,T005,D0051,Bug,Low,Critical,Reopened,2024-04-13 02:21:22.903583,2024-04-19 04:27:22.903583,146.1,1,1,6.0875
I002272,P009,S0088,T005,D0051,Story,Medium,,Won't Fix,2024-04-09 06:36:16.262458,2024-04-10 07:30:16.262458,187.03000000000293,0,0,1.0375
I002273,P009,S0088,T005,D0016,Story,High,,Done,2024-04-10 20:07:06.565262,2024-04-11 14:13:06.565262,18.1,0,0,0.7541666666666667
I002274,P009,S0088,T005,D0051,Bug,Low,Critical,Done,2024-04-07 19:50:02.588236,2024-04-14 19:14:02.588236,167.4,0,0,6.975
I002275,P009,S0088,T005,D0051,Bug,Medium,Minor,In Progress,2024-04-16 11:51:40.483639,,,0,0,
I002276,P009,S0088,T005,D0051,Sub-task,High,,Done,2024-04-06 01:25:57.193155,2024-04-08 10:07:57.193155,56.7,0,0,2.3625
I002277,P009,S0088,T005,D0011,Task,High,,Done,2024-04-11 03:32:59.218603,2024-04-12 15:02:59.218603,35.5,0,0,1.4791666666666667
I002278,P009,S0088,T005,D0016,Bug,Low,Minor,Done,2024-04-16 11:34:47.007590,2024-04-19 01:46:47.007590,62.2,1,0,2.591666666666667
I002279,P009,S0088,T005,D0016,Task,High,,Done,2024-04-16 08:43:19.933853,2024-04-17 09:25:19.933853,24.7,0,0,1.0291666666666666
I002280,P009,S0088,T005,D0039,Story,High,,Done,2024-04-09 19:33:10.773122,2024-04-11 04:57:10.773122,33.4,0,0,1.3916666666666666
I002281,P009,S0088,T005,D0039,Sub-task,Low,,Done,2024-04-05 22:09:38.265467,2024-04-06 21:03:38.265467,22.9,0,0,0.9541666666666667
I002282,P009,S0089,T005,D0011,Bug,Critical,Major,In Progress,2024-04-24 22:27:40.729418,,,0,0,
I002283,P009,S0089,T005,D0011,Task,Medium,,Done,2024-04-30 13:40:56.170936,2024-04-30 19:22:56.170936,5.7,0,0,0.2375
I002284,P009,S0089,T005,D0028,Bug,High,Minor,In Progress,2024-04-20 23:18:06.967078,,,1,0,
I002285,P009,S0089,T005,D0028,Story,High,,Won't Fix,2024-04-29 02:04:47.602940,2024-04-30 03:46:47.602940,25.7,0,0,1.0708333333333333
I002286,P009,S0089,T005,D0028,Task,Low,,Done,2024-04-26 17:51:16.463916,2024-04-28 19:27:16.463916,49.6,0,0,2.066666666666667
I002287,P009,S0089,T005,D0016,Sub-task,Low,,Done,2024-04-24 13:49:27.108534,2024-04-27 15:49:27.108534,74.0,0,0,3.0833333333333335
I002288,P009,S0089,T005,D0039,Bug,High,Minor,Done,2024-04-24 16:29:30.597736,2024-04-24 21:17:30.597736,4.8,0,1,0.2
I002289,P009,S0089,T005,D0016,Bug,Low,Major,Reopened,2024-04-27 15:52:24.695149,2024-04-28 09:34:24.695149,17.7,1,0,0.7375
I002290,P009,S0089,T005,D0016,Task,Low,,Done,2024-04-22 07:10:10.562748,2024-04-25 14:34:10.562748,79.4,0,0,3.308333333333333
I002291,P009,S0089,T005,D0028,Bug,High,Major,In Progress,2024-04-26 15:29:17.999337,,,0,0,
I002292,P009,S0089,T005,D0039,Story,Critical,,Done,2024-04-25 05:55:32.804636,2024-04-25 11:37:32.804636,5.7,0,0,0.2375
I002293,P009,S0089,T005,D0028,Task,Low,,In Progress,2024-04-24 14:24:12.201420,,,0,0,
I002294,P009,S0089,T005,D0016,Story,Medium,,Won't Fix,2024-04-29 13:38:28.791233,2024-05-01 14:08:28.791233,48.5,0,0,2.0208333333333335
I002295,P009,S0089,T005,D0051,Bug,Medium,Minor,Done,2024-04-22 06:09:23.393621,2024-04-25 17:27:23.393621,83.3,0,0,3.470833333333333
I002296,P009,S0089,T005,D0016,Story,High,,In Progress,2024-04-21 20:17:13.090585,,,0,0,
I002297,P009,S0089,T005,D0028,Task,High,,Done,2024-04-30 20:44:25.242538,2024-05-01 19:08:25.242538,22.4,0,0,0.9333333333333333
I002298,P009,S0089,T005,D0039,Bug,Medium,Major,Done,2024-04-21 02:01:49.595601,2024-04-21 16:19:49.595601,14.3,0,0,0.5958333333333333
I002299,P009,S0089,T005,D0051,Bug,High,Minor,Done,2024-04-29 14:02:20.134892,2024-05-01 16:32:20.134892,50.5,0,0,2.1041666666666665
I002300,P009,S0089,T005,D0011,Bug,Low,Major,Done,2024-04-25 06:14:49.279008,2024-04-26 19:38:49.279008,37.4,0,0,1.5583333333333333
I002301,P009,S0089,T005,D0039,Bug,Low,Critical,Done,2024-04-25 11:59:37.733763,2024-04-26 03:47:37.733763,15.8,0,0,0.6583333333333333
I002302,P009,S0089,T005,D0011,Task,High,,Done,2024-04-20 19:45:49.199149,2024-04-22 18:45:49.199149,47.0,0,0,1.9583333333333333
I002303,P009,S0089,T005,D0011,Bug,Low,Critical,In Progress,2024-04-29 12:50:24.200565,,,0,0,
I002304,P009,S0089,T005,D0028,Bug,Low,Minor,In Progress,2024-04-28 21:08:05.021735,,,0,0,
I002305,P009,S0089,T005,D0051,Task,High,,Done,2024-04-23 21:56:44.157353,2024-04-24 15:08:44.157353,17.2,0,0,0.7166666666666667
I002306,P009,S0089,T005,D0016,Sub-task,Low,,Done,2024-04-21 12:31:18.574237,2024-04-23 13:43:18.574237,49.2,0,0,2.05
I002307,P009,S0089,T005,D0039,Sub-task,Medium,,Done,2024-04-28 17:49:07.988467,2024-04-29 20:13:07.988467,26.4,0,0,1.1
I002308,P009,S0089,T005,D0051,Task,Medium,,Done,2024-05-01 00:42:38.631654,2024-05-01 14:54:38.631654,14.2,0,0,0.5916666666666667
I002309,P009,S0089,T005,D0051,Sub-task,Critical,,Done,2024-05-01 15:33:57.708080,2024-05-02 01:39:57.708080,10.1,0,0,0.42083333333333334
I002310,P009,S0089,T005,D0039,Bug,Critical,Critical,Reopened,2024-04-25 06:53:56.105891,2024-04-26 01:29:56.105891,18.6,1,0,0.775
I002311,P009,S0089,T005,D0028,Bug,Low,Minor,Done,2024-04-24 08:05:10.582995,2024-04-27 17:05:10.582995,81.0,0,0,3.375
I002312,P009,S0089,T005,D0028,Sub-task,Medium,,In Progress,2024-04-24 02:35:55.755447,,,0,0,
I002313,P009,S0089,T005,D0011,Bug,High,Critical,Reopened,2024-04-27 06:16:14.523062,2024-04-28 19:22:14.523062,37.1,1,0,1.5458333333333334
I002314,P009,S0089,T005,D0039,Bug,High,Minor,Done,2024-04-21 21:23:04.153104,2024-04-22 02:23:04.153104,5.0,0,0,0.20833333333333334
I002315,P009,S0090,T005,D0051,Story,Critical,,Won't Fix,2024-05-09 13:00:14.514597,2024-05-10 12:00:14.514597,23.0,0,0,0.9583333333333334
I002316,P009,S0090,T005,D0051,Bug,Critical,Major,Done,2024-05-09 12:13:12.519243,2024-05-10 15:13:12.519243,27.0,0,0,1.125
I002317,P009,S0090,T005,D0011,Story,High,,Done,2024-05-04 23:40:56.609222,2024-05-05 01:28:56.609222,1.8,0,0,0.075
I002318,P009,S0090,T005,D0028,Task,High,,Done,2024-05-14 15:50:36.965756,2024-05-15 10:26:36.965756,18.6,0,0,0.775
I002319,P009,S0090,T005,D0028,Story,Medium,,Done,2024-05-11 03:25:33.776748,2024-05-11 16:49:33.776748,13.4,0,0,0.5583333333333333
I002320,P009,S0090,T005,D0039,Story,Low,,Done,2024-05-07 23:36:30.535092,2024-05-11 07:00:30.535092,79.4,0,0,3.308333333333333
I002321,P009,S0090,T005,D0016,Bug,Low,Minor,Reopened,2024-05-14 13:43:43.626442,2024-05-16 17:55:43.626442,52.2,1,0,2.175
I002322,P009,S0090,T005,D0011,Bug,Low,Blocker,Done,2024-05-06 11:02:19.620391,2024-05-07 08:26:19.620391,21.4,0,0,0.8916666666666667
I002323,P009,S0090,T005,D0039,Bug,Low,Minor,In Progress,2024-05-06 05:35:03.320469,,,0,1,
I002324,P009,S0090,T005,D0028,Sub-task,Low,,Done,2024-05-08 22:21:51.535929,2024-05-10 07:39:51.535929,33.3,0,0,1.3875
I002325,P009,S0090,T005,D0028,Task,Medium,,In Progress,2024-05-08 05:57:02.560919,,,0,0,
I002326,P009,S0090,T005,D0051,Task,Medium,,Done,2024-05-05 11:19:40.818823,2024-05-08 17:07:40.818823,77.8,0,0,3.2416666666666667
I002327,P009,S0090,T005,D0016,Story,Medium,,Reopened,2024-05-07 20:36:57.627006,2024-05-10 17:36:57.627006,69.0,1,0,2.875
I002328,P009,S0090,T005,D0039,Bug,Low,Minor,Reopened,2024-05-14 05:59:44.484246,2024-05-16 03:47:44.484246,45.8,1,0,1.9083333333333334
I002329,P009,S0090,T005,D0028,Sub-task,Low,,Done,2024-05-12 16:43:33.904760,2024-05-13 23:31:33.904760,30.8,0,0,1.2833333333333334
I002330,P009,S0090,T005,D0051,Story,Low,,Done,2024-05-07 07:34:52.924038,2024-05-09 04:28:52.924038,44.9,0,0,1.8708333333333333
I002331,P009,S0090,T005,D0039,Task,Critical,,Done,2024-05-06 20:18:20.028766,2024-05-08 02:30:20.028766,30.2,0,0,1.2583333333333333
I002332,P009,S0090,T005,D0039,Sub-task,Medium,,Done,2024-05-12 19:21:31.302991,2024-05-15 03:51:31.302991,56.5,0,0,2.3541666666666665
I002333,P009,S0090,T005,D0016,Bug,High,Critical,Done,2024-05-11 21:13:44.746358,2024-05-13 05:43:44.746358,32.5,0,0,1.3541666666666667
I002334,P009,S0090,T005,D0039,Task,Medium,,Done,2024-05-12 10:25:41.159573,2024-05-15 11:43:41.159573,73.3,0,0,3.0541666666666667
I002335,P009,S0090,T005,D0011,Story,Low,,Done,2024-05-07 15:24:16.687048,2024-05-08 02:54:16.687048,11.5,0,0,0.4791666666666667
I002336,P009,S0090,T005,D0011,Story,Medium,,Done,2024-05-10 04:43:14.095205,2024-05-11 23:07:14.095205,42.4,0,0,1.7666666666666666
I002337,P009,S0090,T005,D0051,Bug,High,Major,Won't Fix,2024-05-12 23:32:06.477627,2024-05-16 12:02:06.477627,84.5,1,0,3.5208333333333335
I002338,P009,S0090,T005,D0039,Story,Medium,,Done,2024-05-07 05:53:18.319010,2024-05-09 13:11:18.319010,55.3,0,0,2.3041666666666667
I002339,P009,S0090,T005,D0028,Bug,Medium,Critical,Done,2024-05-14 17:55:58.407016,2024-05-15 20:07:58.407016,26.2,0,0,1.0916666666666666
I002340,P009,S0090,T005,D0011,Sub-task,Low,,In Progress,2024-05-09 11:17:27.389260,,,0,0,
I002341,P009,S0090,T005,D0016,Sub-task,Low,,Done,2024-05-12 13:27:45.585082,2024-05-16 05:51:45.585082,88.4,0,0,3.683333333333333
I002342,P009,S0090,T005,D0051,Sub-task,Low,,Done,2024-05-03 04:25:38.544954,2024-05-04 14:19:38.544954,33.9,0,0,1.4125
I002343,P009,S0090,T005,D0016,Bug,Critical,Blocker,Done,2024-05-15 22:47:56.567923,2024-05-16 22:05:56.567923,23.3,0,0,0.9708333333333333
I002344,P009,S0090,T005,D0039,Task,Medium,,Done,2024-05-09 10:19:32.754944,2024-05-10 20:37:32.754944,34.3,0,0,1.4291666666666667
I002345,P010,S0091,T008,D0041,Task,Critical,,In Progress,2023-12-06 15:04:54.581827,,,0,0,
I002346,P010,S0091,T008,D0041,Bug,Medium,Blocker,Done,2023-12-05 07:28:01.936317,2023-12-08 04:16:01.936317,68.8,0,0,2.8666666666666667
I002347,P010,S0091,T008,D0046,Bug,Low,Minor,Reopened,2023-12-05 04:17:19.396735,2023-12-06 18:35:19.396735,38.3,1,0,1.5958333333333334
I002348,P010,S0091,T008,D0040,Bug,Low,Major,Done,2023-12-11 09:35:24.732523,2023-12-12 23:17:24.732523,37.7,0,1,1.5708333333333333
I002349,P010,S0091,T008,D0040,Task,Low,,In Progress,2023-11-30 12:11:06.147401,,,0,0,
I002350,P010,S0091,T008,D0045,Story,Low,,In Progress,2023-12-09 18:22:18.618031,,,0,0,
I002351,P010,S0091,T008,D0001,Bug,High,Major,Done,2023-12-11 07:00:42.144587,2023-12-11 20:06:42.144587,13.1,0,0,0.5458333333333333
I002352,P010,S0091,T008,D0040,Task,High,,Done,2023-12-10 15:32:16.765803,2023-12-11 20:50:16.765803,29.3,0,0,1.2208333333333334
I002353,P010,S0091,T008,D0001,Task,Medium,,In Progress,2023-12-04 20:01:01.136797,,,0,0,
I002354,P010,S0091,T008,D0040,Story,Low,,Reopened,2023-12-11 09:22:36.518279,2023-12-15 05:22:36.518279,92.0,1,0,3.8333333333333335
I002355,P010,S0091,T008,D0041,Story,Low,,Done,2023-12-06 15:02:31.662325,2023-12-08 11:38:31.662325,44.6,0,0,1.8583333333333334
I002356,P010,S0091,T008,D0040,Sub-task,Critical,,Done,2023-12-06 09:27:09.077638,2023-12-06 10:27:09.077638,1.0,0,0,0.041666666666666664
I002357,P010,S0091,T008,D0046,Bug,Medium,Major,Reopened,2023-11-30 02:31:59.044064,2023-11-30 04:43:59.044064,2.2,1,0,0.09166666666666666
I002358,P010,S0091,T008,D0041,Story,Low,,Reopened,2023-12-03 08:40:55.070590,2023-12-03 22:04:55.070590,13.4,1,0,0.5583333333333333
I002359,P010,S0091,T008,D0053,Task,High,,Done,2023-12-06 16:20:17.773136,2023-12-06 21:20:17.773136,5.0,0,0,0.20833333333333334
I002360,P010,S0091,T008,D0010,Bug,High,Critical,In Progress,2023-12-06 09:50:22.576699,,,0,1,
I002361,P010,S0091,T008,D0046,Story,Low,,In Progress,2023-12-01 00:37:04.155767,,,0,0,
I002362,P010,S0091,T008,D0041,Story,High,,Done,2023-12-09 05:06:40.450913,2023-12-09 13:30:40.450913,8.4,0,0,0.35
I002363,P010,S0091,T008,D0053,Story,Low,,Done,2023-12-12 16:21:10.927725,2023-12-13 13:45:10.927725,21.4,0,0,0.8916666666666667
I002364,P010,S0091,T008,D0041,Task,Critical,,In Progress,2023-12-10 04:11:49.276657,,,0,0,
I002365,P010,S0091,T008,D0001,Story,Critical,,Reopened,2023-12-03 00:29:06.080402,2023-12-03 10:17:06.080402,9.8,1,0,0.4083333333333333
I002366,P010,S0091,T008,D0046,Story,High,,Done,2023-12-07 09:42:16.438623,2023-12-07 13:54:16.438623,4.2,0,0,0.175
I002367,P010,S0091,T008,D0010,Sub-task,Medium,,Done,2023-12-08 12:50:17.944115,2023-12-09 06:14:17.944115,17.4,0,0,0.725
I002368,P010,S0091,T008,D0010,Task,Medium,,Done,2023-12-04 14:15:55.238847,2023-12-04 21:03:55.238847,6.8,0,0,0.2833333333333333
I002369,P010,S0091,T008,D0036,Story,Low,,In Progress,2023-12-12 23:46:53.171402,,,0,0,
I002370,P010,S0091,T008,D0040,Bug,Critical,Minor,In Progress,2023-11-30 07:56:58.499793,,,0,1,
I002371,P010,S0091,T008,D0041,Story,Low,,Done,2023-12-12 00:38:53.892016,2023-12-15 04:08:53.892016,75.5,0,0,3.1458333333333335
I002372,P010,S0091,T008,D0041,Story,High,,Done,2023-12-01 06:06:08.604567,2023-12-01 23:54:08.604567,17.8,0,0,0.7416666666666667
I002373,P010,S0091,T008,D0010,Bug,Critical,Major,Reopened,2023-12-01 08:39:47.323096,2023-12-01 21:45:47.323096,13.1,1,0,0.5458333333333333
I002374,P010,S0091,T008,D0040,Bug,High,Critical,Done,2023-12-08 11:15:40.950965,2023-12-08 15:51:40.950965,4.6,0,0,0.19166666666666668
I002375,P010,S0091,T008,D0053,Bug,Medium,Minor,Done,2023-12-01 21:49:09.949353,2023-12-02 11:01:09.949353,13.2,0,0,0.55
I002376,P010,S0091,T008,D0040,Task,Low,,In Progress,2023-12-09 08:34:14.792047,,,0,0,
I002377,P010,S0091,T008,D0036,Bug,Medium,Minor,In Progress,2023-12-04 12:36:13.601025,,,0,0,
I002378,P010,S0092,T008,D0036,Task,Low,,Done,2023-12-18 08:00:37.407887,2023-12-18 20:54:37.407887,12.9,0,0,0.5375
I002379,P010,S0092,T008,D0053,Bug,Low,Minor,Done,2023-12-20 03:44:04.845751,2023-12-22 12:02:04.845751,56.3,0,0,2.345833333333333
I002380,P010,S0092,T008,D0045,Bug,Medium,Blocker,Done,2023-12-20 04:34:53.084526,2023-12-22 00:52:53.084526,44.3,0,0,1.8458333333333334
I002381,P010,S0092,T008,D0053,Story,High,,In Progress,2023-12-16 05:53:58.858530,,,0,0,
I002382,P010,S0092,T008,D0036,Story,High,,Done,2023-12-17 18:54:07.020986,2023-12-18 20:18:07.020986,25.4,0,0,1.0583333333333333
I002383,P010,S0092,T008,D0046,Bug,Medium,Major,Done,2023-12-22 11:34:59.223898,2023-12-22 21:16:59.223898,9.7,0,0,0.4041666666666667
I002384,P010,S0092,T008,D0045,Bug,Critical,Critical,Done,2023-12-18 02:48:07.119168,2023-12-18 11:00:07.119168,8.2,0,0,0.3416666666666667
I002385,P010,S0092,T008,D0036,Sub-task,Low,,Done,2023-12-24 20:03:46.025777,2023-12-25 06:51:46.025777,10.8,0,0,0.45
I002386,P010,S0092,T008,D0010,Sub-task,Medium,,Done,2023-12-18 18:37:33.775199,2023-12-19 20:07:33.775199,25.5,0,0,1.0625
I002387,P010,S0092,T008,D0040,Task,Medium,,Done,2023-12-26 15:33:10.157931,2023-12-28 20:21:10.157931,52.8,0,0,2.2
I002388,P010,S0092,T008,D0041,Story,Low,,In Progress,2023-12-18 01:28:04.731284,,,0,0,
I002389,P010,S0092,T008,D0040,Story,Low,,Reopened,2023-12-19 13:36:51.186532,2023-12-21 03:54:51.186532,38.3,1,0,1.5958333333333334
I002390,P010,S0092,T008,D0053,Bug,High,Major,Done,2023-12-20 07:02:40.810821,2023-12-22 07:20:40.810821,48.3,0,0,2.0125
I002391,P010,S0092,T008,D0040,Story,Low,,Done,2023-12-14 20:32:28.951999,2023-12-15 23:38:28.951999,27.1,0,0,1.1291666666666667
I002392,P010,S0092,T008,D0040,Bug,Medium,Minor,Done,2023-12-15 16:23:32.950096,2023-12-16 05:59:32.950096,13.6,0,0,0.5666666666666667
I002393,P010,S0092,T008,D0010,Story,Medium,,Done,2023-12-20 00:51:04.584805,2023-12-20 23:27:04.584805,22.6,0,0,0.9416666666666667
I002394,P010,S0092,T008,D0046,Story,Critical,,Done,2023-12-23 17:53:47.661565,2023-12-23 22:41:47.661565,4.8,0,0,0.2
I002395,P010,S0092,T008,D0040,Sub-task,Low,,Done,2023-12-21 00:15:39.809939,2023-12-22 04:27:39.809939,28.2,0,0,1.175
I002396,P010,S0093,T008,D0053,Bug,Low,Major,Done,2024-01-07 08:47:29.481105,2024-01-07 13:17:29.481105,4.5,0,0,0.1875
I002397,P010,S0093,T008,D0053,Story,Medium,,Done,2024-01-05 23:52:24.679179,2024-01-06 09:52:24.679179,10.0,0,0,0.4166666666666667
I002398,P010,S0093,T008,D0053,Story,High,,Done,2023-12-29 13:07:13.460675,2023-12-31 03:37:13.460675,38.5,0,0,1.6041666666666667
I002399,P010,S0093,T008,D0040,Sub-task,Medium,,Done,2024-01-09 12:37:39.515185,2024-01-10 14:31:39.515185,25.9,0,0,1.0791666666666666
I002400,P010,S0093,T008,D0046,Story,Low,,In Progress,2024-01-02 12:57:27.645781,,,0,0,
I002401,P010,S0093,T008,D0046,Bug,Low,Minor,Reopened,2024-01-02 03:06:01.680692,2024-01-03 14:06:01.680692,35.0,1,0,1.4583333333333333
I002402,P010,S0093,T008,D0036,Task,Low,,Done,2024-01-08 01:17:46.854922,2024-01-08 23:17:46.854922,22.0,0,0,0.9166666666666666
I002403,P010,S0093,T008,D0040,Bug,Medium,Minor,Done,2024-01-05 01:47:24.907591,2024-01-08 08:29:24.907591,78.7,0,0,3.279166666666667
I002404,P010,S0093,T008,D0041,Bug,Low,Major,In Progress,2024-01-04 18:03:29.947372,,,0,0,
I002405,P010,S0093,T008,D0040,Bug,Critical,Minor,In Progress,2024-01-03 07:41:49.598945,,,1,0,
I002406,P010,S0093,T008,D0053,Sub-task,Low,,Done,2024-01-06 01:08:20.237773,2024-01-07 21:20:20.237773,44.2,0,0,1.8416666666666666
I002407,P010,S0093,T008,D0040,Bug,High,Critical,Reopened,2024-01-01 15:57:16.291286,2024-01-02 06:33:16.291286,14.6,1,0,0.6083333333333333
I002408,P010,S0093,T008,D0046,Story,Medium,,Done,2024-01-09 04:12:34.778051,2024-01-11 09:18:34.778051,53.1,0,0,2.2125
I002409,P010,S0093,T008,D0053,Task,Low,,Done,2024-01-04 01:39:45.141329,2024-01-05 07:57:45.141329,30.3,0,0,1.2625
I002410,P010,S0093,T008,D0046,Task,Low,,Done,2024-01-03 03:43:51.815503,2024-01-03 12:55:51.815503,9.2,0,0,0.38333333333333336
I002411,P010,S0093,T008,D0001,Bug,Low,Minor,Done,2023-12-28 03:04:56.774180,2023-12-28 16:40:56.774180,13.6,0,0,0.5666666666666667
I002412,P010,S0093,T008,D0041,Bug,Medium,Major,Done,2024-01-04 15:23:00.776295,2024-01-04 19:47:00.776295,4.4,0,0,0.18333333333333332
I002413,P010,S0093,T008,D0046,Task,High,,In Progress,2024-01-01 16:39:36.938328,,,0,0,
I002414,P010,S0093,T008,D0040,Task,Medium,,Done,2023-12-30 07:58:30.212981,2023-12-31 16:28:30.212981,32.5,0,0,1.3541666666666667
I002415,P010,S0093,T008,D0001,Story,Medium,,Done,2023-12-28 19:38:55.137573,2023-12-29 06:26:55.137573,10.8,0,0,0.45
I002416,P010,S0093,T008,D0040,Bug,Low,Critical,Done,2023-12-28 14:44:21.756216,2023-12-30 10:20:21.756216,43.6,0,0,1.8166666666666667
I002417,P010,S0093,T008,D0010,Task,Low,,Done,2024-01-05 04:07:58.581327,2024-01-06 04:19:58.581327,24.2,0,0,1.0083333333333333
I002418,P010,S0093,T008,D0040,Task,High,,Done,2024-01-09 12:28:09.922753,2024-01-10 10:28:09.922753,22.0,0,0,0.9166666666666666
I002419,P010,S0093,T008,D0001,Task,High,,Done,2024-01-03 21:33:31.766687,2024-01-04 15:57:31.766687,18.4,0,0,0.7666666666666667
I002420,P010,S0093,T008,D0010,Bug,Medium,Minor,In Progress,2023-12-30 06:18:13.331090,,,0,1,
I002421,P010,S0093,T008,D0045,Bug,Medium,Blocker,In Progress,2023-12-31 09:46:23.865313,,,0,0,
I002422,P010,S0093,T008,D0045,Task,Low,,Done,2024-01-03 19:10:24.925419,2024-01-04 09:28:24.925419,14.3,0,0,0.5958333333333333
I002423,P010,S0093,T008,D0040,Sub-task,High,,Done,2024-01-02 15:58:55.082451,2024-01-02 18:22:55.082451,2.4,0,0,0.1
I002424,P010,S0093,T008,D0041,Bug,Medium,Major,In Progress,2023-12-29 18:12:59.521099,,,0,0,
I002425,P010,S0093,T008,D0036,Story,Medium,,Done,2024-01-03 18:53:24.534451,2024-01-05 03:17:24.534451,32.4,0,0,1.35
I002426,P010,S0093,T008,D0040,Story,Low,,Done,2023-12-29 17:22:00.703482,2023-12-30 05:40:00.703482,12.3,0,0,0.5125
I002427,P010,S0093,T008,D0040,Task,Medium,,Done,2024-01-08 07:07:40.135011,2024-01-09 13:37:40.135011,30.5,0,0,1.2708333333333333
I002428,P010,S0093,T008,D0040,Bug,Low,Major,In Progress,2024-01-06 17:59:41.261688,,,0,0,
I002429,P010,S0093,T008,D0041,Task,Low,,Done,2024-01-09 08:01:33.091894,2024-01-12 14:55:33.091894,78.9,0,0,3.2875
I002430,P010,S0094,T008,D0036,Bug,Critical,Major,In Progress,2024-01-11 14:31:44.516613,,,0,0,
I002431,P010,S0094,T008,D0036,Story,High,,Done,2024-01-23 11:53:48.714654,2024-01-24 06:59:48.714654,19.1,0,0,0.7958333333333333
I002432,P010,S0094,T008,D0036,Story,Low,,Reopened,2024-01-13 15:04:06.575333,2024-01-14 08:04:06.575333,17.0,1,0,0.7083333333333334
I002433,P010,S0094,T008,D0036,Sub-task,Medium,,In Progress,2024-01-14 03:24:52.863885,,,0,0,
I002434,P010,S0094,T008,D0041,Bug,Medium,Minor,In Progress,2024-01-12 22:46:26.356731,,,0,0,
I002435,P010,S0094,T008,D0053,Story,Low,,Done,2024-01-21 13:34:18.391522,2024-01-21 20:34:18.391522,7.0,0,0,0.2916666666666667
I002436,P010,S0094,T008,D0036,Bug,Critical,Minor,Done,2024-01-17 14:00:01.180047,2024-01-18 03:06:01.180047,13.1,0,0,0.5458333333333333
I002437,P010,S0094,T008,D0046,Sub-task,Low,,Won't Fix,2024-01-20 22:55:51.151676,2024-01-21 03:25:51.151676,4.5,0,0,0.1875
I002438,P010,S0094,T008,D0053,Sub-task,Critical,,In Progress,2024-01-21 02:15:25.785060,,,0,0,
I002439,P010,S0094,T008,D0041,Task,High,,Done,2024-01-22 23:00:25.143896,2024-01-23 01:36:25.143896,2.6,0,0,0.10833333333333334
I002440,P010,S0094,T008,D0036,Story,Medium,,Done,2024-01-22 11:02:00.183415,2024-01-22 23:38:00.183415,12.6,0,0,0.525
I002441,P010,S0094,T008,D0041,Story,Low,,Done,2024-01-16 09:22:57.235478,2024-01-17 06:16:57.235478,20.9,0,0,0.8708333333333333
I002442,P010,S0094,T008,D0041,Task,Low,,Done,2024-01-17 03:23:19.645000,2024-01-20 04:23:19.645000,73.0,0,0,3.0416666666666665
I002443,P010,S0094,T008,D0046,Story,Medium,,In Progress,2024-01-20 04:33:11.092762,,,0,0,
I002444,P010,S0094,T008,D0045,Story,Low,,Done,2024-01-23 07:16:39.653065,2024-01-25 15:16:39.653065,56.0,0,0,2.3333333333333335
I002445,P010,S0095,T008,D0045,Bug,Low,Major,In Progress,2024-01-26 16:56:31.865836,,,0,0,
I002446,P010,S0095,T008,D0046,Bug,Medium,Minor,Reopened,2024-02-04 02:16:40.678120,2024-02-04 22:46:40.678120,20.5,1,0,0.8541666666666666
I002447,P010,S0095,T008,D0010,Task,Low,,In Progress,2024-01-28 16:49:18.962290,,,0,0,
I002448,P010,S0095,T008,D0046,Story,High,,Won't Fix,2024-01-31 18:30:35.370144,2024-02-02 01:30:35.370144,31.0,0,0,1.2916666666666667
I002449,P010,S0095,T008,D0001,Bug,High,Minor,Reopened,2024-01-31 09:46:41.894464,2024-02-01 16:22:41.894464,30.6,1,0,1.275
I002450,P010,S0095,T008,D0036,Task,Medium,,Won't Fix,2024-01-28 03:59:11.480380,2024-01-30 06:47:11.480380,50.8,0,0,2.1166666666666667
I002451,P010,S0095,T008,D0046,Bug,Low,Major,Reopened,2024-02-01 23:26:33.350842,2024-02-02 13:44:33.350842,14.3,1,0,0.5958333333333333
I002452,P010,S0095,T008,D0041,Story,Medium,,Done,2024-02-01 05:03:34.919769,2024-02-01 13:15:34.919769,8.2,0,0,0.3416666666666667
I002453,P010,S0095,T008,D0046,Task,Critical,,Done,2024-01-25 22:28:20.350948,2024-01-26 02:28:20.350948,4.0,0,0,0.16666666666666666
I002454,P010,S0095,T008,D0041,Sub-task,Medium,,Reopened,2024-01-30 16:09:08.614764,2024-01-31 08:33:08.614764,16.4,1,0,0.6833333333333333
I002455,P010,S0095,T008,D0001,Story,Low,,Done,2024-01-27 12:26:36.172656,2024-01-29 13:44:36.172656,49.3,0,0,2.0541666666666667
I002456,P010,S0095,T008,D0045,Bug,Medium,Minor,In Progress,2024-01-30 08:58:22.009127,,,0,0,
I002457,P010,S0095,T008,D0036,Bug,Medium,Major,In Progress,2024-01-26 21:41:55.957720,,,0,0,
I002458,P010,S0095,T008,D0040,Bug,Low,Minor,Done,2024-01-30 09:08:23.176723,2024-02-01 09:08:23.176723,48.0,0,0,2.0
I002459,P010,S0095,T008,D0040,Sub-task,Low,,Done,2024-02-05 05:03:02.098558,2024-02-07 21:33:02.098558,64.5,0,0,2.6875
I002460,P010,S0095,T008,D0010,Bug,High,Minor,In Progress,2024-01-30 00:35:27.075387,,,0,0,
I002461,P010,S0096,T008,D0053,Bug,High,Critical,In Progress,2024-02-11 20:06:18.749787,,,0,0,
I002462,P010,S0096,T008,D0045,Story,Low,,Done,2024-02-08 01:04:26.614814,2024-02-08 17:40:26.614814,16.6,0,0,0.6916666666666667
I002463,P010,S0096,T008,D0046,Task,Low,,Done,2024-02-13 17:19:17.053827,2024-02-14 10:07:17.053827,16.8,0,0,0.7
I002464,P010,S0096,T008,D0053,Story,High,,In Progress,2024-02-15 17:16:29.714606,,,0,0,
I002465,P010,S0096,T008,D0053,Bug,Medium,Minor,Done,2024-02-14 00:50:17.706664,2024-02-14 10:02:17.706664,9.2,0,0,0.38333333333333336
I002466,P010,S0096,T008,D0041,Task,Low,,Done,2024-02-16 12:07:16.748361,2024-02-16 17:25:16.748361,5.3,0,0,0.22083333333333333
I002467,P010,S0096,T008,D0045,Sub-task,Medium,,Done,2024-02-10 22:46:34.657667,2024-02-12 04:16:34.657667,29.5,0,0,1.2291666666666667
I002468,P010,S0096,T008,D0053,Task,High,,Done,2024-02-16 20:34:16.719105,2024-02-17 07:34:16.719105,11.0,0,0,0.4583333333333333
I002469,P010,S0096,T008,D0053,Bug,Low,Major,Done,2024-02-15 00:16:42.880059,2024-02-15 19:58:42.880059,19.7,0,0,0.8208333333333333
I002470,P010,S0096,T008,D0046,Sub-task,Medium,,Done,2024-02-19 22:03:04.102641,2024-02-21 11:03:04.102641,37.0,0,0,1.5416666666666667
I002471,P010,S0096,T008,D0045,Bug,Critical,Minor,Won't Fix,2024-02-08 01:07:28.282243,2024-02-08 16:43:28.282243,15.6,0,0,0.65
I002472,P010,S0096,T008,D0045,Task,Medium,,Done,2024-02-10 11:34:57.267754,2024-02-12 05:16:57.267754,41.7,0,0,1.7375
I002473,P010,S0096,T008,D0001,Story,Medium,,In Progress,2024-02-10 20:09:45.988121,,,0,0,
I002474,P010,S0096,T008,D0001,Bug,High,Minor,Reopened,2024-02-15 07:54:41.641276,2024-02-16 08:00:41.641276,24.1,1,0,1.0041666666666667
I002475,P010,S0096,T008,D0010,Bug,High,Major,Done,2024-02-13 00:09:05.082586,2024-02-13 02:27:05.082586,2.3,0,0,0.09583333333333334
I002476,P010,S0097,T008,D0040,Bug,Medium,Minor,Reopened,2024-02-24 11:31:47.233505,2024-02-25 12:49:47.233505,25.3,1,0,1.0541666666666667
I002477,P010,S0097,T008,D0046,Bug,High,Critical,Done,2024-02-28 15:40:48.137570,2024-02-29 04:10:48.137570,12.5,0,0,0.5208333333333334
I002478,P010,S0097,T008,D0036,Task,Low,,Reopened,2024-02-28 02:33:45.384960,2024-02-28 15:21:45.384960,12.8,1,0,0.5333333333333333
I002479,P010,S0097,T008,D0053,Bug,Medium,Major,Done,2024-02-25 00:00:47.736663,2024-02-25 23:24:47.736663,23.4,0,1,0.975
I002480,P010,S0097,T008,D0041,Bug,Low,Critical,Done,2024-03-03 17:14:16.235057,2024-03-05 20:20:16.235057,51.1,0,0,2.129166666666667
I002481,P010,S0097,T008,D0040,Bug,Critical,Major,In Progress,2024-02-27 11:36:04.433820,,,0,0,
I002482,P010,S0097,T008,D0010,Bug,High,Minor,Done,2024-03-03 06:37:48.563488,2024-03-03 19:49:48.563488,13.2,0,0,0.55
I002483,P010,S0097,T008,D0041,Story,High,,Done,2024-02-29 17:40:35.561342,2024-03-01 19:04:35.561342,25.4,0,0,1.0583333333333333
I002484,P010,S0097,T008,D0053,Task,Medium,,In Progress,2024-03-04 05:49:04.897617,,,0,0,
I002485,P010,S0097,T008,D0041,Task,Medium,,Done,2024-02-29 22:09:52.193066,2024-03-02 12:09:52.193066,38.0,0,0,1.5833333333333333
I002486,P010,S0097,T008,D0010,Bug,Low,Critical,Done,2024-03-03 09:30:39.803230,2024-03-04 04:36:39.803230,19.1,0,0,0.7958333333333333
I002487,P010,S0097,T008,D0001,Sub-task,High,,In Progress,2024-03-05 14:15:03.866552,,,0,0,
I002488,P010,S0097,T008,D0010,Story,Low,,Done,2024-03-04 11:02:32.284725,2024-03-07 02:50:32.284725,63.8,0,0,2.658333333333333
I002489,P010,S0097,T008,D0001,Story,Low,,Done,2024-03-05 17:39:23.244090,2024-03-06 15:57:23.244090,22.3,0,0,0.9291666666666667
I002490,P010,S0097,T008,D0046,Bug,High,Critical,In Progress,2024-02-25 02:14:10.223357,,,0,0,
I002491,P010,S0097,T008,D0040,Bug,Low,Critical,Done,2024-02-23 03:24:40.066236,2024-02-24 07:36:40.066236,28.2,0,0,1.175
I002492,P010,S0097,T008,D0045,Task,Critical,,Done,2024-03-04 02:25:52.340762,2024-03-04 23:07:52.340762,20.7,0,0,0.8625
I002493,P010,S0097,T008,D0040,Task,Critical,,Done,2024-02-27 06:20:35.100993,2024-02-27 16:20:35.100993,10.0,0,0,0.4166666666666667
I002494,P010,S0097,T008,D0045,Bug,Low,Blocker,In Progress,2024-02-23 01:01:11.835735,,,0,0,
I002495,P010,S0097,T008,D0036,Bug,Medium,Blocker,Reopened,2024-03-01 11:27:28.088067,2024-03-01 16:33:28.088067,5.1,1,0,0.2125
I002496,P010,S0097,T008,D0045,Story,Low,,In Progress,2024-03-05 22:41:00.539067,,,0,0,
I002497,P010,S0097,T008,D0045,Bug,Critical,Blocker,Done,2024-03-05 04:15:23.319180,2024-03-05 06:03:23.319180,1.8,0,0,0.075
I002498,P010,S0097,T008,D0053,Story,Medium,,Reopened,2024-03-01 04:03:22.090651,2024-03-02 00:39:22.090651,20.6,1,0,0.8583333333333333
I002499,P010,S0097,T008,D0045,Bug,Critical,Minor,Reopened,2024-02-29 16:04:03.798122,2024-03-01 07:28:03.798122,15.4,1,0,0.6416666666666667
I002500,P010,S0097,T008,D0040,Story,Medium,,Done,2024-03-05 09:27:23.236667,2024-03-06 19:03:23.236667,33.6,0,0,1.4
I002501,P010,S0097,T008,D0046,Story,Medium,,Done,2024-02-23 07:38:21.629854,2024-02-24 05:32:21.629854,21.9,0,0,0.9125
I002502,P010,S0097,T008,D0053,Story,Low,,Done,2024-02-29 15:37:41.398126,2024-03-01 09:19:41.398126,17.7,0,0,0.7375
I002503,P010,S0097,T008,D0041,Bug,Low,Major,Done,2024-03-05 06:01:22.748869,2024-03-08 04:49:22.748869,70.8,0,0,2.95
I002504,P010,S0097,T008,D0001,Task,Medium,,Done,2024-02-28 15:39:31.232121,2024-02-29 22:03:31.232121,30.4,0,0,1.2666666666666666
I002505,P010,S0097,T008,D0041,Story,High,,In Progress,2024-02-28 16:47:48.448292,,,0,0,
I002506,P010,S0097,T008,D0045,Story,Medium,,Done,2024-03-04 22:13:50.934040,2024-03-05 21:07:50.934040,22.9,0,0,0.9541666666666667
I002507,P010,S0097,T008,D0036,Task,Low,,Done,2024-03-05 12:46:36.576263,2024-03-06 02:04:36.576263,13.3,0,0,0.5541666666666667
I002508,P010,S0098,T008,D0001,Bug,High,Minor,Reopened,2024-03-19 04:03:32.621777,2024-03-20 21:15:32.621777,41.2,1,0,1.7166666666666666
I002509,P010,S0098,T008,D0053,Bug,Critical,Minor,In Progress,2024-03-13 03:12:50.085791,,,0,1,
I002510,P010,S0098,T008,D0036,Story,High,,Done,2024-03-11 11:31:37.649318,2024-03-12 02:13:37.649318,14.7,0,0,0.6125
I002511,P010,S0098,T008,D0040,Task,Medium,,Reopened,2024-03-08 17:55:23.950324,2024-03-09 21:13:23.950324,27.3,1,0,1.1375
I002512,P010,S0098,T008,D0036,Task,Low,,Done,2024-03-18 10:14:02.381003,2024-03-19 13:50:02.381003,27.6,0,0,1.15
I002513,P010,S0098,T008,D0001,Task,Low,,Done,2024-03-10 21:11:40.852390,2024-03-14 04:35:40.852390,79.4,0,0,3.308333333333333
I002514,P010,S0098,T008,D0046,Story,Low,,In Progress,2024-03-09 05:42:24.248626,,,0,0,
I002515,P010,S0098,T008,D0036,Task,Medium,,Done,2024-03-09 19:26:59.365328,2024-03-13 04:44:59.365328,81.3,0,0,3.3875
I002516,P010,S0098,T008,D0001,Story,Low,,Done,2024-03-15 04:46:59.561091,2024-03-15 20:46:59.561091,16.0,0,0,0.6666666666666666
I002517,P010,S0098,T008,D0041,Bug,Medium,Minor,Done,2024-03-10 13:02:07.480533,2024-03-11 02:26:07.480533,13.4,0,0,0.5583333333333333
I002518,P010,S0098,T008,D0045,Story,Low,,Done,2024-03-11 02:12:05.739232,2024-03-13 05:48:05.739232,51.6,0,0,2.15
I002519,P010,S0098,T008,D0053,Sub-task,Medium,,Done,2024-03-18 11:03:49.901720,2024-03-19 12:27:49.901720,25.4,0,0,1.0583333333333333
I002520,P010,S0098,T008,D0046,Story,Low,,Done,2024-03-12 15:53:10.038346,2024-03-13 19:35:10.038346,27.7,0,0,1.1541666666666666
I002521,P010,S0098,T008,D0046,Story,Low,,Done,2024-03-16 16:03:14.235721,2024-03-17 11:51:14.235721,19.8,0,0,0.825
I002522,P010,S0098,T008,D0046,Bug,Medium,Blocker,Done,2024-03-10 19:06:23.441165,2024-03-11 02:54:23.441165,7.8,0,0,0.325
I002523,P010,S0098,T008,D0001,Story,Medium,,Done,2024-03-12 20:07:52.404921,2024-03-16 03:07:52.404921,79.0,0,0,3.2916666666666665
I002524,P010,S0098,T008,D0001,Story,Low,,Reopened,2024-03-11 04:13:50.444379,2024-03-13 13:01:50.444379,56.8,1,0,2.3666666666666667
I002525,P010,S0098,T008,D0053,Bug,Low,Minor,Done,2024-03-13 02:53:21.902856,2024-03-16 00:59:21.902856,70.1,0,0,2.9208333333333334
I002526,P010,S0098,T008,D0046,Story,Low,,Done,2024-03-11 15:03:12.341969,2024-03-13 16:27:12.341969,49.4,0,0,2.058333333333333
I002527,P010,S0098,T008,D0010,Story,Low,,In Progress,2024-03-19 02:35:25.700685,,,0,0,
I002528,P010,S0098,T008,D0040,Story,Low,,Done,2024-03-07 15:41:17.719982,2024-03-09 02:35:17.719982,34.9,0,0,1.4541666666666666
I002529,P010,S0098,T008,D0045,Story,High,,Done,2024-03-19 04:23:30.256705,2024-03-19 18:35:30.256705,14.2,0,0,0.5916666666666667
I002530,P010,S0099,T008,D0046,Story,High,,Reopened,2024-03-21 06:03:32.202769,2024-03-22 22:27:32.202769,40.4,1,0,1.6833333333333333
I002531,P010,S0099,T008,D0010,Task,Medium,,In Progress,2024-03-25 02:20:31.906162,,,0,0,
I002532,P010,S0099,T008,D0040,Bug,High,Major,In Progress,2024-03-28 02:20:59.367403,,,0,0,
I002533,P010,S0099,T008,D0045,Story,Medium,,Done,2024-03-31 14:11:13.015784,2024-04-01 06:17:13.015784,16.1,0,0,0.6708333333333333
I002534,P010,S0099,T008,D0053,Story,Low,,In Progress,2024-04-01 06:30:07.642557,,,0,0,
I002535,P010,S0099,T008,D0040,Sub-task,Low,,Done,2024-04-01 06:00:36.414045,2024-04-02 16:00:36.414045,34.0,0,0,1.4166666666666667
I002536,P010,S0099,T008,D0001,Sub-task,High,,Done,2024-03-24 17:34:39.907601,2024-03-25 09:28:39.907601,15.9,0,0,0.6625
I002537,P010,S0099,T008,D0010,Story,Low,,Done,2024-03-25 11:19:56.197130,2024-03-26 08:01:56.197130,20.7,0,0,0.8625
I002538,P010,S0099,T008,D0046,Bug,High,Major,Done,2024-03-29 03:03:01.746529,2024-03-29 09:33:01.746529,6.5,0,0,0.2708333333333333
I002539,P010,S0099,T008,D0040,Story,High,,Done,2024-03-29 22:50:37.627478,2024-03-31 19:38:37.627478,44.8,0,0,1.8666666666666667
I002540,P010,S0099,T008,D0001,Story,Medium,,In Progress,2024-03-22 08:06:01.830746,,,0,0,
I002541,P010,S0099,T008,D0036,Task,Medium,,Done,2024-03-21 21:40:03.798224,2024-03-22 17:34:03.798224,19.9,0,0,0.8291666666666667
I002542,P010,S0099,T008,D0046,Task,Medium,,Done,2024-03-24 21:29:44.284327,2024-03-25 08:59:44.284327,11.5,0,0,0.4791666666666667
I002543,P010,S0099,T008,D0046,Story,High,,Done,2024-03-21 12:33:18.041553,2024-03-23 09:45:18.041553,45.2,0,0,1.8833333333333333
I002544,P010,S0099,T008,D0053,Story,Low,,Reopened,2024-03-21 04:40:25.252360,2024-03-22 12:04:25.252360,31.4,1,0,1.3083333333333333
I002545,P010,S0099,T008,D0010,Task,Low,,Reopened,2024-03-28 02:52:20.961004,2024-03-29 03:52:20.961004,25.0,1,0,1.0416666666666667
I002546,P010,S0099,T008,D0041,Task,Medium,,Done,2024-03-25 23:34:11.062040,2024-03-26 07:58:11.062040,8.4,0,0,0.35
I002547,P010,S0099,T008,D0053,Bug,Medium,Major,Done,2024-03-29 23:10:42.062679,2024-03-31 05:58:42.062679,30.8,0,0,1.2833333333333334
I002548,P010,S0099,T008,D0045,Story,Medium,,Done,2024-03-21 03:46:45.452003,2024-03-21 12:04:45.452003,8.3,0,0,0.3458333333333333
I002549,P010,S0100,T008,D0045,Story,Medium,,Done,2024-04-12 05:45:15.370295,2024-04-12 09:51:15.370295,4.1,0,0,0.17083333333333334
I002550,P010,S0100,T008,D0045,Task,Low,,Done,2024-04-04 07:56:05.605818,2024-04-05 16:50:05.605818,32.9,0,0,1.3708333333333333
I002551,P010,S0100,T008,D0001,Bug,Critical,Minor,Won't Fix,2024-04-06 18:55:19.519714,2024-04-07 04:31:19.519714,9.6,0,0,0.4
I002552,P010,S0100,T008,D0041,Task,Low,,Done,2024-04-12 13:08:54.365372,2024-04-13 12:08:54.365372,23.0,0,0,0.9583333333333334
I002553,P010,S0100,T008,D0040,Bug,Critical,Major,In Progress,2024-04-16 01:02:28.068425,,,0,0,
I002554,P010,S0100,T008,D0041,Bug,High,Minor,In Progress,2024-04-16 15:21:58.080528,,,0,0,
I002555,P010,S0100,T008,D0045,Sub-task,High,,Reopened,2024-04-05 20:00:59.844651,2024-04-07 17:48:59.844651,45.8,1,0,1.9083333333333334
I002556,P010,S0100,T008,D0010,Bug,High,Major,Done,2024-04-07 02:34:24.620781,2024-04-08 21:28:24.620781,42.9,0,0,1.7875
I002557,P010,S0100,T008,D0046,Task,Low,,In Progress,2024-04-09 21:40:37.869300,,,0,0,
I002558,P010,S0100,T008,D0010,Task,Low,,Reopened,2024-04-15 17:18:53.478671,2024-04-16 13:12:53.478671,19.9,1,0,0.8291666666666667
I002559,P010,S0100,T008,D0001,Story,High,,Done,2024-04-04 22:26:35.315744,2024-04-05 04:38:35.315744,6.2,0,0,0.25833333333333336
I002560,P010,S0100,T008,D0046,Bug,High,Critical,Done,2024-04-13 07:34:14.185503,2024-04-14 13:28:14.185503,29.9,0,0,1.2458333333333333
I002561,P010,S0100,T008,D0010,Bug,Low,Minor,In Progress,2024-04-10 14:35:07.329099,,,0,0,
I002562,P010,S0100,T008,D0036,Bug,Critical,Minor,Reopened,2024-04-08 09:57:08.320736,2024-04-08 21:45:08.320736,11.8,1,0,0.49166666666666664
I002563,P010,S0100,T008,D0041,Story,High,,Done,2024-04-08 03:47:02.146135,2024-04-08 10:17:02.146135,6.5,0,0,0.2708333333333333
I002564,P010,S0100,T008,D0041,Task,Low,,In Progress,2024-04-13 03:44:45.515777,,,0,0,
I002565,P010,S0100,T008,D0001,Bug,Low,Minor,Done,2024-04-04 22:39:16.509636,2024-04-06 02:09:16.509636,27.5,0,0,1.1458333333333333
I002566,P010,S0100,T008,D0046,Bug,Medium,Critical,Done,2024-04-16 05:02:29.886327,2024-04-16 10:02:29.886327,5.0,1,0,0.20833333333333334
I002567,P010,S0100,T008,D0036,Task,Medium,,Done,2024-04-06 12:40:42.441556,2024-04-07 21:46:42.441556,33.1,0,0,1.3791666666666667
I002568,P010,S0100,T008,D0045,Task,High,,Done,2024-04-11 20:32:50.129137,2024-04-12 20:20:50.129137,23.8,0,0,0.9916666666666667
I002569,P011,S0101,T005,D0016,Story,Low,,Done,2023-11-25 18:08:58.205968,2023-11-26 18:02:58.205968,23.9,0,0,0.9958333333333333
I002570,P011,S0101,T005,D0039,Story,High,,Done,2023-11-24 04:51:47.975220,2023-11-24 19:21:47.975220,14.5,0,0,0.6041666666666666
I002571,P011,S0101,T005,D0039,Bug,Medium,Minor,In Progress,2023-11-24 11:37:53.611601,,,0,1,
I002572,P011,S0101,T005,D0011,Task,Low,,Done,2023-12-04 07:33:29.851889,2023-12-07 15:33:29.851889,80.0,0,0,3.3333333333333335
I002573,P011,S0101,T005,D0016,Bug,Low,Major,In Progress,2023-12-04 23:10:25.421172,,,0,0,
I002574,P011,S0101,T005,D0051,Bug,Low,Major,Won't Fix,2023-12-01 20:17:37.381475,2023-12-02 18:17:37.381475,22.0,0,0,0.9166666666666666
I002575,P011,S0101,T005,D0011,Bug,Low,Minor,Done,2023-12-04 13:08:16.503039,2023-12-10 07:08:16.503039,138.0,0,0,5.75
I002576,P011,S0101,T005,D0011,Bug,Low,Major,Done,2023-11-25 18:32:32.582668,2023-11-26 05:38:32.582668,11.1,0,0,0.4625
I002577,P011,S0101,T005,D0039,Bug,Low,Minor,Done,2023-11-29 08:35:54.398898,2023-12-03 13:35:54.398898,101.0,0,0,4.208333333333333
I002578,P011,S0101,T005,D0028,Bug,Low,Critical,Done,2023-11-24 19:55:06.636881,2023-11-25 15:37:06.636881,19.7,1,0,0.8208333333333333
I002579,P011,S0101,T005,D0028,Task,Low,,Done,2023-12-06 15:48:25.554726,2023-12-07 09:48:25.554726,18.0,0,0,0.75
I002580,P011,S0101,T005,D0011,Bug,High,Major,Done,2023-12-03 09:28:00.855892,2023-12-05 11:22:00.855892,49.9,0,0,2.0791666666666666
I002581,P011,S0101,T005,D0011,Bug,Low,Minor,In Progress,2023-12-01 13:48:29.646236,,,0,1,
I002582,P011,S0101,T005,D0051,Bug,Critical,Major,Done,2023-12-01 09:57:44.444973,2023-12-01 13:03:44.444973,3.1,0,0,0.12916666666666668
I002583,P011,S0101,T005,D0016,Bug,Low,Major,In Progress,2023-11-29 16:33:55.474855,,,0,0,
I002584,P011,S0101,T005,D0011,Story,Medium,,In Progress,2023-11-27 03:35:24.621084,,,0,0,
I002585,P011,S0101,T005,D0039,Story,Medium,,Done,2023-12-06 08:05:22.176391,2023-12-07 09:05:22.176391,25.0,0,0,1.0416666666666667
I002586,P011,S0101,T005,D0039,Bug,High,Minor,Won't Fix,2023-12-01 11:45:56.150642,2023-12-02 20:39:56.150642,32.9,0,0,1.3708333333333333
I002587,P011,S0101,T005,D0028,Bug,Critical,Major,Done,2023-12-02 04:12:41.339063,2023-12-05 03:42:41.339063,71.5,0,0,2.9791666666666665
I002588,P011,S0101,T005,D0011,Sub-task,Medium,,In Progress,2023-11-30 11:31:44.223005,,,0,0,
I002589,P011,S0101,T005,D0028,Story,High,,In Progress,2023-11-24 00:42:10.550071,,,0,0,
I002590,P011,S0101,T005,D0028,Task,Medium,,Done,2023-12-04 23:52:40.604120,2023-12-07 02:52:40.604120,51.0,0,0,2.125
I002591,P011,S0101,T005,D0028,Bug,Low,Minor,Done,2023-11-26 03:39:29.488521,2023-11-27 19:33:29.488521,39.9,0,0,1.6625
I002592,P011,S0102,T005,D0028,Story,Medium,,Done,2023-12-14 13:10:04.918645,2023-12-16 14:34:04.918645,49.4,0,0,2.058333333333333
I002593,P011,S0102,T005,D0016,Bug,High,Minor,In Progress,2023-12-16 15:21:49.372034,,,0,0,
I002594,P011,S0102,T005,D0051,Story,High,,Done,2023-12-11 00:25:38.471297,2023-12-12 11:49:38.471297,35.4,0,0,1.475
I002595,P011,S0102,T005,D0011,Story,Medium,,Done,2023-12-16 13:13:13.184717,2023-12-17 09:25:13.184717,20.2,0,0,0.8416666666666667
I002596,P011,S0102,T005,D0051,Task,Critical,,Done,2023-12-16 02:59:45.005590,2023-12-16 12:35:45.005590,9.6,0,0,0.4
I002597,P011,S0102,T005,D0039,Bug,Low,Major,Done,2023-12-10 11:36:11.048620,2023-12-11 13:42:11.048620,26.1,0,0,1.0875
I002598,P011,S0102,T005,D0051,Task,Low,,Done,2023-12-08 12:14:58.989708,2023-12-12 11:56:58.989708,95.7,0,0,3.9875
I002599,P011,S0102,T005,D0051,Bug,Low,Minor,Done,2023-12-17 13:51:25.750121,2023-12-19 21:27:25.750121,55.6,0,0,2.316666666666667
I002600,P011,S0102,T005,D0016,Story,Medium,,Done,2023-12-12 04:51:15.788161,2023-12-14 01:33:15.788161,44.7,0,0,1.8625
I002601,P011,S0102,T005,D0039,Bug,Medium,Critical,Done,2023-12-08 21:16:49.242863,2023-12-11 08:40:49.242863,59.4,0,0,2.475
I002602,P011,S0102,T005,D0051,Task,Low,,Done,2023-12-18 01:29:40.730638,2023-12-22 07:23:40.730638,101.9,0,0,4.245833333333334
I002603,P011,S0102,T005,D0039,Bug,Medium,Minor,In Progress,2023-12-17 15:58:17.648992,,,0,0,
I002604,P011,S0102,T005,D0051,Bug,Medium,Minor,Won't Fix,2023-12-13 14:43:50.328268,2023-12-15 09:37:50.328268,42.9,0,0,1.7875
I002605,P011,S0102,T005,D0011,Sub-task,Low,,Done,2023-12-17 12:37:57.275557,2023-12-19 18:01:57.275557,53.4,0,0,2.225
I002606,P011,S0102,T005,D0051,Story,Low,,Done,2023-12-10 17:42:07.447436,2023-12-11 21:48:07.447436,28.1,0,0,1.1708333333333334
I002607,P011,S0102,T005,D0011,Story,Low,,Done,2023-12-18 02:54:33.492573,2023-12-20 23:00:33.492573,68.1,0,0,2.8375
I002608,P011,S0102,T005,D0039,Bug,High,Major,Done,2023-12-19 01:06:29.692966,2023-12-20 07:00:29.692966,29.9,0,0,1.2458333333333333
I002609,P011,S0102,T005,D0028,Task,Low,,In Progress,2023-12-15 11:49:58.833350,,,0,0,
I002610,P011,S0102,T005,D0011,Sub-task,Low,,Done,2023-12-19 07:23:06.326782,2023-12-23 02:59:06.326782,91.6,0,0,3.816666666666667
I002611,P011,S0102,T005,D0051,Bug,High,Minor,Done,2023-12-10 20:43:22.943256,2023-12-11 16:07:22.943256,19.4,0,0,0.8083333333333333
I002612,P011,S0102,T005,D0011,Task,Medium,,Done,2023-12-11 09:22:00.884221,2023-12-15 00:34:00.884221,87.2,0,0,3.6333333333333333
I002613,P011,S0102,T005,D0039,Sub-task,Critical,,Won't Fix,2023-12-12 16:15:38.004868,2023-12-13 00:03:38.004868,7.8,0,0,0.325
I002614,P011,S0102,T005,D0039,Bug,Low,Minor,Done,2023-12-13 20:07:20.847180,2023-12-16 21:49:20.847180,73.7,1,0,3.0708333333333333
I002615,P011,S0103,T005,D0051,Task,Low,,Done,2023-12-31 11:31:36.148994,2024-01-03 01:19:36.148994,61.8,0,0,2.575
I002616,P011,S0103,T005,D0016,Sub-task,Low,,Done,2024-01-02 18:19:39.874007,2024-01-03 19:25:39.874007,25.1,0,0,1.0458333333333334
I002617,P011,S0103,T005,D0028,Story,Low,,In Progress,2024-01-01 09:31:33.465753,,,0,0,
I002618,P011,S0103,T005,D0039,Task,Low,,Done,2023-12-26 20:08:40.906576,2023-12-28 06:14:40.906576,34.1,0,0,1.4208333333333334
I002619,P011,S0103,T005,D0016,Story,Low,,In Progress,2024-01-03 15:10:32.241319,,,0,0,
I002620,P011,S0103,T005,D0028,Story,Low,,Done,2023-12-29 19:57:55.505185,2023-12-31 05:51:55.505185,33.9,0,0,1.4125
I002621,P011,S0103,T005,D0011,Story,High,,Done,2023-12-26 15:07:31.460887,2023-12-29 00:31:31.460887,57.4,0,0,2.3916666666666666
I002622,P011,S0103,T005,D0016,Story,Low,,Reopened,2023-12-29 15:27:10.208775,2024-01-01 05:03:10.208775,61.6,1,0,2.566666666666667
I002623,P011,S0103,T005,D0016,Task,Low,,In Progress,2023-12-26 19:56:00.270995,,,0,0,
I002624,P011,S0103,T005,D0028,Bug,Low,Minor,Done,2024-01-02 01:49:12.043465,2024-01-07 05:07:12.043465,123.3,0,0,5.1375
I002625,P011,S0103,T005,D0011,Bug,Low,Major,In Progress,2023-12-25 05:21:31.985465,,,0,0,
I002626,P011,S0103,T005,D0011,Sub-task,Medium,,Reopened,2023-12-28 02:45:49.183514,2024-01-01 18:15:49.183514,111.5,1,0,4.645833333333333
I002627,P011,S0103,T005,D0039,Sub-task,High,,Done,2023-12-27 21:41:13.846797,2023-12-28 01:41:13.846797,4.0,0,0,0.16666666666666666
I002628,P011,S0103,T005,D0011,Task,Medium,,Done,2023-12-23 06:35:08.733150,2023-12-24 22:41:08.733150,40.1,0,0,1.6708333333333334
I002629,P011,S0103,T005,D0051,Story,Medium,,Done,2023-12-31 03:26:01.253105,2024-01-02 21:26:01.253105,66.0,0,0,2.75
I002630,P011,S0103,T005,D0011,Bug,High,Major,Reopened,2024-01-01 14:09:26.227890,2024-01-02 01:21:26.227890,11.2,1,1,0.4666666666666667
I002631,P011,S0103,T005,D0016,Bug,Low,Minor,Done,2024-01-02 15:44:10.585087,2024-01-03 01:20:10.585087,9.6,0,0,0.4
I002632,P011,S0103,T005,D0016,Task,Low,,In Progress,2023-12-23 12:29:29.787665,,,0,0,
I002633,P011,S0103,T005,D0011,Story,Medium,,In Progress,2023-12-29 14:10:57.122779,,,0,0,
I002634,P011,S0103,T005,D0016,Bug,Low,Critical,Done,2023-12-25 02:50:26.543109,2023-12-27 07:02:26.543109,52.2,0,0,2.175
I002635,P011,S0103,T005,D0016,Bug,Medium,Major,In Progress,2023-12-27 17:59:17.375453,,,0,0,
I002636,P011,S0103,T005,D0011,Bug,High,Minor,Won't Fix,2023-12-31 18:04:20.580967,2024-01-02 11:52:20.580967,41.8,0,0,1.7416666666666667
I002637,P011,S0103,T005,D0011,Story,High,,Reopened,2023-12-24 19:51:40.567763,2023-12-24 22:21:40.567763,2.5,1,0,0.10416666666666667
I002638,P011,S0103,T005,D0011,Task,Low,,Done,2023-12-28 01:28:18.800126,2023-12-31 20:10:18.800126,90.7,0,0,3.779166666666667
I002639,P011,S0103,T005,D0011,Story,Low,,In Progress,2023-12-30 07:32:53.515222,,,0,0,
I002640,P011,S0103,T005,D0016,Sub-task,High,,Done,2023-12-26 11:16:41.429295,2023-12-26 16:22:41.429295,5.1,0,0,0.2125
I002641,P011,S0103,T005,D0051,Bug,High,Minor,Done,2024-01-03 18:24:43.844643,2024-01-04 10:48:43.844643,16.4,0,0,0.6833333333333333
I002642,P011,S0103,T005,D0028,Bug,Medium,Major,Done,2023-12-31 10:09:27.935950,2024-01-01 10:57:27.935950,24.8,0,0,1.0333333333333334
I002643,P011,S0104,T005,D0051,Story,Medium,,Done,2024-01-12 01:58:11.949059,2024-01-13 10:34:11.949059,32.6,0,0,1.3583333333333334
I002644,P011,S0104,T005,D0028,Story,Critical,,Won't Fix,2024-01-08 18:06:37.464354,2024-01-09 03:00:37.464354,8.9,0,0,0.37083333333333335
I002645,P011,S0104,T005,D0051,Sub-task,Medium,,Done,2024-01-17 14:30:43.865906,2024-01-20 01:18:43.865906,58.8,0,0,2.45
I002646,P011,S0104,T005,D0011,Story,Medium,,Reopened,2024-01-13 23:33:11.990610,2024-01-15 01:57:11.990610,26.4,1,0,1.1
I002647,P011,S0104,T005,D0011,Sub-task,Low,,Done,2024-01-10 17:35:03.556303,2024-01-12 15:47:03.556303,46.2,0,0,1.925
I002648,P011,S0104,T005,D0028,Story,High,,Done,2024-01-07 13:03:41.263462,2024-01-08 23:15:41.263462,34.2,0,0,1.425
I002649,P011,S0104,T005,D0011,Story,Medium,,Won't Fix,2024-01-09 14:50:08.781487,2024-01-11 19:02:08.781487,52.2,0,0,2.175
I002650,P011,S0104,T005,D0051,Task,Medium,,Done,2024-01-11 10:15:46.247971,2024-01-12 10:39:46.247971,24.4,0,0,1.0166666666666666
I002651,P011,S0104,T005,D0016,Task,High,,Done,2024-01-08 06:54:39.085034,2024-01-11 11:30:39.085034,76.6,0,0,3.191666666666667
I002652,P011,S0104,T005,D0011,Sub-task,Critical,,In Progress,2024-01-14 11:34:44.536423,,,0,0,
I002653,P011,S0104,T005,D0011,Bug,Low,Critical,Done,2024-01-16 17:58:10.799011,2024-01-21 17:16:10.799011,119.3,0,0,4.970833333333333
I002654,P011,S0104,T005,D0011,Bug,Low,Critical,Reopened,2024-01-14 21:30:39.091713,2024-01-19 11:00:39.091713,109.5,1,1,4.5625
I002655,P011,S0104,T005,D0039,Bug,Low,Minor,Done,2024-01-09 07:48:21.648826,2024-01-09 20:24:21.648826,12.6,0,1,0.525
I002656,P011,S0104,T005,D0039,Bug,Low,Major,Done,2024-01-16 00:20:17.202070,2024-01-17 03:44:17.202070,27.4,0,0,1.1416666666666666
I002657,P011,S0104,T005,D0039,Bug,Low,Minor,Done,2024-01-09 17:10:26.050273,2024-01-10 17:34:26.050273,24.4,0,0,1.0166666666666666
I002658,P011,S0104,T005,D0039,Task,High,,Done,2024-01-15 03:57:48.427203,2024-01-18 03:09:48.427203,71.2,0,0,2.966666666666667
I002659,P011,S0104,T005,D0039,Bug,Medium,Minor,Reopened,2024-01-05 09:06:27.152043,2024-01-05 16:42:27.152043,7.6,1,0,0.31666666666666665
I002660,P011,S0104,T005,D0016,Bug,Low,Minor,Reopened,2024-01-07 21:42:48.874691,2024-01-11 16:36:48.874691,90.9,1,0,3.7875
I002661,P011,S0104,T005,D0051,Story,Low,,Done,2024-01-11 02:47:13.309207,2024-01-13 19:23:13.309207,64.6,0,0,2.691666666666667
I002662,P011,S0104,T005,D0028,Bug,High,Major,Won't Fix,2024-01-17 10:52:11.348739,2024-01-17 18:40:11.348739,7.8,0,0,0.325
I002663,P011,S0104,T005,D0028,Story,Low,,Done,2024-01-10 16:08:29.807075,2024-01-15 13:14:29.807075,117.1,0,0,4.879166666666666
I002664,P011,S0104,T005,D0011,Bug,Medium,Major,Done,2024-01-09 15:36:02.308020,2024-01-12 13:42:02.308020,70.1,0,0,2.9208333333333334
I002665,P011,S0104,T005,D0039,Task,Medium,,Done,2024-01-10 23:57:30.807927,2024-01-12 03:09:30.807927,27.2,0,0,1.1333333333333333
I002666,P011,S0104,T005,D0028,Bug,Low,Critical,In Progress,2024-01-12 14:55:06.156145,,,1,0,
I002667,P011,S0105,T005,D0011,Bug,High,Major,Done,2024-01-29 23:31:02.001276,2024-01-31 13:55:02.001276,38.4,0,0,1.6
I002668,P011,S0105,T005,D0011,Task,Low,,Done,2024-01-27 22:36:35.574239,2024-01-31 05:30:35.574239,78.9,0,0,3.2875
I002669,P011,S0105,T005,D0016,Bug,Medium,Major,In Progress,2024-01-24 02:08:51.675243,,,0,1,
I002670,P011,S0105,T005,D0011,Story,Critical,,Done,2024-01-23 22:15:26.789881,2024-01-24 07:27:26.789881,9.2,0,0,0.38333333333333336
I002671,P011,S0105,T005,D0016,Sub-task,Medium,,Won't Fix,2024-01-21 05:23:24.704369,2024-01-22 23:47:24.704369,42.4,0,0,1.7666666666666666
I002672,P011,S0105,T005,D0039,Task,Critical,,Done,2024-01-24 11:38:32.484438,2024-01-25 11:38:32.484438,24.0,0,0,1.0
I002673,P011,S0105,T005,D0028,Story,Medium,,Done,2024-01-20 20:26:31.566321,2024-01-21 08:20:31.566321,11.9,0,0,0.49583333333333335
I002674,P011,S0105,T005,D0051,Bug,Medium,Major,Reopened,2024-01-26 20:23:27.500345,2024-01-31 14:47:27.500345,114.4,1,0,4.766666666666667
I002675,P011,S0105,T005,D0051,Bug,Medium,Critical,In Progress,2024-01-30 13:03:03.464794,,,0,0,
I002676,P011,S0105,T005,D0039,Task,Medium,,Done,2024-01-28 22:33:59.148781,2024-01-31 16:51:59.148781,66.3,0,0,2.7625
I002677,P011,S0105,T005,D0011,Task,Critical,,Done,2024-01-24 21:12:40.269386,2024-01-25 20:54:40.269386,23.7,0,0,0.9875
I002678,P011,S0105,T005,D0011,Bug,Medium,Major,In Progress,2024-01-27 23:15:47.246801,,,0,0,
I002679,P011,S0105,T005,D0011,Story,Medium,,Done,2024-01-29 10:22:50.284438,2024-01-30 08:04:50.284438,21.7,0,0,0.9041666666666667
I002680,P011,S0105,T005,D0051,Bug,High,Major,Done,2024-01-30 00:21:45.040506,2024-01-30 19:45:45.040506,19.4,0,0,0.8083333333333333
I002681,P011,S0105,T005,D0028,Bug,Medium,Major,In Progress,2024-01-28 10:15:45.085456,,,0,0,
I002682,P011,S0105,T005,D0028,Task,Low,,Done,2024-01-29 10:04:14.204254,2024-02-02 04:40:14.204254,90.6,0,0,3.775
I002683,P011,S0105,T005,D0051,Bug,High,Major,Done,2024-01-24 18:19:56.839835,2024-01-25 03:19:56.839835,9.0,0,0,0.375
I002684,P011,S0105,T005,D0028,Task,Low,,Reopened,2024-01-29 06:10:16.978919,2024-01-31 21:04:16.978919,62.9,1,0,2.620833333333333
I002685,P011,S0105,T005,D0039,Bug,High,Minor,Done,2024-01-19 01:04:55.773422,2024-01-19 19:04:55.773422,18.0,0,0,0.75
I002686,P011,S0105,T005,D0051,Bug,Medium,Minor,Done,2024-01-23 13:21:07.922367,2024-01-26 03:15:07.922367,61.9,0,0,2.5791666666666666
I002687,P011,S0105,T005,D0051,Sub-task,Critical,,Reopened,2024-01-22 06:12:00.103934,2024-01-22 21:00:00.103934,14.8,1,0,0.6166666666666667
I002688,P011,S0105,T005,D0028,Task,High,,Done,2024-01-22 01:20:20.520827,2024-01-23 04:38:20.520827,27.3,0,0,1.1375
I002689,P011,S0105,T005,D0016,Bug,Medium,Minor,Reopened,2024-01-25 18:55:50.404958,2024-01-26 08:49:50.404958,13.9,1,0,0.5791666666666667
I002690,P011,S0105,T005,D0011,Sub-task,High,,In Progress,2024-01-25 10:32:53.578058,,,0,0,
I002691,P011,S0105,T005,D0039,Task,Low,,Done,2024-01-31 09:43:21.091279,2024-02-03 18:37:21.091279,80.9,0,0,3.370833333333333
I002692,P011,S0106,T005,D0028,Story,Low,,Done,2024-02-03 17:09:35.024501,2024-02-07 03:33:35.024501,82.4,0,0,3.433333333333333
I002693,P011,S0106,T005,D0016,Bug,High,Minor,Done,2024-02-03 14:42:05.658340,2024-02-04 05:06:05.658340,14.4,0,0,0.6
I002694,P011,S0106,T005,D0051,Story,High,,In Progress,2024-02-07 22:05:08.428947,,,0,0,
I002695,P011,S0106,T005,D0011,Story,Medium,,In Progress,2024-02-05 11:40:59.225885,,,0,0,
I002696,P011,S0106,T005,D0051,Story,Medium,,Done,2024-02-04 14:59:36.498699,2024-02-05 22:05:36.498699,31.1,0,0,1.2958333333333334
I002697,P011,S0106,T005,D0051,Sub-task,Medium,,Done,2024-02-08 18:37:27.225952,2024-02-10 05:07:27.225952,34.5,0,0,1.4375
I002698,P011,S0106,T005,D0011,Sub-task,Low,,Done,2024-02-12 05:55:23.853342,2024-02-12 18:25:23.853342,12.5,0,0,0.5208333333333334
I002699,P011,S0106,T005,D0039,Task,High,,In Progress,2024-02-06 19:39:45.474687,,,0,0,
I002700,P011,S0106,T005,D0011,Bug,Low,Minor,Done,2024-02-07 01:28:08.628883,2024-02-07 07:16:08.628883,5.8,0,0,0.24166666666666667
I002701,P011,S0106,T005,D0051,Bug,Low,Minor,Done,2024-02-03 15:18:05.883145,2024-02-06 12:06:05.883145,68.8,0,0,2.8666666666666667
I002702,P011,S0106,T005,D0016,Bug,High,Minor,Reopened,2024-02-07 14:10:02.493306,2024-02-09 14:34:02.493306,48.4,1,1,2.0166666666666666
I002703,P011,S0106,T005,D0051,Task,Medium,,In Progress,2024-02-05 06:28:40.057714,,,0,0,
I002704,P011,S0106,T005,D0028,Task,Medium,,Done,2024-02-08 19:58:58.299320,2024-02-09 04:58:58.299320,9.0,0,0,0.375
I002705,P011,S0106,T005,D0016,Bug,High,Major,Done,2024-02-04 03:50:55.941752,2024-02-04 20:38:55.941752,16.8,0,0,0.7
I002706,P011,S0106,T005,D0028,Sub-task,High,,Done,2024-02-12 05:00:12.524525,2024-02-12 21:00:12.524525,16.0,0,0,0.6666666666666666
I002707,P011,S0106,T005,D0011,Story,Medium,,Done,2024-02-07 12:13:00.425983,2024-02-08 05:01:00.425983,16.8,0,0,0.7
I002708,P011,S0106,T005,D0016,Task,High,,Done,2024-02-09 15:15:52.169460,2024-02-10 19:03:52.169460,27.8,0,0,1.1583333333333334
I002709,P011,S0106,T005,D0051,Task,Low,,Reopened,2024-02-11 18:10:32.472335,2024-02-14 09:34:32.472335,63.4,1,0,2.6416666666666666
I002710,P011,S0106,T005,D0011,Story,Critical,,Done,2024-02-14 02:39:14.762768,2024-02-15 06:27:14.762768,27.8,0,0,1.1583333333333334
I002711,P011,S0106,T005,D0051,Story,Critical,,In Progress,2024-02-12 10:56:54.404619,,,0,0,
I002712,P011,S0106,T005,D0039,Task,High,,Done,2024-02-11 09:19:22.249533,2024-02-14 10:25:22.249533,73.1,0,0,3.0458333333333334
I002713,P011,S0106,T005,D0028,Bug,Low,Critical,In Progress,2024-02-10 22:30:47.467052,,,0,0,
I002714,P011,S0106,T005,D0051,Bug,Medium,Minor,In Progress,2024-02-10 02:59:19.022399,,,0,0,
I002715,P011,S0107,T005,D0011,Bug,Critical,Major,Done,2024-02-16 01:45:33.301916,2024-02-16 05:21:33.301916,3.6,0,1,0.15
I002716,P011,S0107,T005,D0028,Bug,Medium,Major,Done,2024-02-23 08:17:45.941721,2024-02-23 12:17:45.941721,4.0,1,0,0.16666666666666666
I002717,P011,S0107,T005,D0051,Bug,Medium,Critical,In Progress,2024-02-22 12:26:19.845619,,,1,0,
I002718,P011,S0107,T005,D0011,Story,Medium,,Done,2024-02-24 12:43:36.468701,2024-02-24 21:01:36.468701,8.3,0,0,0.3458333333333333
I002719,P011,S0107,T005,D0051,Sub-task,Low,,Done,2024-02-18 01:28:00.087837,2024-02-21 13:16:00.087837,83.8,0,0,3.4916666666666667
I002720,P011,S0107,T005,D0011,Sub-task,Low,,Reopened,2024-02-23 14:37:23.264651,2024-02-24 02:37:23.264651,12.0,1,0,0.5
I002721,P011,S0107,T005,D0016,Task,Low,,Done,2024-02-22 06:39:43.683373,2024-02-24 01:39:43.683373,43.0,0,0,1.7916666666666667
I002722,P011,S0107,T005,D0028,Task,High,,Won't Fix,2024-02-26 14:30:52.183032,2024-02-26 16:12:52.183032,1.7,0,0,0.07083333333333333
I002723,P011,S0107,T005,D0011,Sub-task,Medium,,In Progress,2024-02-18 13:31:37.285109,,,0,0,
I002724,P011,S0107,T005,D0028,Story,Medium,,Won't Fix,2024-02-18 02:58:10.469399,2024-02-19 09:46:10.469399,30.8,0,0,1.2833333333333334
I002725,P011,S0107,T005,D0011,Bug,Low,Major,Done,2024-02-19 01:17:08.634420,2024-02-19 20:23:08.634420,187.03000000000293,1,0,0.7958333333333333
I002726,P011,S0107,T005,D0051,Bug,High,Major,Won't Fix,2024-02-28 08:35:41.403884,2024-02-28 20:41:41.403884,12.1,0,0,0.5041666666666667
I002727,P011,S0107,T005,D0028,Story,Low,,In Progress,2024-02-21 14:01:00.648204,,,0,0,
I002728,P011,S0107,T005,D0011,Story,Low,,Done,2024-02-20 16:24:20.093899,2024-02-22 23:54:20.093899,55.5,0,0,2.3125
I002729,P011,S0107,T005,D0011,Bug,Critical,Minor,In Progress,2024-02-23 08:37:08.245680,,,0,0,
I002730,P011,S0107,T005,D0016,Task,Critical,,Done,2024-02-25 17:59:09.569560,2024-02-27 12:41:09.569560,42.7,0,0,1.7791666666666666
I002731,P011,S0107,T005,D0039,Task,Medium,,Done,2024-02-21 00:22:33.348463,2024-02-21 22:40:33.348463,22.3,0,0,0.9291666666666667
I002732,P011,S0107,T005,D0028,Bug,Low,Major,Reopened,2024-02-16 04:52:28.627266,2024-02-18 16:40:28.627266,59.8,1,0,2.4916666666666667
I002733,P011,S0107,T005,D0028,Bug,Medium,Major,Done,2024-02-25 21:35:25.010229,2024-02-27 16:53:25.010229,43.3,0,0,1.8041666666666667
I002734,P011,S0107,T005,D0016,Story,Low,,In Progress,2024-02-22 02:46:45.299743,,,0,0,
I002735,P011,S0107,T005,D0051,Sub-task,Medium,,In Progress,2024-02-26 09:38:34.936886,,,0,0,
I002736,P011,S0107,T005,D0051,Task,High,,Reopened,2024-02-21 12:25:28.316814,2024-02-21 20:01:28.316814,7.6,1,0,0.31666666666666665
I002737,P011,S0107,T005,D0051,Story,Low,,In Progress,2024-02-25 22:11:59.031883,,,0,0,
I002738,P011,S0107,T005,D0016,Story,Medium,,Done,2024-02-26 03:55:50.641841,2024-02-26 23:13:50.641841,19.3,0,0,0.8041666666666667
I002739,P011,S0107,T005,D0039,Story,Critical,,In Progress,2024-02-26 20:30:05.510170,,,0,0,
I002740,P011,S0107,T005,D0028,Task,Medium,,Done,2024-02-17 09:32:23.237338,2024-02-18 19:02:23.237338,33.5,0,0,1.3958333333333333
I002741,P011,S0107,T005,D0039,Bug,Low,Minor,Done,2024-02-17 08:08:25.413688,2024-02-24 14:14:25.413688,174.1,0,0,7.254166666666666
I002742,P011,S0107,T005,D0011,Story,Critical,,In Progress,2024-02-28 22:10:06.121244,,,0,0,
I002743,P011,S0107,T005,D0011,Bug,High,Major,Won't Fix,2024-02-19 15:25:03.568791,2024-02-20 10:07:03.568791,18.7,0,0,0.7791666666666667
I002744,P011,S0107,T005,D0051,Task,High,,Done,2024-02-16 06:23:21.407535,2024-02-18 18:53:21.407535,60.5,0,0,2.5208333333333335
I002745,P011,S0108,T005,D0028,Task,Low,,In Progress,2024-03-02 12:21:00.417343,,,0,0,
I002746,P011,S0108,T005,D0016,Sub-task,Medium,,Done,2024-03-09 14:40:25.365998,2024-03-10 18:34:25.365998,27.9,0,0,1.1625
I002747,P011,S0108,T005,D0051,Sub-task,High,,Done,2024-03-13 03:53:35.509885,2024-03-13 12:17:35.509885,8.4,0,0,0.35
I002748,P011,S0108,T005,D0051,Story,Medium,,Done,2024-03-05 06:11:46.142269,2024-03-07 16:47:46.142269,58.6,0,0,2.441666666666667
I002749,P011,S0108,T005,D0028,Story,Critical,,Reopened,2024-03-07 08:48:47.610558,2024-03-08 01:00:47.610558,16.2,1,0,0.675
I002750,P011,S0108,T005,D0039,Sub-task,Low,,Done,2024-03-03 20:45:41.491545,2024-03-04 07:45:41.491545,11.0,0,0,0.4583333333333333
I002751,P011,S0108,T005,D0016,Task,Medium,,In Progress,2024-03-13 16:28:29.026750,,,0,0,
I002752,P011,S0108,T005,D0039,Task,Medium,,Done,2024-03-06 03:56:11.925582,2024-03-08 02:50:11.925582,46.9,0,0,1.9541666666666666
I002753,P011,S0108,T005,D0011,Task,Medium,,Done,2024-03-01 08:46:50.533271,2024-03-02 23:22:50.533271,38.6,0,0,1.6083333333333334
I002754,P011,S0108,T005,D0051,Bug,High,Critical,Done,2024-03-13 19:28:29.412028,2024-03-14 10:04:29.412028,14.6,0,0,0.6083333333333333
I002755,P011,S0108,T005,D0051,Sub-task,Low,,Done,2024-03-10 00:04:24.452833,2024-03-12 08:52:24.452833,56.8,0,0,2.3666666666666667
I002756,P011,S0108,T005,D0016,Sub-task,Low,,Done,2024-03-09 15:08:12.583465,2024-03-09 22:02:12.583465,6.9,0,0,0.2875
I002757,P011,S0108,T005,D0039,Task,Low,,Done,2024-03-05 13:11:33.077995,2024-03-07 00:47:33.077995,35.6,0,0,1.4833333333333334
I002758,P011,S0108,T005,D0016,Story,High,,Done,2024-03-09 21:04:35.734376,2024-03-10 06:52:35.734376,9.8,0,0,0.4083333333333333
I002759,P011,S0108,T005,D0051,Bug,High,Critical,Done,2024-03-01 01:39:15.780280,2024-03-02 23:15:15.780280,45.6,0,0,1.9
I002760,P011,S0108,T005,D0016,Bug,Medium,Critical,In Progress,2024-03-12 08:40:28.640270,,,0,0,
I002761,P011,S0108,T005,D0051,Story,Low,,Reopened,2024-03-03 01:52:44.473562,2024-03-04 20:58:44.473562,43.1,1,0,1.7958333333333334
I002762,P011,S0108,T005,D0028,Task,Low,,In Progress,2024-03-13 02:08:19.171976,,,0,0,
I002763,P011,S0108,T005,D0039,Story,Medium,,Done,2024-03-08 16:57:26.209199,2024-03-09 23:21:26.209199,30.4,0,0,1.2666666666666666
I002764,P011,S0108,T005,D0011,Bug,High,Major,Done,2024-03-10 04:17:44.917947,2024-03-10 20:11:44.917947,15.9,0,0,0.6625
I002765,P011,S0108,T005,D0016,Story,Medium,,Done,2024-03-08 12:23:11.783713,2024-03-10 01:35:11.783713,37.2,0,0,1.55
I002766,P011,S0108,T005,D0051,Bug,High,Minor,Done,2024-03-08 15:43:02.245565,2024-03-11 19:13:02.245565,75.5,0,0,3.1458333333333335
I002767,P011,S0108,T005,D0016,Task,Critical,,Done,2024-03-13 14:24:44.347528,2024-03-14 09:06:44.347528,18.7,0,0,0.7791666666666667
I002768,P011,S0108,T005,D0039,Story,Medium,,In Progress,2024-03-12 12:45:56.757707,,,0,0,
I002769,P011,S0108,T005,D0051,Task,High,,In Progress,2024-03-13 19:52:42.466864,,,0,0,
I002770,P011,S0108,T005,D0016,Sub-task,Low,,In Progress,2024-03-07 20:32:30.591192,,,0,0,
I002771,P011,S0108,T005,D0016,Story,Critical,,Done,2024-03-11 20:11:31.804279,2024-03-12 04:41:31.804279,8.5,0,0,0.3541666666666667
I002772,P011,S0108,T005,D0039,Sub-task,Medium,,Done,2024-03-06 19:26:40.803568,2024-03-09 08:38:40.803568,61.2,0,0,2.55
I002773,P011,S0108,T005,D0051,Story,Medium,,Done,2024-03-09 18:10:52.501818,2024-03-12 15:40:52.501818,69.5,0,0,2.8958333333333335
I002774,P011,S0108,T005,D0011,Sub-task,High,,Reopened,2024-03-10 11:05:52.145110,2024-03-10 15:11:52.145110,4.1,1,0,0.17083333333333334
I002775,P011,S0108,T005,D0011,Story,Medium,,In Progress,2024-03-02 05:54:30.670678,,,0,0,
I002776,P011,S0108,T005,D0028,Task,Medium,,Done,2024-03-09 01:02:46.680216,2024-03-09 20:32:46.680216,19.5,0,0,0.8125
I002777,P011,S0108,T005,D0039,Bug,Medium,Major,Done,2024-03-09 11:52:44.338080,2024-03-11 00:40:44.338080,36.8,0,0,1.5333333333333334
I002778,P011,S0109,T005,D0011,Task,Low,,Done,2024-03-20 21:10:33.482596,2024-03-23 07:22:33.482596,58.2,0,0,2.425
I002779,P011,S0109,T005,D0051,Task,High,,In Progress,2024-03-20 03:59:59.297945,,,0,0,
I002780,P011,S0109,T005,D0016,Task,Low,,Reopened,2024-03-17 11:27:51.026219,2024-03-18 14:27:51.026219,27.0,1,0,1.125
I002781,P011,S0109,T005,D0039,Bug,High,Major,Done,2024-03-17 00:56:18.022340,2024-03-18 07:14:18.022340,30.3,0,0,1.2625
I002782,P011,S0109,T005,D0051,Bug,Low,Major,Done,2024-03-19 15:29:56.500420,2024-03-22 21:59:56.500420,78.5,0,0,3.2708333333333335
I002783,P011,S0109,T005,D0011,Bug,Low,Minor,Done,2024-03-22 02:38:08.210439,2024-03-26 16:20:08.210439,109.7,0,0,4.570833333333334
I002784,P011,S0109,T005,D0051,Task,Medium,,Done,2024-03-23 05:49:54.561511,2024-03-24 06:31:54.561511,24.7,0,0,1.0291666666666666
I002785,P011,S0109,T005,D0028,Task,Critical,,Done,2024-03-24 00:19:44.688903,2024-03-24 04:25:44.688903,4.1,0,0,0.17083333333333334
I002786,P011,S0109,T005,D0016,Task,Critical,,Reopened,2024-03-21 08:14:30.212006,2024-03-21 23:32:30.212006,15.3,1,0,0.6375
I002787,P011,S0109,T005,D0051,Bug,High,Major,Done,2024-03-27 09:25:05.379805,2024-03-27 19:13:05.379805,9.8,0,0,0.4083333333333333
I002788,P011,S0109,T005,D0051,Bug,Medium,Critical,Reopened,2024-03-27 14:24:17.033306,2024-03-29 23:42:17.033306,57.3,1,0,2.3875
I002789,P011,S0109,T005,D0011,Story,Low,,In Progress,2024-03-25 04:58:35.322476,,,0,0,
I002790,P011,S0109,T005,D0039,Sub-task,Critical,,Done,2024-03-20 13:26:32.094955,2024-03-21 16:56:32.094955,27.5,0,0,1.1458333333333333
I002791,P011,S0109,T005,D0051,Bug,Medium,Major,Done,2024-03-18 12:42:39.949712,2024-03-20 16:18:39.949712,51.6,0,0,2.15
I002792,P011,S0109,T005,D0016,Story,Medium,,In Progress,2024-03-22 12:48:56.439165,,,0,0,
I002793,P011,S0110,T005,D0028,Story,Low,,Reopened,2024-04-06 06:50:30.668842,2024-04-07 02:38:30.668842,19.8,1,0,0.825
I002794,P011,S0110,T005,D0016,Task,Low,,Reopened,2024-04-02 09:37:53.971664,2024-04-03 09:55:53.971664,24.3,1,0,1.0125
I002795,P011,S0110,T005,D0011,Task,Low,,In Progress,2024-03-30 02:21:10.149963,,,0,0,
I002796,P011,S0110,T005,D0039,Story,High,,Done,2024-03-29 14:09:27.730323,2024-03-29 22:21:27.730323,8.2,0,0,0.3416666666666667
I002797,P011,S0110,T005,D0011,Story,Low,,Done,2024-04-10 00:51:50.169618,2024-04-12 22:09:50.169618,69.3,0,0,2.8875
I002798,P011,S0110,T005,D0051,Bug,High,Major,Done,2024-04-07 11:40:38.913508,2024-04-08 01:46:38.913508,14.1,0,0,0.5875
I002799,P011,S0110,T005,D0011,Bug,High,Critical,Reopened,2024-04-01 14:26:34.606789,2024-04-03 08:56:34.606789,187.03000000000293,1,0,1.7708333333333333
I002800,P011,S0110,T005,D0028,Bug,Medium,Minor,In Progress,2024-04-04 13:18:08.652876,,,0,0,
I002801,P011,S0110,T005,D0016,Sub-task,Medium,,Done,2024-04-01 17:52:11.031790,2024-04-03 23:04:11.031790,53.2,0,0,2.216666666666667
I002802,P011,S0110,T005,D0016,Task,Low,,Done,2024-04-08 01:29:07.893661,2024-04-10 20:05:07.893661,66.6,0,0,2.775
I002803,P011,S0110,T005,D0039,Task,High,,Done,2024-04-06 14:42:26.856143,2024-04-06 22:00:26.856143,7.3,0,0,0.30416666666666664
I002804,P011,S0110,T005,D0051,Task,High,,Done,2024-04-07 14:34:19.113622,2024-04-08 10:46:19.113622,20.2,0,0,0.8416666666666667
I002805,P011,S0110,T005,D0039,Task,Critical,,In Progress,2024-03-31 15:08:14.750953,,,0,0,
I002806,P011,S0110,T005,D0016,Bug,Medium,Major,Done,2024-04-03 04:59:55.528032,2024-04-04 18:59:55.528032,38.0,0,0,1.5833333333333333
I002807,P011,S0110,T005,D0028,Task,Critical,,In Progress,2024-04-09 13:32:49.667844,,,0,0,
I002808,P011,S0110,T005,D0016,Story,Low,,Done,2024-04-06 04:41:23.283120,2024-04-07 07:29:23.283120,26.8,0,0,1.1166666666666667
I002809,P011,S0110,T005,D0011,Story,Low,,Reopened,2024-03-31 01:05:44.702446,2024-04-02 04:59:44.702446,51.9,1,0,2.1625
I002810,P011,S0110,T005,D0039,Story,Medium,,Reopened,2024-04-07 21:20:34.670023,2024-04-11 22:44:34.670023,97.4,1,0,4.058333333333334
I002811,P011,S0110,T005,D0039,Bug,Medium,Minor,Done,2024-04-06 10:01:53.185802,2024-04-10 05:25:53.185802,91.4,0,0,3.808333333333333
I002812,P011,S0110,T005,D0016,Story,High,,Done,2024-03-31 21:59:09.382932,2024-04-01 21:17:09.382932,23.3,0,0,0.9708333333333333
I002813,P011,S0110,T005,D0051,Bug,High,Critical,Done,2024-04-05 00:39:39.018754,2024-04-05 17:21:39.018754,16.7,0,1,0.6958333333333333
I002814,P012,S0111,T006,D0026,Story,Low,,In Progress,2023-11-21 19:39:08.193313,,,0,0,
I002815,P012,S0111,T006,D0026,Story,Low,,Done,2023-11-21 15:49:48.043599,2023-11-23 10:49:48.043599,43.0,0,0,1.7916666666666667
I002816,P012,S0111,T006,D0030,Bug,Medium,Critical,Won't Fix,2023-11-29 21:57:24.842553,2023-11-30 10:51:24.842553,12.9,0,0,0.5375
I002817,P012,S0111,T006,D0042,Task,Critical,,Done,2023-11-21 16:03:33.878739,2023-11-21 22:51:33.878739,6.8,0,0,0.2833333333333333
I002818,P012,S0111,T006,D0050,Task,High,,Done,2023-11-26 11:11:55.614965,2023-11-26 21:05:55.614965,9.9,0,0,0.4125
I002819,P012,S0111,T006,D0030,Bug,Low,Critical,Reopened,2023-11-23 16:21:14.528306,2023-11-24 00:15:14.528306,7.9,1,1,0.32916666666666666
I002820,P012,S0111,T006,D0006,Bug,Low,Critical,Reopened,2023-11-23 02:37:00.740021,2023-11-25 01:07:00.740021,46.5,1,0,1.9375
I002821,P012,S0111,T006,D0030,Sub-task,Medium,,Done,2023-11-19 16:49:53.805982,2023-11-21 07:55:53.805982,39.1,0,0,1.6291666666666667
I002822,P012,S0111,T006,D0026,Task,High,,Done,2023-11-23 01:37:10.087428,2023-11-23 06:37:10.087428,5.0,0,0,0.20833333333333334
I002823,P012,S0111,T006,D0019,Bug,Medium,Minor,In Progress,2023-12-01 17:55:43.256598,,,0,0,
I002824,P012,S0111,T006,D0006,Story,High,,Done,2023-11-21 01:12:17.226540,2023-11-21 07:48:17.226540,6.6,0,0,0.275
I002825,P012,S0111,T006,D0019,Task,Medium,,Done,2023-11-20 01:19:43.291496,2023-11-20 12:07:43.291496,10.8,0,0,0.45
I002826,P012,S0111,T006,D0004,Bug,Low,Minor,Done,2023-11-20 23:48:52.888836,2023-11-23 20:12:52.888836,68.4,0,1,2.85
I002827,P012,S0111,T006,D0006,Bug,Low,Minor,Done,2023-11-22 05:10:10.218000,2023-11-23 18:04:10.218000,36.9,0,0,1.5375
I002828,P012,S0111,T006,D0004,Bug,Low,Minor,Done,2023-12-01 03:50:07.021731,2023-12-01 22:26:07.021731,18.6,0,0,0.775
I002829,P012,S0111,T006,D0019,Task,Low,,Reopened,2023-12-01 03:08:51.573808,2023-12-02 06:44:51.573808,27.6,1,0,1.15
I002830,P012,S0111,T006,D0042,Story,High,,In Progress,2023-11-27 14:26:43.868925,,,0,0,
I002831,P012,S0111,T006,D0030,Bug,Low,Blocker,Done,2023-11-30 00:21:14.793774,2023-11-30 22:15:14.793774,21.9,0,0,0.9125
I002832,P012,S0111,T006,D0019,Bug,Low,Major,Done,2023-12-01 17:04:37.864600,2023-12-02 13:22:37.864600,20.3,0,0,0.8458333333333333
I002833,P012,S0111,T006,D0026,Bug,Medium,Major,Done,2023-11-26 17:55:31.497800,2023-11-27 16:55:31.497800,23.0,0,0,0.9583333333333334
I002834,P012,S0111,T006,D0019,Bug,High,Major,Done,2023-11-26 00:39:55.915330,2023-11-26 22:09:55.915330,21.5,0,0,0.8958333333333334
I002835,P012,S0111,T006,D0026,Bug,Medium,Major,In Progress,2023-11-27 14:37:19.280175,,,0,1,
I002836,P012,S0111,T006,D0042,Story,Medium,,Done,2023-11-19 00:55:47.282895,2023-11-21 08:31:47.282895,55.6,0,0,2.316666666666667
I002837,P012,S0111,T006,D0042,Story,Low,,In Progress,2023-11-27 22:35:41.827537,,,0,0,
I002838,P012,S0111,T006,D0030,Task,Low,,Done,2023-11-25 06:09:01.440360,2023-11-28 09:15:01.440360,75.1,0,0,3.129166666666667
I002839,P012,S0111,T006,D0030,Sub-task,Medium,,Done,2023-11-27 12:29:36.169239,2023-11-27 15:47:36.169239,3.3,0,0,0.1375
I002840,P012,S0111,T006,D0026,Bug,Medium,Minor,In Progress,2023-11-28 16:38:29.359622,,,0,0,
I002841,P012,S0111,T006,D0019,Task,High,,Done,2023-11-25 15:11:11.468896,2023-11-27 00:53:11.468896,33.7,0,0,1.4041666666666666
I002842,P012,S0111,T006,D0004,Story,Medium,,In Progress,2023-11-28 10:51:52.099834,,,0,0,
I002843,P012,S0112,T006,D0026,Bug,Low,Major,Done,2023-12-07 17:48:45.179177,2023-12-07 21:48:45.179177,4.0,0,1,0.16666666666666666
I002844,P012,S0112,T006,D0004,Bug,Low,Major,Done,2023-12-10 06:07:40.589704,2023-12-14 05:31:40.589704,95.4,0,0,3.975
I002845,P012,S0112,T006,D0006,Bug,Low,Minor,Done,2023-12-10 22:56:16.905917,2023-12-12 19:38:16.905917,44.7,0,0,1.8625
I002846,P012,S0112,T006,D0026,Story,High,,Won't Fix,2023-12-07 05:54:00.355110,2023-12-07 12:42:00.355110,6.8,0,0,0.2833333333333333
I002847,P012,S0112,T006,D0050,Sub-task,Low,,In Progress,2023-12-04 13:44:19.758003,,,0,0,
I002848,P012,S0112,T006,D0019,Task,High,,Done,2023-12-13 04:41:24.625378,2023-12-13 23:17:24.625378,18.6,0,0,0.775
I002849,P012,S0112,T006,D0006,Task,High,,Reopened,2023-12-14 05:07:50.489641,2023-12-14 19:19:50.489641,14.2,1,0,0.5916666666666667
I002850,P012,S0112,T006,D0006,Bug,Medium,Critical,Done,2023-12-07 03:38:38.255743,2023-12-07 10:26:38.255743,6.8,0,0,0.2833333333333333
I002851,P012,S0112,T006,D0050,Bug,High,Minor,Done,2023-12-12 04:14:47.221824,2023-12-14 00:02:47.221824,43.8,0,0,1.825
I002852,P012,S0112,T006,D0050,Bug,Medium,Minor,Done,2023-12-05 14:37:53.620132,2023-12-06 08:19:53.620132,17.7,0,1,0.7375
I002853,P012,S0112,T006,D0030,Bug,Medium,Critical,In Progress,2023-12-09 04:18:25.789701,,,0,0,
I002854,P012,S0112,T006,D0030,Bug,Critical,Minor,Done,2023-12-15 16:46:14.694331,2023-12-15 19:04:14.694331,2.3,0,0,0.09583333333333334
I002855,P012,S0112,T006,D0019,Task,High,,Done,2023-12-06 05:47:55.120557,2023-12-06 13:23:55.120557,7.6,0,0,0.31666666666666665
I002856,P012,S0112,T006,D0006,Story,Medium,,Reopened,2023-12-15 06:42:32.699617,2023-12-17 13:06:32.699617,54.4,1,0,2.2666666666666666
I002857,P012,S0112,T006,D0026,Bug,Low,Minor,Reopened,2023-12-13 04:56:56.801859,2023-12-14 12:08:56.801859,31.2,1,0,1.3
I002858,P012,S0112,T006,D0030,Task,High,,In Progress,2023-12-05 03:26:00.233628,,,0,0,
I002859,P012,S0112,T006,D0042,Task,Critical,,Done,2023-12-08 14:27:08.137141,2023-12-09 02:09:08.137141,11.7,0,0,0.4875
I002860,P012,S0112,T006,D0042,Story,Medium,,In Progress,2023-12-11 04:10:11.835108,,,0,0,
I002861,P012,S0112,T006,D0030,Sub-task,Medium,,Done,2023-12-10 07:10:19.536244,2023-12-10 21:46:19.536244,14.6,0,0,0.6083333333333333
I002862,P012,S0112,T006,D0019,Sub-task,High,,Won't Fix,2023-12-08 05:02:59.942504,2023-12-08 18:20:59.942504,13.3,0,0,0.5541666666666667
I002863,P012,S0112,T006,D0042,Sub-task,Medium,,Done,2023-12-14 03:30:20.638480,2023-12-14 23:36:20.638480,20.1,0,0,0.8375
I002864,P012,S0112,T006,D0019,Task,Critical,,Reopened,2023-12-14 03:49:26.397161,2023-12-14 08:01:26.397161,4.2,1,0,0.175
I002865,P012,S0113,T006,D0030,Bug,Low,Blocker,Done,2023-12-17 01:26:07.332959,2023-12-19 08:44:07.332959,55.3,0,0,2.3041666666666667
I002866,P012,S0113,T006,D0042,Story,Medium,,Done,2023-12-19 09:17:27.296044,2023-12-20 12:23:27.296044,27.1,0,0,1.1291666666666667
I002867,P012,S0113,T006,D0030,Bug,Medium,Minor,Done,2023-12-19 17:15:56.134607,2023-12-20 16:45:56.134607,23.5,0,0,0.9791666666666666
I002868,P012,S0113,T006,D0030,Story,High,,Done,2023-12-27 09:53:56.380083,2023-12-29 17:05:56.380083,55.2,0,0,2.3
I002869,P012,S0113,T006,D0004,Story,Medium,,Done,2023-12-20 20:19:41.624586,2023-12-22 02:49:41.624586,30.5,0,0,1.2708333333333333
I002870,P012,S0113,T006,D0042,Task,Low,,Done,2023-12-20 15:27:01.672941,2023-12-20 21:21:01.672941,5.9,0,0,0.24583333333333332
I002871,P012,S0113,T006,D0050,Task,Critical,,In Progress,2023-12-17 03:57:30.323954,,,0,0,
I002872,P012,S0113,T006,D0042,Task,Low,,Done,2023-12-23 21:47:12.384644,2023-12-24 13:29:12.384644,15.7,0,0,0.6541666666666667
I002873,P012,S0113,T006,D0004,Bug,High,Major,In Progress,2023-12-20 20:24:44.685458,,,0,0,
I002874,P012,S0113,T006,D0019,Bug,Medium,Blocker,Done,2023-12-25 03:00:14.881407,2023-12-25 23:06:14.881407,20.1,1,0,0.8375
I002875,P012,S0113,T006,D0042,Bug,Medium,Major,Done,2023-12-21 05:36:22.800793,2023-12-21 18:18:22.800793,12.7,0,0,0.5291666666666667
I002876,P012,S0113,T006,D0050,Bug,Low,Major,Done,2023-12-26 03:15:24.952466,2023-12-26 19:45:24.952466,16.5,0,0,0.6875
I002877,P012,S0113,T006,D0050,Sub-task,Critical,,Done,2023-12-24 18:13:41.645181,2023-12-25 06:31:41.645181,12.3,0,0,0.5125
I002878,P012,S0113,T006,D0026,Story,Low,,In Progress,2023-12-22 18:51:14.862219,,,0,0,
I002879,P012,S0113,T006,D0019,Sub-task,Low,,Reopened,2023-12-26 16:08:28.740198,2023-12-29 01:56:28.740198,57.8,1,0,2.408333333333333
I002880,P012,S0113,T006,D0004,Story,High,,In Progress,2023-12-20 00:12:48.202026,,,0,0,
I002881,P012,S0113,T006,D0006,Bug,High,Minor,Reopened,2023-12-28 22:56:37.755414,2023-12-29 07:14:37.755414,8.3,1,0,0.3458333333333333
I002882,P012,S0114,T006,D0042,Story,High,,Done,2024-01-09 00:44:27.291263,2024-01-09 20:02:27.291263,19.3,0,0,0.8041666666666667
I002883,P012,S0114,T006,D0030,Task,Medium,,In Progress,2024-01-02 00:28:31.487541,,,0,0,
I002884,P012,S0114,T006,D0026,Bug,Low,Minor,Done,2023-12-31 15:37:58.415050,2024-01-04 18:01:58.415050,98.4,0,0,4.1
I002885,P012,S0114,T006,D0042,Bug,Medium,Critical,Reopened,2023-12-31 19:11:26.618080,2024-01-05 08:41:26.618080,109.5,1,0,4.5625
I002886,P012,S0114,T006,D0050,Bug,Critical,Blocker,Done,2024-01-01 21:23:35.892696,2024-01-02 11:29:35.892696,14.1,0,0,0.5875
I002887,P012,S0114,T006,D0042,Sub-task,High,,Done,2024-01-12 03:08:46.974267,2024-01-12 17:32:46.974267,14.4,0,0,0.6
I002888,P012,S0114,T006,D0004,Bug,Medium,Minor,Done,2024-01-03 08:18:37.170740,2024-01-04 08:00:37.170740,23.7,0,0,0.9875
I002889,P012,S0114,T006,D0030,Bug,High,Minor,Done,2024-01-11 06:05:09.796569,2024-01-11 10:59:09.796569,4.9,0,0,0.20416666666666666
I002890,P012,S0114,T006,D0050,Story,High,,Done,2024-01-06 14:42:23.346763,2024-01-09 03:00:23.346763,60.3,0,0,2.5125
I002891,P012,S0114,T006,D0006,Task,Medium,,Reopened,2024-01-11 22:02:08.671674,2024-01-13 01:14:08.671674,27.2,1,0,1.1333333333333333
I002892,P012,S0114,T006,D0006,Bug,High,Major,Done,2023-12-31 20:57:19.719695,2023-12-31 22:39:19.719695,1.7,1,0,0.07083333333333333
I002893,P012,S0114,T006,D0042,Story,High,,Reopened,2023-12-31 09:09:44.227563,2023-12-31 19:15:44.227563,10.1,1,0,0.42083333333333334
I002894,P012,S0114,T006,D0030,Story,High,,Done,2024-01-04 10:07:27.517704,2024-01-05 20:13:27.517704,34.1,0,0,1.4208333333333334
I002895,P012,S0114,T006,D0006,Bug,Medium,Major,Done,2024-01-05 10:20:36.506368,2024-01-07 21:32:36.506368,59.2,0,0,2.466666666666667
I002896,P012,S0114,T006,D0030,Task,Low,,Done,2024-01-12 16:11:31.428716,2024-01-14 10:53:31.428716,42.7,0,0,1.7791666666666666
I002897,P012,S0114,T006,D0026,Task,Medium,,Done,2024-01-02 01:38:44.643034,2024-01-02 10:08:44.643034,8.5,0,0,0.3541666666666667
I002898,P012,S0114,T006,D0042,Bug,Medium,Critical,Done,2024-01-08 03:07:20.743358,2024-01-08 15:13:20.743358,12.1,0,0,0.5041666666666667
I002899,P012,S0114,T006,D0050,Bug,High,Minor,In Progress,2024-01-04 23:35:54.880521,,,0,0,
I002900,P012,S0114,T006,D0004,Sub-task,Low,,In Progress,2024-01-03 21:40:39.504856,,,0,0,
I002901,P012,S0114,T006,D0019,Story,Low,,In Progress,2024-01-02 09:33:37.972377,,,0,0,
I002902,P012,S0114,T006,D0019,Task,Critical,,Done,2024-01-05 14:30:25.995598,2024-01-06 14:30:25.995598,24.0,0,0,1.0
I002903,P012,S0114,T006,D0042,Task,Low,,Done,2024-01-03 10:23:27.958691,2024-01-05 11:29:27.958691,49.1,0,0,2.0458333333333334
I002904,P012,S0114,T006,D0050,Bug,High,Critical,Done,2024-01-04 04:27:43.544354,2024-01-04 10:09:43.544354,5.7,0,0,0.2375
I002905,P012,S0114,T006,D0050,Bug,Low,Minor,Done,2024-01-02 10:16:37.386279,2024-01-03 17:58:37.386279,31.7,0,0,1.3208333333333333
I002906,P012,S0114,T006,D0050,Bug,High,Major,Done,2024-01-02 07:33:23.100326,2024-01-02 11:39:23.100326,4.1,0,0,0.17083333333333334
I002907,P012,S0114,T006,D0050,Bug,Medium,Critical,Done,2024-01-10 07:16:30.746221,2024-01-12 21:46:30.746221,62.5,0,0,2.6041666666666665
I002908,P012,S0114,T006,D0030,Story,Low,,Done,2024-01-03 13:48:45.224876,2024-01-04 10:24:45.224876,20.6,0,0,0.8583333333333333
I002909,P012,S0114,T006,D0019,Task,Low,,Done,2024-01-01 15:00:35.510652,2024-01-01 20:24:35.510652,5.4,0,0,0.225
I002910,P012,S0115,T006,D0042,Sub-task,High,,In Progress,2024-01-17 17:24:16.137085,,,0,0,
I002911,P012,S0115,T006,D0019,Sub-task,Medium,,Done,2024-01-26 02:38:02.845717,2024-01-26 13:14:02.845717,10.6,0,0,0.44166666666666665
I002912,P012,S0115,T006,D0004,Bug,Low,Major,Done,2024-01-16 02:17:57.023567,2024-01-16 23:17:57.023567,21.0,0,1,0.875
I002913,P012,S0115,T006,D0006,Story,Low,,Done,2024-01-23 06:06:42.991544,2024-01-25 12:54:42.991544,54.8,0,0,2.283333333333333
I002914,P012,S0115,T006,D0030,Task,High,,Done,2024-01-24 19:06:37.747537,2024-01-25 07:12:37.747537,12.1,0,0,0.5041666666666667
I002915,P012,S0115,T006,D0019,Bug,High,Minor,Done,2024-01-18 00:11:23.799865,2024-01-18 02:11:23.799865,2.0,0,0,0.08333333333333333
I002916,P012,S0115,T006,D0050,Task,High,,Done,2024-01-22 05:39:21.945879,2024-01-23 21:21:21.945879,39.7,0,0,1.6541666666666666
I002917,P012,S0115,T006,D0026,Task,High,,Done,2024-01-25 12:22:37.843704,2024-01-26 01:40:37.843704,13.3,0,0,0.5541666666666667
I002918,P012,S0115,T006,D0004,Story,Medium,,In Progress,2024-01-23 13:03:14.356421,,,0,0,
I002919,P012,S0115,T006,D0006,Bug,Medium,Minor,In Progress,2024-01-25 09:05:42.752069,,,0,0,
I002920,P012,S0115,T006,D0030,Bug,Medium,Minor,Won't Fix,2024-01-24 15:55:32.086919,2024-01-25 11:49:32.086919,19.9,0,0,0.8291666666666667
I002921,P012,S0115,T006,D0019,Task,Medium,,Done,2024-01-15 17:58:58.747476,2024-01-16 14:22:58.747476,20.4,0,0,0.85
I002922,P012,S0115,T006,D0006,Bug,Low,Minor,Won't Fix,2024-01-19 07:36:59.262211,2024-01-20 07:12:59.262211,23.6,0,0,0.9833333333333333
I002923,P012,S0115,T006,D0030,Task,High,,Won't Fix,2024-01-15 13:05:04.861549,2024-01-16 13:41:04.861549,24.6,0,0,1.025
I002924,P012,S0115,T006,D0004,Sub-task,Medium,,Done,2024-01-21 23:27:43.818882,2024-01-23 23:03:43.818882,47.6,0,0,1.9833333333333334
I002925,P012,S0115,T006,D0019,Task,Medium,,Done,2024-01-24 04:52:27.488307,2024-01-24 12:46:27.488307,7.9,0,0,0.32916666666666666
I002926,P012,S0115,T006,D0030,Bug,Medium,Minor,Done,2024-01-25 08:43:10.313980,2024-01-25 20:13:10.313980,11.5,0,0,0.4791666666666667
I002927,P012,S0115,T006,D0019,Task,Medium,,Done,2024-01-15 17:26:30.280509,2024-01-16 08:56:30.280509,15.5,0,0,0.6458333333333334
I002928,P012,S0115,T006,D0006,Bug,Critical,Major,In Progress,2024-01-17 00:46:06.950802,,,0,0,
I002929,P012,S0116,T006,D0030,Story,Low,,Done,2024-02-03 15:48:48.938125,2024-02-03 21:12:48.938125,5.4,0,0,0.225
I002930,P012,S0116,T006,D0019,Story,Low,,In Progress,2024-01-30 17:33:10.657416,,,0,0,
I002931,P012,S0116,T006,D0006,Task,Low,,Done,2024-02-06 14:31:43.531818,2024-02-08 16:49:43.531818,50.3,0,0,2.095833333333333
I002932,P012,S0116,T006,D0006,Story,High,,Done,2024-02-03 17:10:51.368401,2024-02-05 03:16:51.368401,34.1,0,0,1.4208333333333334
I002933,P012,S0116,T006,D0042,Story,High,,Done,2024-02-05 10:38:27.071524,2024-02-06 13:44:27.071524,27.1,0,0,1.1291666666666667
I002934,P012,S0116,T006,D0019,Bug,High,Minor,Won't Fix,2024-01-28 10:59:46.565196,2024-01-29 03:47:46.565196,16.8,0,0,0.7
I002935,P012,S0116,T006,D0019,Story,Low,,Done,2024-01-28 00:03:46.210384,2024-01-29 11:09:46.210384,35.1,0,0,1.4625
I002936,P012,S0116,T006,D0042,Task,Medium,,Done,2024-02-09 01:39:07.254867,2024-02-10 04:33:07.254867,26.9,0,0,1.1208333333333333
I002937,P012,S0116,T006,D0026,Story,Low,,Done,2024-02-01 19:53:22.451714,2024-02-02 06:17:22.451714,10.4,0,0,0.43333333333333335
I002938,P012,S0116,T006,D0042,Bug,Medium,Major,Won't Fix,2024-01-31 05:40:58.004631,2024-02-02 03:58:58.004631,46.3,0,0,1.9291666666666667
I002939,P012,S0116,T006,D0019,Story,Critical,,Done,2024-02-04 21:54:40.753118,2024-02-05 16:36:40.753118,18.7,0,0,0.7791666666666667
I002940,P012,S0116,T006,D0042,Bug,Low,Major,Reopened,2024-02-08 06:34:28.646203,2024-02-08 14:16:28.646203,7.7,1,0,0.32083333333333336
I002941,P012,S0116,T006,D0006,Bug,High,Minor,Done,2024-01-31 13:21:15.591417,2024-02-02 14:27:15.591417,49.1,0,0,2.0458333333333334
I002942,P012,S0116,T006,D0004,Bug,Low,Minor,Done,2024-02-06 06:22:43.894634,2024-02-09 11:16:43.894634,76.9,0,0,3.2041666666666666
I002943,P012,S0116,T006,D0004,Story,High,,In Progress,2024-01-30 23:23:45.454979,,,0,0,
I002944,P012,S0116,T006,D0004,Bug,Critical,Blocker,Done,2024-02-07 02:59:34.498294,2024-02-07 08:47:34.498294,5.8,0,0,0.24166666666666667
I002945,P012,S0116,T006,D0019,Task,Low,,Reopened,2024-02-06 10:25:01.731999,2024-02-09 05:07:01.731999,66.7,1,0,2.779166666666667
I002946,P012,S0116,T006,D0019,Sub-task,Medium,,Done,2024-02-08 03:25:12.626411,2024-02-08 21:07:12.626411,17.7,0,0,0.7375
I002947,P012,S0116,T006,D0004,Story,Medium,,In Progress,2024-01-29 01:24:34.382176,,,0,0,
I002948,P012,S0116,T006,D0019,Bug,Low,Major,Done,2024-02-07 12:00:42.650027,2024-02-08 12:30:42.650027,24.5,0,0,1.0208333333333333
I002949,P012,S0116,T006,D0050,Sub-task,High,,Done,2024-01-29 22:31:06.755068,2024-02-01 11:37:06.755068,61.1,0,0,2.5458333333333334
I002950,P012,S0116,T006,D0006,Task,Medium,,Done,2024-02-05 01:47:40.174249,2024-02-05 14:35:40.174249,12.8,0,0,0.5333333333333333
I002951,P012,S0117,T006,D0042,Story,Medium,,Done,2024-02-13 04:43:19.873910,2024-02-14 17:01:19.873910,36.3,0,0,1.5125
I002952,P012,S0117,T006,D0050,Task,Medium,,Done,2024-02-15 11:18:19.588767,2024-02-16 02:06:19.588767,14.8,0,0,0.6166666666666667
I002953,P012,S0117,T006,D0019,Bug,Low,Minor,In Progress,2024-02-23 12:04:38.725191,,,0,0,
I002954,P012,S0117,T006,D0019,Bug,Critical,Minor,Done,2024-02-14 17:08:40.262845,2024-02-15 13:14:40.262845,20.1,0,0,0.8375
I002955,P012,S0117,T006,D0026,Sub-task,Medium,,Done,2024-02-22 17:10:46.332658,2024-02-23 22:52:46.332658,29.7,0,0,1.2375
I002956,P012,S0117,T006,D0050,Task,Medium,,Reopened,2024-02-11 10:26:40.315734,2024-02-13 06:56:40.315734,44.5,1,0,1.8541666666666667
I002957,P012,S0117,T006,D0006,Sub-task,Medium,,In Progress,2024-02-23 20:10:17.836520,,,0,0,
I002958,P012,S0117,T006,D0019,Story,Low,,Done,2024-02-13 03:10:16.625024,2024-02-14 16:16:16.625024,37.1,0,0,1.5458333333333334
I002959,P012,S0117,T006,D0004,Bug,Low,Minor,Done,2024-02-11 21:42:11.121292,2024-02-15 17:42:11.121292,92.0,0,0,3.8333333333333335
I002960,P012,S0117,T006,D0042,Task,Low,,Done,2024-02-16 07:48:14.356321,2024-02-19 10:12:14.356321,74.4,0,0,3.1
I002961,P012,S0117,T006,D0050,Story,Low,,In Progress,2024-02-20 10:59:26.926170,,,0,0,
I002962,P012,S0117,T006,D0004,Bug,Medium,Minor,Reopened,2024-02-13 00:42:34.083040,2024-02-14 13:30:34.083040,36.8,1,0,1.5333333333333334
I002963,P012,S0117,T006,D0004,Story,Medium,,Done,2024-02-14 18:33:36.258538,2024-02-14 22:09:36.258538,3.6,0,0,0.15
I002964,P012,S0117,T006,D0004,Task,Critical,,Done,2024-02-23 03:51:34.820682,2024-02-24 07:09:34.820682,27.3,0,0,1.1375
I002965,P012,S0117,T006,D0006,Task,High,,In Progress,2024-02-20 03:12:14.003384,,,0,0,
I002966,P012,S0117,T006,D0019,Bug,Medium,Critical,Won't Fix,2024-02-20 02:21:53.728229,2024-02-21 03:03:53.728229,24.7,0,0,1.0291666666666666
I002967,P012,S0117,T006,D0050,Task,Low,,In Progress,2024-02-21 00:20:41.531890,,,0,0,
I002968,P012,S0117,T006,D0004,Task,High,,Done,2024-02-18 18:50:59.812830,2024-02-19 19:26:59.812830,24.6,0,0,1.025
I002969,P012,S0117,T006,D0026,Bug,Low,Blocker,Done,2024-02-20 07:47:07.388379,2024-02-21 08:35:07.388379,24.8,0,0,1.0333333333333334
I002970,P012,S0117,T006,D0019,Task,High,,Done,2024-02-20 00:57:01.283119,2024-02-20 16:39:01.283119,15.7,0,0,0.6541666666666667
I002971,P012,S0117,T006,D0030,Story,High,,In Progress,2024-02-15 22:32:30.639215,,,0,0,
I002972,P012,S0117,T006,D0004,Task,Medium,,Done,2024-02-13 23:46:08.381720,2024-02-15 06:40:08.381720,30.9,0,0,1.2875
I002973,P012,S0117,T006,D0042,Bug,Low,Major,Done,2024-02-12 22:03:19.770994,2024-02-13 19:15:19.770994,21.2,0,0,0.8833333333333333
I002974,P012,S0117,T006,D0050,Bug,Low,Minor,In Progress,2024-02-12 18:52:18.766247,,,0,0,
I002975,P012,S0117,T006,D0050,Story,Medium,,In Progress,2024-02-21 01:13:33.030961,,,0,0,
I002976,P012,S0117,T006,D0050,Bug,High,Minor,Done,2024-02-21 11:35:48.884500,2024-02-23 01:29:48.884500,37.9,0,0,1.5791666666666666
I002977,P012,S0117,T006,D0006,Bug,Low,Blocker,Done,2024-02-15 12:38:46.733856,2024-02-16 22:02:46.733856,33.4,0,0,1.3916666666666666
I002978,P012,S0117,T006,D0006,Task,Low,,Done,2024-02-18 23:54:32.868550,2024-02-19 09:30:32.868550,9.6,0,0,0.4
I002979,P012,S0117,T006,D0042,Task,High,,Done,2024-02-12 18:14:04.799029,2024-02-13 06:56:04.799029,12.7,0,0,0.5291666666666667
I002980,P012,S0117,T006,D0026,Bug,Low,Minor,Done,2024-02-13 09:03:24.355486,2024-02-14 08:39:24.355486,23.6,0,0,0.9833333333333333
I002981,P012,S0117,T006,D0019,Task,Medium,,Reopened,2024-02-20 13:22:12.972620,2024-02-22 17:10:12.972620,51.8,1,0,2.158333333333333
I002982,P012,S0117,T006,D0004,Story,Low,,Done,2024-02-19 18:15:12.572897,2024-02-22 00:09:12.572897,53.9,0,0,2.245833333333333
I002983,P012,S0118,T006,D0004,Task,High,,Done,2024-02-27 17:37:26.814411,2024-02-29 07:19:26.814411,37.7,0,0,1.5708333333333333
I002984,P012,S0118,T006,D0019,Task,High,,In Progress,2024-02-27 06:39:07.039644,,,0,0,
I002985,P012,S0118,T006,D0006,Story,Medium,,Won't Fix,2024-03-06 06:28:58.126803,2024-03-07 21:28:58.126803,39.0,0,0,1.625
I002986,P012,S0118,T006,D0030,Task,Critical,,Done,2024-02-27 20:39:40.057213,2024-02-28 03:27:40.057213,6.8,0,0,0.2833333333333333
I002987,P012,S0118,T006,D0004,Story,Low,,In Progress,2024-03-04 07:36:11.674629,,,0,0,
I002988,P012,S0118,T006,D0026,Sub-task,Medium,,Reopened,2024-03-05 00:03:55.666394,2024-03-06 02:15:55.666394,26.2,1,0,1.0916666666666666
I002989,P012,S0118,T006,D0026,Task,Medium,,In Progress,2024-03-03 19:21:33.643427,,,0,0,
I002990,P012,S0118,T006,D0006,Story,Medium,,Done,2024-02-28 23:22:01.886336,2024-02-29 19:10:01.886336,19.8,0,0,0.825
I002991,P012,S0118,T006,D0030,Task,Low,,In Progress,2024-03-04 04:30:40.664745,,,0,0,
I002992,P012,S0118,T006,D0026,Sub-task,Critical,,In Progress,2024-03-04 21:09:27.825889,,,0,0,
I002993,P012,S0118,T006,D0030,Bug,High,Major,Done,2024-02-29 14:51:04.712124,2024-03-01 04:09:04.712124,13.3,0,0,0.5541666666666667
I002994,P012,S0118,T006,D0026,Task,Low,,Done,2024-03-06 08:09:34.381175,2024-03-09 22:57:34.381175,86.8,0,0,3.6166666666666667
I002995,P012,S0118,T006,D0042,Bug,Low,Major,In Progress,2024-03-01 16:05:17.341650,,,0,0,
I002996,P012,S0118,T006,D0050,Story,Medium,,Done,2024-03-07 08:36:40.259167,2024-03-09 05:24:40.259167,44.8,0,0,1.8666666666666667
I002997,P012,S0118,T006,D0006,Story,Medium,,Done,2024-03-07 15:02:34.399260,2024-03-07 23:08:34.399260,8.1,0,0,0.3375
I002998,P012,S0118,T006,D0030,Story,Medium,,Done,2024-03-04 01:04:03.244394,2024-03-04 17:40:03.244394,16.6,0,0,0.6916666666666667
I002999,P012,S0118,T006,D0026,Sub-task,Low,,Done,2024-02-25 19:36:47.030005,2024-02-27 19:48:47.030005,48.2,0,0,2.0083333333333333
I003000,P012,S0118,T006,D0030,Task,Low,,Done,2024-02-25 14:00:54.206048,2024-02-28 09:06:54.206048,67.1,0,0,2.7958333333333334
I003001,P012,S0118,T006,D0030,Task,Low,,In Progress,2024-03-05 12:48:56.863159,,,0,0,
I003002,P012,S0118,T006,D0004,Bug,Low,Minor,Done,2024-02-29 19:48:24.318082,2024-02-29 22:54:24.318082,3.1,0,0,0.12916666666666668
I003003,P012,S0118,T006,D0019,Story,Low,,In Progress,2024-03-02 21:50:22.130339,,,0,0,
I003004,P012,S0118,T006,D0042,Story,High,,Done,2024-03-02 16:31:55.507974,2024-03-03 04:49:55.507974,12.3,0,0,0.5125
I003005,P012,S0118,T006,D0019,Story,High,,Reopened,2024-03-03 07:56:17.029641,2024-03-04 03:14:17.029641,19.3,1,0,0.8041666666666667
I003006,P012,S0118,T006,D0004,Bug,Medium,Critical,Done,2024-02-29 23:56:18.529799,2024-03-01 16:44:18.529799,16.8,0,0,0.7
I003007,P012,S0118,T006,D0019,Bug,Low,Minor,In Progress,2024-03-03 17:35:53.323717,,,0,0,
I003008,P012,S0118,T006,D0004,Sub-task,High,,Done,2024-02-26 18:55:12.174712,2024-02-27 23:49:12.174712,28.9,0,0,1.2041666666666666
I003009,P012,S0118,T006,D0026,Sub-task,Medium,,Done,2024-02-26 06:17:08.269384,2024-02-26 11:11:08.269384,4.9,0,0,0.20416666666666666
I003010,P012,S0118,T006,D0042,Task,Medium,,Done,2024-03-06 00:00:21.802351,2024-03-07 06:00:21.802351,30.0,0,0,1.25
I003011,P012,S0119,T006,D0050,Bug,Medium,Major,Done,2024-03-17 21:23:38.610017,2024-03-18 07:35:38.610017,10.2,0,0,0.425
I003012,P012,S0119,T006,D0004,Sub-task,Medium,,Reopened,2024-03-12 14:54:12.108259,2024-03-13 18:24:12.108259,27.5,1,0,1.1458333333333333
I003013,P012,S0119,T006,D0030,Story,High,,Done,2024-03-20 02:50:56.494694,2024-03-20 17:02:56.494694,14.2,0,0,0.5916666666666667
I003014,P012,S0119,T006,D0006,Sub-task,Medium,,In Progress,2024-03-22 02:31:06.803459,,,0,0,
I003015,P012,S0119,T006,D0006,Bug,High,Blocker,In Progress,2024-03-21 01:31:30.878252,,,0,0,
I003016,P012,S0119,T006,D0004,Story,High,,Done,2024-03-20 06:41:08.246091,2024-03-23 17:17:08.246091,82.6,0,0,3.441666666666667
I003017,P012,S0119,T006,D0050,Task,Low,,Done,2024-03-21 07:14:56.136582,2024-03-23 21:02:56.136582,61.8,0,0,2.575
I003018,P012,S0119,T006,D0004,Bug,Medium,Minor,Reopened,2024-03-22 02:46:39.059407,2024-03-23 01:04:39.059407,22.3,1,0,0.9291666666666667
I003019,P012,S0119,T006,D0042,Story,Low,,Won't Fix,2024-03-16 14:18:25.411483,2024-03-17 15:24:25.411483,25.1,0,0,1.0458333333333334
I003020,P012,S0119,T006,D0026,Story,Medium,,In Progress,2024-03-13 03:38:38.480132,,,0,0,
I003021,P012,S0119,T006,D0026,Task,Medium,,In Progress,2024-03-10 12:44:31.985521,,,0,0,
I003022,P012,S0119,T006,D0050,Sub-task,High,,Reopened,2024-03-14 08:01:17.724169,2024-03-14 21:01:17.724169,13.0,1,0,0.5416666666666666
I003023,P012,S0119,T006,D0042,Sub-task,Low,,Done,2024-03-14 11:22:44.473248,2024-03-15 10:40:44.473248,23.3,0,0,0.9708333333333333
I003024,P012,S0119,T006,D0006,Story,Critical,,Done,2024-03-13 20:46:36.702598,2024-03-14 13:40:36.702598,16.9,0,0,0.7041666666666667
I003025,P012,S0119,T006,D0042,Story,Low,,In Progress,2024-03-10 13:52:56.140202,,,0,0,
I003026,P012,S0119,T006,D0050,Task,Medium,,Done,2024-03-18 04:29:52.604193,2024-03-20 18:41:52.604193,62.2,0,0,2.591666666666667
I003027,P012,S0119,T006,D0030,Bug,High,Major,Done,2024-03-12 21:41:56.174556,2024-03-14 02:41:56.174556,29.0,0,0,1.2083333333333333
I003028,P012,S0119,T006,D0042,Task,Medium,,In Progress,2024-03-21 13:35:51.028732,,,0,0,
I003029,P012,S0119,T006,D0004,Story,Medium,,In Progress,2024-03-14 04:10:45.771254,,,0,0,
I003030,P012,S0119,T006,D0042,Task,Low,,In Progress,2024-03-17 16:32:30.208039,,,0,0,
I003031,P012,S0119,T006,D0004,Bug,Medium,Major,In Progress,2024-03-18 17:36:03.397434,,,0,1,
I003032,P012,S0119,T006,D0042,Bug,Medium,Minor,Reopened,2024-03-22 21:40:18.760118,2024-03-23 12:16:18.760118,14.6,1,0,0.6083333333333333
I003033,P012,S0119,T006,D0006,Task,Low,,Done,2024-03-14 17:16:23.472466,2024-03-15 22:52:23.472466,29.6,0,0,1.2333333333333334
I003034,P012,S0119,T006,D0050,Bug,Low,Critical,Done,2024-03-18 03:07:27.306528,2024-03-24 08:31:27.306528,149.4,0,0,6.225
I003035,P012,S0119,T006,D0042,Story,High,,Done,2024-03-10 03:44:15.744681,2024-03-11 08:44:15.744681,29.0,0,0,1.2083333333333333
I003036,P012,S0119,T006,D0019,Bug,Low,Major,Done,2024-03-22 18:44:07.583691,2024-03-24 23:26:07.583691,52.7,0,0,2.1958333333333333
I003037,P012,S0119,T006,D0004,Task,Low,,Done,2024-03-11 19:20:13.430551,2024-03-13 15:02:13.430551,43.7,0,0,1.8208333333333333
I003038,P012,S0119,T006,D0030,Bug,Low,Critical,In Progress,2024-03-11 09:15:47.818545,,,0,0,
I003039,P012,S0119,T006,D0006,Story,Low,,In Progress,2024-03-15 10:55:48.645643,,,0,0,
I003040,P012,S0119,T006,D0050,Bug,Low,Major,Done,2024-03-15 18:59:29.641859,2024-03-19 16:47:29.641859,93.8,0,1,3.908333333333333
I003041,P012,S0119,T006,D0050,Bug,Low,Minor,Done,2024-03-19 00:23:55.887599,2024-03-20 09:11:55.887599,32.8,0,0,1.3666666666666667
I003042,P012,S0119,T006,D0004,Bug,Low,Minor,Done,2024-03-21 08:31:27.404762,2024-03-22 16:19:27.404762,31.8,0,0,1.325
I003043,P012,S0120,T006,D0042,Task,Low,,In Progress,2024-03-28 23:37:44.232938,,,0,0,
I003044,P012,S0120,T006,D0019,Task,Low,,Reopened,2024-03-24 22:57:24.649581,2024-03-26 16:39:24.649581,41.7,1,0,1.7375
I003045,P012,S0120,T006,D0026,Sub-task,Low,,Reopened,2024-03-28 20:36:35.372970,2024-03-30 02:48:35.372970,30.2,1,0,1.2583333333333333
I003046,P012,S0120,T006,D0030,Bug,Low,Major,In Progress,2024-03-28 22:47:05.693804,,,0,0,
I003047,P012,S0120,T006,D0004,Task,Medium,,Done,2024-03-24 12:59:55.882083,2024-03-26 00:17:55.882083,35.3,0,0,1.4708333333333334
I003048,P012,S0120,T006,D0042,Bug,Low,Critical,Done,2024-03-24 20:03:43.479497,2024-03-26 03:51:43.479497,31.8,0,0,1.325
I003049,P012,S0120,T006,D0026,Story,Low,,Done,2024-04-03 17:52:05.549153,2024-04-04 09:52:05.549153,16.0,0,0,0.6666666666666666
I003050,P012,S0120,T006,D0019,Bug,Medium,Major,Done,2024-03-30 08:17:08.479467,2024-03-30 17:17:08.479467,9.0,0,0,0.375
I003051,P012,S0120,T006,D0019,Sub-task,Low,,Won't Fix,2024-03-24 18:57:18.589073,2024-03-26 04:33:18.589073,33.6,0,0,1.4
I003052,P012,S0120,T006,D0006,Sub-task,Medium,,Done,2024-03-29 07:53:52.882307,2024-03-29 17:11:52.882307,9.3,0,0,0.3875
I003053,P012,S0120,T006,D0042,Task,Low,,Reopened,2024-03-24 16:53:02.493437,2024-03-26 23:35:02.493437,54.7,1,0,2.279166666666667
I003054,P012,S0120,T006,D0006,Story,Critical,,Reopened,2024-03-25 06:21:29.436570,2024-03-25 12:15:29.436570,5.9,1,0,0.24583333333333332
I003055,P012,S0120,T006,D0026,Story,Medium,,Done,2024-04-04 20:05:32.288123,2024-04-06 19:35:32.288123,47.5,0,0,1.9791666666666667
I003056,P012,S0120,T006,D0050,Bug,High,Minor,In Progress,2024-04-04 00:12:20.318877,,,0,0,
I003057,P012,S0120,T006,D0050,Bug,Low,Minor,Done,2024-03-28 09:06:21.981900,2024-03-29 07:36:21.981900,22.5,0,0,0.9375
I003058,P012,S0120,T006,D0042,Bug,Critical,Minor,In Progress,2024-04-03 05:49:09.910456,,,0,0,
I003059,P012,S0120,T006,D0006,Story,Low,,In Progress,2024-03-29 01:14:50.189995,,,0,0,
I003060,P012,S0120,T006,D0019,Bug,Low,Critical,Done,2024-04-03 21:27:07.533726,2024-04-05 03:15:07.533726,29.8,1,0,1.2416666666666667
I003061,P012,S0120,T006,D0006,Sub-task,Critical,,Done,2024-04-02 04:38:53.943712,2024-04-02 12:08:53.943712,7.5,0,0,0.3125
I003062,P012,S0120,T006,D0006,Story,High,,Done,2024-03-26 10:07:40.217966,2024-03-26 19:07:40.217966,9.0,0,0,0.375
I003063,P012,S0120,T006,D0026,Bug,Medium,Minor,Done,2024-03-30 11:30:03.358104,2024-03-31 10:24:03.358104,22.9,0,0,0.9541666666666667
I003064,P012,S0120,T006,D0006,Story,Low,,In Progress,2024-04-01 05:31:59.210576,,,0,0,
I003065,P012,S0120,T006,D0026,Story,Critical,,Done,2024-04-04 22:16:47.003415,2024-04-05 08:58:47.003415,10.7,0,0,0.44583333333333336
I003066,P012,S0120,T006,D0006,Bug,Medium,Minor,Reopened,2024-03-27 23:55:56.970423,2024-03-28 22:01:56.970423,22.1,1,0,0.9208333333333333
I003067,P012,S0120,T006,D0004,Bug,Medium,Minor,Done,2024-04-01 18:29:20.556480,2024-04-03 14:17:20.556480,43.8,0,0,1.825
I003068,P012,S0120,T006,D0019,Sub-task,Medium,,In Progress,2024-04-04 09:46:30.075208,,,0,0,
