pull_request_id,project_id,sprint_id,author_id,reviewer_id,opened_date,closed_date,review_time_hours,pr_size_lines,status,is_merged
PR000001,P001,S0001,D0030,D0042,2023-12-19 01:20:35.781042,,,210,Open,0
PR000002,P001,S0001,D0019,D0042,2023-12-21 13:54:40.185365,2023-12-22 19:12:40.185365,29.3,19,Merged,1
PR000003,P001,S0001,D0004,D0026,2023-12-26 17:22:20.760286,2023-12-27 23:52:20.760286,30.5,179,Closed,0
PR000004,P001,S0001,D0026,D0050,2023-12-19 04:37:48.005550,2023-12-19 06:31:48.005550,1.9,65,Merged,1
PR000005,P001,S0001,D0019,D0004,2023-12-24 21:00:26.642951,2023-12-25 12:12:26.642951,15.2,95,Merged,1
PR000006,P001,S0001,D0006,D0030,2023-12-23 22:10:43.496863,2023-12-24 23:58:43.496863,25.8,198,Closed,0
PR000007,P001,S0001,D0030,D0042,2023-12-28 07:40:46.999579,,,64,Open,0
PR000008,P001,S0001,D0030,D0006,2023-12-17 09:18:41.264603,2023-12-18 01:42:41.264603,16.4,111,Merged,1
PR000009,P001,S0001,D0030,D0050,2023-12-17 10:25:40.059131,2023-12-18 04:25:40.059131,18.0,22,Merged,1
PR000010,P001,S0001,D0026,D0006,2023-12-23 07:16:21.664312,2023-12-23 18:22:21.664312,11.1,144,Merged,1
PR000011,P001,S0001,D0026,D0004,2023-12-23 07:05:44.296219,2023-12-23 11:41:44.296219,4.6,127,Merged,1
PR000012,P001,S0001,D0006,D0004,2023-12-20 12:39:00.887430,2023-12-20 22:45:00.887430,10.1,54,Merged,1
PR000013,P001,S0001,D0030,D0019,2023-12-19 12:33:16.664082,2023-12-20 06:15:16.664082,17.7,152,Closed,0
PR000014,P001,S0001,D0006,D0004,2023-12-19 08:03:46.725296,2023-12-20 11:33:46.725296,27.5,107,Merged,1
PR000015,P001,S0001,D0042,D0006,2023-12-17 23:15:41.412711,2023-12-18 15:33:41.412711,16.3,304,Merged,1
PR000016,P001,S0001,D0050,D0030,2023-12-25 09:31:35.243686,2023-12-25 19:13:35.243686,9.7,35,Merged,1
PR000017,P001,S0001,D0006,D0019,2023-12-21 11:23:31.339985,2023-12-21 20:47:31.339985,9.4,14,Merged,1
PR000018,P001,S0001,D0030,D0006,2023-12-26 18:23:57.737836,2023-12-27 03:35:57.737836,9.2,44,Merged,1
PR000019,P001,S0001,D0019,D0026,2023-12-28 23:52:16.310400,2023-12-29 20:58:16.310400,21.1,209,Closed,0
PR000020,P001,S0001,D0050,D0042,2023-12-23 23:54:40.376205,2023-12-24 21:12:40.376205,21.3,80,Closed,0
PR000021,P001,S0001,D0042,D0004,2023-12-25 18:06:05.322578,2023-12-25 22:24:05.322578,4.3,20,Merged,1
PR000022,P001,S0001,D0019,D0042,2023-12-17 18:23:29.182586,,,226,Open,0
PR000023,P001,S0001,D0019,D0026,2023-12-20 06:16:38.977378,2023-12-20 16:52:38.977378,10.6,76,Merged,1
PR000024,P001,S0001,D0004,D0026,2023-12-22 02:38:15.216880,2023-12-23 03:14:15.216880,24.6,117,Merged,1
PR000025,P001,S0001,D0019,D0026,2023-12-17 21:05:19.148203,2023-12-18 03:17:19.148203,6.2,105,Merged,1
PR000026,P001,S0001,D0050,D0042,2023-12-18 08:11:21.250987,2023-12-18 16:47:21.250987,8.6,16,Merged,1
PR000027,P001,S0002,D0004,D0050,2024-01-07 15:19:32.256027,2024-01-08 21:37:32.256027,30.3,41,Closed,0
PR000028,P001,S0002,D0050,D0042,2024-01-01 03:32:25.623108,2024-01-01 15:56:25.623108,12.4,130,Merged,1
PR000029,P001,S0002,D0042,D0006,2024-01-10 09:22:23.255151,2024-01-11 09:52:23.255151,24.5,42,Closed,0
PR000030,P001,S0002,D0050,D0026,2024-01-07 21:58:06.537445,2024-01-08 07:10:06.537445,9.2,37,Closed,0
PR000031,P001,S0002,D0050,D0004,2024-01-01 13:25:52.180920,2024-01-02 10:31:52.180920,21.1,122,Merged,1
PR000032,P001,S0002,D0042,D0050,2024-01-10 16:46:44.536575,2024-01-11 14:04:44.536575,21.3,81,Merged,1
PR000033,P001,S0002,D0050,D0019,2024-01-08 14:06:51.011834,2024-01-10 02:48:51.011834,36.7,350,Closed,0
PR000034,P001,S0002,D0042,D0026,2023-12-31 21:59:19.877418,2024-01-01 04:53:19.877418,6.9,19,Merged,1
PR000035,P001,S0002,D0004,D0026,2023-12-31 13:17:56.106132,2023-12-31 20:59:56.106132,7.7,107,Merged,1
PR000036,P001,S0002,D0026,D0050,2024-01-10 01:07:23.694567,2024-01-10 06:55:23.694567,5.8,321,Closed,0
PR000037,P001,S0002,D0026,D0042,2024-01-04 13:54:30.392841,,,10,Open,0
PR000038,P001,S0002,D0006,D0042,2024-01-08 16:21:35.132342,2024-01-10 01:57:35.132342,33.6,173,Merged,1
PR000039,P001,S0002,D0030,D0004,2024-01-06 01:49:31.409773,2024-01-06 06:43:31.409773,4.9,187,Merged,1
PR000040,P001,S0002,D0026,D0030,2024-01-02 21:44:22.723130,2024-01-03 08:14:22.723130,10.5,74,Merged,1
PR000041,P001,S0002,D0026,D0019,2024-01-05 04:45:36.218151,2024-01-06 02:09:36.218151,21.4,288,Merged,1
PR000042,P001,S0002,D0004,D0030,2024-01-07 12:50:10.089172,2024-01-08 10:26:10.089172,21.6,51,Merged,1
PR000043,P001,S0002,D0019,D0042,2024-01-03 10:33:33.560894,2024-01-03 17:27:33.560894,6.9,113,Merged,1
PR000044,P001,S0002,D0004,D0006,2024-01-11 05:42:25.146147,2024-01-11 06:42:25.146147,1.0,141,Merged,1
PR000045,P001,S0002,D0006,D0019,2024-01-11 08:01:46.211000,2024-01-11 12:19:46.211000,4.3,61,Merged,1
PR000046,P001,S0002,D0050,D0004,2024-01-03 17:15:38.164920,2024-01-03 23:21:38.164920,6.1,48,Merged,1
PR000047,P001,S0002,D0042,D0004,2024-01-06 16:41:56.395293,2024-01-08 05:05:56.395293,36.4,211,Merged,1
PR000048,P001,S0002,D0050,D0019,2024-01-08 19:47:07.082978,2024-01-10 05:35:07.082978,33.8,155,Closed,0
PR000049,P001,S0002,D0019,D0050,2024-01-02 09:06:58.843438,2024-01-02 18:00:58.843438,8.9,10,Merged,1
PR000050,P001,S0003,D0030,D0019,2024-01-18 11:12:32.620298,2024-01-19 01:36:32.620298,14.4,119,Merged,1
PR000051,P001,S0003,D0030,D0004,2024-01-25 11:11:28.488358,2024-01-26 14:17:28.488358,27.1,98,Merged,1
PR000052,P001,S0003,D0042,D0004,2024-01-24 08:42:16.560716,2024-01-25 03:54:16.560716,19.2,168,Merged,1
PR000053,P001,S0003,D0019,D0042,2024-01-14 06:18:51.327560,2024-01-14 15:18:51.327560,9.0,32,Closed,0
PR000054,P001,S0003,D0030,D0006,2024-01-19 20:11:39.693316,2024-01-20 15:35:39.693316,19.4,91,Merged,1
PR000055,P001,S0003,D0050,D0030,2024-01-23 11:22:16.946399,2024-01-23 19:04:16.946399,7.7,91,Closed,0
PR000056,P001,S0003,D0019,D0050,2024-01-24 13:08:38.244077,2024-01-25 00:26:38.244077,11.3,99,Merged,1
PR000057,P001,S0003,D0004,D0006,2024-01-14 17:51:50.393370,2024-01-15 01:27:50.393370,7.6,28,Merged,1
PR000058,P001,S0003,D0019,D0026,2024-01-16 07:04:24.769848,2024-01-16 10:58:24.769848,3.9,58,Merged,1
PR000059,P001,S0003,D0006,D0004,2024-01-20 12:45:24.778647,2024-01-21 20:57:24.778647,32.2,273,Merged,1
PR000060,P001,S0003,D0042,D0030,2024-01-16 12:27:34.362953,2024-01-16 18:39:34.362953,6.2,73,Closed,0
PR000061,P001,S0003,D0026,D0042,2024-01-15 20:12:05.422809,2024-01-16 10:54:05.422809,14.7,66,Merged,1
PR000062,P001,S0003,D0026,D0019,2024-01-17 08:25:09.119706,,,88,Open,0
PR000063,P001,S0003,D0006,D0004,2024-01-16 08:46:30.578960,2024-01-16 13:10:30.578960,4.4,107,Merged,1
PR000064,P001,S0003,D0050,D0026,2024-01-16 00:58:18.480974,2024-01-16 02:52:18.480974,1.9,36,Merged,1
PR000065,P001,S0003,D0026,D0004,2024-01-22 06:07:13.674015,2024-01-23 02:31:13.674015,20.4,43,Merged,1
PR000066,P001,S0003,D0019,D0026,2024-01-14 00:12:31.382060,2024-01-14 08:48:31.382060,8.6,6,Merged,1
PR000067,P001,S0003,D0006,D0030,2024-01-17 12:03:01.232683,2024-01-17 16:33:01.232683,4.5,77,Merged,1
PR000068,P001,S0004,D0050,D0026,2024-01-31 10:21:32.456444,2024-02-01 17:21:32.456444,31.0,184,Merged,1
PR000069,P001,S0004,D0050,D0019,2024-01-28 14:31:38.622388,2024-01-29 10:01:38.622388,19.5,39,Merged,1
PR000070,P001,S0004,D0019,D0050,2024-02-06 02:11:48.930083,2024-02-06 13:47:48.930083,11.6,77,Merged,1
PR000071,P001,S0004,D0030,D0026,2024-01-28 13:16:48.312580,2024-01-29 02:10:48.312580,12.9,101,Merged,1
PR000072,P001,S0004,D0030,D0019,2024-02-07 18:28:25.414603,2024-02-08 10:16:25.414603,15.8,144,Merged,1
PR000073,P001,S0004,D0042,D0050,2024-02-05 18:27:00.245821,,,87,Open,0
PR000074,P001,S0004,D0006,D0004,2024-02-07 19:14:51.750418,2024-02-08 01:14:51.750418,6.0,164,Merged,1
PR000075,P001,S0004,D0006,D0004,2024-02-06 02:07:32.395019,2024-02-06 05:43:32.395019,3.6,131,Merged,1
PR000076,P001,S0004,D0050,D0030,2024-02-06 13:11:56.198894,2024-02-07 00:41:56.198894,11.5,232,Merged,1
PR000077,P001,S0004,D0004,D0030,2024-02-04 07:42:15.986991,2024-02-05 02:42:15.986991,19.0,57,Merged,1
PR000078,P001,S0004,D0050,D0030,2024-01-30 15:49:47.481339,2024-01-30 22:13:47.481339,6.4,105,Merged,1
PR000079,P001,S0004,D0004,D0026,2024-01-28 14:38:51.473110,2024-01-28 23:14:51.473110,8.6,216,Merged,1
PR000080,P001,S0004,D0026,D0019,2024-02-08 14:19:21.214465,2024-02-09 18:19:21.214465,28.0,220,Merged,1
PR000081,P001,S0004,D0030,D0004,2024-01-31 19:06:32.742426,2024-02-01 03:36:32.742426,8.5,151,Merged,1
PR000082,P001,S0004,D0026,D0030,2024-02-07 19:14:10.899638,2024-02-08 05:50:10.899638,10.6,74,Merged,1
PR000083,P001,S0004,D0030,D0042,2024-01-31 18:41:04.930398,2024-02-01 09:05:04.930398,14.4,100,Merged,1
PR000084,P001,S0004,D0004,D0030,2024-02-02 19:57:41.901393,2024-02-03 03:57:41.901393,8.0,62,Closed,0
PR000085,P001,S0004,D0042,D0050,2024-02-07 20:10:40.832097,2024-02-08 08:28:40.832097,12.3,105,Merged,1
PR000086,P001,S0004,D0030,D0050,2024-02-02 07:02:20.968967,2024-02-03 12:50:20.968967,29.8,30,Merged,1
PR000087,P001,S0004,D0006,D0026,2024-02-07 21:55:55.256675,2024-02-08 09:37:55.256675,11.7,164,Merged,1
PR000088,P001,S0004,D0042,D0026,2024-01-29 14:35:43.224381,2024-01-30 01:41:43.224381,11.1,296,Merged,1
PR000089,P001,S0004,D0026,D0006,2024-01-28 14:48:04.436111,2024-01-28 23:42:04.436111,8.9,56,Merged,1
PR000090,P001,S0004,D0042,D0019,2024-02-05 13:32:33.549452,2024-02-05 18:50:33.549452,5.3,133,Merged,1
PR000091,P001,S0004,D0042,D0026,2024-01-30 06:31:56.551827,2024-01-30 13:43:56.551827,7.2,249,Merged,1
PR000092,P001,S0004,D0050,D0006,2024-01-31 21:06:52.142181,2024-02-01 09:36:52.142181,12.5,80,Merged,1
PR000093,P001,S0005,D0050,D0026,2024-02-13 03:26:23.079957,2024-02-13 20:32:23.079957,17.1,76,Closed,0
PR000094,P001,S0005,D0026,D0042,2024-02-20 10:42:44.020826,2024-02-21 09:36:44.020826,22.9,130,Merged,1
PR000095,P001,S0005,D0006,D0019,2024-02-21 11:23:07.377796,2024-02-21 17:05:07.377796,5.7,134,Merged,1
PR000096,P001,S0005,D0004,D0019,2024-02-15 08:40:27.481972,2024-02-15 16:40:27.481972,8.0,72,Merged,1
PR000097,P001,S0005,D0050,D0006,2024-02-19 10:41:56.521613,2024-02-20 07:11:56.521613,20.5,262,Merged,1
PR000098,P001,S0005,D0006,D0030,2024-02-13 11:31:46.315244,2024-02-13 16:37:46.315244,5.1,165,Merged,1
PR000099,P001,S0005,D0006,D0019,2024-02-11 01:15:32.007905,2024-02-11 16:57:32.007905,15.7,86,Merged,1
PR000100,P001,S0005,D0030,D0004,2024-02-19 19:57:14.769667,2024-02-21 00:03:14.769667,28.1,183,Merged,1
PR000101,P001,S0005,D0042,D0004,2024-02-13 20:55:15.086875,2024-02-14 12:01:15.086875,15.1,71,Merged,1
PR000102,P001,S0005,D0026,D0006,2024-02-20 05:33:08.525440,2024-02-20 16:27:08.525440,10.9,50,Merged,1
PR000103,P001,S0006,D0030,D0004,2024-03-01 07:44:22.238684,2024-03-02 08:08:22.238684,24.4,41,Merged,1
PR000104,P001,S0006,D0004,D0030,2024-03-06 14:30:34.999355,2024-03-06 17:00:34.999355,2.5,38,Closed,0
PR000105,P001,S0006,D0042,D0050,2024-03-05 07:50:22.677492,2024-03-05 18:14:22.677492,10.4,52,Merged,1
PR000106,P001,S0006,D0042,D0019,2024-03-04 05:05:10.088733,2024-03-04 13:17:10.088733,8.2,77,Merged,1
PR000107,P001,S0006,D0050,D0006,2024-02-28 07:55:09.947372,2024-02-28 22:37:09.947372,14.7,145,Closed,0
PR000108,P001,S0006,D0006,D0004,2024-03-03 22:01:40.526156,,,145,Open,0
PR000109,P001,S0006,D0019,D0050,2024-03-06 17:41:40.808236,,,85,Open,0
PR000110,P001,S0006,D0042,D0006,2024-03-04 10:00:49.641395,2024-03-05 10:36:49.641395,24.6,113,Merged,1
PR000111,P001,S0006,D0042,D0050,2024-02-25 04:41:05.605771,2024-02-26 03:53:05.605771,23.2,223,Merged,1
PR000112,P001,S0006,D0030,D0026,2024-02-26 16:37:56.809912,,,79,Open,0
PR000113,P001,S0006,D0004,D0019,2024-02-26 02:31:42.063859,2024-02-26 16:55:42.063859,,108,Merged,1
PR000114,P001,S0006,D0050,D0042,2024-02-25 04:43:11.626734,2024-02-25 13:55:11.626734,9.2,104,Merged,1
PR000115,P001,S0007,D0004,D0042,2024-03-12 18:44:50.483183,2024-03-12 22:14:50.483183,3.5,169,Closed,0
PR000116,P001,S0007,D0050,D0026,2024-03-14 05:09:13.499297,2024-03-14 16:21:13.499297,11.2,35,Merged,1
PR000117,P001,S0007,D0026,D0030,2024-03-13 04:41:05.490928,2024-03-13 12:11:05.490928,7.5,129,Merged,1
PR000118,P001,S0007,D0042,D0050,2024-03-17 23:35:44.711118,2024-03-18 17:59:44.711118,18.4,83,Merged,1
PR000119,P001,S0007,D0026,D0006,2024-03-18 10:02:23.459793,2024-03-18 18:56:23.459793,8.9,87,Closed,0
PR000120,P001,S0007,D0006,D0050,2024-03-14 10:38:04.198342,2024-03-15 00:56:04.198342,14.3,58,Closed,0
PR000121,P001,S0007,D0042,D0050,2024-03-11 08:36:57.771359,2024-03-11 15:00:57.771359,6.4,205,Merged,1
PR000122,P001,S0007,D0006,D0026,2024-03-18 10:07:56.139021,2024-03-18 21:19:56.139021,11.2,44,Merged,1
PR000123,P001,S0007,D0004,D0006,2024-03-18 14:58:42.678439,2024-03-19 09:34:42.678439,18.6,105,Merged,1
PR000124,P001,S0007,D0030,D0026,2024-03-12 00:44:54.436757,,,117,Open,0
PR000125,P001,S0007,D0050,D0006,2024-03-10 11:39:34.373796,2024-03-10 14:51:34.373796,3.2,29,Merged,1
PR000126,P001,S0007,D0042,D0004,2024-03-17 08:22:38.072443,2024-03-18 11:10:38.072443,26.8,171,Merged,1
PR000127,P001,S0007,D0030,D0026,2024-03-12 19:31:11.692196,2024-03-13 09:19:11.692196,13.8,129,Closed,0
PR000128,P001,S0007,D0042,D0004,2024-03-10 18:02:34.935643,2024-03-10 20:26:34.935643,2.4,168,Merged,1
PR000129,P001,S0007,D0026,D0030,2024-03-18 21:04:06.618367,,,85,Open,0
PR000130,P001,S0007,D0042,D0004,2024-03-16 04:18:05.801926,2024-03-16 13:54:05.801926,9.6,71,Merged,1
PR000131,P001,S0007,D0026,D0004,2024-03-13 23:09:06.875135,2024-03-14 17:51:06.875135,18.7,77,Merged,1
PR000132,P001,S0007,D0026,D0042,2024-03-14 22:09:19.393183,2024-03-15 22:27:19.393183,24.3,129,Merged,1
PR000133,P001,S0007,D0026,D0004,2024-03-10 19:48:28.457816,2024-03-11 03:48:28.457816,8.0,17,Merged,1
PR000134,P001,S0007,D0050,D0026,2024-03-20 00:14:50.595152,2024-03-20 18:38:50.595152,18.4,107,Merged,1
PR000135,P001,S0007,D0026,D0006,2024-03-10 20:07:07.653287,2024-03-11 08:13:07.653287,12.1,92,Merged,1
PR000136,P001,S0007,D0042,D0004,2024-03-10 05:33:03.218184,2024-03-10 17:15:03.218184,11.7,175,Closed,0
PR000137,P001,S0007,D0042,D0026,2024-03-10 08:53:00.932324,2024-03-10 18:11:00.932324,9.3,93,Merged,1
PR000138,P001,S0007,D0050,D0030,2024-03-18 14:05:42.005371,2024-03-19 13:29:42.005371,23.4,87,Merged,1
PR000139,P001,S0007,D0019,D0030,2024-03-14 08:11:58.720977,2024-03-14 11:53:58.720977,3.7,7,Merged,1
PR000140,P001,S0007,D0006,D0026,2024-03-16 09:21:03.292423,,,112,Open,0
PR000141,P001,S0007,D0042,D0019,2024-03-20 00:08:49.777523,2024-03-20 18:20:49.777523,18.2,134,Merged,1
PR000142,P001,S0007,D0019,D0050,2024-03-12 05:40:15.372596,2024-03-12 13:22:15.372596,7.7,40,Closed,0
PR000143,P001,S0008,D0006,D0026,2024-04-04 00:37:50.345002,2024-04-04 14:07:50.345002,13.5,127,Merged,1
PR000144,P001,S0008,D0026,D0030,2024-03-26 04:02:49.867809,2024-03-26 11:44:49.867809,7.7,70,Merged,1
PR000145,P001,S0008,D0026,D0004,2024-04-04 03:52:32.531426,2024-04-04 16:58:32.531426,13.1,38,Closed,0
PR000146,P001,S0008,D0030,D0004,2024-03-24 05:58:35.928059,,,7,Open,0
PR000147,P001,S0008,D0042,D0050,2024-03-31 16:03:34.533018,,,125,Open,0
PR000148,P001,S0008,D0050,D0026,2024-03-26 19:12:06.955142,2024-03-27 02:18:06.955142,7.1,64,Merged,1
PR000149,P001,S0008,D0019,D0042,2024-03-27 07:42:29.265548,2024-03-27 10:06:29.265548,2.4,42,Merged,1
PR000150,P001,S0008,D0050,D0042,2024-03-30 15:29:32.577256,2024-03-31 00:05:32.577256,8.6,19,Merged,1
PR000151,P001,S0008,D0006,D0042,2024-03-25 16:19:47.359854,2024-03-26 14:01:47.359854,21.7,72,Merged,1
PR000152,P001,S0008,D0050,D0006,2024-03-28 03:17:35.196101,2024-03-29 22:23:35.196101,43.1,72,Merged,1
PR000153,P001,S0008,D0004,D0019,2024-03-27 20:36:18.690889,2024-03-28 18:00:18.690889,21.4,95,Merged,1
PR000154,P001,S0008,D0019,D0026,2024-03-31 11:48:07.145561,2024-04-01 13:48:07.145561,26.0,197,Merged,1
PR000155,P001,S0008,D0030,D0026,2024-03-28 12:46:51.187743,2024-03-28 16:22:51.187743,3.6,132,Merged,1
PR000156,P001,S0008,D0004,D0026,2024-03-31 23:30:42.722797,2024-04-01 13:42:42.722797,14.2,15,Merged,1
PR000157,P001,S0008,D0004,D0026,2024-03-25 08:17:59.211538,2024-03-26 00:53:59.211538,16.6,238,Merged,1
PR000158,P001,S0008,D0042,D0004,2024-03-27 20:22:44.202005,2024-03-28 02:28:44.202005,6.1,40,Merged,1
PR000159,P001,S0008,D0026,D0004,2024-03-31 10:11:08.960542,2024-04-01 02:41:08.960542,16.5,165,Merged,1
PR000160,P001,S0008,D0026,D0019,2024-03-24 23:45:06.153572,2024-03-25 07:09:06.153572,7.4,194,Merged,1
PR000161,P001,S0008,D0050,D0042,2024-03-28 09:35:04.656791,2024-03-29 03:35:04.656791,18.0,16,Merged,1
PR000162,P001,S0008,D0019,D0006,2024-03-30 19:49:22.528004,2024-03-31 12:07:22.528004,16.3,76,Merged,1
PR000163,P001,S0008,D0050,D0042,2024-03-28 18:49:00.587879,2024-03-29 00:55:00.587879,6.1,7,Merged,1
PR000164,P001,S0008,D0042,D0026,2024-03-28 21:43:37.077011,2024-03-29 05:01:37.077011,7.3,109,Closed,0
PR000165,P001,S0009,D0042,D0006,2024-04-10 07:18:34.872594,2024-04-11 00:54:34.872594,17.6,71,Merged,1
PR000166,P001,S0009,D0042,D0050,2024-04-10 15:12:37.735877,2024-04-10 22:06:37.735877,6.9,110,Merged,1
PR000167,P001,S0009,D0006,D0004,2024-04-07 20:12:06.097670,2024-04-09 03:54:06.097670,31.7,147,Merged,1
PR000168,P001,S0009,D0004,D0026,2024-04-07 06:48:38.648846,2024-04-07 23:00:38.648846,16.2,109,Merged,1
PR000169,P001,S0009,D0026,D0004,2024-04-12 18:27:15.940459,2024-04-13 02:21:15.940459,7.9,12,Merged,1
PR000170,P001,S0009,D0026,D0042,2024-04-14 13:57:40.872855,2024-04-15 11:33:40.872855,21.6,206,Closed,0
PR000171,P001,S0009,D0042,D0026,2024-04-18 16:07:25.683746,2024-04-19 04:13:25.683746,12.1,20,Merged,1
PR000172,P001,S0009,D0004,D0019,2024-04-10 02:42:14.860094,2024-04-10 07:12:14.860094,4.5,32,Merged,1
PR000173,P001,S0009,D0026,D0019,2024-04-10 13:12:41.442090,2024-04-10 17:42:41.442090,4.5,336,Merged,1
PR000174,P001,S0009,D0030,D0050,2024-04-14 01:15:13.355094,2024-04-15 01:21:13.355094,24.1,136,Merged,1
PR000175,P001,S0009,D0004,D0019,2024-04-09 06:34:31.942130,2024-04-09 09:16:31.942130,2.7,50,Merged,1
PR000176,P001,S0009,D0026,D0042,2024-04-13 19:46:28.354501,2024-04-14 19:40:28.354501,23.9,263,Merged,1
PR000177,P001,S0009,D0042,D0050,2024-04-15 07:13:39.904031,2024-04-15 18:49:39.904031,11.6,169,Merged,1
PR000178,P001,S0009,D0042,D0006,2024-04-09 15:55:21.419563,2024-04-10 12:25:21.419563,20.5,64,Merged,1
PR000179,P001,S0009,D0030,D0026,2024-04-08 23:58:49.293751,,,57,Open,0
PR000180,P001,S0009,D0026,D0004,2024-04-12 22:01:46.101697,2024-04-13 02:55:46.101697,4.9,79,Merged,1
PR000181,P001,S0009,D0050,D0004,2024-04-13 15:02:58.415148,,,176,Open,0
PR000182,P001,S0009,D0019,D0006,2024-04-13 03:26:11.327898,2024-04-13 07:14:11.327898,3.8,214,Merged,1
PR000183,P001,S0009,D0006,D0030,2024-04-16 03:01:22.212961,2024-04-16 03:31:22.212961,0.5,84,Merged,1
PR000184,P001,S0009,D0042,D0004,2024-04-12 16:48:45.609155,2024-04-13 03:42:45.609155,10.9,142,Merged,1
PR000185,P001,S0009,D0030,D0004,2024-04-12 07:47:41.922225,2024-04-13 12:29:41.922225,28.7,22,Closed,0
PR000186,P001,S0009,D0006,D0026,2024-04-15 04:26:26.925169,2024-04-15 14:02:26.925169,9.6,73,Merged,1
PR000187,P001,S0009,D0042,D0006,2024-04-16 07:15:34.386755,2024-04-16 19:15:34.386755,12.0,42,Merged,1
PR000188,P001,S0009,D0019,D0042,2024-04-07 07:27:18.788326,2024-04-07 22:03:18.788326,14.6,134,Closed,0
PR000189,P001,S0009,D0042,D0019,2024-04-07 20:45:43.135638,2024-04-08 16:51:43.135638,20.1,106,Merged,1
PR000190,P001,S0010,D0019,D0004,2024-04-27 21:19:46.745408,2024-04-28 13:25:46.745408,16.1,87,Merged,1
PR000191,P001,S0010,D0004,D0042,2024-04-25 03:34:47.729547,2024-04-25 23:40:47.729547,20.1,44,Merged,1
PR000192,P001,S0010,D0004,D0050,2024-04-25 02:49:26.976740,2024-04-25 21:19:26.976740,18.5,140,Merged,1
PR000193,P001,S0010,D0050,D0006,2024-04-29 15:40:05.471041,2024-04-29 19:04:05.471041,3.4,29,Merged,1
PR000194,P001,S0010,D0019,D0042,2024-04-28 16:35:50.929833,2024-04-29 10:59:50.929833,18.4,172,Merged,1
PR000195,P001,S0010,D0030,D0026,2024-04-30 17:44:05.939051,2024-05-01 08:08:05.939051,14.4,155,Merged,1
PR000196,P001,S0010,D0026,D0050,2024-04-29 20:07:51.888320,2024-04-30 09:49:51.888320,13.7,166,Merged,1
PR000197,P001,S0010,D0030,D0026,2024-05-02 23:03:06.327199,2024-05-04 17:21:06.327199,42.3,583,Merged,1
PR000198,P001,S0010,D0019,D0026,2024-04-24 17:19:54.984695,2024-04-25 18:49:54.984695,25.5,182,Merged,1
PR000199,P001,S0010,D0019,D0026,2024-04-21 22:04:23.744488,2024-04-23 02:40:23.744488,28.6,67,Closed,0
PR000200,P001,S0010,D0019,D0026,2024-04-30 06:33:25.297127,2024-04-30 14:03:25.297127,7.5,61,Merged,1
PR000201,P001,S0010,D0042,D0030,2024-04-29 08:46:46.672569,,,97,Open,0
PR000202,P001,S0010,D0030,D0050,2024-04-24 09:05:48.821114,2024-04-24 13:23:48.821114,4.3,58,Merged,1
PR000203,P002,S0011,D0057,D0015,2024-01-05 10:34:08.650371,2024-01-05 19:28:08.650371,8.9,209,Merged,1
PR000204,P002,S0011,D0015,D0057,2023-12-29 07:02:06.816574,2023-12-30 06:32:06.816574,23.5,137,Merged,1
PR000205,P002,S0011,D0054,D0037,2023-12-31 21:51:05.754851,2024-01-02 05:09:05.754851,31.3,242,Merged,1
PR000206,P002,S0011,D0059,D0013,2023-12-27 04:15:01.515214,2023-12-27 17:51:01.515214,13.6,76,Closed,0
PR000207,P002,S0011,D0015,D0047,2023-12-31 01:09:09.583453,2023-12-31 06:03:09.583453,4.9,36,Merged,1
PR000208,P002,S0011,D0057,D0013,2023-12-27 12:16:05.641756,2023-12-28 16:16:05.641756,28.0,77,Merged,1
PR000209,P002,S0011,D0054,D0037,2023-12-28 23:20:24.731353,,,355,Open,0
PR000210,P002,S0011,D0059,D0054,2023-12-26 12:54:08.671019,2023-12-27 01:12:08.671019,12.3,212,Merged,1
PR000211,P002,S0011,D0013,D0059,2024-01-03 03:08:51.889798,2024-01-03 04:56:51.889798,1.8,183,Merged,1
PR000212,P002,S0011,D0024,D0059,2023-12-30 22:13:26.770743,2023-12-31 11:49:26.770743,,103,Merged,1
PR000213,P002,S0011,D0057,D0047,2023-12-26 21:21:56.833330,2023-12-27 02:39:56.833330,5.3,174,Closed,0
PR000214,P002,S0011,D0037,D0024,2024-01-02 20:57:18.878922,2024-01-03 10:03:18.878922,13.1,181,Closed,0
PR000215,P002,S0011,D0054,D0024,2024-01-03 19:54:17.438463,2024-01-04 15:00:17.438463,19.1,107,Closed,0
PR000216,P002,S0011,D0059,D0047,2023-12-26 13:19:59.674590,2023-12-27 04:25:59.674590,,56,Merged,1
PR000217,P002,S0011,D0013,D0054,2024-01-01 23:52:04.955995,2024-01-02 04:34:04.955995,4.7,52,Merged,1
PR000218,P002,S0011,D0054,D0024,2023-12-30 11:32:12.476882,,,87,Open,0
PR000219,P002,S0011,D0024,D0047,2024-01-02 01:02:21.072161,2024-01-02 01:50:21.072161,0.8,26,Merged,1
PR000220,P002,S0011,D0015,D0013,2023-12-31 13:10:38.614218,2024-01-01 16:40:38.614218,27.5,182,Merged,1
PR000221,P002,S0011,D0024,D0037,2024-01-05 13:28:03.095190,2024-01-05 19:52:03.095190,6.4,222,Closed,0
PR000222,P002,S0011,D0054,D0057,2024-01-04 08:38:00.267563,2024-01-05 05:56:00.267563,21.3,127,Merged,1
PR000223,P002,S0011,D0059,D0057,2024-01-05 21:48:34.437056,2024-01-06 09:48:34.437056,12.0,20,Merged,1
PR000224,P002,S0012,D0037,D0054,2024-01-12 06:03:21.335696,2024-01-12 18:27:21.335696,12.4,277,Merged,1
PR000225,P002,S0012,D0059,D0047,2024-01-11 20:48:07.823962,2024-01-12 05:12:07.823962,8.4,116,Merged,1
PR000226,P002,S0012,D0057,D0054,2024-01-09 08:15:06.731895,2024-01-09 17:51:06.731895,9.6,281,Merged,1
PR000227,P002,S0012,D0057,D0047,2024-01-15 19:57:04.992114,2024-01-16 06:51:04.992114,10.9,295,Merged,1
PR000228,P002,S0012,D0037,D0059,2024-01-13 06:18:21.946227,2024-01-13 19:18:21.946227,13.0,122,Merged,1
PR000229,P002,S0012,D0047,D0015,2024-01-11 11:56:04.439482,2024-01-12 06:20:04.439482,18.4,91,Merged,1
PR000230,P002,S0012,D0047,D0059,2024-01-08 03:29:47.046468,2024-01-08 13:17:47.046468,9.8,248,Closed,0
PR000231,P002,S0012,D0057,D0015,2024-01-10 13:29:25.100540,2024-01-11 14:47:25.100540,25.3,66,Merged,1
PR000232,P002,S0012,D0047,D0037,2024-01-12 03:17:12.333407,2024-01-12 10:29:12.333407,7.2,3,Closed,0
PR000233,P002,S0012,D0054,D0013,2024-01-16 21:32:37.544658,2024-01-17 09:38:37.544658,12.1,178,Merged,1
PR000234,P002,S0012,D0059,D0047,2024-01-17 04:54:30.219753,2024-01-17 12:48:30.219753,7.9,183,Merged,1
PR000235,P002,S0012,D0037,D0057,2024-01-14 16:50:44.911208,2024-01-15 09:20:44.911208,16.5,126,Merged,1
PR000236,P002,S0012,D0024,D0054,2024-01-17 02:13:34.143419,2024-01-17 05:37:34.143419,3.4,52,Merged,1
PR000237,P002,S0012,D0037,D0015,2024-01-18 18:04:45.542514,2024-01-19 21:34:45.542514,27.5,80,Merged,1
PR000238,P002,S0012,D0037,D0024,2024-01-12 18:11:02.727611,,,82,Open,0
PR000239,P002,S0012,D0037,D0013,2024-01-08 00:28:01.728837,2024-01-08 15:22:01.728837,14.9,135,Merged,1
PR000240,P002,S0012,D0059,D0015,2024-01-17 14:55:33.147848,2024-01-17 22:37:33.147848,7.7,110,Merged,1
PR000241,P002,S0012,D0015,D0054,2024-01-12 17:34:45.224880,2024-01-12 23:04:45.224880,5.5,62,Closed,0
PR000242,P002,S0012,D0047,D0024,2024-01-11 19:49:29.417417,2024-01-12 07:19:29.417417,11.5,52,Merged,1
PR000243,P002,S0012,D0047,D0057,2024-01-18 07:42:29.575970,2024-01-18 23:36:29.575970,15.9,289,Merged,1
PR000244,P002,S0012,D0047,D0054,2024-01-08 06:23:11.528446,2024-01-09 07:47:11.528446,25.4,52,Merged,1
PR000245,P002,S0012,D0015,D0047,2024-01-11 04:30:23.693927,2024-01-11 08:00:23.693927,3.5,77,Merged,1
PR000246,P002,S0012,D0013,D0057,2024-01-16 15:51:51.206396,2024-01-17 01:57:51.206396,10.1,164,Closed,0
PR000247,P002,S0012,D0037,D0059,2024-01-10 12:26:00.269521,2024-01-10 16:50:00.269521,4.4,104,Merged,1
PR000248,P002,S0012,D0054,D0059,2024-01-18 02:40:05.007986,2024-01-18 15:10:05.007986,12.5,263,Merged,1
PR000249,P002,S0012,D0057,D0047,2024-01-18 01:23:24.068498,,,97,Open,0
PR000250,P002,S0013,D0047,D0015,2024-02-01 21:12:47.171638,2024-02-03 05:48:47.171638,32.6,154,Merged,1
PR000251,P002,S0013,D0013,D0057,2024-01-30 11:14:54.011764,2024-01-31 00:08:54.011764,12.9,62,Closed,0
PR000252,P002,S0013,D0054,D0037,2024-02-01 06:12:55.752782,2024-02-01 19:54:55.752782,13.7,272,Merged,1
PR000253,P002,S0013,D0059,D0054,2024-01-31 11:01:11.280473,2024-02-01 01:19:11.280473,14.3,79,Merged,1
PR000254,P002,S0013,D0047,D0057,2024-01-31 10:12:23.663024,2024-01-31 21:18:23.663024,11.1,134,Merged,1
PR000255,P002,S0013,D0054,D0037,2024-01-29 03:15:55.403970,2024-01-29 06:33:55.403970,3.3,68,Merged,1
PR000256,P002,S0013,D0057,D0047,2024-01-26 08:48:03.014987,2024-01-26 17:06:03.014987,8.3,66,Closed,0
PR000257,P002,S0013,D0024,D0013,2024-01-31 05:07:01.338207,2024-02-01 13:13:01.338207,32.1,263,Closed,0
PR000258,P002,S0013,D0013,D0037,2024-01-27 01:42:41.966648,2024-01-27 19:30:41.966648,17.8,134,Merged,1
PR000259,P002,S0013,D0015,D0057,2024-01-30 02:37:07.602416,2024-01-30 17:13:07.602416,14.6,35,Merged,1
PR000260,P002,S0013,D0037,D0057,2024-01-26 06:31:42.432453,2024-01-26 15:37:42.432453,9.1,75,Merged,1
PR000261,P002,S0013,D0013,D0015,2024-01-28 03:34:54.790616,2024-01-30 10:40:54.790616,55.1,182,Merged,1
PR000262,P002,S0013,D0054,D0024,2024-01-22 11:49:17.709900,2024-01-22 15:13:17.709900,3.4,14,Closed,0
PR000263,P002,S0013,D0013,D0037,2024-01-28 14:15:52.328386,2024-01-29 00:27:52.328386,10.2,68,Merged,1
PR000264,P002,S0013,D0037,D0059,2024-01-26 21:17:15.852285,2024-01-27 08:53:15.852285,11.6,22,Merged,1
PR000265,P002,S0013,D0059,D0057,2024-01-30 19:51:18.538647,2024-01-30 20:57:18.538647,1.1,112,Merged,1
PR000266,P002,S0013,D0047,D0015,2024-01-25 17:34:27.993529,2024-01-26 16:10:27.993529,22.6,179,Merged,1
PR000267,P002,S0013,D0047,D0024,2024-01-23 03:29:21.493102,2024-01-23 07:11:21.493102,3.7,100,Merged,1
PR000268,P002,S0013,D0015,D0024,2024-01-24 20:54:38.411350,2024-01-25 08:48:38.411350,11.9,31,Merged,1
PR000269,P002,S0013,D0015,D0057,2024-02-02 06:54:50.056692,2024-02-02 17:00:50.056692,10.1,56,Merged,1
PR000270,P002,S0014,D0059,D0047,2024-02-13 04:50:10.498613,2024-02-13 10:08:10.498613,,14,Merged,1
PR000271,P002,S0014,D0037,D0059,2024-02-05 08:36:15.388001,2024-02-05 19:42:15.388001,11.1,20,Merged,1
PR000272,P002,S0014,D0059,D0037,2024-02-16 19:36:47.694104,2024-02-17 12:24:47.694104,16.8,145,Merged,1
PR000273,P002,S0014,D0059,D0057,2024-02-09 09:28:58.434952,2024-02-09 10:58:58.434952,1.5,61,Merged,1
PR000274,P002,S0014,D0057,D0024,2024-02-14 02:08:17.893929,2024-02-14 04:02:17.893929,1.9,128,Merged,1
PR000275,P002,S0014,D0057,D0059,2024-02-16 12:58:30.196459,,,83,Open,0
PR000276,P002,S0014,D0013,D0015,2024-02-05 12:11:08.720436,2024-02-05 15:23:08.720436,3.2,248,Merged,1
PR000277,P002,S0014,D0054,D0059,2024-02-15 22:10:01.409676,2024-02-16 10:34:01.409676,12.4,57,Merged,1
PR000278,P002,S0014,D0047,D0059,2024-02-16 10:06:06.983355,2024-02-16 13:18:06.983355,3.2,18,Closed,0
PR000279,P002,S0014,D0057,D0037,2024-02-12 15:09:04.039098,2024-02-13 15:33:04.039098,24.4,74,Merged,1
PR000280,P002,S0014,D0047,D0054,2024-02-07 10:41:14.496402,2024-02-08 19:17:14.496402,32.6,32,Merged,1
PR000281,P002,S0014,D0024,D0013,2024-02-10 22:02:28.685751,2024-02-11 13:32:28.685751,15.5,87,Merged,1
PR000282,P002,S0014,D0057,D0015,2024-02-14 00:48:01.428389,2024-02-14 05:54:01.428389,5.1,51,Merged,1
PR000283,P002,S0014,D0037,D0054,2024-02-07 16:08:55.238676,2024-02-08 01:08:55.238676,9.0,182,Merged,1
PR000284,P002,S0014,D0024,D0037,2024-02-13 20:48:21.850821,2024-02-13 23:18:21.850821,2.5,97,Merged,1
PR000285,P002,S0014,D0054,D0059,2024-02-14 02:22:43.907726,2024-02-14 17:52:43.907726,15.5,94,Merged,1
PR000286,P002,S0014,D0013,D0054,2024-02-05 01:24:34.608163,2024-02-05 18:42:34.608163,17.3,221,Closed,0
PR000287,P002,S0014,D0047,D0024,2024-02-13 14:03:30.698615,2024-02-14 02:09:30.698615,12.1,170,Merged,1
PR000288,P002,S0014,D0054,D0037,2024-02-11 23:34:54.095484,2024-02-12 11:46:54.095484,12.2,109,Merged,1
PR000289,P002,S0014,D0059,D0057,2024-02-13 11:47:32.390319,2024-02-13 20:47:32.390319,9.0,60,Merged,1
PR000290,P002,S0014,D0057,D0015,2024-02-13 11:12:33.821655,,,336,Open,0
PR000291,P002,S0014,D0037,D0054,2024-02-11 08:26:18.497049,2024-02-11 18:50:18.497049,10.4,91,Merged,1
PR000292,P002,S0014,D0054,D0057,2024-02-14 11:18:42.603520,,,63,Open,0
PR000293,P002,S0014,D0024,D0015,2024-02-06 05:43:40.089935,,,91,Open,0
PR000294,P002,S0014,D0059,D0037,2024-02-11 12:28:15.409198,2024-02-12 09:46:15.409198,21.3,79,Merged,1
PR000295,P002,S0014,D0013,D0024,2024-02-05 08:25:03.691084,2024-02-05 16:37:03.691084,8.2,186,Merged,1
PR000296,P002,S0014,D0013,D0037,2024-02-13 09:48:33.915434,2024-02-13 14:54:33.915434,5.1,123,Merged,1
PR000297,P002,S0014,D0057,D0024,2024-02-05 11:41:17.328965,2024-02-06 16:11:17.328965,28.5,279,Merged,1
PR000298,P002,S0014,D0054,D0024,2024-02-05 21:24:17.882389,2024-02-06 02:30:17.882389,5.1,135,Merged,1
PR000299,P002,S0015,D0037,D0057,2024-03-01 09:06:10.246464,2024-03-02 13:18:10.246464,28.2,224,Merged,1
PR000300,P002,S0015,D0024,D0037,2024-02-27 16:52:08.196277,2024-02-28 12:28:08.196277,19.6,97,Merged,1
PR000301,P002,S0015,D0047,D0057,2024-02-20 06:24:00.872436,2024-02-20 11:24:00.872436,5.0,30,Merged,1
PR000302,P002,S0015,D0013,D0057,2024-02-22 07:14:56.755647,2024-02-24 13:02:56.755647,53.8,420,Merged,1
PR000303,P002,S0015,D0054,D0047,2024-02-23 19:37:00.142271,,,25,Open,0
PR000304,P002,S0015,D0015,D0047,2024-03-01 09:57:08.152438,2024-03-01 12:09:08.152438,2.2,39,Closed,0
PR000305,P002,S0015,D0059,D0057,2024-02-22 11:18:20.707253,2024-02-23 13:36:20.707253,26.3,188,Merged,1
PR000306,P002,S0015,D0047,D0059,2024-03-01 17:10:27.302017,2024-03-02 03:52:27.302017,10.7,92,Merged,1
PR000307,P002,S0015,D0057,D0024,2024-02-27 01:26:28.476074,2024-02-27 15:26:28.476074,14.0,69,Merged,1
PR000308,P002,S0015,D0054,D0059,2024-02-25 18:10:24.191349,2024-02-26 00:40:24.191349,6.5,257,Merged,1
PR000309,P002,S0015,D0015,D0057,2024-02-22 02:15:44.014726,2024-02-22 03:15:44.014726,1.0,158,Merged,1
PR000310,P002,S0015,D0057,D0054,2024-02-29 04:51:54.358676,2024-02-29 19:21:54.358676,14.5,228,Merged,1
PR000311,P002,S0015,D0059,D0037,2024-02-28 18:37:37.164629,2024-02-29 00:07:37.164629,5.5,77,Merged,1
PR000312,P002,S0015,D0054,D0057,2024-03-01 01:40:00.665408,2024-03-01 19:40:00.665408,18.0,80,Merged,1
PR000313,P002,S0015,D0059,D0037,2024-02-29 02:52:09.573738,2024-03-01 03:40:09.573738,24.8,26,Merged,1
PR000314,P002,S0015,D0015,D0059,2024-02-25 11:28:32.609100,2024-02-25 18:04:32.609100,6.6,76,Merged,1
PR000315,P002,S0015,D0013,D0059,2024-02-26 03:28:53.792914,2024-02-27 04:58:53.792914,25.5,198,Merged,1
PR000316,P002,S0015,D0024,D0047,2024-02-20 08:18:22.705127,2024-02-20 22:06:22.705127,13.8,134,Merged,1
PR000317,P002,S0015,D0013,D0047,2024-02-24 02:21:07.455438,2024-02-24 09:39:07.455438,7.3,69,Merged,1
PR000318,P002,S0015,D0059,D0037,2024-02-23 07:28:52.522434,2024-02-23 16:58:52.522434,9.5,107,Merged,1
PR000319,P002,S0015,D0024,D0047,2024-02-28 06:59:45.819990,2024-02-28 21:47:45.819990,14.8,174,Merged,1
PR000320,P002,S0015,D0059,D0037,2024-02-29 22:10:23.952366,2024-03-01 06:04:23.952366,7.9,34,Merged,1
PR000321,P002,S0015,D0015,D0059,2024-02-27 12:54:26.880342,2024-02-28 08:36:26.880342,19.7,26,Merged,1
PR000322,P002,S0015,D0059,D0015,2024-02-19 05:46:59.545336,2024-02-20 01:34:59.545336,19.8,78,Merged,1
PR000323,P002,S0016,D0059,D0037,2024-03-11 06:44:19.146888,2024-03-12 07:32:19.146888,24.8,51,Merged,1
PR000324,P002,S0016,D0024,D0054,2024-03-12 00:24:33.042157,2024-03-12 03:36:33.042157,3.2,73,Merged,1
PR000325,P002,S0016,D0013,D0047,2024-03-11 16:32:13.601774,2024-03-11 19:38:13.601774,3.1,28,Closed,0
PR000326,P002,S0016,D0054,D0024,2024-03-09 06:30:39.995831,2024-03-09 19:54:39.995831,13.4,169,Merged,1
PR000327,P002,S0016,D0024,D0054,2024-03-10 23:13:43.376434,,,90,Open,0
PR000328,P002,S0016,D0013,D0047,2024-03-13 17:58:14.787770,2024-03-14 08:04:14.787770,14.1,51,Merged,1
PR000329,P002,S0016,D0054,D0057,2024-03-07 04:15:21.919186,2024-03-07 21:03:21.919186,16.8,64,Closed,0
PR000330,P002,S0016,D0013,D0024,2024-03-15 00:27:44.253041,2024-03-15 17:21:44.253041,16.9,39,Merged,1
PR000331,P002,S0016,D0059,D0013,2024-03-13 14:42:37.302834,2024-03-14 02:54:37.302834,,202,Merged,1
PR000332,P002,S0016,D0015,D0047,2024-03-14 07:56:19.645281,2024-03-14 19:50:19.645281,11.9,143,Closed,0
PR000333,P002,S0016,D0013,D0024,2024-03-10 02:01:06.136438,,,129,Open,0
PR000334,P002,S0016,D0047,D0059,2024-03-04 04:15:32.626291,2024-03-04 18:39:32.626291,14.4,50,Merged,1
PR000335,P002,S0016,D0037,D0015,2024-03-09 07:09:18.065372,2024-03-10 07:33:18.065372,24.4,104,Closed,0
PR000336,P002,S0016,D0013,D0037,2024-03-15 19:23:04.891121,2024-03-16 09:23:04.891121,14.0,48,Merged,1
PR000337,P002,S0016,D0024,D0037,2024-03-12 04:25:27.054517,2024-03-12 18:31:27.054517,14.1,60,Closed,0
PR000338,P002,S0016,D0047,D0057,2024-03-07 00:46:11.641168,2024-03-07 15:46:11.641168,15.0,232,Closed,0
PR000339,P002,S0017,D0013,D0037,2024-03-22 06:33:39.267721,2024-03-22 11:39:39.267721,5.1,159,Merged,1
PR000340,P002,S0017,D0057,D0015,2024-03-27 07:49:46.088011,2024-03-27 11:25:46.088011,3.6,206,Merged,1
PR000341,P002,S0017,D0047,D0015,2024-03-29 03:04:09.998486,2024-03-29 07:04:09.998486,4.0,51,Merged,1
PR000342,P002,S0017,D0024,D0013,2024-03-22 12:14:23.687740,2024-03-22 20:38:23.687740,8.4,46,Closed,0
PR000343,P002,S0017,D0015,D0047,2024-03-27 08:41:46.874738,,,271,Open,0
PR000344,P002,S0017,D0013,D0047,2024-03-25 01:36:13.839082,2024-03-25 10:00:13.839082,8.4,178,Merged,1
PR000345,P002,S0017,D0047,D0057,2024-03-18 01:50:54.819385,2024-03-18 19:08:54.819385,17.3,344,Merged,1
PR000346,P002,S0017,D0015,D0024,2024-03-20 13:03:45.896509,2024-03-21 01:03:45.896509,12.0,156,Merged,1
PR000347,P002,S0017,D0037,D0047,2024-03-22 20:22:27.707897,2024-03-22 21:46:27.707897,1.4,145,Merged,1
PR000348,P002,S0017,D0015,D0057,2024-03-21 23:06:54.118691,2024-03-22 01:30:54.118691,2.4,57,Closed,0
PR000349,P002,S0017,D0047,D0059,2024-03-25 10:17:06.958186,,,76,Open,0
PR000350,P002,S0017,D0047,D0059,2024-03-20 04:18:37.031933,2024-03-20 14:42:37.031933,10.4,38,Merged,1
PR000351,P002,S0017,D0013,D0047,2024-03-20 05:57:45.430162,2024-03-21 01:03:45.430162,19.1,111,Merged,1
PR000352,P002,S0017,D0015,D0037,2024-03-26 23:30:01.604319,2024-03-27 10:00:01.604319,10.5,72,Merged,1
PR000353,P002,S0017,D0047,D0037,2024-03-24 22:50:38.657406,2024-03-25 08:38:38.657406,9.8,244,Merged,1
PR000354,P002,S0017,D0057,D0037,2024-03-18 07:29:03.190152,2024-03-18 14:11:03.190152,6.7,291,Closed,0
PR000355,P002,S0017,D0057,D0059,2024-03-28 16:53:22.819844,2024-03-29 06:29:22.819844,13.6,18,Merged,1
PR000356,P002,S0017,D0057,D0013,2024-03-22 04:49:16.443722,2024-03-22 11:25:16.443722,6.6,169,Merged,1
PR000357,P002,S0017,D0057,D0015,2024-03-27 17:39:47.727137,2024-03-28 04:27:47.727137,10.8,250,Merged,1
PR000358,P002,S0017,D0047,D0054,2024-03-21 05:00:02.485314,2024-03-21 09:48:02.485314,4.8,105,Merged,1
PR000359,P002,S0017,D0015,D0047,2024-03-29 05:37:46.923887,2024-03-29 11:49:46.923887,6.2,26,Merged,1
PR000360,P002,S0017,D0054,D0037,2024-03-21 02:27:31.011325,2024-03-22 03:27:31.011325,25.0,10,Merged,1
PR000361,P002,S0017,D0013,D0015,2024-03-27 15:26:32.716145,2024-03-28 03:44:32.716145,12.3,189,Merged,1
PR000362,P002,S0017,D0057,D0047,2024-03-25 07:11:59.813428,2024-03-25 18:29:59.813428,11.3,118,Merged,1
PR000363,P002,S0017,D0024,D0013,2024-03-27 12:41:34.851749,2024-03-28 00:35:34.851749,,240,Closed,0
PR000364,P002,S0017,D0013,D0057,2024-03-22 05:17:38.810737,,,199,Open,0
PR000365,P002,S0017,D0059,D0013,2024-03-18 22:18:23.915383,2024-03-19 01:18:23.915383,3.0,121,Closed,0
PR000366,P002,S0018,D0054,D0037,2024-04-01 19:55:54.227586,2024-04-02 08:01:54.227586,12.1,29,Merged,1
PR000367,P002,S0018,D0024,D0015,2024-04-06 03:17:42.804941,2024-04-07 09:17:42.804941,30.0,272,Merged,1
PR000368,P002,S0018,D0015,D0059,2024-04-04 17:47:32.025611,2024-04-05 13:35:32.025611,19.8,12,Merged,1
PR000369,P002,S0018,D0015,D0054,2024-04-08 23:59:09.684455,2024-04-09 14:59:09.684455,15.0,124,Merged,1
PR000370,P002,S0018,D0047,D0057,2024-04-11 18:33:14.703326,2024-04-11 20:33:14.703326,2.0,200,Merged,1
PR000371,P002,S0018,D0057,D0024,2024-04-07 18:41:32.150119,2024-04-09 01:41:32.150119,31.0,337,Merged,1
PR000372,P002,S0018,D0037,D0013,2024-04-08 13:20:19.312285,2024-04-08 22:26:19.312285,9.1,216,Merged,1
PR000373,P002,S0018,D0047,D0054,2024-04-08 23:19:08.347319,2024-04-09 07:19:08.347319,8.0,81,Merged,1
PR000374,P002,S0018,D0054,D0013,2024-04-12 15:14:07.476517,2024-04-13 09:02:07.476517,17.8,144,Closed,0
PR000375,P002,S0018,D0054,D0015,2024-04-01 23:45:23.282045,2024-04-03 09:51:23.282045,34.1,43,Merged,1
PR000376,P002,S0018,D0057,D0037,2024-04-10 09:24:27.048760,2024-04-10 21:54:27.048760,12.5,203,Merged,1
PR000377,P002,S0019,D0059,D0024,2024-04-22 02:21:59.085548,2024-04-22 14:21:59.085548,12.0,213,Merged,1
PR000378,P002,S0019,D0013,D0037,2024-04-18 08:14:30.315583,2024-04-18 20:02:30.315583,11.8,93,Closed,0
PR000379,P002,S0019,D0054,D0059,2024-04-23 11:09:53.076288,2024-04-24 21:27:53.076288,,92,Merged,1
PR000380,P002,S0019,D0037,D0024,2024-04-26 17:41:16.147581,2024-04-27 15:47:16.147581,,407,Merged,1
PR000381,P002,S0019,D0024,D0059,2024-04-21 10:57:39.596967,2024-04-21 19:51:39.596967,8.9,124,Merged,1
PR000382,P002,S0019,D0024,D0047,2024-04-15 01:30:53.738375,2024-04-15 12:54:53.738375,11.4,62,Merged,1
PR000383,P002,S0019,D0059,D0037,2024-04-16 13:35:55.575273,,,291,Open,0
PR000384,P002,S0019,D0024,D0057,2024-04-24 16:33:57.102746,2024-04-26 14:45:57.102746,46.2,368,Merged,1
PR000385,P002,S0019,D0024,D0057,2024-04-24 11:46:52.468658,2024-04-25 03:16:52.468658,15.5,20,Merged,1
PR000386,P002,S0019,D0024,D0057,2024-04-16 07:28:50.826249,,,111,Open,0
PR000387,P002,S0019,D0047,D0059,2024-04-22 05:26:17.949699,2024-04-22 14:08:17.949699,8.7,140,Merged,1
PR000388,P002,S0020,D0047,D0057,2024-05-09 15:34:33.874930,2024-05-10 06:22:33.874930,14.8,54,Merged,1
PR000389,P002,S0020,D0037,D0015,2024-05-03 04:59:57.640046,2024-05-03 08:53:57.640046,3.9,62,Merged,1
PR000390,P002,S0020,D0024,D0059,2024-05-09 21:56:47.096489,2024-05-10 05:26:47.096489,7.5,61,Merged,1
PR000391,P002,S0020,D0047,D0037,2024-05-03 16:10:00.286347,2024-05-04 05:22:00.286347,13.2,116,Merged,1
PR000392,P002,S0020,D0047,D0024,2024-05-01 02:55:21.466436,2024-05-01 17:49:21.466436,14.9,135,Merged,1
PR000393,P002,S0020,D0037,D0057,2024-05-05 08:06:21.262640,,,107,Open,0
PR000394,P002,S0020,D0015,D0057,2024-05-10 19:40:26.635830,2024-05-11 09:40:26.635830,14.0,82,Merged,1
PR000395,P002,S0020,D0037,D0015,2024-05-02 16:11:09.452777,2024-05-02 22:23:09.452777,6.2,364,Merged,1
PR000396,P002,S0020,D0057,D0015,2024-04-30 02:35:59.284039,,,198,Open,0
PR000397,P002,S0020,D0047,D0037,2024-05-04 03:43:23.110420,,,54,Open,0
PR000398,P002,S0020,D0024,D0037,2024-05-04 17:16:10.180677,2024-05-04 19:04:10.180677,1.8,304,Merged,1
PR000399,P002,S0020,D0054,D0015,2024-04-29 12:36:54.574128,2024-04-30 17:06:54.574128,28.5,63,Merged,1
PR000400,P002,S0020,D0024,D0059,2024-05-02 01:26:36.146698,2024-05-02 15:08:36.146698,13.7,180,Merged,1
PR000401,P002,S0020,D0047,D0013,2024-05-09 17:32:26.932047,2024-05-10 00:08:26.932047,6.6,34,Merged,1
PR000402,P002,S0020,D0037,D0057,2024-05-04 13:20:06.022566,2024-05-04 22:44:06.022566,9.4,88,Closed,0
PR000403,P002,S0020,D0037,D0054,2024-05-05 03:02:39.504048,2024-05-05 09:26:39.504048,6.4,61,Merged,1
PR000404,P002,S0020,D0057,D0024,2024-05-06 10:59:40.661749,2024-05-06 20:35:40.661749,9.6,109,Merged,1
PR000405,P002,S0020,D0057,D0037,2024-05-10 13:57:21.126426,2024-05-11 05:45:21.126426,15.8,125,Merged,1
PR000406,P002,S0020,D0013,D0015,2024-05-03 11:50:43.546544,2024-05-04 03:32:43.546544,15.7,168,Merged,1
PR000407,P002,S0020,D0057,D0047,2024-05-06 19:07:55.341210,2024-05-07 23:49:55.341210,28.7,301,Merged,1
PR000408,P002,S0020,D0024,D0015,2024-05-09 03:05:23.210147,2024-05-09 04:41:23.210147,1.6,65,Merged,1
PR000409,P003,S0021,D0007,D0038,2023-12-26 17:13:41.043876,2023-12-27 23:55:41.043876,30.7,91,Merged,1
PR000410,P003,S0021,D0014,D0012,2023-12-28 12:10:09.868042,2023-12-28 17:40:09.868042,5.5,102,Closed,0
PR000411,P003,S0021,D0012,D0052,2023-12-26 02:30:14.009995,2023-12-26 09:18:14.009995,,106,Merged,1
PR000412,P003,S0021,D0002,D0058,2023-12-20 00:03:44.360173,2023-12-20 16:09:44.360173,16.1,226,Merged,1
PR000413,P003,S0021,D0048,D0029,2023-12-20 03:40:39.943346,2023-12-20 08:28:39.943346,4.8,56,Merged,1
PR000414,P003,S0021,D0032,D0020,2023-12-21 17:54:49.755752,2023-12-22 02:42:49.755752,8.8,54,Merged,1
PR000415,P003,S0021,D0032,D0007,2023-12-21 19:47:00.813662,2023-12-22 09:05:00.813662,13.3,130,Merged,1
PR000416,P003,S0021,D0020,D0038,2023-12-29 22:51:48.546773,2023-12-30 07:57:48.546773,9.1,175,Closed,0
PR000417,P003,S0021,D0034,D0052,2023-12-30 07:02:59.786691,2023-12-30 10:14:59.786691,3.2,12,Merged,1
PR000418,P003,S0021,D0029,D0038,2023-12-20 14:10:09.601721,2023-12-20 21:46:09.601721,7.6,54,Merged,1
PR000419,P003,S0021,D0022,D0038,2023-12-20 10:08:02.775419,2023-12-20 22:50:02.775419,12.7,176,Merged,1
PR000420,P003,S0021,D0029,D0014,2023-12-26 00:40:33.428793,2023-12-26 17:58:33.428793,17.3,117,Merged,1
PR000421,P003,S0021,D0034,D0029,2023-12-30 21:51:57.987061,2023-12-31 07:27:57.987061,9.6,61,Merged,1
PR000422,P003,S0021,D0032,D0012,2023-12-22 16:13:32.609517,2023-12-23 04:49:32.609517,12.6,86,Closed,0
PR000423,P003,S0022,D0048,D0014,2024-01-03 05:19:22.990462,2024-01-03 15:31:22.990462,10.2,341,Merged,1
PR000424,P003,S0022,D0029,D0007,2024-01-06 16:45:40.353445,2024-01-06 22:33:40.353445,5.8,83,Merged,1
PR000425,P003,S0022,D0012,D0038,2024-01-11 00:28:34.694730,2024-01-11 12:16:34.694730,11.8,79,Merged,1
PR000426,P003,S0022,D0035,D0034,2024-01-12 21:59:43.555675,2024-01-13 02:05:43.555675,4.1,114,Merged,1
PR000427,P003,S0022,D0032,D0012,2024-01-08 15:19:49.168517,2024-01-09 09:37:49.168517,18.3,66,Merged,1
PR000428,P003,S0022,D0049,D0020,2024-01-08 15:51:39.855333,2024-01-10 00:33:39.855333,32.7,353,Closed,0
PR000429,P003,S0022,D0012,D0052,2024-01-12 22:56:33.638658,2024-01-13 08:02:33.638658,9.1,180,Closed,0
PR000430,P003,S0022,D0048,D0035,2024-01-13 12:34:58.407172,2024-01-14 13:52:58.407172,25.3,240,Merged,1
PR000431,P003,S0022,D0022,D0012,2024-01-13 09:03:43.638772,2024-01-13 20:03:43.638772,11.0,15,Merged,1
PR000432,P003,S0022,D0022,D0049,2024-01-10 13:12:17.376651,2024-01-10 17:54:17.376651,4.7,189,Closed,0
PR000433,P003,S0022,D0032,D0014,2024-01-05 15:08:10.844393,2024-01-06 03:20:10.844393,12.2,36,Merged,1
PR000434,P003,S0022,D0058,D0029,2024-01-11 14:30:31.053668,2024-01-12 06:54:31.053668,16.4,205,Merged,1
PR000435,P003,S0022,D0002,D0049,2024-01-08 20:04:33.390920,2024-01-09 16:34:33.390920,20.5,337,Merged,1
PR000436,P003,S0022,D0020,D0038,2024-01-08 09:45:53.508565,2024-01-09 08:09:53.508565,22.4,6,Merged,1
PR000437,P003,S0022,D0034,D0005,2024-01-12 10:55:44.320549,2024-01-12 11:43:44.320549,0.8,123,Merged,1
PR000438,P003,S0022,D0012,D0029,2024-01-04 06:26:05.680030,,,81,Open,0
PR000439,P003,S0022,D0035,D0034,2024-01-09 04:08:41.590732,2024-01-10 08:02:41.590732,27.9,350,Merged,1
PR000440,P003,S0022,D0020,D0002,2024-01-13 11:24:16.067843,2024-01-14 11:42:16.067843,24.3,133,Merged,1
PR000441,P003,S0022,D0032,D0034,2024-01-14 19:57:44.748483,2024-01-15 12:57:44.748483,17.0,183,Merged,1
PR000442,P003,S0022,D0029,D0058,2024-01-09 14:47:58.932020,2024-01-10 11:17:58.932020,20.5,99,Merged,1
PR000443,P003,S0022,D0049,D0002,2024-01-14 05:50:42.954397,2024-01-14 10:02:42.954397,4.2,128,Merged,1
PR000444,P003,S0023,D0032,D0022,2024-01-20 15:23:57.407834,2024-01-21 02:11:57.407834,10.8,150,Merged,1
PR000445,P003,S0023,D0038,D0048,2024-01-23 04:29:55.499092,2024-01-23 19:59:55.499092,15.5,105,Closed,0
PR000446,P003,S0023,D0034,D0029,2024-01-21 06:50:47.381956,2024-01-21 12:50:47.381956,6.0,28,Merged,1
PR000447,P003,S0023,D0032,D0049,2024-01-26 04:30:45.137201,2024-01-28 09:54:45.137201,53.4,25,Merged,1
PR000448,P003,S0023,D0058,D0032,2024-01-20 04:39:24.666757,2024-01-20 10:51:24.666757,6.2,44,Merged,1
PR000449,P003,S0023,D0014,D0038,2024-01-23 13:08:11.065183,2024-01-23 23:02:11.065183,9.9,93,Merged,1
PR000450,P003,S0023,D0012,D0020,2024-01-26 05:41:17.229438,2024-01-27 17:59:17.229438,36.3,53,Closed,0
PR000451,P003,S0023,D0014,D0029,2024-01-21 09:35:37.809633,2024-01-21 13:11:37.809633,3.6,62,Merged,1
PR000452,P003,S0023,D0020,D0034,2024-01-27 07:55:07.947919,2024-01-27 18:49:07.947919,10.9,96,Closed,0
PR000453,P003,S0023,D0014,D0007,2024-01-22 11:50:18.086059,2024-01-22 13:26:18.086059,1.6,59,Merged,1
PR000454,P003,S0023,D0035,D0029,2024-01-19 07:11:57.240803,2024-01-19 20:05:57.240803,12.9,78,Merged,1
PR000455,P003,S0023,D0032,D0002,2024-01-23 06:07:47.875802,2024-01-23 18:43:47.875802,12.6,126,Merged,1
PR000456,P003,S0023,D0058,D0022,2024-01-25 07:42:52.916873,2024-01-26 09:06:52.916873,25.4,146,Merged,1
PR000457,P003,S0024,D0007,D0034,2024-02-11 02:26:19.037162,2024-02-11 08:26:19.037162,6.0,99,Merged,1
PR000458,P003,S0024,D0020,D0035,2024-02-07 21:10:59.209394,2024-02-08 01:10:59.209394,4.0,157,Closed,0
PR000459,P003,S0024,D0049,D0022,2024-02-02 20:06:37.236755,2024-02-03 06:36:37.236755,10.5,140,Closed,0
PR000460,P003,S0024,D0012,D0029,2024-02-02 06:43:09.266124,2024-02-03 23:01:09.266124,40.3,56,Merged,1
PR000461,P003,S0024,D0014,D0048,2024-02-10 13:11:41.350234,2024-02-10 22:23:41.350234,9.2,247,Merged,1
PR000462,P003,S0024,D0005,D0058,2024-02-09 15:49:12.856479,2024-02-10 14:37:12.856479,22.8,66,Merged,1
PR000463,P003,S0024,D0052,D0034,2024-02-08 06:56:03.478977,2024-02-08 13:02:03.478977,6.1,80,Merged,1
PR000464,P003,S0024,D0049,D0002,2024-02-08 11:14:02.535302,2024-02-10 01:50:02.535302,38.6,114,Merged,1
PR000465,P003,S0024,D0035,D0032,2024-02-10 02:24:03.681400,,,144,Open,0
PR000466,P003,S0024,D0014,D0007,2024-02-03 07:42:30.494152,2024-02-03 19:12:30.494152,11.5,9,Merged,1
PR000467,P003,S0024,D0052,D0012,2024-02-10 11:42:10.930344,2024-02-11 02:36:10.930344,14.9,168,Merged,1
PR000468,P003,S0024,D0005,D0049,2024-02-02 04:37:38.838450,2024-02-02 20:55:38.838450,16.3,148,Merged,1
PR000469,P003,S0024,D0012,D0002,2024-02-01 15:02:05.656124,,,54,Open,0
PR000470,P003,S0024,D0022,D0014,2024-02-01 17:57:28.847999,2024-02-01 23:57:28.847999,6.0,78,Merged,1
PR000471,P003,S0024,D0048,D0038,2024-02-11 22:55:13.361882,2024-02-12 14:55:13.361882,16.0,209,Merged,1
PR000472,P003,S0024,D0014,D0005,2024-02-08 22:17:02.497531,,,83,Open,0
PR000473,P003,S0024,D0038,D0058,2024-02-05 19:12:44.442248,2024-02-05 23:24:44.442248,4.2,100,Merged,1
PR000474,P003,S0024,D0014,D0034,2024-02-05 17:25:11.480400,2024-02-06 13:37:11.480400,20.2,29,Merged,1
PR000475,P003,S0025,D0058,D0020,2024-02-24 05:00:44.490142,,,66,Open,0
PR000476,P003,S0025,D0052,D0029,2024-02-16 15:00:07.268657,2024-02-17 11:36:07.268657,20.6,203,Merged,1
PR000477,P003,S0025,D0020,D0029,2024-02-21 22:25:29.275930,2024-02-22 03:49:29.275930,5.4,147,Merged,1
PR000478,P003,S0025,D0052,D0058,2024-02-23 14:37:37.144823,2024-02-24 04:25:37.144823,13.8,186,Merged,1
PR000479,P003,S0025,D0049,D0032,2024-02-25 09:22:21.302370,2024-02-26 00:40:21.302370,15.3,149,Merged,1
PR000480,P003,S0025,D0020,D0032,2024-02-19 23:59:46.867517,2024-02-20 01:23:46.867517,1.4,26,Merged,1
PR000481,P003,S0025,D0038,D0052,2024-02-14 23:38:19.568779,2024-02-15 04:38:19.568779,5.0,240,Merged,1
PR000482,P003,S0025,D0022,D0058,2024-02-19 01:53:40.579981,2024-02-20 13:23:40.579981,35.5,114,Merged,1
PR000483,P003,S0025,D0052,D0049,2024-02-19 05:21:46.802035,2024-02-20 18:15:46.802035,,248,Closed,0
PR000484,P003,S0025,D0020,D0032,2024-02-25 13:07:43.888181,,,71,Open,0
PR000485,P003,S0025,D0032,D0007,2024-02-15 11:59:13.744455,2024-02-15 18:47:13.744455,6.8,55,Merged,1
PR000486,P003,S0025,D0058,D0005,2024-02-15 21:08:47.847950,2024-02-16 18:50:47.847950,21.7,86,Merged,1
PR000487,P003,S0025,D0020,D0058,2024-02-24 08:01:48.688499,2024-02-24 18:55:48.688499,10.9,55,Merged,1
PR000488,P003,S0025,D0038,D0002,2024-02-17 02:17:34.399432,2024-02-17 06:59:34.399432,4.7,69,Merged,1
PR000489,P003,S0025,D0022,D0048,2024-02-18 11:40:58.416782,2024-02-18 15:04:58.416782,3.4,74,Merged,1
PR000490,P003,S0025,D0029,D0035,2024-02-18 22:34:47.537157,2024-02-19 13:46:47.537157,15.2,220,Merged,1
PR000491,P003,S0026,D0020,D0034,2024-03-06 05:56:54.238747,,,91,Open,0
PR000492,P003,S0026,D0049,D0032,2024-02-29 09:36:51.796503,2024-03-01 06:00:51.796503,20.4,11,Merged,1
PR000493,P003,S0026,D0052,D0014,2024-03-02 19:02:16.231944,,,91,Open,0
PR000494,P003,S0026,D0007,D0035,2024-02-29 14:35:07.455738,2024-03-03 04:59:07.455738,62.4,76,Merged,1
PR000495,P003,S0026,D0029,D0035,2024-03-09 18:36:28.222006,2024-03-10 18:30:28.222006,23.9,98,Merged,1
PR000496,P003,S0026,D0012,D0002,2024-02-28 16:56:50.520755,2024-02-29 02:44:50.520755,9.8,62,Merged,1
PR000497,P003,S0026,D0002,D0007,2024-03-06 12:53:39.794305,2024-03-07 07:47:39.794305,18.9,138,Merged,1
PR000498,P003,S0026,D0022,D0029,2024-03-04 16:53:52.194924,,,137,Open,0
PR000499,P003,S0026,D0005,D0032,2024-03-06 06:30:39.645285,2024-03-06 15:48:39.645285,9.3,20,Merged,1
PR000500,P003,S0026,D0014,D0007,2024-02-28 20:26:59.750109,2024-02-29 04:44:59.750109,8.3,16,Merged,1
PR000501,P003,S0026,D0048,D0032,2024-03-09 06:25:07.386979,2024-03-09 09:19:07.386979,2.9,89,Merged,1
PR000502,P003,S0026,D0022,D0012,2024-03-08 00:20:04.214327,2024-03-08 09:08:04.214327,8.8,23,Merged,1
PR000503,P003,S0026,D0020,D0032,2024-03-05 09:57:25.763126,2024-03-05 21:03:25.763126,11.1,63,Merged,1
PR000504,P003,S0026,D0007,D0034,2024-03-01 04:14:28.364909,2024-03-01 13:08:28.364909,8.9,64,Closed,0
PR000505,P003,S0026,D0022,D0002,2024-03-04 03:45:34.954020,2024-03-06 06:57:34.954020,51.2,281,Closed,0
PR000506,P003,S0026,D0038,D0022,2024-03-10 17:37:05.237035,2024-03-11 15:25:05.237035,21.8,70,Merged,1
PR000507,P003,S0026,D0052,D0020,2024-02-28 09:28:17.247873,2024-02-28 14:04:17.247873,4.6,64,Merged,1
PR000508,P003,S0026,D0014,D0052,2024-03-10 02:22:19.236950,2024-03-10 20:10:19.236950,17.8,433,Merged,1
PR000509,P003,S0026,D0002,D0022,2024-03-08 15:59:53.653494,2024-03-09 05:23:53.653494,13.4,144,Merged,1
PR000510,P003,S0026,D0035,D0058,2024-03-09 07:56:01.628294,2024-03-09 09:20:01.628294,1.4,54,Merged,1
PR000511,P003,S0026,D0029,D0032,2024-02-28 19:03:12.938801,,,61,Open,0
PR000512,P003,S0026,D0034,D0020,2024-03-05 08:23:49.678524,,,148,Open,0
PR000513,P003,S0026,D0052,D0048,2024-03-09 08:38:45.515429,2024-03-10 03:08:45.515429,18.5,127,Merged,1
PR000514,P003,S0026,D0048,D0034,2024-03-06 15:33:31.185350,,,45,Open,0
PR000515,P003,S0026,D0022,D0029,2024-03-01 05:49:53.726903,,,39,Open,0
PR000516,P003,S0026,D0048,D0022,2024-03-06 17:02:50.877562,2024-03-07 10:38:50.877562,17.6,158,Closed,0
PR000517,P003,S0026,D0014,D0035,2024-02-28 21:24:51.114286,,,256,Open,0
PR000518,P003,S0026,D0034,D0002,2024-03-08 18:42:13.507007,2024-03-09 05:54:13.507007,11.2,294,Merged,1
PR000519,P003,S0026,D0012,D0034,2024-03-09 02:04:17.403646,2024-03-09 08:04:17.403646,6.0,72,Merged,1
PR000520,P003,S0027,D0058,D0052,2024-03-17 14:26:51.022971,2024-03-17 19:08:51.022971,4.7,164,Closed,0
PR000521,P003,S0027,D0014,D0032,2024-03-22 05:19:21.921000,2024-03-22 23:55:21.921000,18.6,152,Closed,0
PR000522,P003,S0027,D0020,D0058,2024-03-22 02:04:18.446636,2024-03-22 18:40:18.446636,16.6,2,Merged,1
PR000523,P003,S0027,D0005,D0038,2024-03-18 03:34:37.411281,2024-03-18 04:52:37.411281,1.3,114,Merged,1
PR000524,P003,S0027,D0038,D0014,2024-03-19 12:31:06.349012,2024-03-22 07:13:06.349012,66.7,253,Merged,1
PR000525,P003,S0027,D0035,D0048,2024-03-23 19:05:27.806652,2024-03-25 16:11:27.806652,45.1,138,Merged,1
PR000526,P003,S0027,D0032,D0020,2024-03-15 12:06:44.835341,2024-03-15 15:30:44.835341,3.4,105,Merged,1
PR000527,P003,S0027,D0020,D0032,2024-03-23 15:48:34.369865,2024-03-24 09:24:34.369865,17.6,199,Merged,1
PR000528,P003,S0027,D0038,D0032,2024-03-17 09:02:18.145623,2024-03-18 05:08:18.145623,20.1,73,Merged,1
PR000529,P003,S0027,D0049,D0029,2024-03-19 10:55:20.628007,2024-03-19 15:37:20.628007,4.7,58,Merged,1
PR000530,P003,S0027,D0022,D0029,2024-03-24 01:26:16.586943,2024-03-24 08:38:16.586943,7.2,156,Closed,0
PR000531,P003,S0027,D0007,D0032,2024-03-13 12:08:30.719684,,,27,Open,0
PR000532,P003,S0027,D0058,D0035,2024-03-18 13:47:15.390775,2024-03-18 18:41:15.390775,4.9,55,Merged,1
PR000533,P003,S0027,D0005,D0022,2024-03-16 09:27:50.911641,2024-03-17 00:57:50.911641,15.5,35,Merged,1
PR000534,P003,S0027,D0020,D0048,2024-03-15 14:49:17.430643,2024-03-16 00:37:17.430643,9.8,64,Closed,0
PR000535,P003,S0027,D0058,D0014,2024-03-24 00:45:43.880294,,,75,Open,0
PR000536,P003,S0027,D0032,D0034,2024-03-24 14:37:26.092759,2024-03-25 06:19:26.092759,15.7,76,Merged,1
PR000537,P003,S0027,D0038,D0020,2024-03-13 07:12:02.769805,2024-03-13 19:36:02.769805,12.4,70,Merged,1
PR000538,P003,S0027,D0049,D0032,2024-03-24 12:30:56.882964,2024-03-25 02:42:56.882964,14.2,160,Merged,1
PR000539,P003,S0027,D0020,D0032,2024-03-18 13:46:18.872964,2024-03-19 00:52:18.872964,11.1,261,Merged,1
PR000540,P003,S0028,D0012,D0038,2024-04-07 00:18:18.736839,2024-04-07 23:12:18.736839,22.9,38,Merged,1
PR000541,P003,S0028,D0014,D0022,2024-04-06 11:30:33.731825,2024-04-07 09:54:33.731825,22.4,20,Merged,1
PR000542,P003,S0028,D0035,D0048,2024-04-01 03:00:08.228000,2024-04-01 08:12:08.228000,5.2,68,Merged,1
PR000543,P003,S0028,D0005,D0007,2024-03-31 12:28:03.941057,,,40,Open,0
PR000544,P003,S0028,D0058,D0048,2024-04-07 19:30:26.522305,2024-04-08 05:54:26.522305,10.4,156,Merged,1
PR000545,P003,S0028,D0035,D0038,2024-03-29 16:53:13.759728,2024-03-30 00:11:13.759728,7.3,93,Merged,1
PR000546,P003,S0028,D0022,D0035,2024-03-30 16:39:26.996006,,,81,Open,0
PR000547,P003,S0028,D0048,D0014,2024-03-31 18:18:12.962635,2024-04-01 16:48:12.962635,22.5,44,Merged,1
PR000548,P003,S0028,D0005,D0038,2024-03-29 20:00:27.139960,2024-03-30 22:36:27.139960,26.6,78,Merged,1
PR000549,P003,S0028,D0032,D0034,2024-03-30 15:39:20.563194,2024-03-30 21:27:20.563194,5.8,8,Merged,1
PR000550,P003,S0029,D0002,D0048,2024-04-12 15:29:42.530572,2024-04-12 22:05:42.530572,6.6,98,Closed,0
PR000551,P003,S0029,D0012,D0002,2024-04-14 05:05:28.370323,2024-04-14 19:17:28.370323,14.2,58,Merged,1
PR000552,P003,S0029,D0038,D0005,2024-04-18 00:46:03.331818,2024-04-18 16:22:03.331818,15.6,8,Merged,1
PR000553,P003,S0029,D0014,D0058,2024-04-19 21:15:21.665069,2024-04-20 07:27:21.665069,10.2,23,Merged,1
PR000554,P003,S0029,D0007,D0034,2024-04-18 06:40:58.328395,2024-04-19 01:46:58.328395,19.1,163,Merged,1
PR000555,P003,S0029,D0038,D0058,2024-04-13 08:17:21.946931,2024-04-14 20:29:21.946931,36.2,169,Merged,1
PR000556,P003,S0029,D0022,D0007,2024-04-11 05:45:49.381782,2024-04-11 21:03:49.381782,15.3,36,Merged,1
PR000557,P003,S0029,D0005,D0038,2024-04-17 23:33:41.299599,,,22,Open,0
PR000558,P003,S0029,D0029,D0020,2024-04-16 03:04:05.769722,,,82,Open,0
PR000559,P003,S0029,D0048,D0032,2024-04-10 06:16:42.096563,2024-04-11 00:16:42.096563,18.0,70,Merged,1
PR000560,P003,S0029,D0034,D0048,2024-04-12 17:02:34.958234,2024-04-13 04:50:34.958234,11.8,82,Merged,1
PR000561,P003,S0029,D0052,D0058,2024-04-16 23:35:49.377234,2024-04-17 10:29:49.377234,10.9,19,Merged,1
PR000562,P003,S0030,D0014,D0032,2024-04-25 12:51:51.634112,2024-04-26 09:27:51.634112,20.6,53,Merged,1
PR000563,P003,S0030,D0032,D0029,2024-04-27 08:22:36.849266,2024-04-28 04:34:36.849266,20.2,212,Merged,1
PR000564,P003,S0030,D0034,D0052,2024-04-26 22:47:26.095256,2024-04-27 08:35:26.095256,9.8,26,Merged,1
PR000565,P003,S0030,D0038,D0032,2024-04-26 21:11:24.186683,2024-04-27 07:47:24.186683,10.6,63,Merged,1
PR000566,P003,S0030,D0049,D0014,2024-04-28 10:35:30.752608,2024-04-28 16:53:30.752608,6.3,205,Merged,1
PR000567,P003,S0030,D0052,D0032,2024-04-28 17:19:45.618611,2024-04-29 05:43:45.618611,12.4,106,Merged,1
PR000568,P003,S0030,D0020,D0035,2024-05-03 18:36:02.379141,2024-05-03 23:18:02.379141,4.7,6,Closed,0
PR000569,P003,S0030,D0032,D0034,2024-04-25 03:58:29.698428,2024-04-25 18:34:29.698428,14.6,13,Merged,1
PR000570,P003,S0030,D0014,D0020,2024-04-29 20:43:19.595534,2024-04-30 08:01:19.595534,11.3,148,Closed,0
PR000571,P003,S0030,D0012,D0035,2024-04-29 10:07:23.794896,,,77,Open,0
PR000572,P003,S0030,D0034,D0029,2024-04-27 14:54:31.215202,2024-04-28 03:48:31.215202,12.9,289,Merged,1
PR000573,P003,S0030,D0002,D0032,2024-05-01 17:15:45.150868,2024-05-02 02:21:45.150868,9.1,72,Merged,1
PR000574,P003,S0030,D0007,D0029,2024-04-27 20:48:28.351047,2024-04-28 08:06:28.351047,11.3,54,Merged,1
PR000575,P003,S0030,D0005,D0052,2024-05-04 06:49:09.144315,,,93,Open,0
PR000576,P003,S0030,D0058,D0029,2024-04-28 09:32:47.637971,2024-04-28 21:26:47.637971,11.9,134,Closed,0
PR000577,P003,S0030,D0029,D0058,2024-05-01 01:57:48.108757,2024-05-01 09:09:48.108757,7.2,93,Merged,1
PR000578,P003,S0030,D0007,D0005,2024-04-24 20:45:26.599669,2024-04-25 16:57:26.599669,,87,Merged,1
PR000579,P004,S0031,D0019,D0026,2024-01-08 09:47:15.602823,2024-01-09 03:35:15.602823,17.8,241,Merged,1
PR000580,P004,S0031,D0019,D0042,2024-01-08 17:09:06.082026,,,108,Open,0
PR000581,P004,S0031,D0006,D0050,2024-01-05 13:25:26.523951,2024-01-05 22:19:26.523951,8.9,158,Merged,1
PR000582,P004,S0031,D0042,D0026,2024-01-04 03:24:09.985891,2024-01-04 19:18:09.985891,15.9,85,Merged,1
PR000583,P004,S0031,D0042,D0019,2024-01-08 05:18:09.699516,,,271,Open,0
PR000584,P004,S0031,D0030,D0004,2023-12-31 06:05:49.587246,2024-01-01 08:11:49.587246,26.1,75,Merged,1
PR000585,P004,S0031,D0026,D0042,2023-12-29 16:45:05.656364,2023-12-30 05:21:05.656364,12.6,19,Closed,0
PR000586,P004,S0031,D0030,D0042,2024-01-07 18:16:51.597201,2024-01-08 15:04:51.597201,20.8,89,Merged,1
PR000587,P004,S0031,D0004,D0050,2023-12-30 03:34:14.832341,2023-12-30 23:10:14.832341,19.6,289,Merged,1
PR000588,P004,S0031,D0030,D0050,2024-01-01 18:08:26.473724,2024-01-02 06:02:26.473724,11.9,146,Closed,0
PR000589,P004,S0031,D0019,D0026,2024-01-07 16:04:58.094317,2024-01-08 07:28:58.094317,15.4,101,Merged,1
PR000590,P004,S0031,D0019,D0030,2023-12-29 15:55:46.644059,2023-12-30 01:01:46.644059,9.1,182,Merged,1
PR000591,P004,S0031,D0019,D0050,2024-01-05 18:26:32.962518,2024-01-05 22:44:32.962518,4.3,99,Merged,1
PR000592,P004,S0031,D0004,D0006,2024-01-08 12:08:01.160510,2024-01-09 11:14:01.160510,23.1,18,Merged,1
PR000593,P004,S0031,D0042,D0006,2024-01-02 09:55:30.530139,2024-01-02 21:31:30.530139,11.6,45,Closed,0
PR000594,P004,S0031,D0050,D0030,2024-01-06 06:22:23.262305,2024-01-06 14:28:23.262305,8.1,81,Merged,1
PR000595,P004,S0031,D0026,D0042,2024-01-05 13:46:02.777269,,,105,Open,0
PR000596,P004,S0031,D0006,D0042,2024-01-09 02:29:57.619824,2024-01-09 19:29:57.619824,17.0,264,Merged,1
PR000597,P004,S0031,D0026,D0050,2024-01-09 06:06:36.549343,,,236,Open,0
PR000598,P004,S0031,D0004,D0026,2023-12-29 07:27:08.293719,2023-12-29 17:27:08.293719,10.0,56,Merged,1
PR000599,P004,S0032,D0050,D0004,2024-01-15 10:02:29.768230,2024-01-15 17:44:29.768230,7.7,125,Merged,1
PR000600,P004,S0032,D0026,D0030,2024-01-16 07:48:37.175834,2024-01-16 12:54:37.175834,5.1,156,Merged,1
PR000601,P004,S0032,D0019,D0004,2024-01-13 10:48:10.972550,2024-01-14 00:00:10.972550,13.2,199,Merged,1
PR000602,P004,S0032,D0019,D0030,2024-01-18 01:28:49.173194,2024-01-18 23:10:49.173194,21.7,166,Merged,1
PR000603,P004,S0032,D0026,D0030,2024-01-12 04:10:04.876238,2024-01-13 03:46:04.876238,23.6,102,Merged,1
PR000604,P004,S0032,D0006,D0042,2024-01-20 21:16:38.863230,2024-01-20 22:52:38.863230,1.6,131,Closed,0
PR000605,P004,S0032,D0004,D0006,2024-01-23 18:19:57.725235,2024-01-24 02:13:57.725235,7.9,73,Closed,0
PR000606,P004,S0032,D0050,D0030,2024-01-19 13:45:26.395824,2024-01-20 19:27:26.395824,29.7,99,Merged,1
PR000607,P004,S0032,D0050,D0019,2024-01-19 18:28:47.201299,2024-01-20 21:58:47.201299,,1,Merged,1
PR000608,P004,S0032,D0026,D0030,2024-01-16 09:37:37.152354,2024-01-16 18:49:37.152354,9.2,118,Merged,1
PR000609,P004,S0032,D0004,D0026,2024-01-20 22:21:19.169733,2024-01-22 12:33:19.169733,38.2,197,Closed,0
PR000610,P004,S0032,D0042,D0050,2024-01-14 20:15:04.254223,2024-01-15 07:33:04.254223,11.3,104,Merged,1
PR000611,P004,S0032,D0004,D0050,2024-01-15 03:39:46.304610,2024-01-15 17:33:46.304610,13.9,220,Merged,1
PR000612,P004,S0032,D0019,D0050,2024-01-20 17:17:54.883856,2024-01-20 19:29:54.883856,2.2,98,Merged,1
PR000613,P004,S0033,D0050,D0004,2024-01-26 22:25:17.278493,,,15,Open,0
PR000614,P004,S0033,D0042,D0026,2024-02-05 04:48:45.902446,2024-02-07 19:54:45.902446,63.1,180,Merged,1
PR000615,P004,S0033,D0006,D0004,2024-02-06 23:34:37.856457,,,71,Open,0
PR000616,P004,S0033,D0042,D0004,2024-01-29 19:12:48.249806,,,100,Open,0
PR000617,P004,S0033,D0042,D0030,2024-02-01 15:54:01.721692,2024-02-03 04:30:01.721692,36.6,462,Merged,1
PR000618,P004,S0033,D0030,D0004,2024-01-29 10:08:55.895143,2024-01-29 13:44:55.895143,3.6,57,Merged,1
PR000619,P004,S0033,D0019,D0042,2024-01-31 13:33:08.322504,,,87,Open,0
PR000620,P004,S0033,D0004,D0019,2024-01-28 07:04:04.796053,2024-01-29 05:46:04.796053,22.7,320,Merged,1
PR000621,P004,S0033,D0019,D0006,2024-02-03 16:21:07.958138,2024-02-04 13:45:07.958138,21.4,179,Closed,0
PR000622,P004,S0033,D0042,D0006,2024-01-27 00:52:14.312398,2024-01-27 13:34:14.312398,12.7,66,Merged,1
PR000623,P004,S0033,D0042,D0050,2024-01-27 04:18:57.915597,2024-01-28 07:54:57.915597,27.6,100,Merged,1
PR000624,P004,S0033,D0004,D0006,2024-01-30 09:21:22.667885,2024-01-31 18:51:22.667885,33.5,184,Merged,1
PR000625,P004,S0033,D0026,D0006,2024-02-02 03:04:33.483183,2024-02-02 17:46:33.483183,14.7,132,Closed,0
PR000626,P004,S0033,D0042,D0026,2024-02-06 13:48:39.901853,2024-02-07 01:12:39.901853,11.4,121,Merged,1
PR000627,P004,S0033,D0026,D0030,2024-01-31 21:38:30.963516,2024-02-02 00:08:30.963516,26.5,177,Merged,1
PR000628,P004,S0033,D0006,D0004,2024-02-06 08:27:13.533460,2024-02-06 23:15:13.533460,14.8,173,Merged,1
PR000629,P004,S0033,D0019,D0030,2024-02-04 03:22:54.804136,2024-02-04 21:58:54.804136,18.6,117,Merged,1
PR000630,P004,S0033,D0026,D0004,2024-01-29 13:50:08.143246,2024-01-30 15:20:08.143246,25.5,122,Merged,1
PR000631,P004,S0033,D0026,D0019,2024-01-26 05:38:32.657436,2024-01-26 16:50:32.657436,11.2,198,Merged,1
PR000632,P004,S0033,D0019,D0026,2024-01-31 14:22:29.045698,2024-02-01 05:10:29.045698,14.8,91,Merged,1
PR000633,P004,S0033,D0050,D0030,2024-01-27 01:11:30.560530,2024-01-27 17:23:30.560530,16.2,42,Merged,1
PR000634,P004,S0033,D0004,D0019,2024-01-28 08:50:16.284046,,,60,Open,0
PR000635,P004,S0034,D0042,D0006,2024-02-09 16:11:16.946096,2024-02-10 09:11:16.946096,17.0,386,Merged,1
PR000636,P004,S0034,D0006,D0050,2024-02-20 15:27:47.691931,2024-02-20 21:03:47.691931,5.6,173,Merged,1
PR000637,P004,S0034,D0030,D0004,2024-02-15 20:17:10.657820,2024-02-15 23:35:10.657820,3.3,119,Merged,1
PR000638,P004,S0034,D0019,D0006,2024-02-15 02:07:41.223419,2024-02-15 03:49:41.223419,1.7,21,Merged,1
PR000639,P004,S0034,D0042,D0030,2024-02-17 16:20:13.547561,2024-02-18 21:08:13.547561,28.8,190,Merged,1
PR000640,P004,S0034,D0006,D0030,2024-02-15 06:26:53.251869,2024-02-15 22:20:53.251869,15.9,48,Merged,1
PR000641,P004,S0034,D0050,D0030,2024-02-13 07:24:51.284129,2024-02-14 04:12:51.284129,20.8,4,Closed,0
PR000642,P004,S0034,D0030,D0019,2024-02-16 11:04:40.425986,2024-02-17 04:04:40.425986,17.0,94,Closed,0
PR000643,P004,S0034,D0050,D0019,2024-02-10 13:55:51.368402,2024-02-10 17:19:51.368402,3.4,1,Merged,1
PR000644,P004,S0034,D0042,D0004,2024-02-16 20:12:25.799886,2024-02-17 14:12:25.799886,18.0,413,Closed,0
PR000645,P004,S0034,D0004,D0006,2024-02-18 04:31:52.745834,2024-02-18 06:55:52.745834,2.4,49,Merged,1
PR000646,P004,S0034,D0004,D0030,2024-02-16 23:15:15.213090,2024-02-17 05:45:15.213090,6.5,117,Merged,1
PR000647,P004,S0034,D0004,D0050,2024-02-17 17:13:17.010702,2024-02-17 22:13:17.010702,5.0,16,Merged,1
PR000648,P004,S0034,D0004,D0042,2024-02-15 04:29:12.793311,2024-02-16 21:17:12.793311,40.8,220,Merged,1
PR000649,P004,S0034,D0050,D0030,2024-02-11 22:43:07.305691,2024-02-12 11:49:07.305691,13.1,112,Merged,1
PR000650,P004,S0034,D0030,D0006,2024-02-09 19:55:38.859962,2024-02-10 06:43:38.859962,10.8,38,Merged,1
PR000651,P004,S0034,D0042,D0030,2024-02-19 02:05:10.055450,2024-02-19 09:17:10.055450,7.2,34,Merged,1
PR000652,P004,S0034,D0030,D0042,2024-02-16 08:39:32.564175,2024-02-16 14:45:32.564175,6.1,95,Merged,1
PR000653,P004,S0034,D0004,D0030,2024-02-20 08:30:11.404616,2024-02-20 12:18:11.404616,3.8,237,Merged,1
PR000654,P004,S0035,D0042,D0006,2024-02-29 02:28:10.061983,2024-02-29 13:16:10.061983,10.8,7,Merged,1
PR000655,P004,S0035,D0026,D0019,2024-02-25 17:01:38.296320,2024-02-26 01:31:38.296320,8.5,76,Merged,1
PR000656,P004,S0035,D0006,D0019,2024-03-01 19:57:02.275402,2024-03-01 22:27:02.275402,2.5,20,Merged,1
PR000657,P004,S0035,D0019,D0042,2024-02-24 05:11:02.337719,2024-02-25 07:23:02.337719,26.2,44,Merged,1
PR000658,P004,S0035,D0006,D0050,2024-02-29 03:24:24.574365,,,166,Open,0
PR000659,P004,S0035,D0030,D0004,2024-02-24 16:55:51.008574,2024-02-24 20:19:51.008574,3.4,30,Merged,1
PR000660,P004,S0035,D0019,D0006,2024-02-29 13:16:43.812436,2024-03-01 23:46:43.812436,34.5,20,Merged,1
PR000661,P004,S0035,D0019,D0006,2024-02-23 04:31:57.247880,2024-02-23 19:31:57.247880,15.0,152,Merged,1
PR000662,P004,S0035,D0004,D0019,2024-03-03 18:49:05.709977,2024-03-04 09:49:05.709977,15.0,5,Merged,1
PR000663,P004,S0035,D0042,D0019,2024-02-27 20:59:49.358432,2024-02-28 10:29:49.358432,13.5,59,Merged,1
PR000664,P004,S0035,D0042,D0030,2024-02-27 01:19:49.479281,2024-02-27 02:13:49.479281,0.9,128,Merged,1
PR000665,P004,S0035,D0004,D0026,2024-02-24 03:32:10.791086,2024-02-24 04:44:10.791086,1.2,144,Merged,1
PR000666,P004,S0035,D0030,D0042,2024-02-29 03:56:48.492702,2024-02-29 14:44:48.492702,10.8,113,Merged,1
PR000667,P004,S0035,D0030,D0042,2024-02-25 04:23:43.650062,2024-02-25 13:35:43.650062,9.2,289,Merged,1
PR000668,P004,S0035,D0004,D0030,2024-02-25 03:43:03.317151,2024-02-25 06:37:03.317151,2.9,91,Merged,1
PR000669,P004,S0035,D0004,D0026,2024-02-26 12:59:40.524471,2024-02-26 17:23:40.524471,4.4,119,Merged,1
PR000670,P004,S0035,D0042,D0006,2024-02-24 14:41:10.856944,,,55,Open,0
PR000671,P004,S0035,D0030,D0042,2024-02-25 11:37:19.683275,2024-02-26 04:13:19.683275,16.6,33,Merged,1
PR000672,P004,S0035,D0042,D0026,2024-03-04 00:40:46.890818,2024-03-04 16:28:46.890818,15.8,51,Merged,1
PR000673,P004,S0035,D0026,D0042,2024-02-25 16:23:47.104598,2024-02-26 05:53:47.104598,13.5,179,Merged,1
PR000674,P004,S0035,D0050,D0030,2024-03-03 20:42:21.687858,2024-03-05 02:18:21.687858,29.6,128,Closed,0
PR000675,P004,S0035,D0006,D0050,2024-02-25 03:18:32.496821,2024-02-25 07:48:32.496821,4.5,94,Merged,1
PR000676,P004,S0035,D0050,D0019,2024-02-28 01:17:59.677281,2024-02-28 04:11:59.677281,2.9,46,Merged,1
PR000677,P004,S0035,D0042,D0030,2024-03-05 09:15:32.137563,2024-03-06 16:15:32.137563,31.0,71,Merged,1
PR000678,P004,S0035,D0004,D0030,2024-03-02 21:41:36.586371,2024-03-03 03:11:36.586371,5.5,118,Closed,0
PR000679,P004,S0035,D0006,D0026,2024-03-01 10:49:47.075677,2024-03-01 22:07:47.075677,11.3,115,Merged,1
PR000680,P004,S0035,D0026,D0004,2024-03-03 19:25:54.512619,2024-03-04 05:43:54.512619,10.3,115,Merged,1
PR000681,P004,S0036,D0030,D0004,2024-03-15 22:23:31.339283,2024-03-16 00:41:31.339283,2.3,63,Merged,1
PR000682,P004,S0036,D0042,D0019,2024-03-11 02:51:22.049771,2024-03-11 17:51:22.049771,15.0,187,Merged,1
PR000683,P004,S0036,D0006,D0004,2024-03-19 17:18:22.236113,2024-03-20 07:54:22.236113,14.6,155,Merged,1
PR000684,P004,S0036,D0050,D0042,2024-03-08 03:12:06.291586,2024-03-08 18:00:06.291586,14.8,306,Merged,1
PR000685,P004,S0036,D0004,D0042,2024-03-08 15:38:18.004550,2024-03-08 17:26:18.004550,1.8,58,Merged,1
PR000686,P004,S0036,D0042,D0026,2024-03-11 16:18:21.014182,2024-03-11 19:54:21.014182,3.6,147,Merged,1
PR000687,P004,S0036,D0004,D0019,2024-03-13 19:19:35.425761,,,33,Open,0
PR000688,P004,S0036,D0004,D0050,2024-03-10 20:57:59.221404,2024-03-11 00:39:59.221404,3.7,147,Merged,1
PR000689,P004,S0036,D0030,D0050,2024-03-19 12:56:29.494911,2024-03-19 21:38:29.494911,8.7,302,Merged,1
PR000690,P004,S0036,D0004,D0050,2024-03-09 11:25:33.597786,,,107,Open,0
PR000691,P004,S0036,D0042,D0030,2024-03-19 00:17:56.052815,2024-03-19 08:17:56.052815,8.0,66,Closed,0
PR000692,P004,S0036,D0026,D0004,2024-03-17 17:41:34.455565,2024-03-18 00:47:34.455565,7.1,77,Merged,1
PR000693,P004,S0036,D0004,D0026,2024-03-18 03:49:20.368890,2024-03-18 12:07:20.368890,8.3,80,Merged,1
PR000694,P004,S0036,D0030,D0026,2024-03-14 06:42:56.339119,2024-03-16 06:42:56.339119,48.0,233,Merged,1
PR000695,P004,S0036,D0006,D0030,2024-03-11 04:05:27.810665,2024-03-11 18:53:27.810665,14.8,92,Merged,1
PR000696,P004,S0036,D0006,D0026,2024-03-12 06:20:26.097846,,,9,Open,0
PR000697,P004,S0036,D0019,D0004,2024-03-13 22:07:42.993959,2024-03-14 12:25:42.993959,14.3,115,Merged,1
PR000698,P004,S0036,D0004,D0042,2024-03-19 04:07:11.802715,2024-03-19 21:55:11.802715,17.8,105,Closed,0
PR000699,P004,S0036,D0006,D0004,2024-03-15 17:37:19.279804,2024-03-16 04:25:19.279804,10.8,59,Closed,0
PR000700,P004,S0036,D0019,D0042,2024-03-14 11:22:55.298430,2024-03-14 14:10:55.298430,2.8,35,Closed,0
PR000701,P004,S0036,D0004,D0019,2024-03-12 19:58:07.570753,2024-03-13 07:34:07.570753,11.6,48,Merged,1
PR000702,P004,S0036,D0030,D0004,2024-03-13 15:01:24.420065,2024-03-13 17:19:24.420065,2.3,56,Merged,1
PR000703,P004,S0036,D0006,D0042,2024-03-14 10:08:03.207306,2024-03-16 03:38:03.207306,41.5,109,Merged,1
PR000704,P004,S0037,D0026,D0019,2024-03-31 02:44:44.861296,2024-03-31 18:08:44.861296,15.4,116,Merged,1
PR000705,P004,S0037,D0030,D0042,2024-03-23 19:44:07.688538,2024-03-24 06:26:07.688538,10.7,106,Merged,1
PR000706,P004,S0037,D0042,D0026,2024-03-25 00:10:10.857337,2024-03-25 16:46:10.857337,16.6,39,Merged,1
PR000707,P004,S0037,D0019,D0004,2024-04-02 18:34:30.998609,2024-04-02 20:46:30.998609,2.2,124,Merged,1
PR000708,P004,S0037,D0042,D0004,2024-03-26 23:29:38.660393,2024-03-27 08:59:38.660393,9.5,49,Merged,1
PR000709,P004,S0037,D0006,D0042,2024-03-24 19:45:09.880116,,,221,Open,0
PR000710,P004,S0037,D0004,D0030,2024-03-27 05:16:33.428295,2024-03-27 12:28:33.428295,7.2,154,Merged,1
PR000711,P004,S0037,D0019,D0006,2024-04-02 22:00:34.877345,2024-04-03 10:30:34.877345,12.5,53,Merged,1
PR000712,P004,S0037,D0004,D0050,2024-03-27 10:42:03.276645,2024-03-28 04:42:03.276645,18.0,26,Closed,0
PR000713,P004,S0037,D0030,D0006,2024-03-27 16:05:35.464353,,,95,Open,0
PR000714,P004,S0037,D0042,D0050,2024-03-22 17:59:10.210996,2024-03-22 21:11:10.210996,3.2,41,Merged,1
PR000715,P004,S0037,D0026,D0030,2024-03-25 14:23:25.773403,2024-03-26 21:47:25.773403,31.4,106,Merged,1
PR000716,P004,S0037,D0019,D0050,2024-03-27 00:18:31.181544,2024-03-27 10:48:31.181544,10.5,97,Merged,1
PR000717,P004,S0037,D0006,D0004,2024-03-23 06:04:38.190422,2024-03-23 20:46:38.190422,14.7,121,Closed,0
PR000718,P004,S0037,D0019,D0050,2024-04-01 18:43:44.717081,2024-04-02 07:25:44.717081,12.7,62,Closed,0
PR000719,P004,S0037,D0030,D0026,2024-03-25 01:46:20.143517,2024-03-25 15:04:20.143517,13.3,113,Closed,0
PR000720,P004,S0037,D0004,D0042,2024-03-25 00:20:22.750611,2024-03-25 14:38:22.750611,14.3,14,Closed,0
PR000721,P004,S0037,D0042,D0004,2024-03-31 00:26:47.447316,2024-03-31 08:02:47.447316,7.6,5,Merged,1
PR000722,P004,S0038,D0030,D0042,2024-04-12 00:51:05.323978,2024-04-12 12:45:05.323978,11.9,108,Merged,1
PR000723,P004,S0038,D0006,D0030,2024-04-16 00:04:20.861183,2024-04-16 08:04:20.861183,8.0,102,Merged,1
PR000724,P004,S0038,D0019,D0004,2024-04-09 01:21:27.331251,2024-04-09 10:57:27.331251,9.6,169,Merged,1
PR000725,P004,S0038,D0042,D0026,2024-04-09 08:22:36.195840,2024-04-09 09:10:36.195840,0.8,27,Closed,0
PR000726,P004,S0038,D0026,D0030,2024-04-08 11:42:14.896728,2024-04-08 14:30:14.896728,2.8,104,Merged,1
PR000727,P004,S0038,D0006,D0030,2024-04-09 18:37:38.841478,2024-04-09 19:43:38.841478,1.1,51,Merged,1
PR000728,P004,S0038,D0030,D0019,2024-04-13 23:58:10.944929,2024-04-15 02:28:10.944929,26.5,50,Merged,1
PR000729,P004,S0038,D0006,D0050,2024-04-14 18:31:17.230071,2024-04-15 11:13:17.230071,16.7,14,Merged,1
PR000730,P004,S0038,D0004,D0006,2024-04-10 20:21:48.444678,,,68,Open,0
PR000731,P004,S0038,D0042,D0004,2024-04-09 13:24:38.184725,2024-04-10 03:06:38.184725,13.7,123,Merged,1
PR000732,P004,S0038,D0026,D0006,2024-04-06 01:03:45.519475,2024-04-06 04:09:45.519475,3.1,102,Merged,1
PR000733,P004,S0038,D0004,D0042,2024-04-16 01:01:01.128647,2024-04-17 12:13:01.128647,35.2,209,Merged,1
PR000734,P004,S0038,D0026,D0030,2024-04-07 12:47:40.214750,2024-04-07 22:35:40.214750,9.8,100,Closed,0
PR000735,P004,S0038,D0030,D0026,2024-04-07 08:45:40.501547,2024-04-07 22:15:40.501547,13.5,259,Merged,1
PR000736,P004,S0038,D0004,D0006,2024-04-12 23:54:06.129741,2024-04-13 08:06:06.129741,8.2,77,Merged,1
PR000737,P004,S0038,D0042,D0026,2024-04-06 13:14:26.549301,2024-04-06 14:38:26.549301,1.4,161,Merged,1
PR000738,P004,S0038,D0026,D0019,2024-04-16 11:31:34.342867,2024-04-16 23:31:34.342867,,108,Merged,1
PR000739,P004,S0038,D0006,D0026,2024-04-09 14:39:08.994659,2024-04-09 19:33:08.994659,4.9,68,Merged,1
PR000740,P004,S0038,D0042,D0004,2024-04-07 10:29:05.978271,2024-04-07 15:35:05.978271,5.1,137,Merged,1
PR000741,P004,S0039,D0026,D0050,2024-04-21 01:25:29.361595,2024-04-21 14:19:29.361595,12.9,124,Merged,1
PR000742,P004,S0039,D0006,D0004,2024-04-26 04:22:31.570098,2024-04-28 02:16:31.570098,45.9,79,Merged,1
PR000743,P004,S0039,D0004,D0026,2024-04-20 03:34:17.377422,2024-04-20 06:58:17.377422,3.4,49,Closed,0
PR000744,P004,S0039,D0042,D0019,2024-04-24 19:38:01.026942,2024-04-25 06:32:01.026942,10.9,17,Merged,1
PR000745,P004,S0039,D0042,D0019,2024-04-19 09:34:24.384271,2024-04-21 05:28:24.384271,43.9,86,Merged,1
PR000746,P004,S0039,D0042,D0050,2024-04-19 18:05:49.391706,2024-04-20 02:17:49.391706,8.2,116,Closed,0
PR000747,P004,S0039,D0030,D0004,2024-04-24 21:45:11.900840,2024-04-25 07:39:11.900840,9.9,36,Merged,1
PR000748,P004,S0039,D0006,D0004,2024-04-23 09:50:12.320533,2024-04-23 20:20:12.320533,10.5,117,Merged,1
PR000749,P004,S0039,D0030,D0004,2024-04-19 13:48:04.964334,,,33,Open,0
PR000750,P004,S0039,D0004,D0006,2024-04-24 20:51:10.977812,2024-04-26 15:39:10.977812,42.8,276,Merged,1
PR000751,P004,S0039,D0042,D0030,2024-04-29 05:13:37.735622,2024-04-29 18:25:37.735622,13.2,106,Merged,1
PR000752,P004,S0039,D0050,D0030,2024-04-29 19:23:55.905235,2024-04-30 21:29:55.905235,26.1,168,Closed,0
PR000753,P004,S0039,D0050,D0006,2024-04-28 04:16:53.463806,2024-04-29 06:22:53.463806,26.1,164,Closed,0
PR000754,P004,S0039,D0019,D0042,2024-04-28 17:05:09.836998,2024-04-29 21:53:09.836998,28.8,61,Merged,1
PR000755,P004,S0039,D0019,D0030,2024-04-30 07:59:42.557501,2024-05-01 17:53:42.557501,33.9,315,Closed,0
PR000756,P004,S0039,D0026,D0004,2024-04-20 14:52:48.573176,2024-04-20 17:34:48.573176,2.7,110,Merged,1
PR000757,P004,S0039,D0019,D0006,2024-04-20 01:34:06.402432,2024-04-21 02:52:06.402432,25.3,126,Merged,1
PR000758,P004,S0039,D0026,D0030,2024-04-28 10:28:18.362998,2024-04-29 05:04:18.362998,18.6,134,Merged,1
PR000759,P004,S0039,D0026,D0004,2024-04-20 21:40:13.638038,2024-04-22 00:40:13.638038,27.0,50,Merged,1
PR000760,P004,S0039,D0004,D0026,2024-04-28 20:17:17.303649,2024-04-29 01:05:17.303649,4.8,72,Closed,0
PR000761,P004,S0039,D0042,D0050,2024-04-22 00:09:56.684864,,,151,Open,0
PR000762,P004,S0039,D0006,D0026,2024-04-25 07:51:35.621059,,,123,Open,0
PR000763,P004,S0039,D0050,D0030,2024-04-21 10:03:32.746714,2024-04-21 13:21:32.746714,3.3,83,Closed,0
PR000764,P004,S0039,D0050,D0006,2024-04-23 12:12:33.878849,2024-04-24 22:00:33.878849,33.8,255,Closed,0
PR000765,P004,S0039,D0006,D0004,2024-04-19 17:22:43.023476,2024-04-20 00:04:43.023476,6.7,30,Merged,1
PR000766,P004,S0040,D0006,D0030,2024-05-04 04:27:02.743275,2024-05-04 06:03:02.743275,1.6,130,Merged,1
PR000767,P004,S0040,D0050,D0026,2024-05-08 20:48:53.948882,2024-05-09 02:24:53.948882,5.6,55,Merged,1
PR000768,P004,S0040,D0019,D0050,2024-05-06 13:31:16.751927,2024-05-07 03:25:16.751927,13.9,284,Merged,1
PR000769,P004,S0040,D0030,D0019,2024-05-04 22:18:45.661345,2024-05-06 15:30:45.661345,41.2,198,Merged,1
PR000770,P004,S0040,D0026,D0042,2024-05-08 18:07:40.401368,2024-05-08 21:37:40.401368,3.5,29,Merged,1
PR000771,P004,S0040,D0026,D0050,2024-05-12 14:04:17.223024,2024-05-12 23:10:17.223024,9.1,49,Merged,1
PR000772,P004,S0040,D0019,D0030,2024-05-05 12:26:07.125192,2024-05-05 20:56:07.125192,8.5,37,Merged,1
PR000773,P004,S0040,D0004,D0006,2024-05-12 11:59:20.002050,2024-05-12 16:29:20.002050,4.5,102,Merged,1
PR000774,P004,S0040,D0042,D0004,2024-05-13 05:33:54.332564,2024-05-14 10:27:54.332564,28.9,255,Merged,1
PR000775,P004,S0040,D0050,D0004,2024-05-09 11:47:29.725609,2024-05-09 15:11:29.725609,3.4,21,Merged,1
PR000776,P004,S0040,D0026,D0030,2024-05-05 10:30:58.484519,2024-05-06 03:36:58.484519,17.1,80,Merged,1
PR000777,P004,S0040,D0050,D0030,2024-05-13 09:13:35.463645,2024-05-15 10:19:35.463645,49.1,62,Merged,1
PR000778,P004,S0040,D0042,D0019,2024-05-05 01:02:29.515623,2024-05-06 08:08:29.515623,31.1,93,Merged,1
PR000779,P004,S0040,D0026,D0019,2024-05-09 02:03:48.109286,2024-05-09 21:51:48.109286,19.8,26,Closed,0
PR000780,P004,S0040,D0042,D0030,2024-05-08 06:20:02.246378,2024-05-08 14:20:02.246378,8.0,61,Merged,1
PR000781,P004,S0040,D0026,D0004,2024-05-08 08:13:44.239883,2024-05-08 13:49:44.239883,5.6,63,Merged,1
PR000782,P004,S0040,D0030,D0019,2024-05-12 15:41:21.021630,2024-05-13 13:47:21.021630,22.1,160,Merged,1
PR000783,P004,S0040,D0004,D0030,2024-05-03 14:48:01.648896,2024-05-03 18:00:01.648896,3.2,167,Merged,1
PR000784,P005,S0041,D0031,D0018,2024-01-04 22:28:28.525521,2024-01-05 02:22:28.525521,3.9,258,Closed,0
PR000785,P005,S0041,D0055,D0023,2023-12-27 20:08:50.751449,2023-12-28 12:50:50.751449,16.7,85,Merged,1
PR000786,P005,S0041,D0018,D0055,2023-12-28 08:12:59.944104,2023-12-28 14:42:59.944104,6.5,155,Merged,1
PR000787,P005,S0041,D0023,D0003,2023-12-30 02:13:22.115768,2023-12-30 04:37:22.115768,2.4,42,Merged,1
PR000788,P005,S0041,D0031,D0023,2023-12-26 23:34:25.992120,2023-12-27 15:04:25.992120,15.5,131,Merged,1
PR000789,P005,S0041,D0031,D0018,2023-12-25 19:50:21.226780,2023-12-26 05:26:21.226780,9.6,39,Closed,0
PR000790,P005,S0041,D0031,D0023,2023-12-27 16:16:21.694091,2023-12-28 18:28:21.694091,26.2,7,Merged,1
PR000791,P005,S0041,D0023,D0003,2024-01-03 16:14:44.845368,2024-01-04 10:14:44.845368,18.0,102,Merged,1
PR000792,P005,S0041,D0018,D0031,2024-01-01 03:11:22.838222,2024-01-02 19:29:22.838222,40.3,290,Merged,1
PR000793,P005,S0041,D0023,D0003,2023-12-28 03:49:39.693753,,,160,Open,0
PR000794,P005,S0041,D0018,D0031,2024-01-03 09:41:43.467180,2024-01-03 20:35:43.467180,10.9,130,Merged,1
PR000795,P005,S0041,D0018,D0055,2023-12-31 10:54:49.274287,2024-01-01 21:54:49.274287,35.0,192,Merged,1
PR000796,P005,S0041,D0055,D0003,2024-01-01 01:21:34.867286,,,75,Open,0
PR000797,P005,S0041,D0018,D0003,2023-12-26 01:35:08.970637,2023-12-26 04:59:08.970637,3.4,129,Merged,1
PR000798,P005,S0041,D0003,D0055,2023-12-24 21:34:04.131240,2023-12-25 05:10:04.131240,7.6,131,Closed,0
PR000799,P005,S0041,D0018,D0003,2023-12-30 06:36:58.782265,2023-12-31 17:06:58.782265,34.5,188,Merged,1
PR000800,P005,S0041,D0031,D0023,2023-12-29 05:35:38.121714,,,84,Open,0
PR000801,P005,S0041,D0018,D0023,2024-01-04 15:10:35.868235,2024-01-06 08:10:35.868235,41.0,93,Merged,1
PR000802,P005,S0041,D0003,D0018,2024-01-03 18:30:34.981257,2024-01-05 07:54:34.981257,37.4,75,Merged,1
PR000803,P005,S0041,D0023,D0031,2023-12-30 01:36:26.728359,2023-12-30 18:30:26.728359,16.9,23,Closed,0
PR000804,P005,S0041,D0031,D0023,2023-12-31 08:48:56.012142,2024-01-01 05:24:56.012142,20.6,84,Merged,1
PR000805,P005,S0041,D0031,D0003,2023-12-26 07:09:03.718842,2023-12-27 10:33:03.718842,27.4,116,Closed,0
PR000806,P005,S0042,D0031,D0023,2024-01-10 23:55:02.010536,2024-01-11 01:13:02.010536,1.3,20,Merged,1
PR000807,P005,S0042,D0018,D0003,2024-01-08 10:20:00.559327,2024-01-10 03:38:00.559327,41.3,127,Merged,1
PR000808,P005,S0042,D0031,D0023,2024-01-11 10:56:06.536702,2024-01-12 13:08:06.536702,26.2,164,Closed,0
PR000809,P005,S0042,D0023,D0055,2024-01-18 06:11:40.086085,2024-01-19 07:05:40.086085,24.9,284,Merged,1
PR000810,P005,S0042,D0018,D0003,2024-01-18 19:49:38.914837,2024-01-19 06:01:38.914837,10.2,59,Merged,1
PR000811,P005,S0042,D0031,D0018,2024-01-18 22:00:09.473274,2024-01-19 18:06:09.473274,20.1,3,Merged,1
PR000812,P005,S0042,D0031,D0055,2024-01-13 12:30:01.634391,2024-01-14 00:36:01.634391,12.1,110,Merged,1
PR000813,P005,S0042,D0003,D0023,2024-01-17 21:18:18.468475,2024-01-18 01:18:18.468475,4.0,59,Merged,1
PR000814,P005,S0042,D0023,D0031,2024-01-10 21:58:36.355614,2024-01-12 10:58:36.355614,37.0,121,Merged,1
PR000815,P005,S0042,D0055,D0018,2024-01-11 09:10:35.741660,2024-01-12 19:10:35.741660,34.0,287,Merged,1
PR000816,P005,S0042,D0023,D0031,2024-01-08 04:54:14.164772,2024-01-10 04:42:14.164772,47.8,41,Merged,1
PR000817,P005,S0042,D0031,D0023,2024-01-08 15:28:33.665626,2024-01-09 07:52:33.665626,16.4,97,Closed,0
PR000818,P005,S0042,D0018,D0003,2024-01-08 20:02:23.903005,2024-01-09 03:02:23.903005,7.0,104,Merged,1
PR000819,P005,S0043,D0023,D0055,2024-01-30 06:23:26.722840,2024-01-30 10:23:26.722840,4.0,342,Closed,0
PR000820,P005,S0043,D0003,D0031,2024-01-24 10:19:57.825946,2024-01-25 14:55:57.825946,28.6,75,Merged,1
PR000821,P005,S0043,D0055,D0018,2024-01-30 19:35:21.864776,2024-01-30 23:29:21.864776,3.9,201,Merged,1
PR000822,P005,S0043,D0031,D0055,2024-01-30 02:10:03.777252,2024-01-30 05:40:03.777252,3.5,24,Merged,1
PR000823,P005,S0043,D0031,D0023,2024-01-22 04:28:52.718425,2024-01-22 10:58:52.718425,6.5,107,Closed,0
PR000824,P005,S0043,D0003,D0018,2024-01-31 07:52:22.890636,2024-01-31 10:52:22.890636,3.0,303,Merged,1
PR000825,P005,S0043,D0055,D0003,2024-01-27 01:46:13.322886,,,130,Open,0
PR000826,P005,S0043,D0003,D0023,2024-01-21 20:21:15.261746,2024-01-22 11:15:15.261746,14.9,84,Closed,0
PR000827,P005,S0043,D0031,D0018,2024-02-01 04:08:28.393140,,,70,Open,0
PR000828,P005,S0043,D0031,D0003,2024-01-26 05:07:27.522309,2024-01-27 23:49:27.522309,42.7,175,Merged,1
PR000829,P005,S0043,D0023,D0031,2024-01-26 21:44:23.563374,2024-01-28 13:02:23.563374,39.3,87,Merged,1
PR000830,P005,S0043,D0018,D0031,2024-01-31 05:29:09.977920,2024-02-01 00:47:09.977920,19.3,43,Merged,1
PR000831,P005,S0043,D0031,D0003,2024-01-28 02:44:22.965310,,,129,Open,0
PR000832,P005,S0043,D0023,D0031,2024-01-23 01:44:36.408902,2024-01-24 02:50:36.408902,25.1,141,Merged,1
PR000833,P005,S0043,D0055,D0031,2024-01-23 12:36:45.585801,2024-01-24 16:12:45.585801,27.6,3,Merged,1
PR000834,P005,S0043,D0018,D0055,2024-01-25 04:27:35.204059,2024-01-25 21:03:35.204059,16.6,135,Merged,1
PR000835,P005,S0043,D0023,D0031,2024-01-24 13:49:20.111556,2024-01-24 23:07:20.111556,9.3,50,Merged,1
PR000836,P005,S0043,D0023,D0055,2024-01-23 04:37:36.914746,2024-01-23 05:13:36.914746,0.6,126,Merged,1
PR000837,P005,S0043,D0003,D0023,2024-01-30 01:40:17.928877,2024-01-30 13:04:17.928877,11.4,198,Merged,1
PR000838,P005,S0043,D0055,D0031,2024-01-26 06:35:45.899988,2024-01-26 18:05:45.899988,11.5,59,Merged,1
PR000839,P005,S0043,D0018,D0003,2024-01-26 18:41:41.215371,2024-01-27 15:53:41.215371,21.2,41,Merged,1
PR000840,P005,S0043,D0023,D0031,2024-01-30 01:46:01.113696,2024-01-30 10:16:01.113696,8.5,181,Closed,0
PR000841,P005,S0043,D0003,D0055,2024-01-26 17:57:48.217351,2024-01-27 08:57:48.217351,15.0,85,Merged,1
PR000842,P005,S0043,D0055,D0003,2024-01-25 15:58:09.711837,2024-01-27 10:10:09.711837,42.2,126,Merged,1
PR000843,P005,S0043,D0003,D0018,2024-01-22 13:16:37.800338,2024-01-22 18:04:37.800338,4.8,111,Closed,0
PR000844,P005,S0043,D0023,D0003,2024-01-30 13:59:29.190274,2024-01-30 22:41:29.190274,8.7,16,Closed,0
PR000845,P005,S0043,D0031,D0003,2024-01-21 13:46:30.319762,2024-01-22 03:58:30.319762,14.2,96,Merged,1
PR000846,P005,S0044,D0003,D0031,2024-02-12 15:02:03.533608,2024-02-12 16:38:03.533608,1.6,94,Merged,1
PR000847,P005,S0044,D0023,D0003,2024-02-06 22:51:39.438071,2024-02-11 09:27:39.438071,106.6,477,Merged,1
PR000848,P005,S0044,D0023,D0018,2024-02-04 06:54:10.925317,2024-02-04 15:06:10.925317,8.2,129,Closed,0
PR000849,P005,S0044,D0018,D0031,2024-02-12 15:04:43.903185,2024-02-13 23:28:43.903185,32.4,118,Merged,1
PR000850,P005,S0044,D0023,D0003,2024-02-04 03:28:23.749908,2024-02-05 14:22:23.749908,34.9,31,Merged,1
PR000851,P005,S0044,D0003,D0055,2024-02-05 00:05:40.937237,2024-02-05 05:47:40.937237,5.7,137,Merged,1
PR000852,P005,S0044,D0031,D0055,2024-02-09 16:51:02.248148,2024-02-10 06:15:02.248148,13.4,97,Merged,1
PR000853,P005,S0044,D0003,D0055,2024-02-05 01:34:21.394725,2024-02-06 07:16:21.394725,29.7,51,Merged,1
PR000854,P005,S0044,D0031,D0003,2024-02-14 08:38:36.666818,2024-02-14 17:02:36.666818,8.4,197,Merged,1
PR000855,P005,S0044,D0023,D0018,2024-02-11 19:00:06.721801,2024-02-12 03:48:06.721801,8.8,156,Merged,1
PR000856,P005,S0044,D0003,D0055,2024-02-09 20:20:59.439493,2024-02-10 11:26:59.439493,15.1,65,Merged,1
PR000857,P005,S0044,D0031,D0018,2024-02-14 05:18:29.122140,2024-02-16 08:42:29.122140,51.4,320,Merged,1
PR000858,P005,S0044,D0018,D0055,2024-02-15 12:50:44.094757,2024-02-15 17:14:44.094757,4.4,83,Merged,1
PR000859,P005,S0044,D0003,D0018,2024-02-06 11:00:08.050694,2024-02-07 14:54:08.050694,27.9,127,Merged,1
PR000860,P005,S0044,D0023,D0003,2024-02-15 03:33:09.098066,2024-02-15 11:03:09.098066,7.5,104,Merged,1
PR000861,P005,S0044,D0003,D0018,2024-02-06 15:48:15.449944,2024-02-07 06:42:15.449944,14.9,55,Merged,1
PR000862,P005,S0044,D0023,D0055,2024-02-13 13:04:16.867630,2024-02-14 14:22:16.867630,25.3,98,Closed,0
PR000863,P005,S0045,D0031,D0018,2024-02-23 08:56:51.509625,,,112,Open,0
PR000864,P005,S0045,D0023,D0031,2024-02-29 23:17:14.052868,2024-03-02 00:11:14.052868,24.9,143,Merged,1
PR000865,P005,S0045,D0031,D0023,2024-02-28 09:28:47.542514,2024-02-29 06:58:47.542514,21.5,51,Merged,1
PR000866,P005,S0045,D0023,D0018,2024-02-22 03:20:17.909736,2024-02-22 05:26:17.909736,2.1,65,Closed,0
PR000867,P005,S0045,D0055,D0018,2024-02-27 02:00:54.711587,2024-02-27 14:18:54.711587,12.3,34,Merged,1
PR000868,P005,S0045,D0055,D0003,2024-02-23 05:22:34.535704,2024-02-24 08:16:34.535704,26.9,192,Merged,1
PR000869,P005,S0045,D0031,D0018,2024-02-25 04:41:18.650095,2024-02-25 09:41:18.650095,5.0,67,Merged,1
PR000870,P005,S0045,D0023,D0003,2024-02-27 23:22:34.935626,2024-02-28 13:52:34.935626,14.5,106,Closed,0
PR000871,P005,S0045,D0018,D0055,2024-02-22 23:54:36.808184,2024-02-23 09:24:36.808184,,182,Merged,1
PR000872,P005,S0045,D0018,D0023,2024-02-28 06:01:12.342679,2024-02-29 20:01:12.342679,38.0,179,Merged,1
PR000873,P005,S0045,D0003,D0018,2024-02-22 03:42:20.047975,2024-02-22 17:36:20.047975,13.9,46,Merged,1
PR000874,P005,S0045,D0055,D0003,2024-02-19 14:12:05.727093,2024-02-19 17:24:05.727093,3.2,22,Merged,1
PR000875,P005,S0045,D0055,D0003,2024-02-25 03:20:47.343017,2024-02-25 14:08:47.343017,10.8,42,Merged,1
PR000876,P005,S0045,D0031,D0018,2024-02-29 05:49:19.239595,,,81,Open,0
PR000877,P005,S0045,D0003,D0031,2024-02-27 04:36:09.302915,2024-02-27 11:24:09.302915,6.8,66,Merged,1
PR000878,P005,S0045,D0018,D0003,2024-02-23 03:30:15.161536,2024-02-24 22:18:15.161536,42.8,87,Merged,1
PR000879,P005,S0045,D0018,D0055,2024-02-28 17:44:40.233597,2024-02-28 22:02:40.233597,4.3,74,Closed,0
PR000880,P005,S0045,D0055,D0003,2024-02-24 20:42:32.842198,2024-02-25 03:48:32.842198,7.1,62,Closed,0
PR000881,P005,S0045,D0031,D0055,2024-02-23 14:58:06.122737,2024-02-24 06:22:06.122737,15.4,213,Merged,1
PR000882,P005,S0045,D0031,D0023,2024-02-18 10:55:42.158660,,,40,Open,0
PR000883,P005,S0045,D0003,D0055,2024-02-18 20:37:19.967366,2024-02-19 08:25:19.967366,11.8,42,Closed,0
PR000884,P005,S0046,D0031,D0018,2024-03-13 13:54:32.945592,2024-03-14 19:24:32.945592,29.5,64,Merged,1
PR000885,P005,S0046,D0003,D0031,2024-03-12 21:58:25.940685,2024-03-13 09:40:25.940685,11.7,166,Merged,1
PR000886,P005,S0046,D0003,D0055,2024-03-08 01:58:42.081433,2024-03-09 10:04:42.081433,32.1,539,Merged,1
PR000887,P005,S0046,D0031,D0055,2024-03-05 02:59:56.455896,2024-03-05 17:47:56.455896,14.8,172,Merged,1
PR000888,P005,S0046,D0018,D0031,2024-03-03 09:31:10.789991,2024-03-03 19:37:10.789991,10.1,97,Merged,1
PR000889,P005,S0046,D0055,D0023,2024-03-06 23:29:19.464451,2024-03-07 13:41:19.464451,14.2,124,Merged,1
PR000890,P005,S0046,D0055,D0023,2024-03-12 07:40:41.960213,2024-03-12 09:46:41.960213,2.1,338,Merged,1
PR000891,P005,S0046,D0023,D0055,2024-03-12 20:05:09.079978,2024-03-14 02:17:09.079978,30.2,8,Merged,1
PR000892,P005,S0046,D0055,D0018,2024-03-10 05:05:43.741032,2024-03-10 23:59:43.741032,18.9,20,Merged,1
PR000893,P005,S0046,D0023,D0055,2024-03-04 00:29:39.725358,,,184,Open,0
PR000894,P005,S0047,D0003,D0023,2024-03-26 08:05:30.582216,2024-03-26 11:29:30.582216,3.4,186,Merged,1
PR000895,P005,S0047,D0023,D0003,2024-03-27 00:44:40.688962,2024-03-27 11:26:40.688962,10.7,111,Merged,1
PR000896,P005,S0047,D0018,D0031,2024-03-18 02:13:34.816159,2024-03-18 12:25:34.816159,10.2,179,Merged,1
PR000897,P005,S0047,D0055,D0018,2024-03-24 11:57:28.722171,2024-03-25 05:09:28.722171,17.2,153,Merged,1
PR000898,P005,S0047,D0055,D0031,2024-03-28 16:39:32.237686,,,113,Open,0
PR000899,P005,S0047,D0055,D0031,2024-03-18 04:18:25.402868,2024-03-18 12:36:25.402868,8.3,130,Merged,1
PR000900,P005,S0047,D0003,D0018,2024-03-19 19:55:38.708283,,,58,Open,0
PR000901,P005,S0047,D0018,D0055,2024-03-27 12:05:09.304347,2024-03-28 01:23:09.304347,13.3,42,Closed,0
PR000902,P005,S0047,D0023,D0018,2024-03-23 08:30:05.909034,2024-03-24 10:24:05.909034,25.9,54,Merged,1
PR000903,P005,S0047,D0055,D0031,2024-03-20 04:03:50.072540,2024-03-21 03:33:50.072540,23.5,101,Merged,1
PR000904,P005,S0047,D0055,D0018,2024-03-24 18:19:21.031795,2024-03-25 12:31:21.031795,18.2,43,Closed,0
PR000905,P005,S0047,D0003,D0018,2024-03-26 23:17:32.131844,2024-03-27 15:59:32.131844,16.7,211,Merged,1
PR000906,P005,S0047,D0023,D0055,2024-03-25 20:05:43.961443,2024-03-25 20:47:43.961443,0.7,57,Merged,1
PR000907,P005,S0047,D0031,D0023,2024-03-28 23:28:16.159506,2024-03-30 01:04:16.159506,25.6,48,Closed,0
PR000908,P005,S0047,D0018,D0003,2024-03-22 01:04:57.162187,2024-03-22 20:52:57.162187,19.8,172,Merged,1
PR000909,P005,S0047,D0003,D0018,2024-03-28 09:42:19.010731,2024-03-31 02:36:19.010731,64.9,331,Merged,1
PR000910,P005,S0047,D0023,D0018,2024-03-18 03:35:07.651864,2024-03-18 15:05:07.651864,11.5,90,Merged,1
PR000911,P005,S0047,D0003,D0023,2024-03-24 23:39:18.708559,2024-03-25 14:15:18.708559,14.6,51,Merged,1
PR000912,P005,S0047,D0018,D0055,2024-03-18 11:34:35.880612,2024-03-18 18:34:35.880612,7.0,112,Merged,1
PR000913,P005,S0048,D0018,D0055,2024-04-01 02:32:35.690109,2024-04-01 09:38:35.690109,7.1,164,Merged,1
PR000914,P005,S0048,D0055,D0003,2024-04-02 15:47:39.931210,2024-04-03 08:23:39.931210,,163,Merged,1
PR000915,P005,S0048,D0023,D0018,2024-04-04 21:15:45.831869,2024-04-06 05:27:45.831869,32.2,126,Merged,1
PR000916,P005,S0048,D0003,D0031,2024-04-11 02:44:13.831559,2024-04-11 11:38:13.831559,8.9,109,Merged,1
PR000917,P005,S0048,D0018,D0003,2024-04-11 22:10:00.965730,2024-04-12 17:52:00.965730,19.7,87,Merged,1
PR000918,P005,S0048,D0003,D0055,2024-04-11 20:14:12.155064,2024-04-12 20:32:12.155064,24.3,202,Merged,1
PR000919,P005,S0048,D0023,D0018,2024-04-08 07:57:30.395898,2024-04-08 13:21:30.395898,5.4,32,Merged,1
PR000920,P005,S0048,D0023,D0018,2024-04-09 00:09:55.845601,2024-04-09 16:33:55.845601,16.4,90,Merged,1
PR000921,P005,S0048,D0055,D0003,2024-04-03 23:41:31.087905,2024-04-04 19:05:31.087905,19.4,186,Merged,1
PR000922,P005,S0048,D0003,D0031,2024-04-05 02:42:15.519796,2024-04-05 11:18:15.519796,8.6,45,Merged,1
PR000923,P005,S0048,D0023,D0031,2024-03-31 09:45:22.967568,,,158,Open,0
PR000924,P005,S0048,D0055,D0031,2024-04-08 23:37:07.179958,2024-04-09 07:13:07.179958,7.6,92,Closed,0
PR000925,P005,S0048,D0055,D0031,2024-04-01 03:00:44.034690,2024-04-02 12:18:44.034690,33.3,102,Merged,1
PR000926,P005,S0048,D0055,D0018,2024-04-03 13:35:31.844258,2024-04-05 16:17:31.844258,50.7,380,Merged,1
PR000927,P005,S0048,D0018,D0003,2024-04-02 02:38:00.985615,2024-04-02 06:26:00.985615,3.8,37,Merged,1
PR000928,P005,S0048,D0031,D0018,2024-03-31 14:37:57.135616,2024-04-01 09:07:57.135616,18.5,56,Merged,1
PR000929,P005,S0048,D0003,D0055,2024-04-06 18:55:53.401471,2024-04-06 20:37:53.401471,1.7,190,Closed,0
PR000930,P005,S0048,D0055,D0031,2024-04-10 16:36:22.830706,2024-04-12 01:18:22.830706,32.7,83,Merged,1
PR000931,P005,S0049,D0023,D0003,2024-04-21 07:10:22.272537,2024-04-21 11:10:22.272537,4.0,9,Merged,1
PR000932,P005,S0049,D0055,D0018,2024-04-25 10:23:38.514858,2024-04-25 17:47:38.514858,7.4,32,Merged,1
PR000933,P005,S0049,D0031,D0003,2024-04-20 23:08:24.780319,2024-04-22 16:56:24.780319,41.8,101,Merged,1
PR000934,P005,S0049,D0003,D0055,2024-04-19 10:15:59.479551,2024-04-19 13:27:59.479551,3.2,27,Merged,1
PR000935,P005,S0049,D0023,D0003,2024-04-16 10:49:53.202073,2024-04-16 18:37:53.202073,7.8,81,Merged,1
PR000936,P005,S0049,D0055,D0023,2024-04-22 01:04:00.368135,2024-04-22 08:52:00.368135,7.8,12,Merged,1
PR000937,P005,S0049,D0055,D0018,2024-04-22 12:32:43.261351,2024-04-23 05:02:43.261351,16.5,176,Merged,1
PR000938,P005,S0049,D0018,D0031,2024-04-21 20:12:24.635441,2024-04-22 04:06:24.635441,7.9,81,Merged,1
PR000939,P005,S0049,D0018,D0031,2024-04-25 18:37:30.471088,,,36,Open,0
PR000940,P005,S0049,D0031,D0055,2024-04-19 03:41:14.948132,2024-04-19 20:17:14.948132,16.6,49,Closed,0
PR000941,P005,S0049,D0031,D0055,2024-04-16 10:07:08.347943,2024-04-17 00:31:08.347943,14.4,118,Merged,1
PR000942,P005,S0049,D0031,D0023,2024-04-14 01:49:42.157245,2024-04-14 20:13:42.157245,18.4,227,Merged,1
PR000943,P005,S0049,D0031,D0018,2024-04-15 11:03:37.145196,2024-04-15 14:09:37.145196,3.1,70,Merged,1
PR000944,P005,S0049,D0023,D0003,2024-04-24 17:48:59.064800,2024-04-25 22:30:59.064800,28.7,51,Merged,1
PR000945,P005,S0050,D0018,D0031,2024-05-03 10:18:39.490066,2024-05-04 10:36:39.490066,24.3,72,Merged,1
PR000946,P005,S0050,D0023,D0055,2024-04-29 00:13:52.297846,2024-04-30 04:01:52.297846,27.8,46,Merged,1
PR000947,P005,S0050,D0023,D0055,2024-04-28 08:33:05.772783,2024-04-29 02:51:05.772783,18.3,195,Closed,0
PR000948,P005,S0050,D0003,D0018,2024-05-05 15:22:34.319224,2024-05-07 00:22:34.319224,33.0,37,Merged,1
PR000949,P005,S0050,D0003,D0055,2024-05-03 10:13:34.139837,2024-05-03 12:01:34.139837,1.8,55,Closed,0
PR000950,P005,S0050,D0031,D0003,2024-05-08 08:56:14.211656,,,89,Open,0
PR000951,P005,S0050,D0003,D0018,2024-05-06 21:12:39.025100,2024-05-06 22:42:39.025100,1.5,55,Merged,1
PR000952,P005,S0050,D0055,D0003,2024-04-29 03:34:15.575706,2024-04-30 05:58:15.575706,26.4,287,Merged,1
PR000953,P005,S0050,D0023,D0055,2024-05-09 22:55:42.180214,2024-05-11 02:37:42.180214,27.7,475,Merged,1
PR000954,P005,S0050,D0055,D0003,2024-05-04 12:50:29.101800,,,67,Open,0
PR000955,P005,S0050,D0003,D0018,2024-05-06 19:03:31.956298,2024-05-07 21:21:31.956298,26.3,12,Merged,1
PR000956,P005,S0050,D0031,D0055,2024-05-01 06:06:59.484540,2024-05-02 07:30:59.484540,25.4,37,Merged,1
PR000957,P005,S0050,D0023,D0003,2024-04-28 17:19:49.449296,2024-04-29 07:25:49.449296,14.1,117,Merged,1
PR000958,P005,S0050,D0003,D0055,2024-04-29 05:44:19.145266,2024-04-29 19:20:19.145266,13.6,72,Merged,1
PR000959,P005,S0050,D0003,D0023,2024-05-08 20:06:15.049755,2024-05-09 07:30:15.049755,11.4,134,Merged,1
PR000960,P005,S0050,D0003,D0018,2024-05-01 16:51:18.756140,,,96,Open,0
PR000961,P005,S0050,D0031,D0023,2024-04-29 06:15:37.638583,2024-04-29 11:33:37.638583,5.3,173,Closed,0
PR000962,P005,S0050,D0018,D0023,2024-05-08 05:10:02.400783,2024-05-09 05:22:02.400783,24.2,60,Merged,1
PR000963,P005,S0050,D0023,D0018,2024-05-02 04:33:07.169716,2024-05-03 04:21:07.169716,23.8,265,Merged,1
PR000964,P005,S0050,D0018,D0055,2024-05-08 18:22:58.384583,2024-05-09 09:40:58.384583,15.3,41,Merged,1
PR000965,P005,S0050,D0018,D0031,2024-04-28 08:52:32.086832,2024-04-29 09:10:32.086832,24.3,133,Merged,1
PR000966,P005,S0050,D0003,D0018,2024-05-06 15:44:34.324065,2024-05-08 12:44:34.324065,45.0,260,Merged,1
PR000967,P005,S0050,D0003,D0055,2024-05-01 11:11:11.869761,2024-05-02 04:17:11.869761,,117,Merged,1
PR000968,P005,S0050,D0023,D0003,2024-04-29 08:09:13.129851,2024-04-30 09:15:13.129851,25.1,86,Closed,0
PR000969,P005,S0050,D0055,D0031,2024-04-30 12:44:24.960182,2024-05-01 05:50:24.960182,17.1,214,Merged,1
PR000970,P005,S0050,D0023,D0031,2024-04-30 19:21:11.865360,2024-05-02 03:21:11.865360,32.0,36,Merged,1
PR000971,P005,S0050,D0003,D0023,2024-04-28 21:30:10.890993,2024-04-29 08:00:10.890993,10.5,243,Merged,1
PR000972,P005,S0050,D0031,D0055,2024-05-01 05:20:01.823790,2024-05-02 03:08:01.823790,21.8,20,Merged,1
PR000973,P006,S0051,D0049,D0048,2023-11-24 06:47:31.820714,2023-11-25 10:47:31.820714,28.0,102,Merged,1
PR000974,P006,S0051,D0014,D0005,2023-11-30 07:57:26.209298,2023-11-30 12:27:26.209298,4.5,37,Merged,1
PR000975,P006,S0051,D0048,D0038,2023-11-30 04:34:10.581451,2023-12-01 10:28:10.581451,29.9,38,Closed,0
PR000976,P006,S0051,D0005,D0014,2023-11-30 01:09:42.242817,2023-11-30 13:15:42.242817,12.1,109,Closed,0
PR000977,P006,S0051,D0029,D0022,2023-11-28 07:30:41.386381,2023-11-28 15:54:41.386381,8.4,240,Merged,1
PR000978,P006,S0051,D0012,D0022,2023-11-29 07:57:57.444050,2023-11-29 14:21:57.444050,6.4,19,Closed,0
PR000979,P006,S0051,D0049,D0034,2023-11-26 15:08:53.748997,2023-11-27 03:44:53.748997,12.6,47,Merged,1
PR000980,P006,S0051,D0035,D0029,2023-11-24 06:30:43.561819,2023-11-24 15:06:43.561819,8.6,35,Merged,1
PR000981,P006,S0051,D0032,D0038,2023-11-26 23:23:05.476203,2023-11-27 02:29:05.476203,3.1,47,Closed,0
PR000982,P006,S0051,D0012,D0035,2023-11-21 23:57:55.935183,2023-11-22 11:51:55.935183,11.9,126,Merged,1
PR000983,P006,S0051,D0035,D0048,2023-11-26 16:08:32.319218,,,38,Open,0
PR000984,P006,S0051,D0012,D0032,2023-11-24 09:58:50.587175,2023-11-24 21:34:50.587175,11.6,51,Merged,1
PR000985,P006,S0051,D0002,D0038,2023-11-22 18:17:50.734311,2023-11-23 07:29:50.734311,13.2,64,Merged,1
PR000986,P006,S0051,D0048,D0007,2023-11-23 12:18:54.344890,2023-11-24 08:42:54.344890,20.4,165,Merged,1
PR000987,P006,S0051,D0035,D0012,2023-11-23 02:32:04.093098,2023-11-23 22:44:04.093098,20.2,36,Merged,1
PR000988,P006,S0051,D0032,D0007,2023-11-27 19:43:31.729299,2023-11-28 01:07:31.729299,5.4,175,Merged,1
PR000989,P006,S0051,D0022,D0052,2023-11-22 11:43:26.522574,2023-11-22 15:43:26.522574,4.0,116,Closed,0
PR000990,P006,S0051,D0007,D0029,2023-11-28 16:02:11.595701,2023-11-28 23:02:11.595701,7.0,57,Closed,0
PR000991,P006,S0051,D0022,D0038,2023-11-23 07:39:43.872152,2023-11-24 14:51:43.872152,31.2,54,Merged,1
PR000992,P006,S0051,D0038,D0002,2023-11-30 10:09:27.174862,2023-12-01 04:45:27.174862,18.6,273,Merged,1
PR000993,P006,S0051,D0048,D0038,2023-11-27 12:46:06.126884,2023-11-28 07:40:06.126884,18.9,45,Closed,0
PR000994,P006,S0051,D0049,D0020,2023-11-29 21:26:00.736417,2023-11-30 05:14:00.736417,7.8,449,Merged,1
PR000995,P006,S0051,D0007,D0052,2023-11-25 10:36:20.967886,2023-11-25 17:54:20.967886,7.3,24,Merged,1
PR000996,P006,S0051,D0012,D0005,2023-11-30 10:47:04.076708,2023-12-01 12:05:04.076708,,55,Closed,0
PR000997,P006,S0051,D0048,D0022,2023-11-27 15:48:05.700142,2023-11-27 18:00:05.700142,2.2,160,Merged,1
PR000998,P006,S0052,D0032,D0022,2023-12-10 20:11:56.727154,2023-12-11 08:23:56.727154,12.2,58,Merged,1
PR000999,P006,S0052,D0048,D0029,2023-12-13 21:53:09.258476,2023-12-14 10:17:09.258476,12.4,150,Merged,1
PR001000,P006,S0052,D0034,D0029,2023-12-09 00:13:33.743036,2023-12-09 07:31:33.743036,7.3,67,Merged,1
PR001001,P006,S0052,D0058,D0035,2023-12-14 11:05:22.563966,2023-12-15 00:23:22.563966,13.3,200,Merged,1
PR001002,P006,S0052,D0022,D0007,2023-12-14 07:55:29.248576,2023-12-14 15:07:29.248576,7.2,58,Merged,1
PR001003,P006,S0052,D0029,D0020,2023-12-12 13:41:14.125654,2023-12-13 08:35:14.125654,18.9,126,Merged,1
PR001004,P006,S0052,D0049,D0012,2023-12-10 04:17:22.978125,,,187,Open,0
PR001005,P006,S0052,D0029,D0034,2023-12-14 05:25:46.488094,2023-12-15 03:07:46.488094,21.7,160,Merged,1
PR001006,P006,S0052,D0012,D0038,2023-12-05 09:31:37.287140,2023-12-06 07:37:37.287140,22.1,287,Merged,1
PR001007,P006,S0052,D0020,D0022,2023-12-12 15:11:35.458965,2023-12-13 14:47:35.458965,23.6,206,Merged,1
PR001008,P006,S0052,D0038,D0052,2023-12-12 04:28:04.169649,,,91,Open,0
PR001009,P006,S0052,D0020,D0038,2023-12-12 19:46:48.450990,2023-12-13 06:28:48.450990,10.7,153,Merged,1
PR001010,P006,S0052,D0035,D0002,2023-12-06 09:02:13.174258,2023-12-06 18:02:13.174258,9.0,57,Merged,1
PR001011,P006,S0052,D0058,D0048,2023-12-14 07:35:02.279389,2023-12-14 21:47:02.279389,14.2,130,Merged,1
PR001012,P006,S0052,D0034,D0049,2023-12-09 03:42:23.123059,,,162,Open,0
PR001013,P006,S0052,D0020,D0012,2023-12-07 16:47:02.768020,2023-12-08 12:35:02.768020,19.8,107,Merged,1
PR001014,P006,S0052,D0032,D0034,2023-12-05 04:42:13.057284,2023-12-05 12:12:13.057284,7.5,27,Merged,1
PR001015,P006,S0052,D0058,D0049,2023-12-10 00:43:21.371462,,,102,Open,0
PR001016,P006,S0052,D0014,D0005,2023-12-06 12:04:45.662743,2023-12-07 01:16:45.662743,13.2,183,Merged,1
PR001017,P006,S0052,D0038,D0002,2023-12-07 22:00:46.292910,2023-12-07 23:00:46.292910,1.0,75,Merged,1
PR001018,P006,S0052,D0012,D0034,2023-12-12 14:45:27.685425,2023-12-13 12:57:27.685425,22.2,210,Merged,1
PR001019,P006,S0052,D0035,D0049,2023-12-05 18:47:21.075044,,,126,Open,0
PR001020,P006,S0052,D0007,D0048,2023-12-04 05:29:47.662166,,,219,Open,0
PR001021,P006,S0052,D0048,D0020,2023-12-04 00:30:58.093534,2023-12-04 02:30:58.093534,2.0,202,Merged,1
PR001022,P006,S0052,D0038,D0002,2023-12-13 01:31:13.881804,2023-12-13 09:19:13.881804,7.8,243,Merged,1
PR001023,P006,S0052,D0007,D0058,2023-12-07 13:59:25.341955,,,66,Open,0
PR001024,P006,S0053,D0048,D0032,2023-12-27 05:06:48.233014,2023-12-27 08:18:48.233014,3.2,42,Merged,1
PR001025,P006,S0053,D0022,D0014,2023-12-23 09:22:23.974509,2023-12-23 22:40:23.974509,13.3,285,Merged,1
PR001026,P006,S0053,D0032,D0048,2023-12-21 15:27:26.834415,2023-12-21 16:15:26.834415,0.8,399,Merged,1
PR001027,P006,S0053,D0035,D0007,2023-12-18 17:41:13.337455,2023-12-19 03:05:13.337455,9.4,126,Merged,1
PR001028,P006,S0053,D0022,D0007,2023-12-22 11:10:49.128757,2023-12-23 06:16:49.128757,19.1,110,Merged,1
PR001029,P006,S0053,D0049,D0038,2023-12-26 11:42:09.659504,2023-12-26 14:00:09.659504,2.3,22,Closed,0
PR001030,P006,S0053,D0014,D0032,2023-12-26 12:56:19.033596,2023-12-26 19:14:19.033596,6.3,114,Merged,1
PR001031,P006,S0053,D0002,D0035,2023-12-23 06:50:17.430133,2023-12-23 07:20:17.430133,0.5,24,Closed,0
PR001032,P006,S0053,D0048,D0005,2023-12-18 17:22:47.840127,,,174,Open,0
PR001033,P006,S0053,D0029,D0032,2023-12-29 08:15:19.445893,2023-12-29 19:09:19.445893,10.9,48,Closed,0
PR001034,P006,S0053,D0035,D0022,2023-12-29 14:21:46.256294,2023-12-30 07:45:46.256294,17.4,183,Merged,1
PR001035,P006,S0053,D0035,D0048,2023-12-18 11:47:44.190161,2023-12-19 00:05:44.190161,,146,Merged,1
PR001036,P006,S0053,D0058,D0048,2023-12-26 16:27:02.353583,,,198,Open,0
PR001037,P006,S0054,D0012,D0029,2024-01-11 01:34:05.366284,2024-01-11 21:34:05.366284,20.0,139,Closed,0
PR001038,P006,S0054,D0014,D0038,2024-01-08 21:56:19.108955,2024-01-09 07:50:19.108955,9.9,70,Closed,0
PR001039,P006,S0054,D0035,D0034,2024-01-05 12:22:34.747020,2024-01-05 15:10:34.747020,2.8,7,Closed,0
PR001040,P006,S0054,D0007,D0020,2024-01-01 08:35:09.101179,2024-01-02 02:17:09.101179,17.7,127,Merged,1
PR001041,P006,S0054,D0034,D0052,2024-01-12 11:56:04.851029,2024-01-13 03:56:04.851029,16.0,242,Closed,0
PR001042,P006,S0054,D0035,D0012,2024-01-04 02:17:19.011023,2024-01-04 14:05:19.011023,11.8,157,Merged,1
PR001043,P006,S0054,D0035,D0052,2024-01-06 23:50:12.705473,2024-01-07 15:56:12.705473,16.1,84,Merged,1
PR001044,P006,S0054,D0049,D0014,2024-01-04 02:51:02.719166,2024-01-04 14:39:02.719166,11.8,58,Merged,1
PR001045,P006,S0054,D0014,D0020,2024-01-05 19:22:37.683150,2024-01-06 04:28:37.683150,9.1,31,Closed,0
PR001046,P006,S0054,D0034,D0014,2024-01-01 00:54:34.317104,2024-01-01 17:30:34.317104,16.6,70,Merged,1
PR001047,P006,S0054,D0002,D0038,2024-01-08 18:24:53.072408,2024-01-09 01:12:53.072408,6.8,38,Merged,1
PR001048,P006,S0055,D0035,D0020,2024-01-25 02:53:10.481248,2024-01-25 13:05:10.481248,10.2,49,Merged,1
PR001049,P006,S0055,D0005,D0048,2024-01-22 03:54:26.856855,2024-01-24 03:30:26.856855,47.6,130,Merged,1
PR001050,P006,S0055,D0038,D0022,2024-01-22 05:40:13.345019,,,167,Open,0
PR001051,P006,S0055,D0038,D0012,2024-01-16 17:12:17.783837,2024-01-16 20:54:17.783837,3.7,19,Merged,1
PR001052,P006,S0055,D0048,D0052,2024-01-21 13:17:06.514783,2024-01-21 20:59:06.514783,7.7,13,Merged,1
PR001053,P006,S0055,D0002,D0007,2024-01-25 17:05:44.391940,2024-01-26 18:53:44.391940,,61,Merged,1
PR001054,P006,S0055,D0014,D0049,2024-01-17 10:51:28.496397,2024-01-17 22:09:28.496397,11.3,132,Merged,1
PR001055,P006,S0055,D0005,D0048,2024-01-26 23:48:25.202148,2024-01-27 09:00:25.202148,9.2,74,Merged,1
PR001056,P006,S0055,D0005,D0058,2024-01-15 14:20:48.833703,2024-01-16 12:50:48.833703,22.5,79,Merged,1
PR001057,P006,S0055,D0032,D0012,2024-01-22 12:52:24.606305,2024-01-22 13:40:24.606305,0.8,85,Merged,1
PR001058,P006,S0055,D0034,D0012,2024-01-16 15:05:16.519487,2024-01-16 18:53:16.519487,3.8,37,Merged,1
PR001059,P006,S0055,D0034,D0035,2024-01-21 14:16:14.121479,,,60,Open,0
PR001060,P006,S0055,D0012,D0035,2024-01-18 02:28:30.829075,2024-01-18 07:28:30.829075,5.0,107,Merged,1
PR001061,P006,S0055,D0005,D0034,2024-01-26 02:20:19.078745,2024-01-26 14:38:19.078745,12.3,173,Merged,1
PR001062,P006,S0055,D0005,D0034,2024-01-18 14:51:46.880595,2024-01-19 12:33:46.880595,21.7,110,Merged,1
PR001063,P006,S0055,D0035,D0048,2024-01-18 16:59:49.982955,2024-01-19 07:35:49.982955,14.6,60,Merged,1
PR001064,P006,S0055,D0007,D0035,2024-01-15 19:12:54.766351,2024-01-16 01:06:54.766351,5.9,70,Merged,1
PR001065,P006,S0055,D0005,D0022,2024-01-16 11:43:15.262608,2024-01-17 02:49:15.262608,15.1,25,Merged,1
PR001066,P006,S0056,D0029,D0035,2024-02-04 16:21:25.506082,2024-02-04 22:57:25.506082,6.6,73,Closed,0
PR001067,P006,S0056,D0048,D0022,2024-02-09 20:04:16.680595,2024-02-10 03:52:16.680595,7.8,55,Merged,1
PR001068,P006,S0056,D0032,D0012,2024-01-31 12:45:39.211646,2024-02-01 09:51:39.211646,21.1,126,Closed,0
PR001069,P006,S0056,D0034,D0048,2024-01-30 03:17:13.496380,2024-01-30 10:41:13.496380,7.4,99,Closed,0
PR001070,P006,S0056,D0048,D0029,2024-01-31 12:28:45.871362,2024-01-31 16:34:45.871362,4.1,119,Merged,1
PR001071,P006,S0056,D0032,D0034,2024-01-31 12:48:22.872388,2024-02-01 22:42:22.872388,33.9,168,Merged,1
PR001072,P006,S0056,D0012,D0029,2024-01-29 22:09:29.795094,2024-01-31 08:39:29.795094,34.5,173,Merged,1
PR001073,P006,S0056,D0022,D0002,2024-02-05 19:32:13.311365,,,240,Open,0
PR001074,P006,S0056,D0058,D0048,2024-02-09 14:10:13.991360,2024-02-10 00:46:13.991360,10.6,35,Merged,1
PR001075,P006,S0056,D0048,D0052,2024-01-29 03:26:35.323338,2024-01-30 06:44:35.323338,27.3,94,Merged,1
PR001076,P006,S0056,D0020,D0022,2024-02-01 03:59:36.546912,2024-02-02 05:29:36.546912,25.5,146,Merged,1
PR001077,P006,S0056,D0048,D0049,2024-02-06 19:04:15.675912,2024-02-07 07:52:15.675912,12.8,151,Merged,1
PR001078,P006,S0056,D0002,D0048,2024-02-02 02:39:10.104646,2024-02-02 13:21:10.104646,10.7,129,Merged,1
PR001079,P006,S0056,D0035,D0022,2024-02-06 23:48:51.247251,2024-02-07 22:24:51.247251,22.6,111,Merged,1
PR001080,P006,S0056,D0038,D0002,2024-02-08 23:20:38.491180,2024-02-09 09:44:38.491180,10.4,51,Merged,1
PR001081,P006,S0056,D0007,D0005,2024-02-02 08:12:50.976305,2024-02-02 21:36:50.976305,13.4,161,Merged,1
PR001082,P006,S0056,D0012,D0007,2024-02-02 19:09:41.972279,2024-02-02 22:45:41.972279,3.6,36,Merged,1
PR001083,P006,S0056,D0035,D0048,2024-02-01 07:28:19.007729,2024-02-02 03:40:19.007729,20.2,72,Merged,1
PR001084,P006,S0056,D0012,D0029,2024-02-03 06:09:35.208510,2024-02-05 05:21:35.208510,47.2,164,Closed,0
PR001085,P006,S0056,D0012,D0058,2024-02-02 06:46:27.107614,2024-02-02 12:04:27.107614,5.3,159,Merged,1
PR001086,P006,S0056,D0034,D0052,2024-01-29 18:00:59.458197,2024-01-30 06:36:59.458197,12.6,48,Merged,1
PR001087,P006,S0056,D0020,D0058,2024-01-29 02:39:35.687854,2024-01-29 18:39:35.687854,16.0,73,Merged,1
PR001088,P006,S0056,D0002,D0034,2024-02-03 01:56:03.440941,2024-02-03 14:26:03.440941,12.5,104,Merged,1
PR001089,P006,S0056,D0034,D0020,2024-02-08 18:20:20.398016,2024-02-09 20:50:20.398016,26.5,146,Merged,1
PR001090,P006,S0056,D0049,D0035,2024-02-07 11:19:36.948917,,,144,Open,0
PR001091,P006,S0056,D0022,D0029,2024-01-30 05:13:35.821761,,,24,Open,0
PR001092,P006,S0057,D0058,D0020,2024-02-22 21:47:55.053223,2024-02-23 13:05:55.053223,15.3,31,Merged,1
PR001093,P006,S0057,D0029,D0022,2024-02-22 08:52:56.860791,2024-02-23 07:16:56.860791,22.4,147,Merged,1
PR001094,P006,S0057,D0034,D0048,2024-02-19 13:52:52.725098,,,324,Open,0
PR001095,P006,S0057,D0002,D0014,2024-02-22 10:07:03.139827,2024-02-24 11:13:03.139827,49.1,157,Merged,1
PR001096,P006,S0057,D0049,D0038,2024-02-19 07:58:06.687804,2024-02-20 10:46:06.687804,26.8,80,Merged,1
PR001097,P006,S0057,D0052,D0032,2024-02-15 08:14:16.894017,2024-02-16 00:14:16.894017,16.0,66,Merged,1
PR001098,P006,S0057,D0048,D0014,2024-02-16 06:25:14.228348,2024-02-16 19:55:14.228348,13.5,38,Closed,0
PR001099,P006,S0057,D0032,D0058,2024-02-21 10:49:39.158836,2024-02-21 20:07:39.158836,9.3,26,Merged,1
PR001100,P006,S0057,D0002,D0032,2024-02-13 09:58:17.006481,2024-02-13 18:16:17.006481,8.3,201,Merged,1
PR001101,P006,S0057,D0052,D0034,2024-02-14 22:22:04.599031,2024-02-15 00:34:04.599031,2.2,38,Merged,1
PR001102,P006,S0057,D0012,D0048,2024-02-16 18:41:14.081891,2024-02-17 17:35:14.081891,22.9,19,Merged,1
PR001103,P006,S0057,D0032,D0034,2024-02-19 14:13:06.976229,2024-02-19 20:43:06.976229,6.5,130,Merged,1
PR001104,P006,S0057,D0007,D0058,2024-02-16 05:24:41.920692,2024-02-16 14:12:41.920692,8.8,85,Merged,1
PR001105,P006,S0057,D0012,D0048,2024-02-16 11:46:13.024202,,,137,Open,0
PR001106,P006,S0057,D0034,D0048,2024-02-14 02:54:50.779754,,,26,Open,0
PR001107,P006,S0057,D0038,D0052,2024-02-23 13:30:14.962342,2024-02-24 04:30:14.962342,15.0,77,Closed,0
PR001108,P006,S0057,D0022,D0014,2024-02-21 18:35:07.268357,2024-02-22 13:47:07.268357,19.2,174,Merged,1
PR001109,P006,S0057,D0020,D0034,2024-02-14 22:57:26.424320,2024-02-15 16:27:26.424320,17.5,234,Merged,1
PR001110,P006,S0057,D0038,D0029,2024-02-22 16:49:44.754073,2024-02-22 18:13:44.754073,1.4,165,Merged,1
PR001111,P006,S0057,D0020,D0007,2024-02-12 03:04:41.843362,2024-02-13 01:16:41.843362,22.2,78,Merged,1
PR001112,P006,S0057,D0032,D0020,2024-02-18 20:03:01.131101,2024-02-19 00:27:01.131101,4.4,260,Merged,1
PR001113,P006,S0057,D0038,D0049,2024-02-16 09:52:34.990024,2024-02-16 16:40:34.990024,6.8,172,Closed,0
PR001114,P006,S0057,D0034,D0012,2024-02-14 00:12:28.647693,2024-02-14 03:00:28.647693,2.8,120,Merged,1
PR001115,P006,S0057,D0005,D0014,2024-02-23 08:07:54.973199,2024-02-24 02:49:54.973199,18.7,9,Closed,0
PR001116,P006,S0057,D0032,D0058,2024-02-22 21:51:41.192938,2024-02-23 09:51:41.192938,12.0,105,Merged,1
PR001117,P006,S0057,D0005,D0007,2024-02-13 23:09:06.273369,2024-02-14 05:27:06.273369,6.3,8,Merged,1
PR001118,P006,S0057,D0002,D0038,2024-02-15 12:45:55.591707,2024-02-15 23:21:55.591707,10.6,52,Closed,0
PR001119,P006,S0057,D0058,D0035,2024-02-13 06:06:55.010042,2024-02-13 07:06:55.010042,1.0,6,Closed,0
PR001120,P006,S0058,D0038,D0002,2024-02-28 05:15:45.273571,2024-02-28 15:51:45.273571,10.6,44,Merged,1
PR001121,P006,S0058,D0049,D0052,2024-03-05 07:22:22.920439,,,400,Open,0
PR001122,P006,S0058,D0052,D0029,2024-02-29 06:18:01.646892,2024-03-01 03:18:01.646892,21.0,74,Merged,1
PR001123,P006,S0058,D0002,D0049,2024-02-29 21:48:20.367942,2024-03-01 21:06:20.367942,23.3,154,Merged,1
PR001124,P006,S0058,D0038,D0058,2024-02-29 02:17:22.271757,2024-02-29 21:41:22.271757,19.4,255,Merged,1
PR001125,P006,S0058,D0022,D0049,2024-03-04 02:27:46.856851,2024-03-04 16:57:46.856851,14.5,62,Closed,0
PR001126,P006,S0058,D0020,D0052,2024-03-08 22:33:06.658818,2024-03-09 22:57:06.658818,24.4,164,Merged,1
PR001127,P006,S0058,D0007,D0014,2024-02-26 20:38:56.320497,2024-02-27 10:20:56.320497,13.7,104,Closed,0
PR001128,P006,S0058,D0048,D0020,2024-02-26 00:03:18.887466,2024-02-27 08:33:18.887466,32.5,111,Merged,1
PR001129,P006,S0058,D0032,D0029,2024-02-29 19:59:05.636040,2024-03-01 03:11:05.636040,7.2,31,Merged,1
PR001130,P006,S0058,D0038,D0007,2024-02-27 21:31:02.252386,2024-02-29 03:43:02.252386,30.2,470,Merged,1
PR001131,P006,S0058,D0058,D0032,2024-03-04 23:09:35.173783,2024-03-06 02:57:35.173783,27.8,82,Merged,1
PR001132,P006,S0058,D0012,D0034,2024-03-03 03:51:10.942018,2024-03-03 15:51:10.942018,12.0,179,Merged,1
PR001133,P006,S0058,D0034,D0038,2024-03-03 12:20:48.591537,2024-03-03 23:44:48.591537,11.4,55,Closed,0
PR001134,P006,S0058,D0035,D0038,2024-02-29 06:05:19.156614,2024-03-01 16:17:19.156614,,345,Merged,1
PR001135,P006,S0058,D0038,D0052,2024-03-04 14:35:13.648313,2024-03-04 22:23:13.648313,7.8,78,Merged,1
PR001136,P006,S0058,D0034,D0048,2024-02-27 13:54:54.807667,2024-02-28 07:36:54.807667,17.7,147,Merged,1
PR001137,P006,S0058,D0020,D0002,2024-03-06 08:34:41.906926,,,28,Open,0
PR001138,P006,S0058,D0038,D0034,2024-03-05 20:29:10.022361,2024-03-05 21:53:10.022361,1.4,24,Merged,1
PR001139,P006,S0058,D0032,D0038,2024-02-26 03:32:06.778511,2024-02-26 14:56:06.778511,11.4,76,Merged,1
PR001140,P006,S0059,D0034,D0014,2024-03-18 19:52:51.210097,2024-03-19 16:04:51.210097,20.2,61,Merged,1
PR001141,P006,S0059,D0014,D0020,2024-03-13 15:19:00.921298,2024-03-13 21:13:00.921298,5.9,192,Merged,1
PR001142,P006,S0059,D0058,D0012,2024-03-12 18:37:20.279418,2024-03-12 21:07:20.279418,,46,Merged,1
PR001143,P006,S0059,D0014,D0007,2024-03-20 17:12:28.211127,2024-03-21 00:30:28.211127,,88,Merged,1
PR001144,P006,S0059,D0002,D0020,2024-03-21 08:03:17.401008,2024-03-21 09:15:17.401008,1.2,99,Merged,1
PR001145,P006,S0059,D0052,D0012,2024-03-21 22:27:35.976640,2024-03-22 20:27:35.976640,22.0,89,Merged,1
PR001146,P006,S0059,D0012,D0005,2024-03-16 03:08:41.891918,2024-03-16 14:32:41.891918,11.4,303,Merged,1
PR001147,P006,S0059,D0049,D0012,2024-03-17 20:22:20.005636,2024-03-18 00:28:20.005636,4.1,101,Merged,1
PR001148,P006,S0059,D0022,D0048,2024-03-17 02:16:55.096287,2024-03-17 18:46:55.096287,16.5,151,Merged,1
PR001149,P006,S0059,D0020,D0002,2024-03-18 11:15:52.533061,2024-03-18 21:27:52.533061,10.2,25,Merged,1
PR001150,P006,S0059,D0038,D0022,2024-03-20 19:43:49.179060,2024-03-21 02:19:49.179060,6.6,5,Merged,1
PR001151,P006,S0059,D0034,D0007,2024-03-20 01:52:56.911642,2024-03-20 07:22:56.911642,5.5,19,Merged,1
PR001152,P006,S0060,D0014,D0032,2024-03-25 08:36:34.824948,2024-03-26 08:06:34.824948,23.5,248,Merged,1
PR001153,P006,S0060,D0038,D0034,2024-04-01 15:44:33.957175,2024-04-02 00:26:33.957175,8.7,77,Merged,1
PR001154,P006,S0060,D0002,D0012,2024-03-28 09:38:53.328280,2024-03-28 16:02:53.328280,6.4,72,Merged,1
PR001155,P006,S0060,D0005,D0038,2024-03-26 12:47:56.965787,2024-03-26 13:47:56.965787,1.0,142,Merged,1
PR001156,P006,S0060,D0058,D0032,2024-04-04 17:39:59.788417,2024-04-05 19:09:59.788417,25.5,126,Merged,1
PR001157,P006,S0060,D0052,D0022,2024-04-03 07:25:48.355921,2024-04-04 16:07:48.355921,32.7,40,Merged,1
PR001158,P006,S0060,D0032,D0034,2024-04-03 14:47:37.255798,2024-04-03 21:35:37.255798,6.8,58,Merged,1
PR001159,P006,S0060,D0038,D0012,2024-04-03 08:12:27.269009,2024-04-05 09:24:27.269009,49.2,267,Merged,1
PR001160,P006,S0060,D0012,D0014,2024-03-30 10:53:24.360422,2024-03-31 13:23:24.360422,26.5,270,Merged,1
PR001161,P006,S0060,D0022,D0052,2024-03-29 10:49:25.129845,2024-03-30 10:43:25.129845,23.9,74,Merged,1
PR001162,P006,S0060,D0035,D0058,2024-03-25 13:50:22.823775,2024-03-25 19:08:22.823775,5.3,92,Merged,1
PR001163,P007,S0061,D0014,D0005,2023-11-25 09:32:14.491681,2023-11-27 15:38:14.491681,54.1,108,Merged,1
PR001164,P007,S0061,D0005,D0014,2023-11-23 09:59:15.729846,2023-11-23 17:17:15.729846,7.3,69,Merged,1
PR001165,P007,S0061,D0020,D0034,2023-11-23 15:12:48.814126,2023-11-23 23:00:48.814126,7.8,114,Merged,1
PR001166,P007,S0061,D0020,D0007,2023-11-25 15:14:16.934291,2023-11-25 16:20:16.934291,1.1,171,Closed,0
PR001167,P007,S0061,D0049,D0048,2023-11-20 14:37:17.227360,2023-11-20 21:49:17.227360,7.2,32,Merged,1
PR001168,P007,S0061,D0034,D0038,2023-11-18 12:02:09.513482,2023-11-20 19:50:09.513482,55.8,125,Merged,1
PR001169,P007,S0061,D0049,D0002,2023-11-23 19:09:31.353345,,,122,Open,0
PR001170,P007,S0061,D0002,D0052,2023-11-29 16:25:37.095992,2023-11-29 19:37:37.095992,3.2,81,Merged,1
PR001171,P007,S0061,D0038,D0058,2023-11-21 12:50:54.021670,2023-11-22 09:44:54.021670,20.9,141,Merged,1
PR001172,P007,S0061,D0032,D0035,2023-11-27 07:45:06.122990,2023-11-28 06:39:06.122990,22.9,131,Merged,1
PR001173,P007,S0062,D0020,D0012,2023-12-10 23:13:05.292932,2023-12-11 21:43:05.292932,22.5,199,Merged,1
PR001174,P007,S0062,D0020,D0052,2023-12-06 22:24:27.057959,2023-12-07 04:18:27.057959,5.9,206,Merged,1
PR001175,P007,S0062,D0020,D0038,2023-12-03 18:01:06.743354,2023-12-04 03:37:06.743354,9.6,39,Merged,1
PR001176,P007,S0062,D0032,D0005,2023-12-11 17:30:48.278857,2023-12-12 18:42:48.278857,25.2,40,Merged,1
PR001177,P007,S0062,D0022,D0058,2023-12-11 07:55:32.055767,2023-12-12 02:19:32.055767,18.4,176,Merged,1
PR001178,P007,S0062,D0007,D0048,2023-12-07 20:17:51.675483,2023-12-08 05:47:51.675483,9.5,188,Merged,1
PR001179,P007,S0062,D0058,D0034,2023-12-07 05:59:18.338225,2023-12-07 12:41:18.338225,6.7,88,Merged,1
PR001180,P007,S0062,D0014,D0005,2023-12-11 15:55:04.409192,2023-12-12 05:49:04.409192,13.9,207,Merged,1
PR001181,P007,S0062,D0007,D0035,2023-12-09 09:30:45.727342,2023-12-10 00:24:45.727342,14.9,67,Merged,1
PR001182,P007,S0062,D0029,D0002,2023-12-11 18:39:19.762408,2023-12-12 02:45:19.762408,8.1,27,Merged,1
PR001183,P007,S0062,D0005,D0020,2023-12-07 15:49:30.440425,2023-12-07 20:13:30.440425,4.4,133,Closed,0
PR001184,P007,S0062,D0058,D0014,2023-12-07 02:30:40.733085,2023-12-07 15:18:40.733085,12.8,15,Merged,1
PR001185,P007,S0062,D0022,D0020,2023-12-05 19:19:48.086204,2023-12-06 17:55:48.086204,22.6,52,Merged,1
PR001186,P007,S0063,D0022,D0032,2023-12-21 00:46:03.433086,2023-12-22 01:04:03.433086,24.3,85,Closed,0
PR001187,P007,S0063,D0038,D0049,2023-12-23 04:19:41.263853,2023-12-23 23:43:41.263853,19.4,72,Merged,1
PR001188,P007,S0063,D0052,D0012,2023-12-24 15:53:18.437537,2023-12-25 04:41:18.437537,12.8,29,Merged,1
PR001189,P007,S0063,D0014,D0038,2023-12-18 11:23:27.874348,2023-12-19 01:59:27.874348,14.6,92,Closed,0
PR001190,P007,S0063,D0029,D0005,2023-12-27 07:48:24.339117,,,321,Open,0
PR001191,P007,S0063,D0038,D0002,2023-12-26 15:14:13.340869,2023-12-27 07:50:13.340869,16.6,78,Merged,1
PR001192,P007,S0063,D0005,D0014,2023-12-23 20:55:43.503741,2023-12-24 00:25:43.503741,3.5,189,Merged,1
PR001193,P007,S0063,D0032,D0035,2023-12-23 21:05:01.740491,2023-12-24 12:53:01.740491,15.8,26,Merged,1
PR001194,P007,S0063,D0032,D0022,2023-12-20 10:36:45.376354,2023-12-21 04:12:45.376354,17.6,44,Closed,0
PR001195,P007,S0063,D0005,D0014,2023-12-26 13:32:47.113295,2023-12-27 06:08:47.113295,16.6,103,Merged,1
PR001196,P007,S0063,D0022,D0029,2023-12-25 08:25:42.470689,2023-12-26 03:31:42.470689,19.1,79,Merged,1
PR001197,P007,S0063,D0049,D0007,2023-12-24 17:26:58.435657,2023-12-25 01:14:58.435657,7.8,256,Merged,1
PR001198,P007,S0063,D0058,D0022,2023-12-24 15:13:11.264244,2023-12-24 22:55:11.264244,7.7,211,Merged,1
PR001199,P007,S0063,D0048,D0005,2023-12-21 14:03:14.874367,2023-12-22 05:51:14.874367,15.8,110,Merged,1
PR001200,P007,S0063,D0007,D0034,2023-12-23 06:07:25.161655,2023-12-23 21:25:25.161655,15.3,83,Merged,1
PR001201,P007,S0063,D0007,D0035,2023-12-23 21:42:20.570241,2023-12-24 05:36:20.570241,7.9,79,Merged,1
PR001202,P007,S0063,D0032,D0022,2023-12-18 01:48:56.644306,2023-12-18 09:24:56.644306,7.6,157,Closed,0
PR001203,P007,S0063,D0029,D0012,2023-12-21 08:28:09.394109,2023-12-22 03:28:09.394109,19.0,215,Merged,1
PR001204,P007,S0063,D0048,D0022,2023-12-25 20:10:43.444205,2023-12-25 21:28:43.444205,1.3,26,Merged,1
PR001205,P007,S0063,D0014,D0012,2023-12-16 17:47:48.744881,2023-12-17 09:23:48.744881,15.6,186,Merged,1
PR001206,P007,S0063,D0002,D0022,2023-12-21 08:27:11.891112,2023-12-21 20:57:11.891112,12.5,65,Closed,0
PR001207,P007,S0063,D0029,D0035,2023-12-26 14:07:43.556633,2023-12-27 00:01:43.556633,9.9,116,Merged,1
PR001208,P007,S0063,D0002,D0007,2023-12-23 15:54:28.495478,2023-12-24 06:12:28.495478,14.3,316,Merged,1
PR001209,P007,S0063,D0020,D0032,2023-12-19 20:20:14.585922,2023-12-20 12:32:14.585922,16.2,92,Merged,1
PR001210,P007,S0064,D0005,D0020,2024-01-06 05:16:28.394634,2024-01-06 17:40:28.394634,12.4,302,Merged,1
PR001211,P007,S0064,D0035,D0049,2024-01-06 12:24:46.312442,2024-01-07 02:18:46.312442,13.9,11,Merged,1
PR001212,P007,S0064,D0022,D0002,2024-01-04 01:44:02.739721,2024-01-04 20:50:02.739721,19.1,14,Merged,1
PR001213,P007,S0064,D0052,D0014,2024-01-08 08:23:46.592610,2024-01-08 16:23:46.592610,8.0,74,Merged,1
PR001214,P007,S0064,D0058,D0007,2024-01-06 03:27:16.861491,,,40,Open,0
PR001215,P007,S0064,D0002,D0014,2024-01-07 11:04:21.417683,2024-01-07 19:46:21.417683,8.7,35,Merged,1
PR001216,P007,S0064,D0058,D0020,2024-01-04 17:45:54.739323,2024-01-05 06:21:54.739323,12.6,139,Closed,0
PR001217,P007,S0064,D0002,D0022,2024-01-10 14:02:09.157716,2024-01-10 18:02:09.157716,4.0,11,Merged,1
PR001218,P007,S0064,D0002,D0049,2024-01-03 03:36:31.794618,2024-01-04 00:42:31.794618,21.1,147,Merged,1
PR001219,P007,S0064,D0020,D0058,2024-01-04 04:31:44.420973,2024-01-06 02:55:44.420973,46.4,85,Merged,1
PR001220,P007,S0064,D0005,D0012,2024-01-08 04:28:04.161007,,,141,Open,0
PR001221,P007,S0064,D0052,D0035,2023-12-31 05:55:37.958832,2024-01-01 02:07:37.958832,20.2,134,Merged,1
PR001222,P007,S0064,D0002,D0058,2023-12-31 19:08:51.704585,2024-01-01 18:14:51.704585,23.1,126,Merged,1
PR001223,P007,S0064,D0007,D0038,2024-01-09 16:41:01.337341,2024-01-11 01:11:01.337341,32.5,86,Merged,1
PR001224,P007,S0064,D0012,D0014,2024-01-08 04:06:14.621224,2024-01-08 17:36:14.621224,13.5,74,Merged,1
PR001225,P007,S0064,D0007,D0029,2024-01-01 02:31:48.927145,2024-01-01 09:37:48.927145,7.1,246,Merged,1
PR001226,P007,S0064,D0029,D0022,2023-12-30 16:52:31.701057,2023-12-31 03:52:31.701057,11.0,32,Merged,1
PR001227,P007,S0064,D0012,D0032,2024-01-05 03:22:35.401410,,,178,Open,0
PR001228,P007,S0064,D0049,D0007,2024-01-05 23:23:38.867985,2024-01-06 09:59:38.867985,10.6,304,Merged,1
PR001229,P007,S0064,D0052,D0048,2024-01-06 03:29:22.920530,2024-01-06 11:35:22.920530,8.1,68,Merged,1
PR001230,P007,S0064,D0022,D0035,2024-01-10 17:28:03.502168,,,162,Open,0
PR001231,P007,S0065,D0048,D0035,2024-01-14 14:06:13.597286,2024-01-14 21:54:13.597286,7.8,78,Merged,1
PR001232,P007,S0065,D0020,D0002,2024-01-22 19:06:54.643482,2024-01-23 21:54:54.643482,26.8,35,Merged,1
PR001233,P007,S0065,D0029,D0022,2024-01-22 02:51:30.763045,2024-01-22 10:39:30.763045,7.8,306,Merged,1
PR001234,P007,S0065,D0002,D0048,2024-01-18 11:16:01.023619,,,126,Open,0
PR001235,P007,S0065,D0052,D0005,2024-01-16 21:32:14.607852,,,11,Open,0
PR001236,P007,S0065,D0022,D0007,2024-01-22 15:33:59.784899,2024-01-22 17:45:59.784899,,104,Merged,1
PR001237,P007,S0065,D0012,D0034,2024-01-24 01:38:48.246683,2024-01-24 13:38:48.246683,12.0,310,Merged,1
PR001238,P007,S0065,D0029,D0048,2024-01-13 07:44:59.767222,2024-01-13 21:02:59.767222,13.3,18,Merged,1
PR001239,P007,S0065,D0034,D0014,2024-01-22 13:40:15.478997,2024-01-24 11:46:15.478997,46.1,154,Merged,1
PR001240,P007,S0065,D0002,D0052,2024-01-17 06:56:27.064491,2024-01-19 15:20:27.064491,56.4,140,Merged,1
PR001241,P007,S0065,D0038,D0007,2024-01-14 20:16:49.531952,,,53,Open,0
PR001242,P007,S0065,D0058,D0032,2024-01-15 22:57:54.845179,2024-01-16 10:45:54.845179,11.8,70,Merged,1
PR001243,P007,S0065,D0002,D0029,2024-01-20 23:34:08.718501,2024-01-21 20:10:08.718501,20.6,72,Merged,1
PR001244,P007,S0065,D0002,D0005,2024-01-20 05:53:33.067118,2024-01-20 18:35:33.067118,12.7,354,Merged,1
PR001245,P007,S0065,D0034,D0052,2024-01-14 21:51:00.282931,2024-01-15 17:27:00.282931,19.6,192,Merged,1
PR001246,P007,S0065,D0007,D0022,2024-01-19 22:25:46.833535,2024-01-20 01:19:46.833535,2.9,113,Merged,1
PR001247,P007,S0065,D0012,D0022,2024-01-20 07:42:14.155933,2024-01-20 09:42:14.155933,2.0,91,Merged,1
PR001248,P007,S0065,D0014,D0058,2024-01-13 20:45:59.624328,2024-01-14 11:33:59.624328,14.8,8,Merged,1
PR001249,P007,S0065,D0048,D0002,2024-01-14 12:40:26.631195,2024-01-14 14:28:26.631195,1.8,213,Closed,0
PR001250,P007,S0065,D0002,D0034,2024-01-20 06:52:21.539222,2024-01-21 21:58:21.539222,39.1,39,Merged,1
PR001251,P007,S0065,D0032,D0005,2024-01-20 17:58:27.224452,2024-01-21 03:46:27.224452,9.8,113,Closed,0
PR001252,P007,S0065,D0048,D0038,2024-01-23 20:37:37.203824,2024-01-24 00:43:37.203824,4.1,115,Merged,1
PR001253,P007,S0065,D0005,D0022,2024-01-13 14:58:15.516749,2024-01-13 23:58:15.516749,9.0,22,Merged,1
PR001254,P007,S0065,D0002,D0038,2024-01-17 17:14:00.826128,2024-01-17 20:50:00.826128,3.6,22,Merged,1
PR001255,P007,S0065,D0049,D0029,2024-01-21 16:50:02.686906,,,57,Open,0
PR001256,P007,S0065,D0022,D0012,2024-01-22 20:49:11.914360,2024-01-23 05:25:11.914360,8.6,50,Merged,1
PR001257,P007,S0065,D0020,D0035,2024-01-23 05:57:10.763091,2024-01-23 18:21:10.763091,12.4,123,Merged,1
PR001258,P007,S0065,D0035,D0032,2024-01-19 08:59:55.842145,2024-01-19 23:29:55.842145,14.5,303,Merged,1
PR001259,P007,S0065,D0058,D0022,2024-01-13 14:12:03.862938,,,223,Open,0
PR001260,P007,S0066,D0032,D0034,2024-02-05 04:56:47.070177,,,75,Open,0
PR001261,P007,S0066,D0058,D0007,2024-01-28 17:29:03.223102,2024-01-28 21:59:03.223102,4.5,53,Merged,1
PR001262,P007,S0066,D0049,D0052,2024-01-28 07:03:27.049978,2024-01-28 14:21:27.049978,7.3,43,Merged,1
PR001263,P007,S0066,D0048,D0012,2024-02-01 22:56:14.072869,2024-02-02 05:50:14.072869,6.9,55,Closed,0
PR001264,P007,S0066,D0022,D0005,2024-01-27 13:51:57.232066,2024-01-28 22:03:57.232066,32.2,165,Merged,1
PR001265,P007,S0066,D0022,D0005,2024-01-27 00:25:37.151710,2024-01-27 23:07:37.151710,22.7,129,Merged,1
PR001266,P007,S0066,D0034,D0052,2024-02-02 19:36:47.509307,,,543,Open,0
PR001267,P007,S0066,D0034,D0029,2024-02-01 00:33:50.518660,2024-02-01 06:51:50.518660,6.3,46,Merged,1
PR001268,P007,S0066,D0052,D0029,2024-02-01 00:01:53.938804,,,170,Open,0
PR001269,P007,S0066,D0035,D0012,2024-01-27 22:43:04.486856,2024-01-28 02:55:04.486856,4.2,48,Closed,0
PR001270,P007,S0066,D0002,D0058,2024-02-02 23:51:47.344801,2024-02-03 03:03:47.344801,3.2,71,Merged,1
PR001271,P007,S0066,D0032,D0048,2024-02-06 17:44:05.991235,2024-02-06 18:26:05.991235,0.7,63,Merged,1
PR001272,P007,S0066,D0058,D0048,2024-01-31 13:10:15.716950,2024-01-31 19:16:15.716950,6.1,81,Merged,1
PR001273,P007,S0066,D0058,D0048,2024-01-27 00:01:56.266438,,,52,Open,0
PR001274,P007,S0066,D0038,D0012,2024-02-01 22:32:31.846193,2024-02-02 22:44:31.846193,24.2,25,Merged,1
PR001275,P007,S0066,D0035,D0007,2024-01-31 17:01:06.120981,2024-01-31 23:55:06.120981,6.9,25,Merged,1
PR001276,P007,S0066,D0005,D0022,2024-01-31 07:02:03.072346,2024-01-31 14:56:03.072346,7.9,126,Merged,1
PR001277,P007,S0066,D0049,D0020,2024-02-02 11:35:09.693826,2024-02-03 10:05:09.693826,22.5,228,Merged,1
PR001278,P007,S0066,D0022,D0034,2024-02-04 07:07:43.432316,2024-02-04 23:43:43.432316,16.6,93,Merged,1
PR001279,P007,S0066,D0005,D0002,2024-01-28 20:13:34.131173,2024-01-29 18:25:34.131173,22.2,88,Merged,1
PR001280,P007,S0066,D0029,D0002,2024-01-31 10:38:54.221272,2024-02-01 05:38:54.221272,19.0,247,Merged,1
PR001281,P007,S0066,D0032,D0029,2024-02-02 02:30:12.575705,2024-02-02 08:54:12.575705,6.4,78,Merged,1
PR001282,P007,S0066,D0012,D0032,2024-01-27 03:10:21.016488,2024-01-27 14:04:21.016488,10.9,140,Merged,1
PR001283,P007,S0066,D0052,D0014,2024-02-05 20:53:34.346510,2024-02-06 08:29:34.346510,11.6,296,Merged,1
PR001284,P007,S0066,D0048,D0007,2024-02-07 00:45:23.430467,2024-02-07 07:27:23.430467,6.7,26,Merged,1
PR001285,P007,S0066,D0032,D0002,2024-02-06 02:40:46.164741,2024-02-06 14:40:46.164741,12.0,88,Merged,1
PR001286,P007,S0066,D0052,D0005,2024-02-06 10:21:06.651584,2024-02-06 17:39:06.651584,7.3,128,Merged,1
PR001287,P007,S0067,D0002,D0007,2024-02-14 08:39:19.680349,2024-02-14 13:51:19.680349,5.2,34,Merged,1
PR001288,P007,S0067,D0029,D0032,2024-02-21 18:21:55.368135,2024-02-22 12:09:55.368135,17.8,143,Closed,0
PR001289,P007,S0067,D0052,D0020,2024-02-12 00:55:57.185018,2024-02-12 10:07:57.185018,9.2,95,Merged,1
PR001290,P007,S0067,D0005,D0029,2024-02-21 09:31:52.372607,2024-02-21 20:37:52.372607,11.1,276,Merged,1
PR001291,P007,S0067,D0005,D0032,2024-02-11 12:50:15.302852,2024-02-11 17:50:15.302852,5.0,83,Merged,1
PR001292,P007,S0067,D0012,D0002,2024-02-20 16:17:17.589967,2024-02-21 06:59:17.589967,14.7,164,Merged,1
PR001293,P007,S0067,D0032,D0002,2024-02-11 11:38:33.242814,2024-02-11 19:38:33.242814,8.0,51,Closed,0
PR001294,P007,S0067,D0034,D0022,2024-02-16 11:30:14.862086,2024-02-18 00:00:14.862086,36.5,228,Merged,1
PR001295,P007,S0067,D0005,D0022,2024-02-11 21:50:20.607544,2024-02-12 02:08:20.607544,4.3,101,Closed,0
PR001296,P007,S0067,D0012,D0038,2024-02-17 09:48:31.953199,2024-02-18 08:18:31.953199,22.5,23,Merged,1
PR001297,P007,S0067,D0038,D0002,2024-02-10 02:59:06.860167,,,211,Open,0
PR001298,P007,S0067,D0048,D0029,2024-02-20 16:14:20.408265,2024-02-20 23:32:20.408265,7.3,50,Merged,1
PR001299,P007,S0067,D0012,D0052,2024-02-10 05:36:36.561974,2024-02-11 11:48:36.561974,30.2,103,Merged,1
PR001300,P007,S0067,D0048,D0022,2024-02-19 16:46:23.413349,2024-02-20 17:16:23.413349,24.5,100,Closed,0
PR001301,P007,S0067,D0012,D0032,2024-02-14 10:05:22.688269,2024-02-14 12:05:22.688269,2.0,330,Merged,1
PR001302,P007,S0067,D0007,D0002,2024-02-18 18:12:02.774966,2024-02-18 23:54:02.774966,5.7,139,Merged,1
PR001303,P007,S0067,D0058,D0034,2024-02-10 19:23:28.154395,2024-02-11 17:35:28.154395,22.2,282,Merged,1
PR001304,P007,S0068,D0058,D0052,2024-02-28 15:44:40.185192,2024-02-29 07:14:40.185192,15.5,194,Merged,1
PR001305,P007,S0068,D0014,D0032,2024-03-05 16:59:40.925294,,,53,Open,0
PR001306,P007,S0068,D0022,D0032,2024-02-24 22:14:19.330944,2024-02-25 03:02:19.330944,4.8,193,Closed,0
PR001307,P007,S0068,D0048,D0020,2024-02-28 15:42:42.440677,2024-02-29 11:42:42.440677,20.0,16,Merged,1
PR001308,P007,S0068,D0034,D0007,2024-02-27 21:01:10.327693,2024-02-28 04:19:10.327693,7.3,34,Closed,0
PR001309,P007,S0068,D0032,D0022,2024-03-04 12:09:01.136716,2024-03-05 11:45:01.136716,23.6,212,Merged,1
PR001310,P007,S0068,D0048,D0029,2024-02-27 17:26:21.146903,2024-02-28 02:20:21.146903,8.9,198,Merged,1
PR001311,P007,S0068,D0035,D0052,2024-03-02 08:28:51.731812,,,30,Open,0
PR001312,P007,S0068,D0052,D0020,2024-02-25 05:56:18.529964,2024-02-25 19:38:18.529964,13.7,160,Closed,0
PR001313,P007,S0068,D0007,D0052,2024-02-27 04:48:17.906984,2024-02-27 12:24:17.906984,7.6,105,Merged,1
PR001314,P007,S0068,D0002,D0038,2024-02-24 13:05:56.269697,2024-02-24 20:23:56.269697,7.3,174,Merged,1
PR001315,P007,S0068,D0032,D0005,2024-03-04 16:18:14.263973,2024-03-05 06:00:14.263973,13.7,254,Merged,1
PR001316,P007,S0068,D0038,D0002,2024-02-25 11:10:55.391519,,,75,Open,0
PR001317,P007,S0068,D0048,D0022,2024-03-01 09:22:20.197700,2024-03-02 02:28:20.197700,17.1,149,Closed,0
PR001318,P007,S0068,D0058,D0048,2024-03-04 04:29:49.008082,2024-03-04 10:11:49.008082,5.7,72,Merged,1
PR001319,P007,S0068,D0034,D0032,2024-02-26 01:02:53.433411,,,92,Open,0
PR001320,P007,S0068,D0032,D0029,2024-03-01 17:09:54.041834,,,87,Open,0
PR001321,P007,S0069,D0005,D0020,2024-03-11 03:25:50.693897,2024-03-11 15:13:50.693897,11.8,26,Merged,1
PR001322,P007,S0069,D0005,D0049,2024-03-16 17:38:57.784883,2024-03-17 08:32:57.784883,14.9,70,Closed,0
PR001323,P007,S0069,D0032,D0058,2024-03-11 22:44:10.970634,2024-03-12 19:08:10.970634,20.4,174,Closed,0
PR001324,P007,S0069,D0005,D0048,2024-03-20 04:28:13.357529,2024-03-20 12:16:13.357529,7.8,69,Closed,0
PR001325,P007,S0069,D0022,D0005,2024-03-18 17:46:50.138648,,,160,Open,0
PR001326,P007,S0069,D0029,D0032,2024-03-20 00:23:53.764811,2024-03-20 13:35:53.764811,13.2,37,Merged,1
PR001327,P007,S0069,D0014,D0020,2024-03-15 05:26:08.915457,2024-03-15 19:32:08.915457,14.1,138,Merged,1
PR001328,P007,S0069,D0034,D0029,2024-03-14 07:21:30.253853,2024-03-14 11:57:30.253853,4.6,14,Merged,1
PR001329,P007,S0069,D0058,D0020,2024-03-19 09:15:30.295805,2024-03-20 09:39:30.295805,24.4,195,Merged,1
PR001330,P007,S0069,D0058,D0029,2024-03-12 12:39:28.696758,2024-03-12 14:03:28.696758,1.4,154,Merged,1
PR001331,P007,S0069,D0007,D0035,2024-03-18 16:40:59.135405,2024-03-18 20:28:59.135405,3.8,49,Closed,0
PR001332,P007,S0069,D0014,D0032,2024-03-15 12:50:43.483499,2024-03-16 01:32:43.483499,12.7,56,Closed,0
PR001333,P007,S0069,D0049,D0029,2024-03-17 04:14:15.763954,2024-03-17 05:38:15.763954,1.4,204,Closed,0
PR001334,P007,S0069,D0035,D0032,2024-03-19 14:29:40.949493,2024-03-20 00:29:40.949493,10.0,146,Merged,1
PR001335,P007,S0070,D0012,D0052,2024-03-28 16:07:06.186229,2024-03-29 14:19:06.186229,22.2,161,Merged,1
PR001336,P007,S0070,D0014,D0002,2024-03-30 00:44:16.771967,2024-03-30 16:56:16.771967,16.2,80,Merged,1
PR001337,P007,S0070,D0038,D0002,2024-04-02 09:18:42.333533,2024-04-02 11:30:42.333533,2.2,47,Merged,1
PR001338,P007,S0070,D0048,D0002,2024-03-29 17:35:21.651415,2024-03-29 22:23:21.651415,4.8,169,Merged,1
PR001339,P007,S0070,D0048,D0007,2024-03-31 22:08:20.451334,2024-04-01 17:50:20.451334,19.7,145,Merged,1
PR001340,P007,S0070,D0012,D0049,2024-03-27 14:27:07.820863,,,135,Open,0
PR001341,P007,S0070,D0052,D0007,2024-04-02 19:20:14.930516,2024-04-03 17:38:14.930516,22.3,56,Merged,1
PR001342,P007,S0070,D0058,D0007,2024-03-29 12:15:39.898068,2024-03-29 18:15:39.898068,6.0,122,Merged,1
PR001343,P007,S0070,D0014,D0012,2024-04-03 21:15:11.378571,2024-04-04 11:51:11.378571,14.6,191,Merged,1
PR001344,P007,S0070,D0034,D0014,2024-04-01 03:50:53.168190,2024-04-01 07:26:53.168190,3.6,64,Merged,1
PR001345,P007,S0070,D0049,D0002,2024-03-23 20:50:07.839219,2024-03-24 07:14:07.839219,10.4,140,Merged,1
PR001346,P007,S0070,D0052,D0029,2024-04-02 01:52:31.374507,2024-04-02 04:10:31.374507,2.3,139,Merged,1
PR001347,P007,S0070,D0012,D0048,2024-04-01 00:16:39.639360,2024-04-02 04:58:39.639360,28.7,206,Closed,0
PR001348,P007,S0070,D0034,D0049,2024-04-03 18:21:58.808988,2024-04-04 07:09:58.808988,12.8,165,Merged,1
PR001349,P008,S0071,D0028,D0011,2023-12-30 05:41:25.561939,2023-12-30 12:47:25.561939,7.1,104,Merged,1
PR001350,P008,S0071,D0016,D0051,2024-01-08 08:05:56.123903,2024-01-08 11:29:56.123903,3.4,110,Merged,1
PR001351,P008,S0071,D0051,D0016,2024-01-01 11:19:10.826985,2024-01-01 21:07:10.826985,9.8,53,Closed,0
PR001352,P008,S0071,D0028,D0039,2024-01-07 21:15:47.728740,2024-01-08 12:15:47.728740,15.0,154,Merged,1
PR001353,P008,S0071,D0039,D0011,2024-01-06 21:03:50.337618,2024-01-07 02:21:50.337618,5.3,76,Merged,1
PR001354,P008,S0071,D0028,D0011,2023-12-31 00:10:31.624447,2023-12-31 19:52:31.624447,19.7,110,Merged,1
PR001355,P008,S0071,D0051,D0028,2024-01-06 06:00:42.878086,2024-01-08 17:42:42.878086,59.7,104,Closed,0
PR001356,P008,S0071,D0011,D0051,2023-12-31 01:12:07.619585,2023-12-31 03:24:07.619585,2.2,7,Merged,1
PR001357,P008,S0071,D0011,D0039,2024-01-08 00:31:12.475564,2024-01-08 12:25:12.475564,11.9,70,Merged,1
PR001358,P008,S0071,D0051,D0016,2023-12-28 13:15:09.381901,2023-12-28 22:39:09.381901,9.4,25,Merged,1
PR001359,P008,S0071,D0016,D0028,2023-12-31 13:52:18.556451,,,82,Open,0
PR001360,P008,S0071,D0039,D0028,2024-01-04 19:54:42.574283,2024-01-06 00:42:42.574283,28.8,37,Merged,1
PR001361,P008,S0071,D0028,D0039,2023-12-31 11:14:01.392938,2023-12-31 17:26:01.392938,6.2,8,Merged,1
PR001362,P008,S0071,D0039,D0051,2023-12-31 07:36:42.945540,2023-12-31 09:06:42.945540,1.5,78,Merged,1
PR001363,P008,S0071,D0039,D0016,2024-01-05 21:37:12.820381,2024-01-06 18:49:12.820381,21.2,84,Merged,1
PR001364,P008,S0071,D0016,D0039,2023-12-30 13:29:56.404147,2023-12-30 21:05:56.404147,7.6,65,Merged,1
PR001365,P008,S0071,D0051,D0011,2024-01-08 22:29:18.063889,2024-01-11 01:17:18.063889,50.8,201,Merged,1
PR001366,P008,S0071,D0016,D0051,2024-01-04 21:08:37.759851,2024-01-05 06:14:37.759851,9.1,99,Merged,1
PR001367,P008,S0072,D0051,D0016,2024-01-11 06:21:29.010829,2024-01-11 20:33:29.010829,14.2,67,Merged,1
PR001368,P008,S0072,D0051,D0016,2024-01-22 09:28:07.537784,2024-01-24 16:34:07.537784,55.1,104,Merged,1
PR001369,P008,S0072,D0039,D0016,2024-01-19 13:31:51.176175,2024-01-20 09:43:51.176175,20.2,158,Merged,1
PR001370,P008,S0072,D0028,D0039,2024-01-17 14:22:12.848051,2024-01-18 17:22:12.848051,27.0,143,Merged,1
PR001371,P008,S0072,D0016,D0011,2024-01-14 02:17:09.717624,2024-01-15 05:05:09.717624,26.8,126,Closed,0
PR001372,P008,S0072,D0011,D0039,2024-01-21 19:28:42.388538,2024-01-21 21:28:42.388538,,111,Closed,0
PR001373,P008,S0072,D0039,D0016,2024-01-20 12:33:58.421693,2024-01-20 20:33:58.421693,8.0,97,Merged,1
PR001374,P008,S0072,D0028,D0016,2024-01-19 13:20:46.004745,2024-01-20 02:44:46.004745,13.4,77,Merged,1
PR001375,P008,S0072,D0051,D0016,2024-01-15 22:23:10.558786,,,65,Open,0
PR001376,P008,S0072,D0016,D0028,2024-01-17 20:58:45.338586,2024-01-18 09:22:45.338586,12.4,142,Merged,1
PR001377,P008,S0072,D0051,D0011,2024-01-16 06:37:11.821187,2024-01-16 14:01:11.821187,7.4,41,Merged,1
PR001378,P008,S0072,D0011,D0051,2024-01-21 14:18:12.451365,2024-01-22 05:36:12.451365,15.3,188,Merged,1
PR001379,P008,S0072,D0051,D0016,2024-01-11 14:48:04.504399,2024-01-12 13:48:04.504399,23.0,239,Merged,1
PR001380,P008,S0072,D0039,D0028,2024-01-15 15:47:47.718309,2024-01-15 19:05:47.718309,3.3,42,Merged,1
PR001381,P008,S0073,D0028,D0011,2024-01-29 04:30:55.214886,2024-01-29 14:30:55.214886,10.0,104,Merged,1
PR001382,P008,S0073,D0011,D0016,2024-01-26 18:59:43.697998,,,101,Open,0
PR001383,P008,S0073,D0051,D0011,2024-01-31 03:52:14.185348,,,270,Open,0
PR001384,P008,S0073,D0039,D0028,2024-01-26 15:08:11.953419,2024-01-28 05:02:11.953419,37.9,245,Merged,1
PR001385,P008,S0073,D0039,D0016,2024-01-29 04:06:24.478025,2024-01-29 20:30:24.478025,16.4,53,Closed,0
PR001386,P008,S0073,D0051,D0016,2024-01-26 09:54:07.522958,2024-01-27 04:54:07.522958,19.0,55,Merged,1
PR001387,P008,S0073,D0016,D0039,2024-01-31 16:11:26.682696,2024-02-01 10:59:26.682696,18.8,97,Closed,0
PR001388,P008,S0073,D0028,D0016,2024-01-28 01:27:39.752073,,,83,Open,0
PR001389,P008,S0073,D0051,D0028,2024-01-25 17:22:01.601223,2024-01-26 04:58:01.601223,11.6,124,Merged,1
PR001390,P008,S0073,D0028,D0051,2024-01-28 15:43:35.533676,2024-01-29 19:13:35.533676,27.5,74,Closed,0
PR001391,P008,S0073,D0011,D0039,2024-01-30 15:13:02.150347,2024-02-01 16:13:02.150347,49.0,14,Merged,1
PR001392,P008,S0073,D0028,D0016,2024-02-01 04:14:05.599826,2024-02-01 20:02:05.599826,15.8,56,Merged,1
PR001393,P008,S0073,D0028,D0016,2024-01-26 22:09:15.479749,2024-01-27 09:27:15.479749,11.3,157,Merged,1
PR001394,P008,S0073,D0011,D0051,2024-01-30 00:16:44.023721,2024-01-31 03:16:44.023721,27.0,131,Merged,1
PR001395,P008,S0073,D0011,D0028,2024-01-27 03:09:59.536362,2024-01-28 13:21:59.536362,34.2,90,Merged,1
PR001396,P008,S0073,D0051,D0011,2024-02-05 18:09:10.743073,2024-02-06 16:15:10.743073,22.1,399,Merged,1
PR001397,P008,S0073,D0016,D0028,2024-02-01 03:33:53.447077,2024-02-01 16:09:53.447077,12.6,101,Merged,1
PR001398,P008,S0073,D0028,D0011,2024-02-01 13:30:37.943032,,,503,Open,0
PR001399,P008,S0073,D0028,D0011,2024-02-01 02:03:42.099400,2024-02-02 01:57:42.099400,23.9,19,Merged,1
PR001400,P008,S0073,D0011,D0028,2024-01-28 17:30:52.147924,2024-01-30 02:36:52.147924,33.1,239,Merged,1
PR001401,P008,S0073,D0016,D0039,2024-01-25 23:36:22.624520,,,62,Open,0
PR001402,P008,S0073,D0011,D0039,2024-01-31 05:24:42.396156,2024-02-01 06:48:42.396156,25.4,58,Merged,1
PR001403,P008,S0073,D0011,D0016,2024-02-03 00:43:31.790618,2024-02-04 04:01:31.790618,27.3,87,Closed,0
PR001404,P008,S0073,D0028,D0011,2024-02-04 08:02:10.823821,2024-02-05 02:02:10.823821,18.0,58,Merged,1
PR001405,P008,S0073,D0028,D0039,2024-02-04 10:19:57.891812,2024-02-04 14:13:57.891812,3.9,56,Merged,1
PR001406,P008,S0073,D0051,D0011,2024-02-02 18:00:46.097300,2024-02-04 00:30:46.097300,30.5,65,Merged,1
PR001407,P008,S0073,D0016,D0028,2024-01-31 08:12:45.431501,2024-02-01 01:30:45.431501,17.3,135,Merged,1
PR001408,P008,S0074,D0051,D0016,2024-02-17 00:50:02.976313,,,235,Open,0
PR001409,P008,S0074,D0051,D0028,2024-02-11 07:49:38.670899,2024-02-12 14:37:38.670899,30.8,118,Merged,1
PR001410,P008,S0074,D0039,D0051,2024-02-18 18:45:09.439053,2024-02-20 05:03:09.439053,34.3,156,Merged,1
PR001411,P008,S0074,D0039,D0051,2024-02-11 10:27:52.257864,2024-02-11 12:39:52.257864,2.2,48,Merged,1
PR001412,P008,S0074,D0016,D0028,2024-02-15 03:09:39.679739,2024-02-15 17:57:39.679739,14.8,126,Merged,1
PR001413,P008,S0074,D0011,D0028,2024-02-10 18:09:29.544956,2024-02-11 14:45:29.544956,20.6,71,Closed,0
PR001414,P008,S0074,D0011,D0028,2024-02-12 18:33:32.117304,2024-02-13 01:39:32.117304,7.1,44,Closed,0
PR001415,P008,S0074,D0016,D0039,2024-02-16 12:01:19.103236,,,311,Open,0
PR001416,P008,S0074,D0051,D0039,2024-02-10 10:07:29.737101,,,112,Open,0
PR001417,P008,S0074,D0011,D0028,2024-02-16 12:42:37.901438,2024-02-17 03:48:37.901438,15.1,30,Merged,1
PR001418,P008,S0074,D0016,D0011,2024-02-14 17:34:50.792273,,,43,Open,0
PR001419,P008,S0074,D0016,D0051,2024-02-19 02:29:50.383387,2024-02-20 07:05:50.383387,28.6,99,Closed,0
PR001420,P008,S0074,D0028,D0051,2024-02-09 17:06:48.309199,2024-02-12 10:18:48.309199,65.2,60,Merged,1
PR001421,P008,S0074,D0039,D0016,2024-02-19 20:00:51.801799,,,46,Open,0
PR001422,P008,S0074,D0039,D0051,2024-02-08 12:17:59.827828,2024-02-09 21:23:59.827828,33.1,133,Merged,1
PR001423,P008,S0074,D0028,D0039,2024-02-17 20:02:47.025258,2024-02-19 15:50:47.025258,43.8,121,Merged,1
PR001424,P008,S0074,D0051,D0016,2024-02-12 15:38:25.760186,2024-02-13 07:14:25.760186,15.6,81,Merged,1
PR001425,P008,S0074,D0011,D0051,2024-02-16 12:04:48.798778,2024-02-17 12:22:48.798778,24.3,211,Merged,1
PR001426,P008,S0074,D0011,D0016,2024-02-13 17:53:52.194183,2024-02-14 13:35:52.194183,19.7,51,Merged,1
PR001427,P008,S0074,D0016,D0028,2024-02-15 03:12:01.826843,2024-02-15 11:48:01.826843,8.6,167,Closed,0
PR001428,P008,S0074,D0016,D0011,2024-02-16 00:08:36.740473,2024-02-16 17:38:36.740473,17.5,139,Merged,1
PR001429,P008,S0074,D0011,D0028,2024-02-15 01:30:54.529966,2024-02-16 05:36:54.529966,28.1,79,Merged,1
PR001430,P008,S0074,D0016,D0011,2024-02-13 15:08:42.173251,2024-02-20 13:38:42.173251,166.5,278,Merged,1
PR001431,P008,S0074,D0028,D0016,2024-02-14 21:25:57.638804,2024-02-17 06:55:57.638804,57.5,68,Merged,1
PR001432,P008,S0074,D0011,D0039,2024-02-12 22:34:39.097654,2024-02-13 20:40:39.097654,22.1,13,Merged,1
PR001433,P008,S0074,D0028,D0039,2024-02-10 02:41:18.488950,2024-02-11 02:11:18.488950,23.5,126,Merged,1
PR001434,P008,S0074,D0011,D0016,2024-02-18 18:27:08.266082,2024-02-19 12:33:08.266082,18.1,64,Merged,1
PR001435,P008,S0074,D0016,D0011,2024-02-13 08:06:31.004826,,,70,Open,0
PR001436,P008,S0074,D0051,D0016,2024-02-15 07:57:07.908123,2024-02-15 20:21:07.908123,12.4,30,Merged,1
PR001437,P008,S0075,D0051,D0039,2024-02-26 01:32:51.674764,2024-02-27 10:44:51.674764,33.2,243,Merged,1
PR001438,P008,S0075,D0051,D0028,2024-02-25 16:45:32.891085,,,105,Open,0
PR001439,P008,S0075,D0039,D0016,2024-03-01 03:24:30.975721,2024-03-01 17:12:30.975721,13.8,110,Merged,1
PR001440,P008,S0075,D0028,D0016,2024-03-04 18:23:34.011113,2024-03-05 15:23:34.011113,21.0,199,Merged,1
PR001441,P008,S0075,D0051,D0011,2024-02-22 00:05:05.326300,2024-02-24 00:11:05.326300,48.1,139,Merged,1
PR001442,P008,S0075,D0028,D0039,2024-02-25 00:37:30.040159,2024-02-26 15:01:30.040159,38.4,110,Merged,1
PR001443,P008,S0075,D0016,D0051,2024-02-28 12:04:53.018405,2024-02-29 02:22:53.018405,14.3,15,Closed,0
PR001444,P008,S0075,D0028,D0011,2024-03-03 05:29:01.611823,2024-03-03 23:29:01.611823,18.0,134,Merged,1
PR001445,P008,S0075,D0039,D0016,2024-02-28 03:53:49.361237,2024-02-29 08:11:49.361237,28.3,66,Merged,1
PR001446,P008,S0075,D0051,D0011,2024-02-25 11:34:44.715101,2024-02-28 12:22:44.715101,72.8,82,Merged,1
PR001447,P008,S0075,D0051,D0028,2024-02-29 08:13:13.360614,2024-03-02 08:07:13.360614,47.9,300,Merged,1
PR001448,P008,S0075,D0011,D0039,2024-02-29 03:57:08.043139,2024-03-01 01:57:08.043139,22.0,183,Closed,0
PR001449,P008,S0076,D0011,D0051,2024-03-16 08:15:56.467811,2024-03-18 04:51:56.467811,44.6,118,Merged,1
PR001450,P008,S0076,D0039,D0051,2024-03-14 16:51:56.399567,2024-03-15 06:03:56.399567,13.2,87,Merged,1
PR001451,P008,S0076,D0028,D0051,2024-03-17 07:33:32.361632,2024-03-17 15:39:32.361632,8.1,425,Merged,1
PR001452,P008,S0076,D0039,D0028,2024-03-07 10:18:49.492723,2024-03-07 18:18:49.492723,8.0,89,Closed,0
PR001453,P008,S0076,D0039,D0011,2024-03-11 08:36:02.887463,2024-03-14 15:00:02.887463,78.4,117,Merged,1
PR001454,P008,S0076,D0051,D0039,2024-03-18 02:52:41.187950,2024-03-18 08:04:41.187950,5.2,2,Merged,1
PR001455,P008,S0076,D0016,D0011,2024-03-15 03:33:56.064777,2024-03-16 06:33:56.064777,27.0,195,Merged,1
PR001456,P008,S0076,D0011,D0039,2024-03-13 02:26:07.612849,2024-03-14 09:56:07.612849,31.5,293,Merged,1
PR001457,P008,S0076,D0051,D0011,2024-03-10 21:12:42.262995,2024-03-11 08:42:42.262995,11.5,102,Closed,0
PR001458,P008,S0076,D0028,D0011,2024-03-14 04:45:48.172832,2024-03-14 16:03:48.172832,11.3,177,Merged,1
PR001459,P008,S0076,D0039,D0051,2024-03-18 07:23:28.734033,2024-03-19 02:11:28.734033,18.8,27,Closed,0
PR001460,P008,S0076,D0039,D0016,2024-03-18 12:03:28.443666,2024-03-19 13:21:28.443666,25.3,217,Merged,1
PR001461,P008,S0076,D0051,D0028,2024-03-12 02:20:22.366909,2024-03-12 18:50:22.366909,16.5,43,Merged,1
PR001462,P008,S0077,D0011,D0039,2024-03-25 08:27:03.292071,2024-03-25 17:09:03.292071,8.7,55,Merged,1
PR001463,P008,S0077,D0051,D0016,2024-03-27 18:18:04.602160,,,74,Open,0
PR001464,P008,S0077,D0028,D0051,2024-03-29 01:26:08.887457,2024-03-30 11:38:08.887457,34.2,61,Closed,0
PR001465,P008,S0077,D0028,D0051,2024-03-29 09:51:56.419566,2024-03-30 06:09:56.419566,20.3,190,Merged,1
PR001466,P008,S0077,D0051,D0011,2024-03-30 19:25:40.431350,2024-04-02 11:55:40.431350,64.5,188,Merged,1
PR001467,P008,S0077,D0011,D0016,2024-03-28 09:30:54.021887,2024-03-28 22:12:54.021887,12.7,82,Merged,1
PR001468,P008,S0077,D0011,D0039,2024-03-26 07:44:16.805444,2024-03-28 23:26:16.805444,63.7,289,Merged,1
PR001469,P008,S0077,D0011,D0028,2024-03-21 00:03:57.847167,2024-03-21 10:27:57.847167,10.4,46,Merged,1
PR001470,P008,S0077,D0051,D0039,2024-03-28 20:42:02.817313,2024-03-29 04:54:02.817313,8.2,31,Merged,1
PR001471,P008,S0077,D0051,D0039,2024-03-22 11:28:46.750058,2024-03-22 20:04:46.750058,8.6,66,Merged,1
PR001472,P008,S0077,D0028,D0011,2024-03-22 15:16:15.387680,2024-03-23 07:16:15.387680,16.0,44,Merged,1
PR001473,P008,S0078,D0028,D0051,2024-04-08 20:55:07.034092,,,116,Open,0
PR001474,P008,S0078,D0016,D0011,2024-04-11 07:51:56.472538,2024-04-11 22:27:56.472538,14.6,105,Merged,1
PR001475,P008,S0078,D0051,D0039,2024-04-11 11:20:04.073677,2024-04-11 21:14:04.073677,9.9,77,Merged,1
PR001476,P008,S0078,D0028,D0051,2024-04-11 12:48:16.768672,2024-04-14 04:18:16.768672,63.5,202,Merged,1
PR001477,P008,S0078,D0016,D0028,2024-04-06 17:41:28.292622,2024-04-06 20:23:28.292622,2.7,27,Closed,0
PR001478,P008,S0078,D0011,D0051,2024-04-13 02:26:10.869199,2024-04-13 11:44:10.869199,9.3,88,Merged,1
PR001479,P008,S0078,D0028,D0016,2024-04-05 06:42:15.018763,2024-04-08 01:42:15.018763,67.0,405,Merged,1
PR001480,P008,S0078,D0051,D0016,2024-04-07 21:20:53.522634,2024-04-09 03:14:53.522634,29.9,149,Merged,1
PR001481,P008,S0078,D0011,D0051,2024-04-12 05:10:39.778180,2024-04-13 15:52:39.778180,34.7,192,Merged,1
PR001482,P008,S0078,D0051,D0016,2024-04-07 03:34:20.784540,2024-04-07 22:34:20.784540,19.0,160,Merged,1
PR001483,P008,S0078,D0028,D0051,2024-04-07 20:57:59.495112,2024-04-10 15:51:59.495112,66.9,218,Closed,0
PR001484,P008,S0078,D0028,D0039,2024-04-08 02:22:23.316532,2024-04-08 15:46:23.316532,13.4,82,Merged,1
PR001485,P008,S0078,D0011,D0051,2024-04-14 17:42:13.983004,2024-04-15 06:00:13.983004,12.3,5,Merged,1
PR001486,P008,S0078,D0016,D0039,2024-04-08 14:02:15.501300,2024-04-08 23:32:15.501300,9.5,486,Merged,1
PR001487,P008,S0078,D0011,D0028,2024-04-15 18:35:00.745275,2024-04-18 12:35:00.745275,66.0,198,Merged,1
PR001488,P008,S0078,D0016,D0051,2024-04-05 01:20:22.310841,2024-04-07 17:02:22.310841,63.7,117,Merged,1
PR001489,P008,S0078,D0028,D0016,2024-04-11 22:20:26.320417,,,64,Open,0
PR001490,P008,S0078,D0011,D0051,2024-04-13 00:02:46.092395,2024-04-14 02:32:46.092395,26.5,137,Merged,1
PR001491,P008,S0078,D0016,D0011,2024-04-14 03:12:18.459121,2024-04-15 02:18:18.459121,23.1,99,Merged,1
PR001492,P008,S0078,D0051,D0039,2024-04-14 06:32:12.148899,2024-04-15 00:08:12.148899,17.6,158,Closed,0
PR001493,P008,S0078,D0039,D0051,2024-04-08 22:41:13.611323,2024-04-09 11:17:13.611323,12.6,49,Merged,1
PR001494,P008,S0078,D0039,D0016,2024-04-06 14:36:52.564516,2024-04-07 12:06:52.564516,21.5,202,Merged,1
PR001495,P008,S0078,D0039,D0051,2024-04-12 16:24:08.745680,2024-04-13 02:12:08.745680,,28,Merged,1
PR001496,P008,S0078,D0028,D0039,2024-04-13 17:25:43.045643,2024-04-14 18:43:43.045643,25.3,48,Closed,0
PR001497,P008,S0079,D0051,D0011,2024-04-28 03:19:20.898454,2024-04-28 16:13:20.898454,12.9,19,Merged,1
PR001498,P008,S0079,D0016,D0051,2024-04-23 22:07:55.941131,2024-04-25 14:43:55.941131,40.6,77,Closed,0
PR001499,P008,S0079,D0011,D0028,2024-04-26 23:27:36.941646,2024-04-27 14:57:36.941646,15.5,168,Merged,1
PR001500,P008,S0079,D0039,D0016,2024-04-18 12:43:19.224521,2024-04-18 15:25:19.224521,2.7,17,Merged,1
PR001501,P008,S0079,D0039,D0051,2024-04-26 06:48:20.195030,2024-04-27 01:06:20.195030,18.3,90,Merged,1
PR001502,P008,S0079,D0016,D0011,2024-04-26 17:10:59.851435,2024-04-28 00:46:59.851435,31.6,89,Merged,1
PR001503,P008,S0079,D0011,D0051,2024-04-19 01:51:01.832979,2024-04-21 08:39:01.832979,54.8,198,Merged,1
PR001504,P008,S0079,D0039,D0016,2024-04-23 14:28:53.626138,2024-04-23 21:34:53.626138,7.1,189,Merged,1
PR001505,P008,S0079,D0011,D0051,2024-04-24 12:18:27.131236,2024-04-25 17:36:27.131236,29.3,258,Merged,1
PR001506,P008,S0079,D0051,D0016,2024-04-22 09:48:55.059287,2024-04-22 18:12:55.059287,8.4,45,Merged,1
PR001507,P008,S0079,D0028,D0016,2024-04-19 15:28:26.596044,,,80,Open,0
PR001508,P008,S0079,D0011,D0051,2024-04-19 17:18:01.072855,2024-04-21 12:30:01.072855,43.2,69,Merged,1
PR001509,P008,S0079,D0016,D0028,2024-04-29 21:37:28.901719,2024-04-30 12:07:28.901719,14.5,16,Closed,0
PR001510,P008,S0079,D0039,D0016,2024-04-20 19:52:37.348812,2024-04-21 15:22:37.348812,19.5,17,Merged,1
PR001511,P008,S0079,D0039,D0016,2024-04-20 10:19:17.338216,2024-04-20 20:07:17.338216,9.8,41,Merged,1
PR001512,P008,S0079,D0039,D0028,2024-04-18 00:16:55.867480,2024-04-18 23:28:55.867480,23.2,50,Merged,1
PR001513,P008,S0079,D0039,D0028,2024-04-20 08:15:07.497056,2024-04-20 19:39:07.497056,11.4,102,Merged,1
PR001514,P008,S0079,D0016,D0051,2024-04-23 00:57:17.231362,2024-04-23 23:03:17.231362,22.1,229,Closed,0
PR001515,P008,S0079,D0028,D0016,2024-04-20 22:11:33.982590,2024-04-21 19:41:33.982590,21.5,28,Merged,1
PR001516,P008,S0079,D0039,D0051,2024-04-18 20:48:02.723353,2024-04-19 18:06:02.723353,21.3,78,Merged,1
PR001517,P008,S0079,D0039,D0011,2024-04-19 14:09:21.590351,2024-04-19 20:57:21.590351,6.8,73,Merged,1
PR001518,P008,S0079,D0051,D0039,2024-04-28 18:43:42.212125,2024-04-29 15:19:42.212125,20.6,104,Merged,1
PR001519,P008,S0079,D0039,D0051,2024-04-23 16:19:28.558980,2024-04-24 08:25:28.558980,16.1,237,Merged,1
PR001520,P008,S0079,D0039,D0011,2024-04-23 23:31:06.566617,2024-04-24 06:25:06.566617,6.9,70,Merged,1
PR001521,P008,S0079,D0028,D0011,2024-04-24 13:00:42.668746,2024-04-25 22:18:42.668746,33.3,67,Merged,1
PR001522,P008,S0079,D0016,D0039,2024-04-27 07:57:34.621139,,,140,Open,0
PR001523,P008,S0079,D0016,D0011,2024-04-21 16:50:15.852480,2024-04-22 20:38:15.852480,27.8,58,Merged,1
PR001524,P008,S0079,D0051,D0039,2024-04-19 14:56:40.806286,2024-04-19 23:26:40.806286,8.5,114,Merged,1
PR001525,P008,S0080,D0011,D0039,2024-05-11 08:18:45.274984,2024-05-11 23:00:45.274984,14.7,223,Closed,0
PR001526,P008,S0080,D0011,D0039,2024-05-03 00:42:57.375284,2024-05-03 10:30:57.375284,9.8,14,Merged,1
PR001527,P008,S0080,D0028,D0011,2024-05-02 20:09:44.386812,2024-05-04 18:03:44.386812,45.9,175,Merged,1
PR001528,P008,S0080,D0039,D0028,2024-05-11 23:42:30.482960,2024-05-12 21:12:30.482960,21.5,52,Merged,1
PR001529,P008,S0080,D0039,D0028,2024-05-04 05:40:25.848561,2024-05-05 01:34:25.848561,19.9,44,Merged,1
PR001530,P008,S0080,D0051,D0016,2024-05-10 17:05:44.193202,2024-05-11 17:35:44.193202,24.5,192,Closed,0
PR001531,P008,S0080,D0016,D0039,2024-05-07 08:57:49.696447,2024-05-07 16:39:49.696447,7.7,93,Merged,1
PR001532,P008,S0080,D0016,D0039,2024-05-03 08:30:25.486941,2024-05-04 10:24:25.486941,25.9,225,Merged,1
PR001533,P008,S0080,D0028,D0039,2024-05-06 08:07:20.560149,2024-05-09 00:25:20.560149,64.3,140,Closed,0
PR001534,P008,S0080,D0016,D0051,2024-05-07 13:18:36.600312,2024-05-09 09:06:36.600312,43.8,121,Merged,1
PR001535,P008,S0080,D0011,D0016,2024-05-11 02:39:23.258967,2024-05-11 10:45:23.258967,8.1,32,Merged,1
PR001536,P008,S0080,D0051,D0028,2024-05-12 13:02:20.214459,2024-05-13 11:50:20.214459,22.8,211,Closed,0
PR001537,P009,S0081,D0028,D0039,2024-01-05 01:56:35.731082,2024-01-06 01:02:35.731082,23.1,320,Merged,1
PR001538,P009,S0081,D0016,D0028,2024-01-06 04:44:34.722930,2024-01-06 18:14:34.722930,13.5,141,Merged,1
PR001539,P009,S0081,D0016,D0051,2023-12-31 00:17:42.239931,2023-12-31 22:23:42.239931,22.1,81,Closed,0
PR001540,P009,S0081,D0028,D0051,2024-01-05 14:56:08.563333,,,216,Open,0
PR001541,P009,S0081,D0039,D0051,2024-01-05 14:41:10.620958,2024-01-07 00:53:10.620958,34.2,57,Closed,0
PR001542,P009,S0081,D0016,D0028,2024-01-04 18:07:54.565185,2024-01-05 01:55:54.565185,7.8,7,Merged,1
PR001543,P009,S0081,D0051,D0039,2024-01-04 00:41:06.543327,2024-01-04 13:23:06.543327,12.7,42,Merged,1
PR001544,P009,S0081,D0051,D0011,2024-01-04 23:06:24.116823,2024-01-05 07:30:24.116823,8.4,76,Merged,1
PR001545,P009,S0081,D0051,D0011,2024-01-06 20:21:45.386622,2024-01-08 04:45:45.386622,32.4,31,Merged,1
PR001546,P009,S0081,D0039,D0016,2024-01-03 08:52:54.310345,2024-01-03 21:40:54.310345,12.8,19,Merged,1
PR001547,P009,S0082,D0011,D0028,2024-01-16 09:19:25.731895,2024-01-18 03:43:25.731895,42.4,233,Closed,0
PR001548,P009,S0082,D0011,D0028,2024-01-17 17:04:27.882238,2024-01-19 02:22:27.882238,33.3,261,Merged,1
PR001549,P009,S0082,D0028,D0016,2024-01-12 23:11:35.946080,2024-01-13 17:41:35.946080,18.5,127,Merged,1
PR001550,P009,S0082,D0039,D0051,2024-01-16 11:15:16.694986,2024-01-16 17:45:16.694986,6.5,190,Merged,1
PR001551,P009,S0082,D0016,D0011,2024-01-21 01:06:04.294094,2024-01-21 16:00:04.294094,14.9,101,Merged,1
PR001552,P009,S0082,D0028,D0016,2024-01-13 20:26:29.871504,2024-01-14 00:50:29.871504,4.4,93,Merged,1
PR001553,P009,S0082,D0051,D0028,2024-01-12 08:37:10.854500,2024-01-13 23:25:10.854500,38.8,277,Merged,1
PR001554,P009,S0082,D0011,D0016,2024-01-22 13:18:47.593192,2024-01-25 02:36:47.593192,61.3,103,Merged,1
PR001555,P009,S0082,D0028,D0016,2024-01-16 02:22:52.527673,,,295,Open,0
PR001556,P009,S0082,D0028,D0011,2024-01-18 02:39:12.948177,2024-01-18 21:45:12.948177,19.1,13,Merged,1
PR001557,P009,S0082,D0039,D0051,2024-01-22 05:35:43.294590,2024-01-23 09:47:43.294590,28.2,104,Merged,1
PR001558,P009,S0083,D0011,D0028,2024-02-04 04:13:31.562576,2024-02-06 07:31:31.562576,51.3,84,Closed,0
PR001559,P009,S0083,D0039,D0051,2024-02-02 11:36:39.437666,2024-02-02 14:30:39.437666,2.9,42,Merged,1
PR001560,P009,S0083,D0028,D0011,2024-02-03 17:13:01.788303,2024-02-05 01:37:01.788303,32.4,23,Merged,1
PR001561,P009,S0083,D0051,D0016,2024-02-03 07:30:30.895367,2024-02-03 22:48:30.895367,15.3,79,Merged,1
PR001562,P009,S0083,D0011,D0028,2024-01-29 22:44:26.801847,2024-01-30 23:08:26.801847,24.4,252,Merged,1
PR001563,P009,S0083,D0016,D0051,2024-02-05 08:31:27.773834,2024-02-05 13:55:27.773834,5.4,138,Merged,1
PR001564,P009,S0083,D0016,D0028,2024-01-26 05:03:04.599049,2024-01-26 13:21:04.599049,8.3,323,Merged,1
PR001565,P009,S0083,D0011,D0039,2024-02-05 13:02:22.404992,2024-02-05 16:14:22.404992,3.2,75,Merged,1
PR001566,P009,S0083,D0011,D0039,2024-01-27 16:32:30.844813,2024-01-27 22:50:30.844813,6.3,117,Merged,1
PR001567,P009,S0083,D0051,D0028,2024-01-30 18:54:09.683841,2024-01-31 09:12:09.683841,14.3,69,Closed,0
PR001568,P009,S0083,D0011,D0028,2024-02-04 04:42:11.328378,2024-02-04 21:36:11.328378,16.9,4,Merged,1
PR001569,P009,S0083,D0051,D0016,2024-01-26 06:08:56.117285,2024-01-27 11:08:56.117285,29.0,166,Merged,1
PR001570,P009,S0083,D0039,D0011,2024-02-01 16:57:26.889114,2024-02-03 14:03:26.889114,45.1,64,Merged,1
PR001571,P009,S0083,D0039,D0028,2024-01-28 04:53:10.028223,,,11,Open,0
PR001572,P009,S0083,D0011,D0016,2024-02-02 18:19:19.413966,,,189,Open,0
PR001573,P009,S0083,D0016,D0011,2024-01-29 21:30:33.132009,2024-01-31 00:42:33.132009,27.2,178,Merged,1
PR001574,P009,S0083,D0051,D0016,2024-01-26 23:25:21.676623,2024-01-28 06:13:21.676623,30.8,76,Merged,1
PR001575,P009,S0083,D0028,D0039,2024-01-28 04:38:00.197342,2024-01-28 12:02:00.197342,7.4,87,Merged,1
PR001576,P009,S0083,D0028,D0011,2024-02-03 20:40:12.620283,2024-02-04 06:46:12.620283,10.1,82,Closed,0
PR001577,P009,S0083,D0011,D0016,2024-02-04 20:24:20.543348,2024-02-05 13:00:20.543348,16.6,8,Merged,1
PR001578,P009,S0083,D0016,D0028,2024-02-04 04:05:45.056431,2024-02-06 03:23:45.056431,47.3,55,Merged,1
PR001579,P009,S0083,D0016,D0039,2024-02-05 19:35:57.694450,2024-02-07 06:05:57.694450,34.5,105,Merged,1
PR001580,P009,S0083,D0011,D0051,2024-02-06 17:53:00.278980,2024-02-07 04:53:00.278980,11.0,59,Merged,1
PR001581,P009,S0083,D0011,D0016,2024-01-28 08:38:18.599630,,,176,Open,0
PR001582,P009,S0083,D0051,D0039,2024-01-30 19:26:36.642746,2024-02-01 02:08:36.642746,30.7,147,Merged,1
PR001583,P009,S0083,D0051,D0039,2024-02-04 05:44:02.575825,2024-02-04 17:20:02.575825,11.6,70,Merged,1
PR001584,P009,S0083,D0039,D0016,2024-01-28 15:24:29.195707,2024-01-29 09:48:29.195707,18.4,135,Merged,1
PR001585,P009,S0083,D0011,D0039,2024-01-28 00:21:27.178271,2024-01-29 03:51:27.178271,27.5,154,Merged,1
PR001586,P009,S0083,D0011,D0039,2024-01-29 21:33:33.445278,2024-01-31 21:09:33.445278,47.6,92,Merged,1
PR001587,P009,S0084,D0016,D0051,2024-02-17 03:00:33.761974,,,143,Open,0
PR001588,P009,S0084,D0028,D0039,2024-02-11 04:09:22.809082,2024-02-12 01:51:22.809082,21.7,171,Merged,1
PR001589,P009,S0084,D0051,D0039,2024-02-17 18:53:17.157164,2024-02-18 00:11:17.157164,5.3,41,Merged,1
PR001590,P009,S0084,D0016,D0039,2024-02-11 19:07:36.012462,2024-02-12 04:25:36.012462,9.3,461,Closed,0
PR001591,P009,S0084,D0016,D0051,2024-02-19 19:05:04.191178,2024-02-20 06:11:04.191178,11.1,96,Merged,1
PR001592,P009,S0084,D0039,D0051,2024-02-19 16:28:43.904864,2024-02-20 07:16:43.904864,14.8,62,Merged,1
PR001593,P009,S0084,D0051,D0028,2024-02-09 14:11:07.261757,2024-02-10 01:23:07.261757,11.2,40,Merged,1
PR001594,P009,S0084,D0039,D0051,2024-02-15 21:59:35.022326,2024-02-16 11:23:35.022326,13.4,148,Merged,1
PR001595,P009,S0084,D0039,D0051,2024-02-16 13:21:23.177936,2024-02-16 17:57:23.177936,4.6,62,Closed,0
PR001596,P009,S0084,D0039,D0028,2024-02-15 17:25:46.334583,2024-02-16 04:31:46.334583,11.1,92,Merged,1
PR001597,P009,S0084,D0039,D0011,2024-02-15 00:32:42.178427,2024-02-16 02:02:42.178427,25.5,16,Merged,1
PR001598,P009,S0084,D0016,D0051,2024-02-13 03:27:02.883481,2024-02-14 18:33:02.883481,39.1,47,Merged,1
PR001599,P009,S0084,D0016,D0011,2024-02-13 01:42:28.111672,2024-02-14 03:06:28.111672,25.4,158,Closed,0
PR001600,P009,S0084,D0028,D0051,2024-02-12 08:28:56.671761,2024-02-13 12:52:56.671761,28.4,95,Merged,1
PR001601,P009,S0084,D0051,D0028,2024-02-10 19:39:09.249347,2024-02-12 00:27:09.249347,28.8,264,Merged,1
PR001602,P009,S0084,D0051,D0016,2024-02-15 21:43:56.412717,2024-02-18 07:25:56.412717,57.7,163,Closed,0
PR001603,P009,S0085,D0039,D0028,2024-03-02 19:21:27.778159,2024-03-04 00:09:27.778159,28.8,90,Closed,0
PR001604,P009,S0085,D0028,D0051,2024-02-29 23:27:48.969275,2024-03-01 15:09:48.969275,15.7,79,Merged,1
PR001605,P009,S0085,D0039,D0051,2024-02-24 21:17:34.019641,2024-02-25 11:29:34.019641,14.2,228,Merged,1
PR001606,P009,S0085,D0039,D0051,2024-02-23 18:11:37.936813,2024-02-24 19:11:37.936813,25.0,42,Merged,1
PR001607,P009,S0085,D0039,D0051,2024-02-27 10:38:06.402731,2024-02-27 19:02:06.402731,8.4,109,Merged,1
PR001608,P009,S0085,D0051,D0039,2024-02-26 21:49:49.833062,2024-02-29 06:13:49.833062,56.4,257,Closed,0
PR001609,P009,S0085,D0039,D0028,2024-03-02 04:11:38.223851,2024-03-03 23:41:38.223851,43.5,120,Merged,1
PR001610,P009,S0085,D0016,D0051,2024-03-05 14:07:36.963368,2024-03-06 04:49:36.963368,14.7,48,Merged,1
PR001611,P009,S0085,D0039,D0011,2024-02-28 20:16:27.431385,2024-02-29 14:58:27.431385,18.7,29,Merged,1
PR001612,P009,S0085,D0016,D0011,2024-02-23 15:05:26.985659,2024-02-24 03:47:26.985659,12.7,253,Merged,1
PR001613,P009,S0085,D0039,D0028,2024-02-27 12:52:15.331177,2024-02-28 07:58:15.331177,19.1,224,Merged,1
PR001614,P009,S0085,D0039,D0011,2024-03-03 20:34:15.551929,2024-03-04 03:28:15.551929,6.9,48,Merged,1
PR001615,P009,S0085,D0039,D0051,2024-03-04 17:59:45.254399,2024-03-04 22:05:45.254399,4.1,37,Merged,1
PR001616,P009,S0085,D0016,D0039,2024-02-26 09:53:17.677425,2024-02-27 04:47:17.677425,18.9,91,Merged,1
PR001617,P009,S0085,D0016,D0011,2024-03-05 14:18:00.395576,2024-03-07 04:12:00.395576,37.9,41,Closed,0
PR001618,P009,S0085,D0051,D0028,2024-02-29 06:37:26.479021,2024-03-02 03:49:26.479021,45.2,81,Merged,1
PR001619,P009,S0085,D0011,D0051,2024-03-02 00:50:54.191487,2024-03-02 15:32:54.191487,14.7,29,Merged,1
PR001620,P009,S0085,D0039,D0016,2024-03-02 22:29:24.974884,2024-03-03 15:53:24.974884,17.4,107,Merged,1
PR001621,P009,S0085,D0051,D0011,2024-02-27 13:40:44.658710,2024-02-28 05:40:44.658710,16.0,49,Merged,1
PR001622,P009,S0085,D0028,D0011,2024-03-01 09:49:13.269151,2024-03-01 18:25:13.269151,8.6,121,Closed,0
PR001623,P009,S0085,D0051,D0016,2024-03-02 08:04:07.765667,2024-03-02 21:16:07.765667,13.2,50,Merged,1
PR001624,P009,S0086,D0011,D0039,2024-03-19 16:03:26.994887,2024-03-20 20:33:26.994887,28.5,172,Merged,1
PR001625,P009,S0086,D0028,D0051,2024-03-09 10:49:33.782433,2024-03-11 04:55:33.782433,42.1,80,Merged,1
PR001626,P009,S0086,D0011,D0039,2024-03-16 06:00:36.903318,2024-03-16 20:42:36.903318,14.7,116,Merged,1
PR001627,P009,S0086,D0039,D0051,2024-03-14 06:46:53.098759,2024-03-17 00:52:53.098759,66.1,543,Merged,1
PR001628,P009,S0086,D0016,D0039,2024-03-17 05:47:09.069945,2024-03-20 22:29:09.069945,88.7,92,Merged,1
PR001629,P009,S0086,D0028,D0016,2024-03-11 12:33:50.678399,2024-03-12 13:15:50.678399,24.7,87,Merged,1
PR001630,P009,S0086,D0028,D0039,2024-03-19 09:16:34.177712,2024-03-20 17:46:34.177712,32.5,98,Merged,1
PR001631,P009,S0086,D0039,D0011,2024-03-08 02:52:17.451464,2024-03-08 14:04:17.451464,11.2,29,Merged,1
PR001632,P009,S0086,D0028,D0039,2024-03-14 22:30:46.345396,2024-03-16 02:48:46.345396,28.3,107,Merged,1
PR001633,P009,S0086,D0011,D0028,2024-03-17 03:06:02.914079,2024-03-18 03:24:02.914079,24.3,94,Merged,1
PR001634,P009,S0086,D0039,D0016,2024-03-16 00:06:12.542450,2024-03-17 05:54:12.542450,29.8,36,Merged,1
PR001635,P009,S0086,D0028,D0051,2024-03-16 20:46:39.526754,,,91,Open,0
PR001636,P009,S0086,D0028,D0051,2024-03-14 11:14:15.307974,2024-03-15 15:44:15.307974,28.5,10,Closed,0
PR001637,P009,S0086,D0039,D0016,2024-03-12 23:00:32.362278,2024-03-13 12:12:32.362278,13.2,71,Closed,0
PR001638,P009,S0086,D0016,D0039,2024-03-11 07:30:12.542217,2024-03-12 07:54:12.542217,24.4,2,Merged,1
PR001639,P009,S0086,D0051,D0016,2024-03-10 23:35:28.336541,2024-03-13 21:35:28.336541,70.0,32,Merged,1
PR001640,P009,S0086,D0028,D0051,2024-03-17 18:25:39.380763,2024-03-18 10:55:39.380763,16.5,154,Merged,1
PR001641,P009,S0086,D0039,D0028,2024-03-19 15:47:49.867121,2024-03-20 03:29:49.867121,11.7,118,Merged,1
PR001642,P009,S0086,D0051,D0039,2024-03-14 09:40:44.588738,,,195,Open,0
PR001643,P009,S0086,D0016,D0011,2024-03-15 00:34:20.408498,2024-03-17 11:28:20.408498,58.9,186,Merged,1
PR001644,P009,S0086,D0039,D0028,2024-03-14 06:38:04.232531,2024-03-14 23:38:04.232531,17.0,224,Merged,1
PR001645,P009,S0086,D0011,D0028,2024-03-15 02:56:13.053648,2024-03-17 09:02:13.053648,54.1,161,Merged,1
PR001646,P009,S0086,D0016,D0051,2024-03-19 14:31:19.226769,2024-03-19 18:01:19.226769,3.5,170,Merged,1
PR001647,P009,S0087,D0011,D0039,2024-03-29 11:56:51.903263,2024-03-29 20:50:51.903263,8.9,73,Merged,1
PR001648,P009,S0087,D0016,D0039,2024-03-28 16:54:27.375593,2024-03-29 03:36:27.375593,10.7,87,Merged,1
PR001649,P009,S0087,D0011,D0016,2024-03-31 01:19:09.316505,2024-03-31 16:55:09.316505,15.6,29,Merged,1
PR001650,P009,S0087,D0051,D0028,2024-03-22 18:39:31.860524,2024-03-24 04:09:31.860524,33.5,39,Merged,1
PR001651,P009,S0087,D0011,D0028,2024-03-26 14:47:05.302141,2024-03-28 17:05:05.302141,50.3,45,Merged,1
PR001652,P009,S0087,D0051,D0016,2024-03-25 14:22:14.328464,2024-03-26 05:40:14.328464,15.3,105,Merged,1
PR001653,P009,S0087,D0051,D0039,2024-04-02 11:53:35.860758,2024-04-02 14:47:35.860758,,52,Merged,1
PR001654,P009,S0087,D0039,D0051,2024-03-23 19:01:58.156427,2024-03-23 23:43:58.156427,4.7,109,Closed,0
PR001655,P009,S0087,D0016,D0051,2024-03-29 23:55:56.600352,2024-04-01 21:37:56.600352,69.7,102,Merged,1
PR001656,P009,S0087,D0011,D0016,2024-03-29 13:11:17.791605,2024-03-30 14:11:17.791605,25.0,91,Merged,1
PR001657,P009,S0087,D0039,D0051,2024-03-22 16:00:41.591779,2024-03-22 20:24:41.591779,4.4,70,Merged,1
PR001658,P009,S0087,D0039,D0028,2024-03-30 05:20:02.985892,2024-03-30 22:14:02.985892,16.9,112,Closed,0
PR001659,P009,S0087,D0011,D0016,2024-03-22 12:41:13.770131,2024-03-23 20:29:13.770131,31.8,92,Merged,1
PR001660,P009,S0087,D0016,D0028,2024-03-27 00:40:37.971684,2024-03-28 03:10:37.971684,26.5,151,Merged,1
PR001661,P009,S0087,D0039,D0016,2024-03-23 21:33:24.041076,2024-03-24 08:39:24.041076,11.1,103,Merged,1
PR001662,P009,S0087,D0051,D0028,2024-03-25 14:57:00.332733,2024-03-25 23:09:00.332733,8.2,228,Merged,1
PR001663,P009,S0087,D0011,D0016,2024-03-27 02:44:35.390278,2024-03-29 01:26:35.390278,46.7,208,Closed,0
PR001664,P009,S0087,D0028,D0051,2024-04-01 23:25:50.672842,2024-04-02 13:01:50.672842,13.6,144,Merged,1
PR001665,P009,S0087,D0039,D0028,2024-04-01 16:17:21.065572,2024-04-02 05:23:21.065572,13.1,36,Merged,1
PR001666,P009,S0087,D0039,D0028,2024-03-31 20:46:27.693119,2024-04-02 07:28:27.693119,34.7,20,Merged,1
PR001667,P009,S0087,D0028,D0011,2024-03-30 21:01:01.570779,2024-03-31 11:07:01.570779,14.1,173,Merged,1
PR001668,P009,S0088,D0051,D0011,2024-04-15 21:36:02.028533,2024-04-16 17:36:02.028533,20.0,160,Merged,1
PR001669,P009,S0088,D0028,D0039,2024-04-12 23:56:18.545858,2024-04-13 17:02:18.545858,17.1,23,Closed,0
PR001670,P009,S0088,D0016,D0011,2024-04-16 17:16:23.394107,2024-04-19 13:58:23.394107,68.7,214,Merged,1
PR001671,P009,S0088,D0039,D0016,2024-04-13 03:36:48.360219,2024-04-14 09:36:48.360219,30.0,165,Merged,1
PR001672,P009,S0088,D0051,D0016,2024-04-05 10:36:36.297447,2024-04-05 20:18:36.297447,9.7,242,Merged,1
PR001673,P009,S0088,D0039,D0011,2024-04-05 02:06:18.083662,2024-04-05 07:24:18.083662,5.3,75,Closed,0
PR001674,P009,S0088,D0028,D0051,2024-04-10 06:40:02.844654,2024-04-10 11:04:02.844654,4.4,125,Merged,1
PR001675,P009,S0088,D0016,D0011,2024-04-15 10:38:32.888737,2024-04-16 18:02:32.888737,,188,Merged,1
PR001676,P009,S0088,D0028,D0039,2024-04-07 13:20:04.192946,2024-04-08 14:26:04.192946,25.1,64,Merged,1
PR001677,P009,S0088,D0011,D0028,2024-04-06 15:39:46.418498,,,374,Open,0
PR001678,P009,S0088,D0051,D0039,2024-04-16 19:16:21.249544,2024-04-17 02:58:21.249544,7.7,60,Merged,1
PR001679,P009,S0088,D0028,D0016,2024-04-07 20:41:48.209387,2024-04-10 05:23:48.209387,56.7,69,Merged,1
PR001680,P009,S0088,D0051,D0028,2024-04-07 10:15:58.070167,2024-04-09 00:33:58.070167,38.3,199,Merged,1
PR001681,P009,S0088,D0039,D0051,2024-04-10 11:40:58.991907,2024-04-11 05:22:58.991907,17.7,148,Merged,1
PR001682,P009,S0089,D0051,D0016,2024-04-23 12:27:45.267877,2024-04-23 13:51:45.267877,1.4,51,Merged,1
PR001683,P009,S0089,D0051,D0016,2024-04-25 23:38:19.866718,2024-04-27 11:38:19.866718,36.0,272,Closed,0
PR001684,P009,S0089,D0011,D0016,2024-04-26 22:37:33.764846,2024-04-28 07:13:33.764846,32.6,83,Closed,0
PR001685,P009,S0089,D0028,D0051,2024-04-26 11:52:47.196077,2024-04-26 23:10:47.196077,11.3,136,Merged,1
PR001686,P009,S0089,D0028,D0016,2024-04-30 06:19:49.851882,2024-05-01 15:43:49.851882,33.4,37,Merged,1
PR001687,P009,S0089,D0039,D0028,2024-04-25 20:49:10.111599,2024-04-25 23:19:10.111599,2.5,257,Closed,0
PR001688,P009,S0089,D0039,D0016,2024-04-22 07:03:16.984383,2024-04-22 18:51:16.984383,,34,Merged,1
PR001689,P009,S0089,D0039,D0016,2024-04-29 05:26:52.237374,2024-04-29 18:50:52.237374,13.4,155,Merged,1
PR001690,P009,S0089,D0011,D0016,2024-04-29 20:07:26.555114,,,122,Open,0
PR001691,P009,S0089,D0039,D0051,2024-04-19 21:15:42.985722,2024-04-21 06:51:42.985722,33.6,40,Merged,1
PR001692,P009,S0089,D0011,D0051,2024-04-24 13:49:00.595626,2024-04-24 21:37:00.595626,7.8,180,Merged,1
PR001693,P009,S0089,D0028,D0011,2024-04-24 17:11:25.826826,2024-04-25 10:17:25.826826,17.1,34,Merged,1
PR001694,P009,S0089,D0011,D0016,2024-04-29 10:40:29.955625,2024-04-29 17:04:29.955625,6.4,16,Merged,1
PR001695,P009,S0089,D0028,D0051,2024-04-30 21:26:52.679105,2024-05-03 00:44:52.679105,51.3,103,Merged,1
PR001696,P009,S0089,D0028,D0039,2024-04-27 08:51:37.539945,2024-04-28 20:51:37.539945,36.0,29,Closed,0
PR001697,P009,S0090,D0028,D0039,2024-05-03 02:44:28.648140,2024-05-06 02:32:28.648140,71.8,262,Merged,1
PR001698,P009,S0090,D0051,D0011,2024-05-13 02:28:22.210557,2024-05-13 14:22:22.210557,11.9,160,Merged,1
PR001699,P009,S0090,D0011,D0051,2024-05-13 22:28:20.934485,2024-05-17 03:34:20.934485,77.1,233,Merged,1
PR001700,P009,S0090,D0039,D0051,2024-05-09 19:34:00.684436,,,200,Open,0
PR001701,P009,S0090,D0051,D0028,2024-05-07 15:20:20.806661,2024-05-07 16:44:20.806661,1.4,90,Merged,1
PR001702,P009,S0090,D0039,D0028,2024-05-11 21:03:09.317028,,,123,Open,0
PR001703,P009,S0090,D0039,D0051,2024-05-04 01:10:44.785779,2024-05-06 00:10:44.785779,47.0,97,Merged,1
PR001704,P009,S0090,D0011,D0039,2024-05-03 11:00:28.388945,2024-05-04 08:06:28.388945,21.1,93,Merged,1
PR001705,P009,S0090,D0011,D0028,2024-05-06 00:06:35.648715,2024-05-07 04:00:35.648715,27.9,88,Merged,1
PR001706,P009,S0090,D0016,D0051,2024-05-09 21:16:51.163026,2024-05-10 04:16:51.163026,7.0,198,Closed,0
PR001707,P009,S0090,D0016,D0028,2024-05-08 14:35:44.692959,2024-05-08 16:17:44.692959,1.7,30,Merged,1
PR001708,P009,S0090,D0016,D0011,2024-05-11 03:27:06.647038,2024-05-12 19:27:06.647038,40.0,341,Merged,1
PR001709,P009,S0090,D0051,D0028,2024-05-05 02:28:40.427780,2024-05-06 13:58:40.427780,35.5,255,Merged,1
PR001710,P009,S0090,D0028,D0011,2024-05-13 17:28:11.302473,2024-05-15 02:22:11.302473,32.9,117,Merged,1
PR001711,P009,S0090,D0016,D0039,2024-05-13 18:01:19.248477,2024-05-15 14:31:19.248477,44.5,289,Merged,1
PR001712,P009,S0090,D0016,D0011,2024-05-14 11:30:23.028485,2024-05-14 12:00:23.028485,0.5,34,Merged,1
PR001713,P009,S0090,D0039,D0011,2024-05-09 02:04:18.811369,2024-05-10 02:28:18.811369,24.4,174,Closed,0
PR001714,P009,S0090,D0051,D0011,2024-05-04 12:31:11.446667,2024-05-04 19:37:11.446667,7.1,98,Closed,0
PR001715,P009,S0090,D0011,D0051,2024-05-13 04:20:28.167434,2024-05-14 05:14:28.167434,24.9,68,Merged,1
PR001716,P009,S0090,D0051,D0016,2024-05-09 11:08:15.168732,2024-05-11 10:08:15.168732,47.0,108,Merged,1
PR001717,P009,S0090,D0039,D0011,2024-05-07 04:45:09.180078,2024-05-07 13:57:09.180078,9.2,344,Merged,1
PR001718,P009,S0090,D0016,D0039,2024-05-04 09:38:52.288355,2024-05-05 01:32:52.288355,15.9,62,Closed,0
PR001719,P010,S0091,D0010,D0001,2023-12-02 09:18:16.132203,2023-12-03 11:00:16.132203,25.7,88,Merged,1
PR001720,P010,S0091,D0053,D0001,2023-12-03 18:39:02.713507,2023-12-03 21:39:02.713507,3.0,71,Merged,1
PR001721,P010,S0091,D0040,D0036,2023-12-02 11:53:56.145122,2023-12-02 23:53:56.145122,12.0,63,Merged,1
PR001722,P010,S0091,D0001,D0053,2023-12-08 14:47:30.681838,2023-12-08 16:41:30.681838,1.9,177,Merged,1
PR001723,P010,S0091,D0053,D0040,2023-12-10 04:05:11.447846,,,162,Open,0
PR001724,P010,S0091,D0010,D0036,2023-12-09 19:52:09.165410,2023-12-10 05:52:09.165410,10.0,98,Merged,1
PR001725,P010,S0091,D0001,D0041,2023-12-11 05:21:07.303824,2023-12-12 13:51:07.303824,32.5,30,Merged,1
PR001726,P010,S0091,D0041,D0045,2023-12-07 02:44:46.016040,2023-12-07 11:44:46.016040,9.0,50,Merged,1
PR001727,P010,S0091,D0001,D0040,2023-12-05 05:22:07.163812,2023-12-07 05:46:07.163812,48.4,197,Merged,1
PR001728,P010,S0091,D0045,D0041,2023-12-03 08:39:59.832828,2023-12-03 20:21:59.832828,11.7,169,Merged,1
PR001729,P010,S0091,D0045,D0001,2023-12-06 01:34:11.973338,2023-12-06 03:58:11.973338,2.4,113,Merged,1
PR001730,P010,S0092,D0036,D0040,2023-12-22 02:41:10.703131,2023-12-22 05:11:10.703131,2.5,140,Merged,1
PR001731,P010,S0092,D0053,D0010,2023-12-23 08:39:10.618750,2023-12-23 11:51:10.618750,3.2,54,Merged,1
PR001732,P010,S0092,D0040,D0010,2023-12-17 20:47:14.702425,2023-12-18 22:17:14.702425,25.5,156,Closed,0
PR001733,P010,S0092,D0041,D0001,2023-12-16 22:37:51.786895,2023-12-17 12:01:51.786895,13.4,72,Merged,1
PR001734,P010,S0092,D0036,D0046,2023-12-19 16:41:11.439402,2023-12-20 23:47:11.439402,31.1,292,Merged,1
PR001735,P010,S0092,D0053,D0036,2023-12-15 11:40:53.499556,2023-12-15 13:58:53.499556,2.3,34,Merged,1
PR001736,P010,S0092,D0053,D0010,2023-12-21 17:50:13.457981,,,177,Open,0
PR001737,P010,S0092,D0001,D0010,2023-12-14 16:32:08.707428,2023-12-15 09:02:08.707428,16.5,173,Merged,1
PR001738,P010,S0092,D0036,D0040,2023-12-23 22:14:03.864650,,,52,Open,0
PR001739,P010,S0092,D0001,D0036,2023-12-19 15:22:01.283528,2023-12-21 05:04:01.283528,37.7,192,Merged,1
PR001740,P010,S0092,D0053,D0041,2023-12-20 12:33:12.389529,2023-12-20 18:57:12.389529,6.4,150,Merged,1
PR001741,P010,S0092,D0040,D0046,2023-12-21 13:12:43.846538,,,98,Open,0
PR001742,P010,S0092,D0036,D0053,2023-12-22 19:52:05.296414,2023-12-23 17:46:05.296414,21.9,174,Closed,0
PR001743,P010,S0092,D0010,D0045,2023-12-20 06:43:20.412718,2023-12-21 05:55:20.412718,23.2,41,Merged,1
PR001744,P010,S0092,D0046,D0045,2023-12-23 07:50:51.545193,2023-12-23 14:14:51.545193,6.4,116,Merged,1
PR001745,P010,S0092,D0046,D0053,2023-12-16 03:31:46.018503,2023-12-16 12:37:46.018503,9.1,324,Merged,1
PR001746,P010,S0092,D0010,D0046,2023-12-17 17:10:38.043815,2023-12-17 23:28:38.043815,6.3,99,Closed,0
PR001747,P010,S0092,D0045,D0036,2023-12-15 13:05:39.469941,2023-12-15 16:23:39.469941,3.3,188,Merged,1
PR001748,P010,S0092,D0046,D0053,2023-12-23 09:36:51.817792,2023-12-24 15:24:51.817792,29.8,126,Merged,1
PR001749,P010,S0092,D0036,D0040,2023-12-20 07:12:08.871118,2023-12-20 22:30:08.871118,15.3,50,Merged,1
PR001750,P010,S0093,D0045,D0036,2024-01-06 11:01:41.645129,2024-01-06 12:19:41.645129,1.3,97,Merged,1
PR001751,P010,S0093,D0041,D0036,2024-01-04 08:23:20.795715,2024-01-05 00:53:20.795715,16.5,184,Closed,0
PR001752,P010,S0093,D0045,D0036,2023-12-28 10:10:11.263208,2023-12-29 05:28:11.263208,19.3,112,Merged,1
PR001753,P010,S0093,D0053,D0001,2024-01-04 02:46:29.116707,2024-01-04 23:16:29.116707,20.5,230,Merged,1
PR001754,P010,S0093,D0001,D0046,2023-12-29 18:56:59.308867,2023-12-30 04:32:59.308867,9.6,112,Closed,0
PR001755,P010,S0093,D0053,D0040,2024-01-04 12:49:43.537753,2024-01-05 00:19:43.537753,11.5,66,Merged,1
PR001756,P010,S0093,D0041,D0036,2024-01-02 03:41:35.319573,2024-01-02 11:59:35.319573,8.3,261,Merged,1
PR001757,P010,S0093,D0053,D0041,2024-01-04 04:48:42.772600,2024-01-04 17:30:42.772600,12.7,77,Merged,1
PR001758,P010,S0093,D0045,D0036,2023-12-31 04:38:31.785048,2024-01-01 10:50:31.785048,30.2,94,Closed,0
PR001759,P010,S0093,D0010,D0041,2024-01-01 16:06:15.730920,2024-01-01 16:36:15.730920,0.5,39,Merged,1
PR001760,P010,S0093,D0046,D0010,2023-12-28 19:22:13.812451,2023-12-29 11:22:13.812451,16.0,58,Closed,0
PR001761,P010,S0093,D0041,D0045,2023-12-31 13:09:43.364547,2024-01-01 06:39:43.364547,17.5,177,Merged,1
PR001762,P010,S0093,D0010,D0001,2023-12-29 06:10:54.112821,2023-12-30 00:04:54.112821,17.9,135,Closed,0
PR001763,P010,S0094,D0010,D0046,2024-01-18 06:24:55.762090,2024-01-19 11:24:55.762090,29.0,119,Merged,1
PR001764,P010,S0094,D0041,D0053,2024-01-21 09:13:38.649460,2024-01-22 08:31:38.649460,23.3,94,Merged,1
PR001765,P010,S0094,D0001,D0010,2024-01-15 23:42:35.412001,2024-01-16 11:36:35.412001,11.9,126,Merged,1
PR001766,P010,S0094,D0010,D0045,2024-01-22 03:28:30.970012,,,125,Open,0
PR001767,P010,S0094,D0045,D0036,2024-01-17 18:23:15.727642,2024-01-18 04:23:15.727642,10.0,35,Merged,1
PR001768,P010,S0094,D0001,D0036,2024-01-19 12:58:09.807858,2024-01-20 11:10:09.807858,22.2,20,Merged,1
PR001769,P010,S0094,D0045,D0001,2024-01-21 13:05:16.200637,2024-01-22 06:41:16.200637,17.6,113,Merged,1
PR001770,P010,S0094,D0001,D0041,2024-01-22 13:21:14.051932,2024-01-22 21:33:14.051932,8.2,141,Merged,1
PR001771,P010,S0094,D0053,D0001,2024-01-20 21:34:18.804681,2024-01-21 05:40:18.804681,8.1,194,Merged,1
PR001772,P010,S0094,D0046,D0045,2024-01-18 12:18:30.612066,,,53,Open,0
PR001773,P010,S0094,D0041,D0001,2024-01-17 18:37:57.238696,2024-01-17 23:43:57.238696,5.1,110,Merged,1
PR001774,P010,S0094,D0041,D0045,2024-01-18 09:37:16.688896,2024-01-19 06:43:16.688896,21.1,29,Merged,1
PR001775,P010,S0094,D0053,D0041,2024-01-15 04:11:44.866353,2024-01-15 11:59:44.866353,7.8,61,Closed,0
PR001776,P010,S0094,D0040,D0053,2024-01-15 01:42:30.941344,2024-01-15 12:12:30.941344,10.5,66,Merged,1
PR001777,P010,S0094,D0045,D0001,2024-01-15 23:02:01.494547,2024-01-16 11:26:01.494547,,61,Merged,1
PR001778,P010,S0094,D0046,D0041,2024-01-12 18:01:20.587902,2024-01-13 02:01:20.587902,8.0,110,Merged,1
PR001779,P010,S0094,D0010,D0053,2024-01-15 14:33:57.380581,2024-01-15 17:09:57.380581,2.6,103,Merged,1
PR001780,P010,S0094,D0001,D0010,2024-01-12 14:22:39.684383,2024-01-12 16:52:39.684383,2.5,25,Merged,1
PR001781,P010,S0094,D0045,D0040,2024-01-18 03:43:21.760468,2024-01-19 06:07:21.760468,26.4,63,Closed,0
PR001782,P010,S0094,D0036,D0001,2024-01-19 05:03:35.087211,2024-01-19 19:15:35.087211,14.2,61,Merged,1
PR001783,P010,S0094,D0041,D0046,2024-01-13 16:40:11.763818,2024-01-14 09:22:11.763818,16.7,33,Merged,1
PR001784,P010,S0094,D0036,D0040,2024-01-22 23:12:48.423015,2024-01-23 09:30:48.423015,10.3,38,Merged,1
PR001785,P010,S0094,D0040,D0010,2024-01-13 13:51:38.621166,2024-01-14 04:33:38.621166,14.7,184,Merged,1
PR001786,P010,S0094,D0053,D0036,2024-01-14 15:36:57.791331,2024-01-15 23:06:57.791331,31.5,227,Closed,0
PR001787,P010,S0094,D0053,D0046,2024-01-13 10:53:06.088496,2024-01-14 13:29:06.088496,26.6,79,Merged,1
PR001788,P010,S0094,D0036,D0010,2024-01-17 03:44:54.119129,2024-01-18 08:26:54.119129,28.7,82,Closed,0
PR001789,P010,S0095,D0040,D0036,2024-01-26 01:17:13.476126,,,94,Open,0
PR001790,P010,S0095,D0001,D0053,2024-01-28 04:58:02.095692,2024-01-28 17:28:02.095692,12.5,112,Merged,1
PR001791,P010,S0095,D0045,D0053,2024-01-26 20:39:22.657947,2024-01-28 05:15:22.657947,32.6,131,Merged,1
PR001792,P010,S0095,D0040,D0053,2024-01-26 17:45:30.285880,2024-01-27 14:45:30.285880,21.0,68,Merged,1
PR001793,P010,S0095,D0010,D0001,2024-02-05 15:12:46.890195,2024-02-06 14:18:46.890195,23.1,104,Merged,1
PR001794,P010,S0095,D0040,D0001,2024-01-29 20:45:43.905566,2024-01-30 09:09:43.905566,12.4,170,Merged,1
PR001795,P010,S0095,D0045,D0053,2024-01-27 08:15:02.822737,2024-01-27 14:51:02.822737,6.6,87,Merged,1
PR001796,P010,S0095,D0041,D0045,2024-01-31 19:57:08.159535,2024-02-01 04:03:08.159535,8.1,42,Closed,0
PR001797,P010,S0095,D0001,D0036,2024-01-27 04:58:27.755770,2024-01-27 15:40:27.755770,10.7,140,Closed,0
PR001798,P010,S0095,D0001,D0053,2024-01-31 17:08:03.012750,2024-01-31 20:44:03.012750,3.6,140,Merged,1
PR001799,P010,S0095,D0046,D0001,2024-02-02 05:48:18.070962,2024-02-03 06:00:18.070962,24.2,40,Merged,1
PR001800,P010,S0095,D0036,D0053,2024-01-29 12:11:55.459070,2024-01-30 04:35:55.459070,16.4,214,Merged,1
PR001801,P010,S0095,D0010,D0053,2024-02-03 11:12:08.053437,2024-02-03 19:48:08.053437,8.6,33,Merged,1
PR001802,P010,S0095,D0036,D0041,2024-02-02 22:07:52.320382,2024-02-03 01:19:52.320382,3.2,35,Merged,1
PR001803,P010,S0095,D0045,D0053,2024-02-02 01:34:50.598416,2024-02-03 15:34:50.598416,38.0,186,Closed,0
PR001804,P010,S0095,D0041,D0053,2024-01-31 12:28:06.472458,2024-02-01 09:10:06.472458,20.7,51,Merged,1
PR001805,P010,S0095,D0046,D0053,2024-02-04 06:27:50.595228,2024-02-04 12:21:50.595228,5.9,260,Merged,1
PR001806,P010,S0095,D0041,D0001,2024-02-03 21:54:55.202860,,,152,Open,0
PR001807,P010,S0095,D0001,D0046,2024-02-05 12:19:09.608488,2024-02-05 22:43:09.608488,10.4,112,Closed,0
PR001808,P010,S0095,D0001,D0036,2024-02-04 23:11:19.306912,2024-02-05 00:11:19.306912,1.0,152,Merged,1
PR001809,P010,S0095,D0045,D0001,2024-01-30 14:32:30.644131,2024-01-31 06:50:30.644131,16.3,148,Merged,1
PR001810,P010,S0095,D0001,D0036,2024-02-04 20:53:55.940236,2024-02-05 03:47:55.940236,6.9,74,Merged,1
PR001811,P010,S0095,D0053,D0036,2024-01-25 06:17:36.870587,2024-01-25 08:47:36.870587,2.5,25,Merged,1
PR001812,P010,S0095,D0040,D0001,2024-01-30 23:01:24.557139,2024-01-31 15:37:24.557139,16.6,131,Closed,0
PR001813,P010,S0095,D0046,D0045,2024-02-03 09:57:30.648464,2024-02-04 04:45:30.648464,18.8,35,Merged,1
PR001814,P010,S0095,D0040,D0036,2024-01-25 19:19:54.277396,2024-01-26 00:25:54.277396,5.1,42,Merged,1
PR001815,P010,S0096,D0040,D0036,2024-02-09 23:42:46.610651,2024-02-10 02:48:46.610651,3.1,150,Closed,0
PR001816,P010,S0096,D0053,D0036,2024-02-17 23:18:00.119130,2024-02-18 11:36:00.119130,12.3,126,Merged,1
PR001817,P010,S0096,D0041,D0040,2024-02-12 06:57:08.305008,2024-02-12 09:27:08.305008,2.5,96,Merged,1
PR001818,P010,S0096,D0040,D0045,2024-02-12 18:25:01.316067,,,243,Open,0
PR001819,P010,S0096,D0046,D0045,2024-02-16 14:01:00.247428,,,34,Open,0
PR001820,P010,S0096,D0053,D0046,2024-02-16 04:01:33.630701,2024-02-16 07:07:33.630701,3.1,322,Merged,1
PR001821,P010,S0096,D0001,D0010,2024-02-18 17:46:09.776003,2024-02-19 07:10:09.776003,13.4,103,Merged,1
PR001822,P010,S0096,D0040,D0045,2024-02-16 20:33:14.322310,2024-02-18 04:09:14.322310,31.6,129,Merged,1
PR001823,P010,S0096,D0040,D0010,2024-02-13 03:08:54.951771,2024-02-13 13:14:54.951771,10.1,76,Merged,1
PR001824,P010,S0096,D0010,D0001,2024-02-12 20:39:43.196877,2024-02-13 09:15:43.196877,12.6,268,Merged,1
PR001825,P010,S0096,D0041,D0045,2024-02-16 11:44:19.059812,2024-02-16 18:08:19.059812,6.4,79,Merged,1
PR001826,P010,S0096,D0040,D0053,2024-02-11 10:50:36.656991,2024-02-11 11:38:36.656991,0.8,36,Merged,1
PR001827,P010,S0096,D0045,D0046,2024-02-10 13:44:33.565506,2024-02-11 14:26:33.565506,24.7,176,Merged,1
PR001828,P010,S0096,D0010,D0046,2024-02-08 18:02:12.377332,2024-02-09 00:32:12.377332,6.5,28,Merged,1
PR001829,P010,S0096,D0046,D0045,2024-02-12 20:47:27.169336,,,25,Open,0
PR001830,P010,S0096,D0053,D0046,2024-02-10 04:42:24.272952,2024-02-10 12:24:24.272952,7.7,33,Merged,1
PR001831,P010,S0096,D0001,D0040,2024-02-19 14:10:44.620212,2024-02-19 16:22:44.620212,2.2,373,Merged,1
PR001832,P010,S0096,D0010,D0040,2024-02-12 00:32:51.381994,2024-02-12 08:56:51.381994,8.4,67,Merged,1
PR001833,P010,S0097,D0046,D0045,2024-02-27 09:09:33.230742,2024-02-27 14:33:33.230742,5.4,143,Merged,1
PR001834,P010,S0097,D0045,D0053,2024-03-04 09:37:00.598694,2024-03-04 14:49:00.598694,5.2,108,Merged,1
PR001835,P010,S0097,D0046,D0001,2024-02-23 12:21:43.411000,,,70,Open,0
PR001836,P010,S0097,D0045,D0041,2024-02-29 13:29:11.167986,2024-02-29 22:47:11.167986,9.3,22,Merged,1
PR001837,P010,S0097,D0045,D0010,2024-02-26 02:13:33.401132,,,31,Open,0
PR001838,P010,S0097,D0010,D0046,2024-02-25 03:31:25.694911,2024-02-25 08:31:25.694911,5.0,74,Merged,1
PR001839,P010,S0097,D0045,D0046,2024-03-01 06:49:53.527930,2024-03-02 14:55:53.527930,32.1,334,Merged,1
PR001840,P010,S0097,D0041,D0010,2024-03-04 06:38:43.188500,2024-03-04 10:02:43.188500,3.4,47,Merged,1
PR001841,P010,S0097,D0010,D0041,2024-02-24 05:16:37.905251,2024-02-24 16:28:37.905251,11.2,83,Merged,1
PR001842,P010,S0097,D0053,D0041,2024-02-23 00:21:14.231027,2024-02-24 01:15:14.231027,24.9,110,Merged,1
PR001843,P010,S0097,D0001,D0010,2024-02-25 18:07:27.252974,2024-02-25 21:25:27.252974,3.3,86,Merged,1
PR001844,P010,S0097,D0041,D0001,2024-03-01 03:16:50.483599,2024-03-01 15:52:50.483599,12.6,53,Closed,0
PR001845,P010,S0097,D0045,D0040,2024-02-27 17:53:17.173376,2024-02-27 23:47:17.173376,5.9,162,Merged,1
PR001846,P010,S0097,D0053,D0041,2024-02-29 12:39:48.868582,2024-03-01 06:15:48.868582,17.6,47,Merged,1
PR001847,P010,S0097,D0053,D0001,2024-02-25 09:11:00.440335,2024-02-25 14:05:00.440335,4.9,300,Merged,1
PR001848,P010,S0097,D0053,D0001,2024-02-22 13:03:59.819535,2024-02-23 04:21:59.819535,15.3,29,Merged,1
PR001849,P010,S0097,D0010,D0053,2024-02-24 10:32:46.001612,2024-02-25 04:56:46.001612,18.4,342,Merged,1
PR001850,P010,S0097,D0046,D0045,2024-02-28 20:46:44.900460,2024-02-29 07:10:44.900460,10.4,173,Closed,0
PR001851,P010,S0097,D0046,D0045,2024-02-27 14:23:42.641319,2024-02-28 23:29:42.641319,33.1,502,Merged,1
PR001852,P010,S0097,D0036,D0010,2024-02-25 09:07:28.277614,2024-02-25 16:07:28.277614,7.0,262,Merged,1
PR001853,P010,S0097,D0046,D0053,2024-03-01 01:31:01.027352,2024-03-01 12:37:01.027352,11.1,157,Merged,1
PR001854,P010,S0097,D0010,D0040,2024-02-23 12:15:25.991431,,,68,Open,0
PR001855,P010,S0097,D0001,D0045,2024-02-23 16:46:23.277273,2024-02-24 02:58:23.277273,10.2,13,Merged,1
PR001856,P010,S0098,D0041,D0046,2024-03-15 21:58:59.640326,,,299,Open,0
PR001857,P010,S0098,D0046,D0001,2024-03-10 22:16:17.044511,2024-03-11 08:46:17.044511,10.5,38,Merged,1
PR001858,P010,S0098,D0045,D0036,2024-03-12 12:19:48.520756,,,105,Open,0
PR001859,P010,S0098,D0036,D0001,2024-03-08 04:39:06.849962,2024-03-08 08:21:06.849962,3.7,80,Closed,0
PR001860,P010,S0098,D0046,D0036,2024-03-10 04:16:41.820210,2024-03-10 07:46:41.820210,3.5,125,Closed,0
PR001861,P010,S0098,D0053,D0046,2024-03-16 18:59:00.981264,2024-03-17 02:17:00.981264,7.3,316,Closed,0
PR001862,P010,S0098,D0040,D0036,2024-03-09 01:30:06.105647,2024-03-10 05:00:06.105647,27.5,302,Merged,1
PR001863,P010,S0098,D0001,D0045,2024-03-07 05:29:33.027445,2024-03-07 11:53:33.027445,6.4,329,Closed,0
PR001864,P010,S0098,D0045,D0041,2024-03-14 16:50:29.580147,2024-03-15 17:26:29.580147,24.6,110,Merged,1
PR001865,P010,S0098,D0046,D0045,2024-03-16 04:01:13.205162,2024-03-17 19:13:13.205162,39.2,148,Merged,1
PR001866,P010,S0098,D0036,D0046,2024-03-18 22:38:26.109694,2024-03-19 02:02:26.109694,3.4,83,Merged,1
PR001867,P010,S0098,D0046,D0053,2024-03-07 20:34:28.167497,2024-03-08 04:22:28.167497,7.8,92,Merged,1
PR001868,P010,S0098,D0045,D0036,2024-03-09 03:27:24.118892,2024-03-09 06:57:24.118892,3.5,58,Merged,1
PR001869,P010,S0098,D0036,D0053,2024-03-11 19:35:56.810954,2024-03-12 11:35:56.810954,16.0,83,Closed,0
PR001870,P010,S0098,D0045,D0041,2024-03-08 16:11:46.368614,2024-03-08 21:59:46.368614,5.8,76,Merged,1
PR001871,P010,S0098,D0046,D0010,2024-03-10 19:07:52.034680,2024-03-11 06:07:52.034680,11.0,142,Merged,1
PR001872,P010,S0099,D0010,D0036,2024-03-25 07:51:23.830928,,,120,Open,0
PR001873,P010,S0099,D0046,D0053,2024-03-30 08:18:15.285169,2024-03-30 09:18:15.285169,1.0,32,Merged,1
PR001874,P010,S0099,D0036,D0045,2024-03-22 10:20:52.778443,2024-03-23 13:44:52.778443,27.4,73,Merged,1
PR001875,P010,S0099,D0040,D0036,2024-03-23 13:51:14.370447,2024-03-23 19:51:14.370447,6.0,75,Merged,1
PR001876,P010,S0099,D0041,D0010,2024-03-29 03:37:58.310256,2024-03-29 09:55:58.310256,6.3,210,Merged,1
PR001877,P010,S0099,D0001,D0046,2024-04-01 14:16:48.252751,2024-04-02 09:40:48.252751,,22,Merged,1
PR001878,P010,S0099,D0040,D0036,2024-03-23 00:42:07.880338,2024-03-23 16:24:07.880338,15.7,65,Merged,1
PR001879,P010,S0099,D0010,D0053,2024-03-21 03:04:27.299502,2024-03-22 00:16:27.299502,21.2,171,Merged,1
PR001880,P010,S0099,D0001,D0010,2024-03-26 14:55:09.140916,2024-03-27 02:07:09.140916,11.2,179,Merged,1
PR001881,P010,S0099,D0041,D0036,2024-03-23 14:14:24.475894,2024-03-23 22:56:24.475894,8.7,83,Closed,0
PR001882,P010,S0099,D0010,D0001,2024-03-22 00:41:16.329257,2024-03-22 14:11:16.329257,13.5,352,Merged,1
PR001883,P010,S0099,D0001,D0036,2024-03-22 07:47:43.451763,2024-03-23 14:05:43.451763,30.3,221,Closed,0
PR001884,P010,S0099,D0010,D0040,2024-03-30 05:26:04.734460,2024-03-31 05:32:04.734460,24.1,155,Merged,1
PR001885,P010,S0099,D0010,D0041,2024-03-25 04:17:05.773503,2024-03-25 15:53:05.773503,11.6,114,Merged,1
PR001886,P010,S0099,D0001,D0041,2024-03-28 01:01:05.130528,,,274,Open,0
PR001887,P010,S0099,D0010,D0046,2024-04-01 19:22:23.855733,2024-04-01 21:16:23.855733,1.9,88,Closed,0
PR001888,P010,S0099,D0041,D0010,2024-03-22 07:59:56.156178,2024-03-22 19:53:56.156178,11.9,70,Closed,0
PR001889,P010,S0099,D0040,D0053,2024-03-22 03:52:25.090283,,,98,Open,0
PR001890,P010,S0100,D0053,D0045,2024-04-11 21:29:20.482707,2024-04-12 21:05:20.482707,23.6,50,Merged,1
PR001891,P010,S0100,D0041,D0036,2024-04-05 15:59:09.853231,2024-04-05 22:35:09.853231,6.6,30,Merged,1
PR001892,P010,S0100,D0046,D0010,2024-04-09 19:21:31.545307,2024-04-10 21:09:31.545307,25.8,147,Closed,0
PR001893,P010,S0100,D0040,D0041,2024-04-04 18:19:23.880561,2024-04-05 16:25:23.880561,22.1,97,Merged,1
PR001894,P010,S0100,D0053,D0036,2024-04-15 03:59:32.684825,2024-04-16 06:11:32.684825,26.2,126,Merged,1
PR001895,P010,S0100,D0036,D0045,2024-04-09 11:47:18.211269,2024-04-10 07:53:18.211269,20.1,37,Merged,1
PR001896,P010,S0100,D0053,D0036,2024-04-14 00:13:03.851800,2024-04-14 04:01:03.851800,3.8,174,Merged,1
PR001897,P010,S0100,D0045,D0036,2024-04-12 16:25:08.074966,2024-04-12 22:01:08.074966,5.6,126,Merged,1
PR001898,P010,S0100,D0046,D0041,2024-04-08 00:03:20.379627,2024-04-08 16:45:20.379627,16.7,67,Merged,1
PR001899,P010,S0100,D0040,D0045,2024-04-07 18:10:17.965524,2024-04-08 00:40:17.965524,6.5,208,Merged,1
PR001900,P010,S0100,D0046,D0036,2024-04-15 16:45:51.902653,2024-04-16 01:15:51.902653,8.5,65,Merged,1
PR001901,P010,S0100,D0036,D0041,2024-04-07 06:48:11.517987,2024-04-08 00:42:11.517987,17.9,151,Closed,0
PR001902,P010,S0100,D0053,D0036,2024-04-05 14:50:29.251063,2024-04-05 22:50:29.251063,8.0,24,Merged,1
PR001903,P010,S0100,D0041,D0040,2024-04-08 21:03:08.238116,2024-04-09 04:39:08.238116,7.6,357,Closed,0
PR001904,P010,S0100,D0046,D0040,2024-04-11 05:52:48.096059,2024-04-12 03:52:48.096059,22.0,77,Merged,1
PR001905,P010,S0100,D0045,D0041,2024-04-05 12:03:26.489245,2024-04-05 13:21:26.489245,1.3,43,Merged,1
PR001906,P010,S0100,D0001,D0040,2024-04-04 05:10:58.712615,2024-04-04 13:28:58.712615,8.3,66,Merged,1
PR001907,P010,S0100,D0041,D0040,2024-04-08 07:20:51.862433,,,54,Open,0
PR001908,P010,S0100,D0053,D0040,2024-04-07 00:29:50.421567,,,104,Open,0
PR001909,P010,S0100,D0040,D0046,2024-04-06 16:59:43.208903,2024-04-06 21:53:43.208903,,118,Merged,1
PR001910,P010,S0100,D0040,D0010,2024-04-12 09:16:18.476991,,,255,Open,0
PR001911,P010,S0100,D0053,D0001,2024-04-12 18:58:22.632046,2024-04-13 07:52:22.632046,12.9,67,Merged,1
PR001912,P010,S0100,D0041,D0010,2024-04-07 02:16:30.447140,,,295,Open,0
PR001913,P010,S0100,D0040,D0053,2024-04-15 10:02:36.121121,2024-04-16 20:44:36.121121,34.7,200,Merged,1
PR001914,P010,S0100,D0045,D0001,2024-04-12 13:34:45.781132,2024-04-12 20:52:45.781132,7.3,91,Closed,0
PR001915,P011,S0101,D0039,D0028,2023-11-24 16:40:48.631834,2023-11-24 18:46:48.631834,2.1,9,Merged,1
PR001916,P011,S0101,D0051,D0016,2023-11-30 09:52:12.301354,2023-11-30 15:04:12.301354,5.2,183,Merged,1
PR001917,P011,S0101,D0011,D0028,2023-12-03 13:47:15.801560,,,162,Open,0
PR001918,P011,S0101,D0016,D0051,2023-12-05 12:58:17.440409,2023-12-05 22:52:17.440409,9.9,211,Merged,1
PR001919,P011,S0101,D0016,D0051,2023-12-03 22:41:11.613181,2023-12-05 03:05:11.613181,28.4,63,Merged,1
PR001920,P011,S0101,D0016,D0011,2023-12-03 23:27:56.827767,2023-12-06 00:39:56.827767,49.2,61,Merged,1
PR001921,P011,S0101,D0028,D0016,2023-12-02 21:49:37.738762,2023-12-04 02:13:37.738762,28.4,90,Closed,0
PR001922,P011,S0101,D0039,D0016,2023-11-25 00:07:33.090088,2023-11-25 10:07:33.090088,10.0,129,Merged,1
PR001923,P011,S0101,D0051,D0016,2023-11-29 15:28:34.224008,2023-11-30 22:58:34.224008,31.5,151,Closed,0
PR001924,P011,S0101,D0028,D0011,2023-11-24 17:03:07.221507,2023-11-25 16:45:07.221507,23.7,30,Closed,0
PR001925,P011,S0102,D0016,D0051,2023-12-12 01:34:14.179030,2023-12-14 08:28:14.179030,54.9,154,Closed,0
PR001926,P011,S0102,D0011,D0051,2023-12-11 12:43:28.477019,2023-12-11 16:25:28.477019,3.7,33,Merged,1
PR001927,P011,S0102,D0011,D0039,2023-12-09 21:26:13.056393,2023-12-10 14:08:13.056393,16.7,118,Merged,1
PR001928,P011,S0102,D0028,D0039,2023-12-14 17:15:20.887843,,,295,Open,0
PR001929,P011,S0102,D0039,D0051,2023-12-08 15:25:49.483336,2023-12-09 08:01:49.483336,16.6,38,Merged,1
PR001930,P011,S0102,D0016,D0039,2023-12-18 08:42:35.089819,2023-12-18 20:00:35.089819,11.3,129,Merged,1
PR001931,P011,S0102,D0016,D0039,2023-12-19 03:29:42.741606,2023-12-19 11:05:42.741606,7.6,177,Merged,1
PR001932,P011,S0102,D0028,D0051,2023-12-17 18:08:25.435063,2023-12-17 22:44:25.435063,4.6,153,Closed,0
PR001933,P011,S0102,D0028,D0039,2023-12-17 05:15:26.398722,2023-12-17 16:45:26.398722,11.5,65,Merged,1
PR001934,P011,S0102,D0011,D0039,2023-12-09 20:08:17.633442,2023-12-10 02:32:17.633442,6.4,160,Closed,0
PR001935,P011,S0102,D0016,D0039,2023-12-18 22:53:12.926876,2023-12-20 14:11:12.926876,39.3,43,Closed,0
PR001936,P011,S0102,D0016,D0039,2023-12-14 13:44:42.508387,2023-12-15 22:56:42.508387,33.2,56,Merged,1
PR001937,P011,S0102,D0028,D0016,2023-12-19 18:35:54.282008,2023-12-20 17:05:54.282008,22.5,175,Merged,1
PR001938,P011,S0102,D0016,D0011,2023-12-12 21:40:16.342863,2023-12-13 21:40:16.342863,24.0,161,Merged,1
PR001939,P011,S0102,D0011,D0051,2023-12-16 21:17:24.953351,2023-12-19 18:59:24.953351,,158,Merged,1
PR001940,P011,S0102,D0051,D0028,2023-12-16 14:24:12.690858,2023-12-18 14:06:12.690858,47.7,433,Merged,1
PR001941,P011,S0103,D0028,D0039,2023-12-29 10:16:21.387755,2023-12-30 23:52:21.387755,37.6,22,Merged,1
PR001942,P011,S0103,D0028,D0051,2024-01-02 10:17:40.029842,2024-01-02 15:35:40.029842,5.3,51,Merged,1
PR001943,P011,S0103,D0011,D0051,2023-12-29 01:32:43.980292,2023-12-29 18:56:43.980292,17.4,152,Merged,1
PR001944,P011,S0103,D0016,D0011,2023-12-30 16:22:19.377624,2023-12-31 12:04:19.377624,19.7,87,Closed,0
PR001945,P011,S0103,D0039,D0028,2023-12-31 13:42:10.255495,2024-01-01 14:06:10.255495,24.4,117,Merged,1
PR001946,P011,S0103,D0016,D0028,2023-12-30 04:53:59.539983,2023-12-31 01:17:59.539983,20.4,63,Merged,1
PR001947,P011,S0103,D0039,D0011,2024-01-01 23:51:37.463672,2024-01-03 01:45:37.463672,25.9,37,Closed,0
PR001948,P011,S0103,D0016,D0051,2024-01-01 03:23:42.710661,2024-01-01 07:05:42.710661,3.7,25,Merged,1
PR001949,P011,S0103,D0016,D0011,2023-12-22 23:41:58.961545,2023-12-24 08:17:58.961545,32.6,29,Closed,0
PR001950,P011,S0103,D0039,D0016,2023-12-31 00:32:07.032690,2023-12-31 03:20:07.032690,2.8,98,Merged,1
PR001951,P011,S0103,D0011,D0051,2023-12-22 06:05:42.518258,2023-12-24 14:23:42.518258,56.3,88,Closed,0
PR001952,P011,S0103,D0016,D0028,2023-12-26 21:45:11.087107,2023-12-27 04:45:11.087107,7.0,159,Merged,1
PR001953,P011,S0103,D0039,D0011,2023-12-31 12:42:30.916614,2023-12-31 23:48:30.916614,11.1,47,Closed,0
PR001954,P011,S0103,D0039,D0011,2023-12-26 01:24:49.688204,2023-12-26 09:24:49.688204,8.0,79,Merged,1
PR001955,P011,S0103,D0011,D0039,2023-12-31 20:21:19.172907,2024-01-02 02:39:19.172907,30.3,163,Merged,1
PR001956,P011,S0103,D0028,D0016,2023-12-31 20:48:04.436002,2024-01-01 18:42:04.436002,21.9,216,Merged,1
PR001957,P011,S0103,D0016,D0028,2023-12-23 04:59:30.361885,2023-12-24 09:41:30.361885,28.7,130,Closed,0
PR001958,P011,S0103,D0011,D0051,2023-12-28 10:48:14.395202,2023-12-29 22:30:14.395202,35.7,91,Merged,1
PR001959,P011,S0103,D0039,D0016,2023-12-26 08:19:55.773160,2023-12-26 23:43:55.773160,15.4,211,Merged,1
PR001960,P011,S0103,D0011,D0028,2023-12-31 12:30:27.378819,2024-01-02 08:18:27.378819,43.8,64,Merged,1
PR001961,P011,S0103,D0028,D0039,2023-12-22 06:51:34.566802,2023-12-23 15:33:34.566802,32.7,71,Merged,1
PR001962,P011,S0103,D0011,D0016,2023-12-25 17:45:13.832082,2023-12-27 03:51:13.832082,34.1,50,Merged,1
PR001963,P011,S0104,D0039,D0028,2024-01-14 02:18:34.115668,2024-01-14 04:48:34.115668,2.5,366,Merged,1
PR001964,P011,S0104,D0039,D0051,2024-01-10 09:12:17.762495,2024-01-10 21:36:17.762495,12.4,101,Merged,1
PR001965,P011,S0104,D0051,D0016,2024-01-08 08:16:23.382201,,,46,Open,0
PR001966,P011,S0104,D0028,D0016,2024-01-13 11:43:38.328754,2024-01-14 10:55:38.328754,23.2,128,Merged,1
PR001967,P011,S0104,D0039,D0028,2024-01-12 05:36:11.442063,,,102,Open,0
PR001968,P011,S0104,D0028,D0051,2024-01-08 19:16:49.240661,2024-01-09 13:34:49.240661,18.3,36,Closed,0
PR001969,P011,S0104,D0028,D0011,2024-01-07 05:51:41.779096,2024-01-07 19:03:41.779096,13.2,91,Merged,1
PR001970,P011,S0104,D0051,D0016,2024-01-13 02:46:20.529425,2024-01-13 08:10:20.529425,5.4,87,Merged,1
PR001971,P011,S0104,D0028,D0051,2024-01-13 13:29:23.799927,2024-01-14 16:41:23.799927,27.2,54,Merged,1
PR001972,P011,S0104,D0011,D0016,2024-01-06 05:27:08.428683,2024-01-06 13:21:08.428683,7.9,112,Closed,0
PR001973,P011,S0104,D0028,D0016,2024-01-13 12:23:50.759627,2024-01-14 16:53:50.759627,28.5,76,Merged,1
PR001974,P011,S0104,D0011,D0051,2024-01-10 01:41:34.770910,2024-01-11 17:29:34.770910,39.8,239,Merged,1
PR001975,P011,S0104,D0011,D0028,2024-01-14 07:05:56.819545,2024-01-15 03:29:56.819545,20.4,92,Merged,1
PR001976,P011,S0104,D0016,D0039,2024-01-09 11:27:58.764700,2024-01-11 18:39:58.764700,55.2,170,Closed,0
PR001977,P011,S0104,D0028,D0051,2024-01-16 11:18:00.202642,2024-01-18 19:00:00.202642,55.7,218,Merged,1
PR001978,P011,S0104,D0028,D0039,2024-01-07 10:29:48.107596,2024-01-07 19:53:48.107596,9.4,81,Merged,1
PR001979,P011,S0104,D0051,D0011,2024-01-07 04:30:49.370669,2024-01-09 08:54:49.370669,52.4,238,Closed,0
PR001980,P011,S0104,D0028,D0051,2024-01-11 20:34:06.332528,2024-01-12 18:28:06.332528,21.9,172,Closed,0
PR001981,P011,S0104,D0028,D0016,2024-01-08 13:57:09.093003,2024-01-09 03:39:09.093003,13.7,53,Merged,1
PR001982,P011,S0104,D0028,D0051,2024-01-16 23:41:31.491701,2024-01-17 23:53:31.491701,24.2,385,Merged,1
PR001983,P011,S0104,D0028,D0039,2024-01-05 08:17:14.419113,2024-01-06 20:41:14.419113,,56,Merged,1
PR001984,P011,S0104,D0011,D0039,2024-01-14 23:42:09.689842,2024-01-15 14:24:09.689842,14.7,80,Merged,1
PR001985,P011,S0104,D0039,D0028,2024-01-16 13:02:35.331141,,,204,Open,0
PR001986,P011,S0104,D0028,D0051,2024-01-16 09:55:17.644456,2024-01-17 11:19:17.644456,25.4,370,Merged,1
PR001987,P011,S0104,D0028,D0016,2024-01-06 18:43:26.438621,,,11,Open,0
PR001988,P011,S0105,D0011,D0028,2024-01-25 20:55:44.530464,2024-01-26 11:31:44.530464,14.6,131,Merged,1
PR001989,P011,S0105,D0011,D0039,2024-01-27 00:18:04.027082,2024-01-27 08:24:04.027082,8.1,149,Merged,1
PR001990,P011,S0105,D0028,D0039,2024-01-22 23:15:26.697108,2024-01-23 10:57:26.697108,11.7,54,Merged,1
PR001991,P011,S0105,D0051,D0028,2024-01-26 05:08:18.492063,,,135,Open,0
PR001992,P011,S0105,D0016,D0039,2024-01-20 20:26:36.660373,2024-01-22 13:02:36.660373,40.6,105,Merged,1
PR001993,P011,S0105,D0039,D0028,2024-01-20 08:16:01.687643,2024-01-22 03:10:01.687643,42.9,118,Merged,1
PR001994,P011,S0105,D0016,D0051,2024-01-24 19:56:31.234758,2024-01-25 14:08:31.234758,18.2,99,Merged,1
PR001995,P011,S0105,D0051,D0016,2024-01-28 14:50:21.783421,2024-01-29 18:56:21.783421,28.1,220,Merged,1
PR001996,P011,S0105,D0051,D0016,2024-01-26 12:44:09.180193,2024-01-27 12:02:09.180193,23.3,102,Merged,1
PR001997,P011,S0105,D0028,D0016,2024-01-19 09:42:41.492365,2024-01-19 20:12:41.492365,10.5,87,Merged,1
PR001998,P011,S0105,D0028,D0011,2024-01-26 19:57:47.366357,2024-01-27 01:45:47.366357,5.8,55,Merged,1
PR001999,P011,S0105,D0039,D0016,2024-01-28 16:46:54.817566,2024-01-28 23:46:54.817566,7.0,25,Merged,1
PR002000,P011,S0105,D0011,D0039,2024-01-25 09:20:48.336055,2024-01-26 11:44:48.336055,26.4,243,Merged,1
PR002001,P011,S0105,D0011,D0016,2024-01-23 06:53:29.910807,2024-01-24 22:41:29.910807,39.8,43,Closed,0
PR002002,P011,S0105,D0028,D0051,2024-01-21 15:00:04.822033,2024-01-23 08:48:04.822033,41.8,132,Closed,0
PR002003,P011,S0105,D0051,D0016,2024-01-30 17:20:53.130104,2024-01-31 07:14:53.130104,13.9,66,Closed,0
PR002004,P011,S0105,D0051,D0016,2024-01-29 15:34:29.007773,2024-01-30 07:40:29.007773,16.1,49,Merged,1
PR002005,P011,S0105,D0039,D0016,2024-01-27 18:00:01.637033,2024-01-29 10:18:01.637033,40.3,50,Merged,1
PR002006,P011,S0106,D0051,D0011,2024-02-09 07:52:17.363700,2024-02-09 18:40:17.363700,10.8,36,Merged,1
PR002007,P011,S0106,D0016,D0011,2024-02-08 21:20:09.079569,2024-02-09 09:38:09.079569,12.3,57,Merged,1
PR002008,P011,S0106,D0051,D0011,2024-02-04 02:46:58.732241,2024-02-05 03:16:58.732241,24.5,19,Merged,1
PR002009,P011,S0106,D0051,D0039,2024-02-09 22:00:16.919158,2024-02-10 15:54:16.919158,17.9,234,Merged,1
PR002010,P011,S0106,D0028,D0051,2024-02-07 13:24:26.385332,2024-02-09 16:30:26.385332,51.1,139,Merged,1
PR002011,P011,S0106,D0051,D0016,2024-02-05 15:47:31.728716,2024-02-06 21:47:31.728716,30.0,153,Merged,1
PR002012,P011,S0106,D0039,D0051,2024-02-05 11:26:38.234726,2024-02-05 23:26:38.234726,12.0,104,Merged,1
PR002013,P011,S0106,D0011,D0028,2024-02-13 07:49:25.623200,2024-02-14 00:37:25.623200,16.8,179,Merged,1
PR002014,P011,S0106,D0039,D0028,2024-02-10 13:12:58.007174,2024-02-11 08:42:58.007174,19.5,106,Merged,1
PR002015,P011,S0106,D0016,D0028,2024-02-06 04:52:01.466867,2024-02-06 14:58:01.466867,10.1,78,Merged,1
PR002016,P011,S0106,D0051,D0016,2024-02-04 23:07:43.583317,2024-02-05 04:01:43.583317,4.9,165,Merged,1
PR002017,P011,S0106,D0051,D0016,2024-02-05 09:39:33.121618,2024-02-06 11:39:33.121618,26.0,74,Closed,0
PR002018,P011,S0106,D0016,D0011,2024-02-12 20:15:40.327397,2024-02-14 08:51:40.327397,36.6,167,Merged,1
PR002019,P011,S0106,D0051,D0011,2024-02-02 18:02:11.399583,2024-02-03 23:32:11.399583,29.5,161,Merged,1
PR002020,P011,S0106,D0051,D0011,2024-02-04 20:42:16.000438,2024-02-05 03:18:16.000438,6.6,127,Merged,1
PR002021,P011,S0106,D0039,D0011,2024-02-09 10:06:01.954466,2024-02-11 08:48:01.954466,46.7,76,Merged,1
PR002022,P011,S0106,D0039,D0011,2024-02-02 13:38:09.385901,2024-02-04 23:14:09.385901,57.6,216,Merged,1
PR002023,P011,S0106,D0028,D0051,2024-02-07 18:50:20.303261,2024-02-09 08:20:20.303261,37.5,42,Closed,0
PR002024,P011,S0107,D0028,D0016,2024-02-27 23:48:29.429702,2024-02-28 16:06:29.429702,16.3,37,Merged,1
PR002025,P011,S0107,D0028,D0016,2024-02-27 11:42:16.255914,2024-02-28 17:42:16.255914,30.0,26,Merged,1
PR002026,P011,S0107,D0016,D0028,2024-02-21 18:37:25.130059,2024-02-22 14:55:25.130059,20.3,305,Merged,1
PR002027,P011,S0107,D0028,D0051,2024-02-25 00:37:36.315886,2024-02-25 05:55:36.315886,5.3,162,Merged,1
PR002028,P011,S0107,D0028,D0051,2024-02-24 16:31:50.080603,2024-02-26 06:13:50.080603,37.7,341,Merged,1
PR002029,P011,S0107,D0039,D0028,2024-02-24 18:19:25.131392,2024-02-25 00:49:25.131392,6.5,98,Merged,1
PR002030,P011,S0107,D0051,D0011,2024-02-16 02:02:05.024049,2024-02-16 05:56:05.024049,3.9,29,Merged,1
PR002031,P011,S0107,D0016,D0039,2024-02-18 01:53:20.827956,2024-02-18 21:59:20.827956,20.1,62,Merged,1
PR002032,P011,S0107,D0011,D0051,2024-02-17 20:58:13.381979,2024-02-18 20:58:13.381979,24.0,97,Merged,1
PR002033,P011,S0107,D0028,D0039,2024-02-22 07:52:33.801271,,,10,Open,0
PR002034,P011,S0107,D0028,D0051,2024-02-26 20:49:08.367194,2024-02-27 06:13:08.367194,9.4,213,Merged,1
PR002035,P011,S0108,D0016,D0028,2024-03-12 23:28:47.328639,2024-03-14 03:10:47.328639,27.7,179,Merged,1
PR002036,P011,S0108,D0051,D0011,2024-03-11 13:07:35.211916,2024-03-12 02:31:35.211916,13.4,89,Merged,1
PR002037,P011,S0108,D0028,D0016,2024-03-06 03:15:05.509090,2024-03-06 09:27:05.509090,6.2,225,Closed,0
PR002038,P011,S0108,D0028,D0016,2024-03-08 00:36:03.100394,2024-03-08 07:42:03.100394,7.1,149,Merged,1
PR002039,P011,S0108,D0028,D0011,2024-03-07 00:30:36.910644,2024-03-07 18:54:36.910644,18.4,59,Merged,1
PR002040,P011,S0108,D0011,D0051,2024-03-03 21:06:01.142334,2024-03-07 05:06:01.142334,80.0,287,Merged,1
PR002041,P011,S0108,D0051,D0016,2024-03-05 14:29:19.146298,2024-03-05 17:29:19.146298,3.0,321,Merged,1
PR002042,P011,S0108,D0016,D0039,2024-03-08 04:44:03.061379,2024-03-10 10:20:03.061379,53.6,164,Merged,1
PR002043,P011,S0108,D0028,D0016,2024-03-06 22:46:06.445423,2024-03-07 18:52:06.445423,20.1,100,Closed,0
PR002044,P011,S0108,D0011,D0028,2024-03-08 00:58:57.525294,2024-03-09 05:40:57.525294,28.7,78,Closed,0
PR002045,P011,S0108,D0011,D0039,2024-03-08 18:22:02.577399,2024-03-09 00:04:02.577399,5.7,219,Merged,1
PR002046,P011,S0108,D0011,D0039,2024-03-07 07:50:30.130926,2024-03-08 12:26:30.130926,28.6,157,Merged,1
PR002047,P011,S0108,D0016,D0039,2024-03-02 20:26:19.885195,2024-03-03 13:38:19.885195,17.2,130,Merged,1
PR002048,P011,S0108,D0051,D0016,2024-03-11 10:33:06.632027,,,47,Open,0
PR002049,P011,S0108,D0039,D0016,2024-03-10 16:06:04.450926,2024-03-11 04:18:04.450926,12.2,44,Merged,1
PR002050,P011,S0108,D0016,D0028,2024-03-11 08:53:04.122650,2024-03-11 10:53:04.122650,2.0,7,Closed,0
PR002051,P011,S0108,D0028,D0011,2024-03-11 22:24:19.160293,2024-03-13 11:00:19.160293,36.6,107,Merged,1
PR002052,P011,S0108,D0051,D0016,2024-03-04 00:33:17.380358,2024-03-04 13:51:17.380358,13.3,3,Merged,1
PR002053,P011,S0108,D0039,D0016,2024-03-10 04:55:07.509887,2024-03-11 01:37:07.509887,20.7,45,Merged,1
PR002054,P011,S0108,D0051,D0039,2024-03-01 11:14:00.995484,2024-03-03 01:08:00.995484,37.9,161,Merged,1
PR002055,P011,S0108,D0011,D0028,2024-03-04 05:00:44.329112,2024-03-07 11:30:44.329112,78.5,168,Merged,1
PR002056,P011,S0109,D0039,D0028,2024-03-19 21:49:06.754107,2024-03-20 09:25:06.754107,11.6,221,Merged,1
PR002057,P011,S0109,D0011,D0028,2024-03-22 11:38:48.890342,2024-03-23 07:14:48.890342,19.6,91,Merged,1
PR002058,P011,S0109,D0028,D0051,2024-03-15 17:57:01.984224,2024-03-16 03:09:01.984224,9.2,36,Merged,1
PR002059,P011,S0109,D0016,D0028,2024-03-15 23:49:47.912336,2024-03-16 03:43:47.912336,3.9,68,Merged,1
PR002060,P011,S0109,D0051,D0039,2024-03-19 07:41:13.806655,2024-03-20 10:53:13.806655,27.2,53,Merged,1
PR002061,P011,S0109,D0011,D0039,2024-03-16 00:04:39.320687,2024-03-17 22:10:39.320687,46.1,136,Merged,1
PR002062,P011,S0109,D0039,D0011,2024-03-20 17:10:18.132153,,,149,Open,0
PR002063,P011,S0109,D0011,D0051,2024-03-22 22:31:29.750735,2024-03-23 21:31:29.750735,23.0,45,Closed,0
PR002064,P011,S0109,D0011,D0039,2024-03-20 11:54:02.450358,2024-03-21 19:00:02.450358,31.1,164,Merged,1
PR002065,P011,S0109,D0016,D0051,2024-03-20 16:03:38.447439,2024-03-22 14:27:38.447439,,102,Merged,1
PR002066,P011,S0109,D0039,D0028,2024-03-21 05:17:17.998039,2024-03-22 17:53:17.998039,36.6,139,Merged,1
PR002067,P011,S0110,D0039,D0028,2024-03-31 14:04:47.715128,2024-04-02 04:04:47.715128,38.0,82,Merged,1
PR002068,P011,S0110,D0039,D0011,2024-04-03 11:21:51.910198,,,104,Open,0
PR002069,P011,S0110,D0028,D0011,2024-04-02 06:09:32.250053,2024-04-03 00:51:32.250053,18.7,53,Merged,1
PR002070,P011,S0110,D0051,D0016,2024-04-08 08:17:09.158847,2024-04-09 15:05:09.158847,30.8,43,Merged,1
PR002071,P011,S0110,D0028,D0051,2024-04-01 01:34:54.329824,,,164,Open,0
PR002072,P011,S0110,D0051,D0028,2024-04-03 10:50:49.807117,2024-04-03 20:32:49.807117,9.7,129,Merged,1
PR002073,P011,S0110,D0051,D0016,2024-04-05 07:03:34.433922,2024-04-05 15:03:34.433922,8.0,148,Merged,1
PR002074,P011,S0110,D0011,D0039,2024-04-07 07:25:50.524361,2024-04-07 20:07:50.524361,12.7,32,Merged,1
PR002075,P011,S0110,D0011,D0051,2024-04-09 18:38:42.017127,,,5,Open,0
PR002076,P011,S0110,D0028,D0011,2024-03-30 01:39:30.122638,2024-03-31 09:57:30.122638,32.3,115,Merged,1
PR002077,P011,S0110,D0039,D0016,2024-04-06 04:50:11.064926,2024-04-07 05:02:11.064926,24.2,108,Merged,1
PR002078,P011,S0110,D0051,D0039,2024-04-09 15:45:50.151464,2024-04-11 00:39:50.151464,32.9,42,Merged,1
PR002079,P011,S0110,D0028,D0051,2024-04-05 04:01:50.350991,2024-04-05 13:13:50.350991,9.2,65,Merged,1
PR002080,P011,S0110,D0016,D0028,2024-03-31 16:54:22.587829,2024-04-01 04:12:22.587829,11.3,97,Merged,1
PR002081,P011,S0110,D0051,D0039,2024-04-09 03:54:53.256294,2024-04-10 08:18:53.256294,28.4,233,Merged,1
PR002082,P011,S0110,D0051,D0011,2024-04-07 00:08:20.576028,2024-04-09 01:02:20.576028,48.9,101,Closed,0
PR002083,P011,S0110,D0016,D0051,2024-04-07 16:53:32.186725,2024-04-08 20:05:32.186725,27.2,330,Closed,0
PR002084,P011,S0110,D0039,D0051,2024-04-01 22:44:01.786149,2024-04-02 23:08:01.786149,24.4,214,Merged,1
PR002085,P011,S0110,D0016,D0051,2024-03-30 01:33:42.162451,2024-03-31 09:51:42.162451,32.3,111,Closed,0
PR002086,P012,S0111,D0026,D0019,2023-11-21 07:41:20.794887,2023-11-21 21:47:20.794887,14.1,108,Merged,1
PR002087,P012,S0111,D0030,D0042,2023-11-22 06:37:38.576738,2023-11-23 03:49:38.576738,21.2,197,Closed,0
PR002088,P012,S0111,D0030,D0026,2023-11-30 01:39:03.396545,,,134,Open,0
PR002089,P012,S0111,D0030,D0006,2023-11-23 09:10:49.278337,2023-11-23 16:22:49.278337,7.2,238,Merged,1
PR002090,P012,S0111,D0006,D0004,2023-11-30 17:36:22.239879,2023-12-01 13:24:22.239879,19.8,47,Merged,1
PR002091,P012,S0111,D0019,D0006,2023-11-20 17:40:00.951895,2023-11-21 02:16:00.951895,8.6,26,Merged,1
PR002092,P012,S0111,D0004,D0042,2023-11-25 02:36:55.935131,2023-11-25 12:48:55.935131,10.2,214,Merged,1
PR002093,P012,S0111,D0050,D0019,2023-11-28 11:54:55.060558,2023-11-29 06:54:55.060558,19.0,139,Merged,1
PR002094,P012,S0111,D0004,D0042,2023-11-22 07:45:02.146101,2023-11-22 21:15:02.146101,13.5,30,Merged,1
PR002095,P012,S0111,D0004,D0042,2023-11-29 15:15:32.025071,2023-11-30 23:57:32.025071,32.7,98,Merged,1
PR002096,P012,S0111,D0004,D0042,2023-11-28 13:59:57.002081,2023-11-29 01:59:57.002081,12.0,29,Merged,1
PR002097,P012,S0111,D0042,D0026,2023-11-19 15:38:03.929236,2023-11-20 15:14:03.929236,23.6,94,Closed,0
PR002098,P012,S0111,D0050,D0006,2023-11-19 23:24:44.361505,2023-11-21 02:30:44.361505,27.1,17,Merged,1
PR002099,P012,S0111,D0030,D0042,2023-11-28 22:14:58.307166,2023-11-30 00:32:58.307166,26.3,346,Merged,1
PR002100,P012,S0111,D0030,D0004,2023-11-27 11:41:17.553045,2023-11-27 20:29:17.553045,8.8,190,Merged,1
PR002101,P012,S0111,D0004,D0050,2023-11-28 16:24:58.652946,2023-11-29 04:48:58.652946,12.4,93,Closed,0
PR002102,P012,S0111,D0030,D0019,2023-11-25 23:46:33.965382,2023-11-26 01:16:33.965382,1.5,61,Merged,1
PR002103,P012,S0111,D0006,D0030,2023-11-24 02:59:09.201834,2023-11-24 10:05:09.201834,7.1,95,Merged,1
PR002104,P012,S0111,D0042,D0006,2023-11-29 11:58:38.376924,2023-11-30 01:46:38.376924,13.8,41,Merged,1
PR002105,P012,S0111,D0019,D0004,2023-11-28 21:05:07.785589,2023-11-29 12:17:07.785589,15.2,221,Merged,1
PR002106,P012,S0111,D0004,D0026,2023-11-26 07:39:11.435301,2023-11-26 09:45:11.435301,2.1,39,Merged,1
PR002107,P012,S0112,D0026,D0019,2023-12-03 11:15:16.181181,2023-12-03 20:51:16.181181,9.6,108,Closed,0
PR002108,P012,S0112,D0026,D0050,2023-12-03 06:18:58.685149,2023-12-03 14:48:58.685149,8.5,47,Merged,1
PR002109,P012,S0112,D0006,D0042,2023-12-10 09:58:54.402605,2023-12-10 19:40:54.402605,9.7,60,Merged,1
PR002110,P012,S0112,D0030,D0026,2023-12-05 07:10:47.685128,,,52,Open,0
PR002111,P012,S0112,D0042,D0050,2023-12-08 15:22:15.083848,2023-12-09 01:46:15.083848,10.4,46,Merged,1
PR002112,P012,S0112,D0030,D0004,2023-12-07 13:56:02.389771,,,118,Open,0
PR002113,P012,S0112,D0004,D0030,2023-12-11 06:21:14.280352,2023-12-11 08:51:14.280352,2.5,68,Merged,1
PR002114,P012,S0112,D0050,D0042,2023-12-03 21:40:42.887444,2023-12-04 13:46:42.887444,16.1,113,Closed,0
PR002115,P012,S0112,D0050,D0042,2023-12-14 00:15:22.498403,,,82,Open,0
PR002116,P012,S0112,D0019,D0026,2023-12-10 03:49:31.902135,2023-12-10 18:49:31.902135,15.0,33,Merged,1
PR002117,P012,S0112,D0030,D0042,2023-12-08 22:30:09.454399,2023-12-10 07:48:09.454399,33.3,211,Merged,1
PR002118,P012,S0112,D0042,D0006,2023-12-05 09:17:45.299761,2023-12-06 07:29:45.299761,22.2,116,Closed,0
PR002119,P012,S0112,D0004,D0030,2023-12-14 19:30:10.706398,2023-12-15 00:18:10.706398,4.8,50,Closed,0
PR002120,P012,S0113,D0030,D0042,2023-12-24 19:49:06.816666,2023-12-25 10:55:06.816666,15.1,475,Closed,0
PR002121,P012,S0113,D0030,D0050,2023-12-25 11:52:37.354911,2023-12-26 08:58:37.354911,21.1,46,Closed,0
PR002122,P012,S0113,D0019,D0026,2023-12-20 01:46:10.884950,2023-12-20 05:04:10.884950,3.3,279,Merged,1
PR002123,P012,S0113,D0019,D0042,2023-12-20 11:38:38.491048,2023-12-21 22:20:38.491048,34.7,13,Merged,1
PR002124,P012,S0113,D0019,D0042,2023-12-17 06:50:45.633771,,,175,Open,0
PR002125,P012,S0113,D0050,D0006,2023-12-25 22:35:17.401667,2023-12-26 00:11:17.401667,1.6,222,Merged,1
PR002126,P012,S0113,D0006,D0004,2023-12-20 07:08:45.521527,2023-12-20 15:44:45.521527,8.6,57,Merged,1
PR002127,P012,S0113,D0026,D0042,2023-12-21 02:46:49.977775,,,285,Open,0
PR002128,P012,S0113,D0030,D0042,2023-12-23 09:44:13.372066,2023-12-24 00:56:13.372066,15.2,239,Merged,1
PR002129,P012,S0113,D0050,D0030,2023-12-28 02:37:20.032701,2023-12-28 05:13:20.032701,2.6,283,Merged,1
PR002130,P012,S0113,D0004,D0019,2023-12-28 22:33:09.036266,2023-12-29 18:15:09.036266,19.7,33,Merged,1
PR002131,P012,S0113,D0030,D0004,2023-12-27 16:59:40.252853,2023-12-27 22:59:40.252853,6.0,143,Merged,1
PR002132,P012,S0113,D0019,D0030,2023-12-23 20:39:08.968808,2023-12-24 12:45:08.968808,16.1,62,Merged,1
PR002133,P012,S0113,D0019,D0006,2023-12-23 15:52:18.954524,,,37,Open,0
PR002134,P012,S0113,D0004,D0042,2023-12-20 23:23:46.105393,,,306,Open,0
PR002135,P012,S0113,D0006,D0042,2023-12-27 19:23:33.387285,2023-12-28 03:29:33.387285,8.1,168,Merged,1
PR002136,P012,S0113,D0004,D0026,2023-12-26 01:39:42.342110,2023-12-26 14:09:42.342110,12.5,187,Closed,0
PR002137,P012,S0113,D0019,D0006,2023-12-21 00:38:27.859544,,,26,Open,0
PR002138,P012,S0113,D0042,D0026,2023-12-27 04:34:31.378449,2023-12-27 11:28:31.378449,6.9,49,Merged,1
PR002139,P012,S0113,D0004,D0019,2023-12-22 20:52:33.804525,,,204,Open,0
PR002140,P012,S0113,D0006,D0050,2023-12-21 06:05:55.124234,,,167,Open,0
PR002141,P012,S0113,D0006,D0019,2023-12-25 02:52:56.022521,2023-12-26 07:40:56.022521,28.8,162,Merged,1
PR002142,P012,S0113,D0030,D0050,2023-12-25 04:58:20.881736,2023-12-25 13:40:20.881736,8.7,41,Merged,1
PR002143,P012,S0113,D0030,D0019,2023-12-23 04:24:09.178972,2023-12-23 14:42:09.178972,10.3,135,Merged,1
PR002144,P012,S0113,D0019,D0042,2023-12-24 02:28:29.547073,2023-12-24 20:40:29.547073,18.2,95,Merged,1
PR002145,P012,S0114,D0004,D0019,2024-01-04 16:12:56.539731,2024-01-05 14:36:56.539731,22.4,126,Merged,1
PR002146,P012,S0114,D0030,D0019,2024-01-06 02:02:38.845036,2024-01-07 00:02:38.845036,22.0,194,Merged,1
PR002147,P012,S0114,D0004,D0026,2024-01-10 03:14:07.600275,2024-01-10 08:32:07.600275,5.3,247,Merged,1
PR002148,P012,S0114,D0026,D0006,2024-01-04 20:58:59.612962,2024-01-05 07:46:59.612962,10.8,60,Merged,1
PR002149,P012,S0114,D0019,D0004,2024-01-11 05:35:41.199473,2024-01-11 10:53:41.199473,5.3,351,Merged,1
PR002150,P012,S0114,D0026,D0050,2024-01-05 20:27:09.655258,2024-01-07 00:15:09.655258,27.8,146,Merged,1
PR002151,P012,S0114,D0006,D0030,2024-01-01 14:28:15.626402,2024-01-01 18:52:15.626402,4.4,38,Merged,1
PR002152,P012,S0114,D0006,D0030,2024-01-11 06:15:20.297628,2024-01-11 12:09:20.297628,5.9,39,Merged,1
PR002153,P012,S0114,D0006,D0030,2024-01-08 07:32:33.096883,2024-01-08 20:26:33.096883,12.9,38,Closed,0
PR002154,P012,S0114,D0004,D0042,2024-01-04 20:42:33.834171,2024-01-05 05:24:33.834171,8.7,91,Closed,0
PR002155,P012,S0114,D0050,D0006,2024-01-05 06:20:27.228796,2024-01-05 15:50:27.228796,9.5,113,Merged,1
PR002156,P012,S0114,D0030,D0050,2024-01-11 16:08:19.560586,2024-01-12 09:44:19.560586,17.6,67,Merged,1
PR002157,P012,S0114,D0006,D0050,2024-01-09 23:59:31.420539,2024-01-10 09:29:31.420539,9.5,136,Merged,1
PR002158,P012,S0114,D0019,D0042,2023-12-31 12:36:41.903573,2023-12-31 18:54:41.903573,6.3,155,Merged,1
PR002159,P012,S0114,D0030,D0019,2024-01-01 04:11:24.688631,2024-01-02 05:41:24.688631,25.5,263,Merged,1
PR002160,P012,S0114,D0004,D0026,2024-01-01 09:51:42.757988,2024-01-02 00:45:42.757988,14.9,76,Merged,1
PR002161,P012,S0114,D0026,D0004,2024-01-10 14:07:20.454296,2024-01-10 17:19:20.454296,3.2,21,Merged,1
PR002162,P012,S0114,D0006,D0019,2024-01-02 14:15:23.507108,2024-01-02 23:27:23.507108,9.2,24,Merged,1
PR002163,P012,S0114,D0050,D0019,2024-01-04 10:02:54.821831,2024-01-04 23:20:54.821831,13.3,34,Closed,0
PR002164,P012,S0114,D0019,D0030,2024-01-02 14:54:30.896700,2024-01-02 22:54:30.896700,8.0,69,Merged,1
PR002165,P012,S0114,D0030,D0042,2024-01-05 10:54:02.289664,2024-01-05 23:00:02.289664,12.1,191,Merged,1
PR002166,P012,S0114,D0006,D0042,2024-01-10 02:22:32.447123,2024-01-10 20:10:32.447123,17.8,28,Closed,0
PR002167,P012,S0114,D0042,D0006,2024-01-11 23:35:25.555037,2024-01-13 01:05:25.555037,25.5,125,Closed,0
PR002168,P012,S0114,D0019,D0050,2024-01-07 00:16:28.299554,2024-01-07 17:40:28.299554,17.4,229,Merged,1
PR002169,P012,S0114,D0042,D0006,2024-01-05 01:23:46.537551,2024-01-05 06:41:46.537551,5.3,94,Merged,1
PR002170,P012,S0114,D0030,D0026,2024-01-06 08:54:52.831053,2024-01-06 12:36:52.831053,3.7,4,Merged,1
PR002171,P012,S0114,D0050,D0042,2024-01-04 15:43:14.751026,,,65,Open,0
PR002172,P012,S0114,D0026,D0019,2024-01-10 03:03:42.412283,2024-01-10 14:39:42.412283,11.6,194,Merged,1
PR002173,P012,S0115,D0006,D0004,2024-01-24 04:33:51.364456,2024-01-24 22:45:51.364456,18.2,70,Merged,1
PR002174,P012,S0115,D0026,D0006,2024-01-22 23:59:33.923188,2024-01-23 07:23:33.923188,7.4,394,Merged,1
PR002175,P012,S0115,D0019,D0004,2024-01-15 02:15:50.295068,2024-01-15 15:45:50.295068,13.5,122,Closed,0
PR002176,P012,S0115,D0004,D0030,2024-01-20 17:03:22.337881,2024-01-20 22:03:22.337881,5.0,166,Merged,1
PR002177,P012,S0115,D0019,D0026,2024-01-14 14:53:17.281463,,,69,Open,0
PR002178,P012,S0115,D0004,D0042,2024-01-15 20:15:53.759329,2024-01-16 15:15:53.759329,19.0,238,Merged,1
PR002179,P012,S0115,D0030,D0050,2024-01-18 23:37:58.491019,2024-01-19 01:31:58.491019,1.9,28,Merged,1
PR002180,P012,S0115,D0026,D0042,2024-01-15 05:44:16.786134,2024-01-15 13:32:16.786134,7.8,206,Merged,1
PR002181,P012,S0115,D0042,D0019,2024-01-22 23:38:26.938965,,,75,Open,0
PR002182,P012,S0115,D0004,D0006,2024-01-16 23:21:51.023496,2024-01-17 08:51:51.023496,,248,Merged,1
PR002183,P012,S0115,D0004,D0026,2024-01-25 12:38:57.412921,2024-01-26 01:20:57.412921,12.7,110,Merged,1
PR002184,P012,S0115,D0030,D0050,2024-01-18 17:41:16.761444,2024-01-19 06:23:16.761444,12.7,163,Merged,1
PR002185,P012,S0115,D0019,D0050,2024-01-18 17:33:49.156452,2024-01-19 13:51:49.156452,20.3,112,Merged,1
PR002186,P012,S0115,D0004,D0026,2024-01-16 19:51:58.052663,2024-01-17 14:33:58.052663,18.7,156,Merged,1
PR002187,P012,S0115,D0026,D0042,2024-01-24 21:32:22.970318,2024-01-25 02:44:22.970318,5.2,5,Merged,1
PR002188,P012,S0115,D0030,D0006,2024-01-23 20:19:44.464076,2024-01-24 10:43:44.464076,14.4,110,Merged,1
PR002189,P012,S0115,D0050,D0026,2024-01-21 20:32:10.205004,2024-01-22 16:32:10.205004,20.0,50,Merged,1
PR002190,P012,S0115,D0004,D0019,2024-01-22 12:22:03.504419,2024-01-22 16:52:03.504419,4.5,102,Merged,1
PR002191,P012,S0115,D0050,D0030,2024-01-15 11:01:30.598262,2024-01-16 02:43:30.598262,15.7,239,Merged,1
PR002192,P012,S0115,D0026,D0006,2024-01-25 06:26:04.756143,2024-01-25 15:20:04.756143,8.9,100,Merged,1
PR002193,P012,S0115,D0019,D0006,2024-01-19 03:52:45.936402,2024-01-19 08:10:45.936402,4.3,53,Merged,1
PR002194,P012,S0115,D0026,D0042,2024-01-18 07:19:47.476469,2024-01-19 05:43:47.476469,22.4,89,Closed,0
PR002195,P012,S0115,D0006,D0042,2024-01-25 16:37:00.851422,2024-01-26 08:25:00.851422,15.8,123,Merged,1
PR002196,P012,S0116,D0006,D0042,2024-02-02 11:19:12.753164,2024-02-03 00:07:12.753164,12.8,372,Merged,1
PR002197,P012,S0116,D0006,D0030,2024-01-31 11:31:25.546859,2024-02-01 08:07:25.546859,20.6,106,Merged,1
PR002198,P012,S0116,D0019,D0050,2024-02-02 17:12:20.692090,2024-02-04 17:30:20.692090,48.3,64,Merged,1
PR002199,P012,S0116,D0026,D0006,2024-01-28 11:07:06.219656,2024-01-29 05:37:06.219656,18.5,48,Merged,1
PR002200,P012,S0116,D0030,D0006,2024-01-30 21:19:31.882023,2024-01-31 05:25:31.882023,8.1,41,Merged,1
PR002201,P012,S0116,D0042,D0050,2024-02-02 05:10:36.744910,2024-02-02 19:16:36.744910,14.1,16,Merged,1
PR002202,P012,S0116,D0050,D0019,2024-01-31 15:28:55.556321,2024-02-01 05:58:55.556321,14.5,80,Closed,0
PR002203,P012,S0116,D0019,D0006,2024-02-03 01:23:55.576705,,,182,Open,0
PR002204,P012,S0116,D0050,D0006,2024-01-31 22:27:54.604354,2024-02-01 07:21:54.604354,8.9,233,Merged,1
PR002205,P012,S0116,D0006,D0050,2024-02-05 09:46:17.676811,2024-02-05 22:58:17.676811,13.2,67,Merged,1
PR002206,P012,S0116,D0006,D0026,2024-02-06 03:12:16.252963,,,236,Open,0
PR002207,P012,S0116,D0004,D0019,2024-02-06 11:45:28.524347,2024-02-07 13:39:28.524347,25.9,159,Merged,1
PR002208,P012,S0116,D0030,D0006,2024-02-01 08:47:43.618955,2024-02-02 14:23:43.618955,29.6,39,Merged,1
PR002209,P012,S0116,D0050,D0006,2024-01-28 10:17:14.137497,2024-01-28 13:41:14.137497,3.4,268,Merged,1
PR002210,P012,S0116,D0019,D0026,2024-02-06 09:41:15.088119,2024-02-06 22:35:15.088119,12.9,61,Merged,1
PR002211,P012,S0116,D0050,D0026,2024-02-04 15:10:02.299946,2024-02-05 11:52:02.299946,20.7,148,Merged,1
PR002212,P012,S0116,D0050,D0030,2024-01-29 11:48:51.457757,2024-01-30 04:18:51.457757,16.5,79,Merged,1
PR002213,P012,S0116,D0026,D0019,2024-02-03 04:18:09.530579,,,168,Open,0
PR002214,P012,S0116,D0006,D0050,2024-01-28 17:52:39.227377,2024-01-29 06:22:39.227377,12.5,168,Merged,1
PR002215,P012,S0116,D0026,D0004,2024-02-08 00:57:32.646859,2024-02-08 11:51:32.646859,,33,Merged,1
PR002216,P012,S0116,D0006,D0042,2024-02-08 04:34:32.623769,2024-02-08 13:46:32.623769,9.2,17,Merged,1
PR002217,P012,S0116,D0019,D0030,2024-02-05 12:15:13.068708,2024-02-05 15:21:13.068708,3.1,219,Closed,0
PR002218,P012,S0116,D0006,D0019,2024-01-30 10:16:25.155530,2024-01-30 20:58:25.155530,10.7,70,Merged,1
PR002219,P012,S0116,D0042,D0006,2024-01-30 16:55:54.132099,2024-01-30 20:43:54.132099,3.8,10,Merged,1
PR002220,P012,S0116,D0006,D0042,2024-02-06 07:12:28.680875,2024-02-06 15:36:28.680875,8.4,107,Merged,1
PR002221,P012,S0117,D0030,D0004,2024-02-13 15:55:19.553582,2024-02-14 01:07:19.553582,9.2,80,Merged,1
PR002222,P012,S0117,D0050,D0006,2024-02-18 19:35:46.897098,2024-02-18 22:41:46.897098,3.1,58,Merged,1
PR002223,P012,S0117,D0042,D0030,2024-02-11 06:44:02.987581,2024-02-11 07:14:02.987581,0.5,69,Closed,0
PR002224,P012,S0117,D0019,D0050,2024-02-13 22:10:11.854392,2024-02-14 05:40:11.854392,7.5,102,Merged,1
PR002225,P012,S0117,D0019,D0030,2024-02-22 19:34:25.204571,2024-02-23 00:40:25.204571,5.1,18,Merged,1
PR002226,P012,S0117,D0019,D0042,2024-02-17 22:57:12.577511,2024-02-18 11:39:12.577511,12.7,12,Merged,1
PR002227,P012,S0117,D0026,D0042,2024-02-19 23:02:19.641648,2024-02-20 13:44:19.641648,14.7,8,Merged,1
PR002228,P012,S0117,D0026,D0050,2024-02-11 00:35:00.424384,2024-02-12 11:11:00.424384,34.6,172,Merged,1
PR002229,P012,S0117,D0006,D0004,2024-02-22 22:46:55.590612,2024-02-22 23:40:55.590612,0.9,14,Merged,1
PR002230,P012,S0117,D0042,D0026,2024-02-12 01:35:51.322534,2024-02-12 11:35:51.322534,10.0,25,Merged,1
PR002231,P012,S0117,D0030,D0042,2024-02-12 18:10:55.325098,2024-02-13 10:58:55.325098,16.8,357,Merged,1
PR002232,P012,S0117,D0019,D0006,2024-02-15 01:32:10.414800,2024-02-15 10:56:10.414800,9.4,77,Merged,1
PR002233,P012,S0117,D0019,D0026,2024-02-19 18:06:26.261630,,,247,Open,0
PR002234,P012,S0117,D0019,D0004,2024-02-17 19:38:25.897359,2024-02-18 17:08:25.897359,21.5,164,Merged,1
PR002235,P012,S0117,D0042,D0004,2024-02-21 06:04:19.737568,2024-02-22 09:52:19.737568,27.8,67,Merged,1
PR002236,P012,S0117,D0019,D0042,2024-02-11 02:53:10.661332,2024-02-11 19:23:10.661332,16.5,26,Merged,1
PR002237,P012,S0117,D0019,D0026,2024-02-19 01:51:36.703683,2024-02-19 13:15:36.703683,11.4,96,Closed,0
PR002238,P012,S0117,D0006,D0030,2024-02-19 20:46:05.388467,2024-02-20 03:58:05.388467,7.2,117,Merged,1
PR002239,P012,S0117,D0042,D0004,2024-02-12 16:45:35.873164,2024-02-13 07:33:35.873164,,171,Merged,1
PR002240,P012,S0117,D0050,D0004,2024-02-15 16:45:17.448397,2024-02-16 06:21:17.448397,13.6,114,Merged,1
PR002241,P012,S0117,D0006,D0019,2024-02-22 07:17:10.482809,2024-02-22 15:17:10.482809,8.0,202,Closed,0
PR002242,P012,S0117,D0019,D0050,2024-02-14 01:29:56.182139,2024-02-14 04:47:56.182139,3.3,100,Merged,1
PR002243,P012,S0118,D0004,D0026,2024-02-25 17:13:58.394984,2024-02-26 04:37:58.394984,11.4,142,Merged,1
PR002244,P012,S0118,D0019,D0050,2024-03-01 18:43:41.611850,2024-03-02 08:55:41.611850,14.2,255,Merged,1
PR002245,P012,S0118,D0006,D0030,2024-02-26 01:26:48.897902,2024-02-26 15:56:48.897902,14.5,31,Merged,1
PR002246,P012,S0118,D0006,D0026,2024-02-25 18:44:20.973286,2024-02-26 02:26:20.973286,7.7,109,Merged,1
PR002247,P012,S0118,D0004,D0006,2024-03-07 01:28:08.134099,2024-03-07 09:04:08.134099,7.6,126,Merged,1
PR002248,P012,S0118,D0006,D0026,2024-03-05 18:30:44.017701,2024-03-06 03:24:44.017701,8.9,14,Merged,1
PR002249,P012,S0118,D0026,D0050,2024-02-29 01:54:51.324035,2024-02-29 07:06:51.324035,5.2,301,Merged,1
PR002250,P012,S0118,D0050,D0019,2024-03-07 22:33:27.352692,2024-03-08 20:57:27.352692,22.4,72,Merged,1
PR002251,P012,S0118,D0004,D0019,2024-03-03 15:25:43.017237,2024-03-04 02:19:43.017237,10.9,94,Merged,1
PR002252,P012,S0118,D0004,D0030,2024-02-29 22:04:50.891623,2024-03-01 06:10:50.891623,8.1,52,Merged,1
PR002253,P012,S0118,D0019,D0026,2024-02-26 12:20:15.969827,2024-02-26 23:44:15.969827,11.4,83,Merged,1
PR002254,P012,S0118,D0026,D0019,2024-03-05 18:04:44.939442,2024-03-06 23:04:44.939442,29.0,147,Merged,1
PR002255,P012,S0118,D0004,D0030,2024-02-26 10:04:28.720706,2024-02-27 01:22:28.720706,15.3,87,Closed,0
PR002256,P012,S0118,D0006,D0004,2024-02-25 04:50:41.049560,2024-02-25 21:02:41.049560,16.2,207,Merged,1
PR002257,P012,S0118,D0030,D0042,2024-02-27 13:13:12.100745,2024-02-27 21:31:12.100745,8.3,101,Merged,1
PR002258,P012,S0118,D0030,D0006,2024-03-02 11:35:04.723888,2024-03-03 00:05:04.723888,12.5,133,Merged,1
PR002259,P012,S0118,D0006,D0019,2024-03-05 22:39:36.571179,,,83,Open,0
PR002260,P012,S0118,D0042,D0004,2024-02-26 08:38:19.747856,2024-02-26 16:26:19.747856,7.8,163,Merged,1
PR002261,P012,S0118,D0026,D0050,2024-02-28 04:23:41.970312,2024-02-28 12:53:41.970312,8.5,30,Merged,1
PR002262,P012,S0119,D0050,D0042,2024-03-15 16:48:04.688593,2024-03-16 16:18:04.688593,23.5,179,Merged,1
PR002263,P012,S0119,D0019,D0006,2024-03-10 11:58:34.719859,2024-03-10 13:10:34.719859,1.2,117,Merged,1
PR002264,P012,S0119,D0042,D0019,2024-03-16 13:28:25.462624,2024-03-16 20:10:25.462624,6.7,45,Merged,1
PR002265,P012,S0119,D0026,D0030,2024-03-18 22:02:09.995665,2024-03-19 07:26:09.995665,9.4,50,Closed,0
PR002266,P012,S0119,D0004,D0019,2024-03-17 08:15:10.810818,2024-03-17 14:51:10.810818,6.6,145,Merged,1
PR002267,P012,S0119,D0050,D0006,2024-03-18 19:55:01.511187,2024-03-19 09:55:01.511187,14.0,153,Merged,1
PR002268,P012,S0119,D0026,D0042,2024-03-16 00:27:31.051182,2024-03-17 11:39:31.051182,35.2,106,Closed,0
PR002269,P012,S0119,D0050,D0019,2024-03-15 16:43:16.778028,2024-03-16 00:49:16.778028,8.1,38,Merged,1
PR002270,P012,S0119,D0006,D0019,2024-03-19 06:12:29.654922,2024-03-19 12:30:29.654922,6.3,113,Closed,0
PR002271,P012,S0119,D0050,D0030,2024-03-13 19:26:03.201478,2024-03-15 03:38:03.201478,32.2,143,Merged,1
PR002272,P012,S0119,D0042,D0026,2024-03-12 11:50:01.809347,2024-03-13 15:26:01.809347,27.6,127,Merged,1
PR002273,P012,S0119,D0030,D0026,2024-03-17 20:02:47.882232,2024-03-18 02:14:47.882232,6.2,146,Merged,1
PR002274,P012,S0119,D0026,D0042,2024-03-12 23:06:24.378457,2024-03-13 01:12:24.378457,2.1,120,Closed,0
PR002275,P012,S0119,D0050,D0019,2024-03-10 08:51:22.213588,,,87,Open,0
PR002276,P012,S0119,D0042,D0004,2024-03-21 20:13:05.591008,2024-03-22 00:31:05.591008,4.3,73,Merged,1
PR002277,P012,S0119,D0019,D0030,2024-03-17 15:47:44.969362,2024-03-18 00:59:44.969362,9.2,44,Merged,1
PR002278,P012,S0119,D0019,D0006,2024-03-21 10:39:35.428558,2024-03-21 14:33:35.428558,3.9,95,Closed,0
PR002279,P012,S0119,D0006,D0004,2024-03-19 04:17:59.358577,2024-03-19 17:11:59.358577,12.9,345,Merged,1
PR002280,P012,S0120,D0042,D0050,2024-03-24 17:43:02.297456,2024-03-25 04:13:02.297456,10.5,120,Merged,1
PR002281,P012,S0120,D0050,D0026,2024-03-25 11:10:46.011701,2024-03-26 15:40:46.011701,28.5,194,Merged,1
PR002282,P012,S0120,D0030,D0006,2024-03-25 08:25:29.091029,2024-03-26 04:07:29.091029,19.7,238,Merged,1
PR002283,P012,S0120,D0019,D0030,2024-03-26 17:08:40.386558,2024-03-27 10:14:40.386558,17.1,89,Merged,1
PR002284,P012,S0120,D0030,D0019,2024-03-31 21:43:02.052877,2024-04-01 09:25:02.052877,11.7,50,Merged,1
PR002285,P012,S0120,D0050,D0004,2024-03-30 05:00:44.383040,2024-03-30 08:00:44.383040,3.0,220,Closed,0
PR002286,P012,S0120,D0026,D0050,2024-03-24 09:46:48.872919,2024-03-24 17:46:48.872919,8.0,139,Closed,0
PR002287,P012,S0120,D0050,D0030,2024-03-30 15:51:23.763494,2024-03-30 21:33:23.763494,5.7,154,Merged,1
PR002288,P012,S0120,D0042,D0026,2024-04-01 02:08:32.027358,,,193,Open,0
PR002289,P012,S0120,D0030,D0050,2024-03-28 01:52:02.982429,2024-03-29 10:58:02.982429,33.1,104,Closed,0
PR002290,P012,S0120,D0050,D0019,2024-04-03 23:51:02.053208,,,200,Open,0
PR002291,P012,S0120,D0050,D0019,2024-03-28 17:54:06.601375,2024-03-28 19:12:06.601375,,65,Merged,1
PR002292,P012,S0120,D0050,D0030,2024-03-29 11:35:32.648642,2024-03-30 00:23:32.648642,12.8,14,Merged,1
PR002293,P012,S0120,D0019,D0050,2024-03-26 17:02:44.752075,2024-03-27 06:50:44.752075,13.8,157,Merged,1
PR002294,P012,S0120,D0004,D0026,2024-03-27 12:37:21.275673,2024-03-29 21:55:21.275673,57.3,511,Closed,0
