review_id,pull_request_id,reviewer_id,review_round,comments_count,approved,review_timestamp
RV0000001,PR000002,D0042,1,6,0,2023-12-21 14:59:40.830654
RV0000002,PR000002,D0042,2,2,1,2023-12-22 12:57:43.349118
RV0000003,PR000003,D0026,1,1,1,2023-12-27 22:39:56.128767
RV0000004,PR000004,D0050,1,0,1,2023-12-19 06:34:53.698676
RV0000005,PR000005,D0004,1,6,0,2023-12-25 00:29:21.612571
RV0000006,PR000005,D0004,2,4,1,2023-12-24 23:25:32.551992
RV0000007,PR000006,D0030,1,0,0,2023-12-24 17:58:01.064034
RV0000008,PR000006,D0030,2,8,0,2023-12-24 12:45:52.356782
RV0000009,PR000006,D0030,3,6,1,2023-12-23 23:53:13.080596
RV0000010,PR000008,D0006,1,9,0,2023-12-17 13:09:30.794175
RV0000011,PR000008,D0006,2,1,1,2023-12-17 16:44:31.986293
RV0000012,PR000009,D0050,1,5,0,2023-12-17 16:33:27.570428
RV0000013,PR000009,D0050,2,0,1,2023-12-17 17:54:46.663579
RV0000014,PR000010,D0006,1,5,1,2023-12-23 15:10:03.097625
RV0000015,PR000011,D0004,1,6,1,2023-12-23 10:21:42.842054
RV0000016,PR000012,D0004,1,8,0,2023-12-20 13:50:37.558964
RV0000017,PR000012,D0004,2,2,0,2023-12-20 19:24:35.342633
RV0000018,PR000012,D0004,3,8,1,2023-12-20 15:29:04.521004
RV0000019,PR000013,D0019,1,0,0,2023-12-19 18:29:29.038087
RV0000020,PR000013,D0019,2,9,0,2023-12-19 17:34:04.978120
RV0000021,PR000013,D0019,3,7,1,2023-12-19 23:43:36.482004
RV0000022,PR000014,D0004,1,9,1,2023-12-19 15:47:33.884780
RV0000023,PR000015,D0006,1,2,0,2023-12-18 04:08:44.077415
RV0000024,PR000015,D0006,2,1,1,2023-12-18 06:44:44.990886
RV0000025,PR000016,D0030,1,2,0,2023-12-25 12:06:03.917680
RV0000026,PR000016,D0030,2,2,1,2023-12-25 14:04:59.555436
RV0000027,PR000017,D0019,1,2,0,2023-12-21 17:46:18.514524
RV0000028,PR000017,D0019,2,4,0,2023-12-21 12:39:03.750291
RV0000029,PR000017,D0019,3,2,1,2023-12-21 17:46:28.940289
RV0000030,PR000018,D0006,1,6,1,2023-12-26 19:43:59.012255
RV0000031,PR000019,D0026,1,3,0,2023-12-29 03:59:14.089078
RV0000032,PR000019,D0026,2,5,0,2023-12-29 13:56:14.778110
RV0000033,PR000019,D0026,3,4,1,2023-12-29 02:20:21.944442
RV0000034,PR000020,D0042,1,2,1,2023-12-24 07:04:29.693411
RV0000035,PR000021,D0004,1,5,1,2023-12-25 22:09:12.082628
RV0000036,PR000023,D0026,1,7,1,2023-12-20 14:53:18.874137
RV0000037,PR000024,D0026,1,2,1,2023-12-22 19:35:59.074905
RV0000038,PR000025,D0026,1,4,0,2023-12-17 23:21:11.758642
RV0000039,PR000025,D0026,2,11,1,2023-12-18 00:24:45.256527
RV0000040,PR000026,D0042,1,2,0,2023-12-18 12:41:01.462583
RV0000041,PR000026,D0042,2,8,1,2023-12-18 09:57:46.425009
RV0000042,PR000027,D0050,1,7,1,2024-01-08 02:03:51.002420
RV0000043,PR000028,D0042,1,4,1,2024-01-01 09:01:44.921823
RV0000044,PR000029,D0006,1,5,1,2024-01-11 08:24:09.833568
RV0000045,PR000030,D0026,1,4,1,2024-01-08 03:15:20.785596
RV0000046,PR000031,D0004,1,1,1,2024-01-01 23:13:58.305812
RV0000047,PR000032,D0050,1,1,0,2024-01-11 10:51:37.976718
RV0000048,PR000032,D0050,2,0,1,2024-01-10 18:31:11.401153
RV0000049,PR000033,D0019,1,2,1,2024-01-09 20:08:11.499752
RV0000050,PR000034,D0026,1,6,1,2023-12-31 23:52:38.093765
RV0000051,PR000035,D0026,1,8,1,2023-12-31 14:27:48.987259
RV0000052,PR000036,D0050,1,1,0,2024-01-10 03:35:30.746170
RV0000053,PR000036,D0050,2,8,0,2024-01-10 03:28:09.300144
RV0000054,PR000036,D0050,3,16,1,2024-01-10 06:18:26.715230
RV0000055,PR000038,D0042,1,9,0,2024-01-09 17:27:08.866897
RV0000056,PR000038,D0042,2,1,1,2024-01-09 08:36:05.639494
RV0000057,PR000039,D0004,1,2,1,2024-01-06 03:27:58.519601
RV0000058,PR000040,D0030,1,2,1,2024-01-03 00:10:17.629040
RV0000059,PR000041,D0019,1,4,1,2024-01-06 00:18:41.046001
RV0000060,PR000042,D0030,1,2,0,2024-01-07 22:44:19.040316
RV0000061,PR000042,D0030,2,8,1,2024-01-08 10:02:39.037313
RV0000062,PR000043,D0042,1,5,0,2024-01-03 13:53:03.489482
RV0000063,PR000043,D0042,2,2,0,2024-01-03 15:34:18.146538
RV0000064,PR000043,D0042,3,4,1,2024-01-03 14:25:28.772990
RV0000065,PR000044,D0006,1,1,0,2024-01-11 07:32:31.994537
RV0000066,PR000044,D0006,2,2,1,2024-01-11 07:25:19.525313
RV0000067,PR000045,D0019,1,2,1,2024-01-11 10:08:30.480541
RV0000068,PR000046,D0004,1,1,1,2024-01-03 19:58:51.925393
RV0000069,PR000047,D0004,1,1,0,2024-01-06 23:07:00.338544
RV0000070,PR000047,D0004,2,3,0,2024-01-07 14:35:37.903518
RV0000071,PR000047,D0004,3,1,1,2024-01-07 16:14:47.792513
RV0000072,PR000048,D0019,1,5,0,2024-01-09 17:04:17.139928
RV0000073,PR000048,D0019,2,6,0,2024-01-08 21:25:43.641148
RV0000074,PR000048,D0019,3,1,1,2024-01-08 21:25:04.592292
RV0000075,PR000049,D0050,1,3,1,2024-01-02 13:19:50.058323
RV0000076,PR000050,D0019,1,3,0,2024-01-18 19:09:51.407298
RV0000077,PR000050,D0019,2,7,1,2024-01-19 00:09:25.202106
RV0000078,PR000051,D0004,1,6,0,2024-01-25 16:16:53.433654
RV0000079,PR000051,D0004,2,4,1,2024-01-25 22:46:39.085423
RV0000080,PR000052,D0004,1,0,1,2024-01-24 15:16:39.594476
RV0000081,PR000053,D0042,1,2,0,2024-01-14 07:45:23.130169
RV0000082,PR000053,D0042,2,6,0,2024-01-14 14:19:41.231806
RV0000083,PR000053,D0042,3,9,1,2024-01-14 14:05:18.949817
RV0000084,PR000054,D0006,1,1,1,2024-01-20 11:22:34.756808
RV0000085,PR000055,D0030,1,0,0,2024-01-23 17:25:15.316060
RV0000086,PR000055,D0030,2,4,1,2024-01-23 12:36:15.719428
RV0000087,PR000056,D0050,1,9,0,2024-01-24 14:50:56.808277
RV0000088,PR000056,D0050,2,2,1,2024-01-24 22:08:28.091191
RV0000089,PR000057,D0006,1,5,1,2024-01-14 19:53:15.796134
RV0000090,PR000058,D0026,1,0,1,2024-01-16 10:33:24.090564
RV0000091,PR000059,D0004,1,15,0,2024-01-20 21:26:42.725531
RV0000092,PR000059,D0004,2,11,0,2024-01-20 18:26:23.277493
RV0000093,PR000059,D0004,3,4,1,2024-01-21 02:34:15.113462
RV0000094,PR000060,D0030,1,3,0,2024-01-16 18:06:18.112278
RV0000095,PR000060,D0030,2,6,1,2024-01-16 15:54:36.254114
RV0000096,PR000061,D0042,1,1,0,2024-01-16 05:23:22.196731
RV0000097,PR000061,D0042,2,0,1,2024-01-16 01:48:50.575277
RV0000098,PR000063,D0004,1,6,1,2024-01-16 10:49:23.988758
RV0000099,PR000064,D0026,1,3,0,2024-01-16 02:28:13.644573
RV0000100,PR000064,D0026,2,1,1,2024-01-16 02:03:28.405899
RV0000101,PR000065,D0004,1,9,0,2024-01-22 08:54:08.685755
RV0000102,PR000065,D0004,2,8,0,2024-01-23 00:12:24.572309
RV0000103,PR000065,D0004,3,2,1,2024-01-22 14:10:07.986764
RV0000104,PR000066,D0026,1,6,0,2024-01-14 04:12:31.506802
RV0000105,PR000066,D0026,2,1,0,2024-01-14 02:44:27.988758
RV0000106,PR000066,D0026,3,1,1,2024-01-14 03:32:27.818839
RV0000107,PR000067,D0030,1,6,0,2024-01-17 15:59:40.950474
RV0000108,PR000067,D0030,2,4,1,2024-01-17 13:37:17.486710
RV0000109,PR000068,D0026,1,6,1,2024-02-01 14:18:04.940131
RV0000110,PR000069,D0019,1,0,1,2024-01-28 22:11:13.674719
RV0000111,PR000070,D0050,1,2,0,2024-02-06 11:28:23.749773
RV0000112,PR000070,D0050,2,1,0,2024-02-06 03:44:09.005045
RV0000113,PR000070,D0050,3,17,1,2024-02-06 03:20:45.929322
RV0000114,PR000071,D0026,1,3,0,2024-01-28 23:24:51.750761
RV0000115,PR000071,D0026,2,2,1,2024-01-28 18:44:13.372627
RV0000116,PR000072,D0019,1,1,1,2024-02-07 23:46:22.993346
RV0000117,PR000074,D0004,1,3,1,2024-02-07 23:32:22.563939
RV0000118,PR000075,D0004,1,7,1,2024-02-06 03:22:20.739112
RV0000119,PR000076,D0030,1,2,1,2024-02-06 20:39:10.284553
RV0000120,PR000077,D0030,1,11,0,2024-02-04 11:36:17.968140
RV0000121,PR000077,D0030,2,4,0,2024-02-04 14:49:32.688755
RV0000122,PR000077,D0030,3,3,1,2024-02-04 09:50:50.107977
RV0000123,PR000078,D0030,1,2,0,2024-01-30 17:39:31.103602
RV0000124,PR000078,D0030,2,2,1,2024-01-30 18:17:08.525101
RV0000125,PR000079,D0026,1,9,1,2024-01-28 15:49:32.820180
RV0000126,PR000080,D0019,1,2,1,2024-02-09 02:04:35.866559
RV0000127,PR000081,D0004,1,4,0,2024-01-31 23:27:02.569065
RV0000128,PR000081,D0004,2,2,1,2024-02-01 03:24:22.565125
RV0000129,PR000082,D0030,1,6,1,2024-02-07 21:08:07.702497
RV0000130,PR000083,D0042,1,0,1,2024-02-01 03:19:53.784576
RV0000131,PR000084,D0030,1,2,0,2024-02-02 21:13:40.001036
RV0000132,PR000084,D0030,2,5,0,2024-02-02 21:01:39.307577
RV0000133,PR000084,D0030,3,3,1,2024-02-02 22:40:20.880649
RV0000134,PR000085,D0050,1,9,1,2024-02-07 23:40:01.790178
RV0000135,PR000086,D0050,1,4,1,2024-02-03 00:33:31.393383
RV0000136,PR000087,D0026,1,6,1,2024-02-08 00:04:56.435728
RV0000137,PR000088,D0026,1,5,1,2024-01-29 17:45:27.018338
RV0000138,PR000089,D0006,1,3,1,2024-01-28 17:30:46.594086
RV0000139,PR000090,D0019,1,14,0,2024-02-05 17:32:46.900507
RV0000140,PR000090,D0019,2,13,1,2024-02-05 17:52:33.724357
RV0000141,PR000091,D0026,1,6,0,2024-01-30 10:59:02.437196
RV0000142,PR000091,D0026,2,1,1,2024-01-30 08:31:57.765253
RV0000143,PR000092,D0006,1,2,0,2024-02-01 04:18:54.357313
RV0000144,PR000092,D0006,2,2,0,2024-02-01 03:45:18.216063
RV0000145,PR000092,D0006,3,3,1,2024-02-01 07:21:53.725791
RV0000146,PR000093,D0026,1,2,0,2024-02-13 05:26:08.036210
RV0000147,PR000093,D0026,2,2,0,2024-02-13 14:03:44.775693
RV0000148,PR000093,D0026,3,9,1,2024-02-13 17:59:05.865501
RV0000149,PR000094,D0042,1,1,0,2024-02-20 22:11:55.815157
RV0000150,PR000094,D0042,2,2,1,2024-02-20 13:05:12.903964
RV0000151,PR000095,D0019,1,2,1,2024-02-21 15:12:19.694993
RV0000152,PR000096,D0019,1,7,0,2024-02-15 09:53:14.282204
RV0000153,PR000096,D0019,2,4,1,2024-02-15 16:16:34.413048
RV0000154,PR000097,D0006,1,2,1,2024-02-20 05:56:06.324399
RV0000155,PR000098,D0030,1,2,1,2024-02-13 13:07:59.951381
RV0000156,PR000099,D0019,1,7,0,2024-02-11 02:46:56.061185
RV0000157,PR000099,D0019,2,3,1,2024-02-11 15:29:42.819047
RV0000158,PR000100,D0004,1,3,0,2024-02-19 22:10:58.616163
RV0000159,PR000100,D0004,2,7,1,2024-02-20 10:54:02.149567
RV0000160,PR000101,D0004,1,0,1,2024-02-14 00:39:47.222921
RV0000161,PR000102,D0006,1,7,0,2024-02-20 15:23:38.570286
RV0000162,PR000102,D0006,2,1,0,2024-02-20 07:21:17.899590
RV0000163,PR000102,D0006,3,7,1,2024-02-20 11:59:06.150174
RV0000164,PR000103,D0004,1,1,0,2024-03-02 00:39:07.316655
RV0000165,PR000103,D0004,2,5,0,2024-03-02 01:57:59.896429
RV0000166,PR000103,D0004,3,3,1,2024-03-01 16:58:21.989365
RV0000167,PR000104,D0030,1,1,1,2024-03-06 15:44:13.158909
RV0000168,PR000105,D0050,1,5,1,2024-03-05 08:57:14.903239
RV0000169,PR000106,D0019,1,1,1,2024-03-04 11:25:43.884066
RV0000170,PR000107,D0006,1,1,1,2024-02-28 18:59:29.231244
RV0000171,PR000110,D0006,1,7,0,2024-03-04 19:21:31.638928
RV0000172,PR000110,D0006,2,17,1,2024-03-05 08:21:06.356433
RV0000173,PR000111,D0050,1,1,0,2024-02-25 12:34:34.086946
RV0000174,PR000111,D0050,2,5,1,2024-02-25 09:01:30.129606
RV0000175,PR000113,D0019,1,8,0,2024-02-26 14:09:10.005042
RV0000176,PR000113,D0019,2,2,1,2024-02-26 05:46:01.008382
RV0000177,PR000114,D0042,1,11,0,2024-02-25 08:01:05.599140
RV0000178,PR000114,D0042,2,3,1,2024-02-25 10:42:21.977165
RV0000179,PR000115,D0042,1,1,0,2024-03-12 19:59:40.339008
RV0000180,PR000115,D0042,2,1,1,2024-03-12 21:15:48.255308
RV0000181,PR000116,D0026,1,6,0,2024-03-14 11:55:21.470246
RV0000182,PR000116,D0026,2,2,1,2024-03-14 16:16:39.757572
RV0000183,PR000117,D0030,1,6,1,2024-03-13 05:50:24.291393
RV0000184,PR000118,D0050,1,9,1,2024-03-18 03:34:28.943702
RV0000185,PR000119,D0006,1,5,0,2024-03-18 14:26:55.406713
RV0000186,PR000119,D0006,2,0,1,2024-03-18 14:20:56.833706
RV0000187,PR000120,D0050,1,1,0,2024-03-14 22:16:53.606777
RV0000188,PR000120,D0050,2,1,0,2024-03-15 00:44:40.652137
RV0000189,PR000120,D0050,3,5,1,2024-03-14 14:59:56.119163
RV0000190,PR000121,D0050,1,5,1,2024-03-11 12:47:31.919256
RV0000191,PR000122,D0026,1,7,1,2024-03-18 20:32:07.049625
RV0000192,PR000123,D0006,1,7,1,2024-03-19 04:15:45.234064
RV0000193,PR000125,D0006,1,3,0,2024-03-10 13:44:20.151289
RV0000194,PR000125,D0006,2,1,0,2024-03-10 14:23:41.210975
RV0000195,PR000125,D0006,3,1,1,2024-03-10 13:37:06.173935
RV0000196,PR000126,D0004,1,7,1,2024-03-17 18:33:44.129925
RV0000197,PR000127,D0026,1,7,0,2024-03-13 02:42:30.492833
RV0000198,PR000127,D0026,2,6,1,2024-03-13 04:29:06.967025
RV0000199,PR000128,D0004,1,2,0,2024-03-10 19:03:51.802693
RV0000200,PR000128,D0004,2,3,1,2024-03-10 19:24:41.424245
RV0000201,PR000130,D0004,1,9,1,2024-03-16 13:17:48.860348
RV0000202,PR000131,D0004,1,1,1,2024-03-14 02:24:33.849261
RV0000203,PR000132,D0042,1,1,0,2024-03-15 13:21:52.013992
RV0000204,PR000132,D0042,2,3,1,2024-03-15 04:57:52.249237
RV0000205,PR000133,D0004,1,1,0,2024-03-11 01:28:23.437699
RV0000206,PR000133,D0004,2,2,0,2024-03-11 00:37:01.438299
RV0000207,PR000133,D0004,3,3,1,2024-03-11 00:33:18.836923
RV0000208,PR000134,D0026,1,20,0,2024-03-20 17:59:57.817882
RV0000209,PR000134,D0026,2,9,0,2024-03-20 14:39:51.425785
RV0000210,PR000134,D0026,3,5,1,2024-03-20 13:03:17.416895
RV0000211,PR000135,D0006,1,3,1,2024-03-11 07:51:10.473227
RV0000212,PR000136,D0004,1,13,1,2024-03-10 07:04:00.274924
RV0000213,PR000137,D0026,1,5,1,2024-03-10 14:54:47.309639
RV0000214,PR000138,D0030,1,1,1,2024-03-19 02:22:30.797192
RV0000215,PR000139,D0030,1,1,1,2024-03-14 10:46:22.692841
RV0000216,PR000141,D0019,1,1,0,2024-03-20 12:40:52.830483
RV0000217,PR000141,D0019,2,1,0,2024-03-20 16:41:29.184359
RV0000218,PR000141,D0019,3,7,1,2024-03-20 08:13:00.200212
RV0000219,PR000142,D0050,1,9,1,2024-03-12 09:57:56.567287
RV0000220,PR000143,D0026,1,0,1,2024-04-04 05:20:19.803022
RV0000221,PR000144,D0030,1,1,0,2024-03-26 06:03:55.588520
RV0000222,PR000144,D0030,2,2,1,2024-03-26 10:51:32.223428
RV0000223,PR000145,D0004,1,5,0,2024-04-04 08:34:41.131306
RV0000224,PR000145,D0004,2,5,1,2024-04-04 05:37:53.837781
RV0000225,PR000148,D0026,1,4,0,2024-03-26 21:33:25.589229
RV0000226,PR000148,D0026,2,1,1,2024-03-27 01:29:39.263463
RV0000227,PR000149,D0042,1,10,1,2024-03-27 09:25:36.724449
RV0000228,PR000150,D0042,1,0,0,2024-03-30 22:41:26.708061
RV0000229,PR000150,D0042,2,11,0,2024-03-30 18:51:49.546218
RV0000230,PR000150,D0042,3,4,1,2024-03-30 16:43:24.188501
RV0000231,PR000151,D0042,1,3,1,2024-03-25 22:52:12.832315
RV0000232,PR000152,D0006,1,3,1,2024-03-29 09:36:55.226099
RV0000233,PR000153,D0019,1,7,0,2024-03-28 13:25:45.514507
RV0000234,PR000153,D0019,2,9,1,2024-03-27 22:00:09.060636
RV0000235,PR000154,D0026,1,8,1,2024-03-31 21:04:12.671639
RV0000236,PR000155,D0026,1,1,1,2024-03-28 15:41:36.359459
RV0000237,PR000156,D0026,1,8,1,2024-04-01 03:27:46.780629
RV0000238,PR000157,D0026,1,3,0,2024-03-25 15:29:14.324142
RV0000239,PR000157,D0026,2,9,1,2024-03-25 14:41:54.623956
RV0000240,PR000158,D0004,1,6,1,2024-03-28 01:02:00.463383
RV0000241,PR000159,D0004,1,3,0,2024-03-31 18:44:37.144199
RV0000242,PR000159,D0004,2,1,0,2024-03-31 13:29:42.770327
RV0000243,PR000159,D0004,3,0,1,2024-04-01 01:39:53.088116
RV0000244,PR000160,D0019,1,6,0,2024-03-25 03:09:12.301883
RV0000245,PR000160,D0019,2,0,1,2024-03-25 05:08:14.949783
RV0000246,PR000161,D0042,1,1,0,2024-03-28 14:04:02.717639
RV0000247,PR000161,D0042,2,2,0,2024-03-28 11:59:42.082807
RV0000248,PR000161,D0042,3,0,1,2024-03-28 13:32:38.089049
RV0000249,PR000162,D0006,1,0,1,2024-03-31 04:16:20.897728
RV0000250,PR000163,D0042,1,2,0,2024-03-28 20:56:59.292329
RV0000251,PR000163,D0042,2,0,0,2024-03-28 19:57:23.070815
RV0000252,PR000163,D0042,3,1,1,2024-03-28 22:49:43.354682
RV0000253,PR000164,D0026,1,2,0,2024-03-29 02:54:37.878350
RV0000254,PR000164,D0026,2,3,0,2024-03-29 01:31:46.616136
RV0000255,PR000164,D0026,3,15,1,2024-03-28 22:51:55.110483
RV0000256,PR000165,D0006,1,0,1,2024-04-10 09:11:05.367882
RV0000257,PR000166,D0050,1,4,0,2024-04-10 21:44:29.410355
RV0000258,PR000166,D0050,2,4,0,2024-04-10 21:14:45.729805
RV0000259,PR000166,D0050,3,3,1,2024-04-10 20:46:38.950329
RV0000260,PR000167,D0004,1,1,1,2024-04-08 13:17:56.923093
RV0000261,PR000168,D0026,1,2,1,2024-04-07 08:51:42.586897
RV0000262,PR000169,D0004,1,3,1,2024-04-12 22:47:33.860062
RV0000263,PR000170,D0042,1,6,0,2024-04-14 17:03:46.367725
RV0000264,PR000170,D0042,2,5,1,2024-04-14 19:45:26.238489
RV0000265,PR000171,D0026,1,1,0,2024-04-18 22:32:00.617933
RV0000266,PR000171,D0026,2,1,1,2024-04-18 23:22:09.119502
RV0000267,PR000172,D0019,1,2,1,2024-04-10 04:48:30.171292
RV0000268,PR000173,D0019,1,1,0,2024-04-10 14:53:24.022765
RV0000269,PR000173,D0019,2,6,1,2024-04-10 15:19:49.786425
RV0000270,PR000174,D0050,1,3,0,2024-04-14 04:29:33.850345
RV0000271,PR000174,D0050,2,2,1,2024-04-14 16:55:15.010501
RV0000272,PR000175,D0019,1,4,0,2024-04-09 08:07:44.246202
RV0000273,PR000175,D0019,2,3,1,2024-04-09 09:14:14.061258
RV0000274,PR000176,D0042,1,10,0,2024-04-14 11:30:35.047146
RV0000275,PR000176,D0042,2,0,1,2024-04-14 01:58:48.946362
RV0000276,PR000177,D0050,1,9,1,2024-04-15 08:53:44.385767
RV0000277,PR000178,D0006,1,7,1,2024-04-10 04:16:21.069720
RV0000278,PR000180,D0004,1,7,0,2024-04-13 01:51:01.897178
RV0000279,PR000180,D0004,2,4,1,2024-04-12 23:28:48.135407
RV0000280,PR000182,D0006,1,3,0,2024-04-13 05:22:34.686791
RV0000281,PR000182,D0006,2,3,1,2024-04-13 07:04:53.215576
RV0000282,PR000183,D0030,1,8,0,2024-04-16 04:45:46.863186
RV0000283,PR000183,D0030,2,1,1,2024-04-16 04:06:54.761366
RV0000284,PR000184,D0004,1,5,0,2024-04-12 19:25:08.245099
RV0000285,PR000184,D0004,2,2,1,2024-04-12 20:23:30.188883
RV0000286,PR000185,D0004,1,3,1,2024-04-12 16:50:32.816680
RV0000287,PR000186,D0026,1,0,1,2024-04-15 10:47:11.159304
RV0000288,PR000187,D0006,1,7,1,2024-04-16 12:17:12.692260
RV0000289,PR000188,D0042,1,3,0,2024-04-07 14:35:36.535296
RV0000290,PR000188,D0042,2,2,1,2024-04-07 11:56:15.483742
RV0000291,PR000189,D0019,1,1,1,2024-04-08 07:55:17.237095
RV0000292,PR000190,D0004,1,12,1,2024-04-28 02:52:50.855587
RV0000293,PR000191,D0042,1,9,0,2024-04-25 12:29:42.980002
RV0000294,PR000191,D0042,2,14,0,2024-04-25 18:46:03.055037
RV0000295,PR000191,D0042,3,5,1,2024-04-25 11:58:57.115287
RV0000296,PR000192,D0050,1,1,0,2024-04-25 19:46:20.926168
RV0000297,PR000192,D0050,2,3,0,2024-04-25 05:11:58.830528
RV0000298,PR000192,D0050,3,10,1,2024-04-25 18:16:37.071355
RV0000299,PR000193,D0006,1,3,1,2024-04-29 18:50:11.315294
RV0000300,PR000194,D0042,1,4,0,2024-04-29 09:44:47.909903
RV0000301,PR000194,D0042,2,5,1,2024-04-29 04:58:38.758752
RV0000302,PR000195,D0026,1,1,1,2024-05-01 06:18:59.641338
RV0000303,PR000196,D0050,1,1,0,2024-04-30 00:38:19.632820
RV0000304,PR000196,D0050,2,5,0,2024-04-30 06:47:02.230670
RV0000305,PR000196,D0050,3,6,1,2024-04-30 04:09:28.406345
RV0000306,PR000197,D0026,1,2,0,2024-05-04 01:52:19.399667
RV0000307,PR000197,D0026,2,4,0,2024-05-04 13:41:47.582571
RV0000308,PR000197,D0026,3,1,1,2024-05-04 01:21:39.414642
RV0000309,PR000198,D0026,1,5,0,2024-04-25 09:40:12.787651
RV0000310,PR000198,D0026,2,12,0,2024-04-25 11:59:03.462784
RV0000311,PR000198,D0026,3,3,1,2024-04-25 18:12:25.386970
RV0000312,PR000199,D0026,1,2,1,2024-04-22 01:40:09.221166
RV0000313,PR000200,D0026,1,4,1,2024-04-30 09:27:29.386501
RV0000314,PR000202,D0050,1,9,0,2024-04-24 12:16:39.052190
RV0000315,PR000202,D0050,2,5,0,2024-04-24 10:18:34.351048
RV0000316,PR000202,D0050,3,1,1,2024-04-24 10:20:58.629190
RV0000317,PR000203,D0015,1,3,1,2024-01-05 14:50:04.875322
RV0000318,PR000204,D0057,1,7,1,2023-12-29 09:02:51.342560
RV0000319,PR000205,D0037,1,2,0,2024-01-01 05:17:30.245616
RV0000320,PR000205,D0037,2,4,0,2024-01-01 08:44:08.265685
RV0000321,PR000205,D0037,3,4,1,2024-01-01 17:09:39.094183
RV0000322,PR000206,D0013,1,3,1,2023-12-27 06:50:28.904654
RV0000323,PR000207,D0047,1,4,1,2023-12-31 04:39:45.310223
RV0000324,PR000208,D0013,1,4,0,2023-12-28 01:34:50.241969
RV0000325,PR000208,D0013,2,8,1,2023-12-27 17:38:53.156654
RV0000326,PR000210,D0054,1,3,1,2023-12-26 14:41:31.832243
RV0000327,PR000211,D0059,1,2,1,2024-01-03 05:05:39.364937
RV0000328,PR000212,D0059,1,1,1,2023-12-31 09:09:16.496391
RV0000329,PR000213,D0047,1,2,1,2023-12-26 23:56:46.819762
RV0000330,PR000214,D0024,1,4,1,2024-01-03 05:54:42.337258
RV0000331,PR000215,D0024,1,2,1,2024-01-04 00:51:32.107655
RV0000332,PR000216,D0047,1,3,1,2023-12-26 17:33:23.729105
RV0000333,PR000217,D0054,1,2,1,2024-01-02 02:54:41.998995
RV0000334,PR000219,D0047,1,8,1,2024-01-02 02:31:48.630844
RV0000335,PR000220,D0013,1,11,1,2023-12-31 20:55:19.008210
RV0000336,PR000221,D0037,1,1,0,2024-01-05 15:47:44.957215
RV0000337,PR000221,D0037,2,4,1,2024-01-05 17:53:08.168632
RV0000338,PR000222,D0057,1,2,0,2024-01-04 19:54:55.168979
RV0000339,PR000222,D0057,2,15,1,2024-01-04 19:40:36.019067
RV0000340,PR000223,D0057,1,8,0,2024-01-06 04:44:12.970418
RV0000341,PR000223,D0057,2,9,1,2024-01-06 01:12:46.316839
RV0000342,PR000224,D0054,1,8,0,2024-01-12 09:46:11.622522
RV0000343,PR000224,D0054,2,2,0,2024-01-12 18:00:25.427565
RV0000344,PR000224,D0054,3,1,1,2024-01-12 11:53:01.854301
RV0000345,PR000225,D0047,1,1,1,2024-01-11 22:30:40.286690
RV0000346,PR000226,D0054,1,13,1,2024-01-09 09:59:09.867541
RV0000347,PR000227,D0047,1,0,0,2024-01-16 04:40:36.599173
RV0000348,PR000227,D0047,2,6,0,2024-01-16 00:16:53.230553
RV0000349,PR000227,D0047,3,3,1,2024-01-16 04:49:37.365599
RV0000350,PR000228,D0059,1,7,1,2024-01-13 14:47:39.638954
RV0000351,PR000229,D0015,1,1,1,2024-01-11 14:12:10.581543
RV0000352,PR000230,D0059,1,2,0,2024-01-08 07:13:47.543775
RV0000353,PR000230,D0059,2,4,1,2024-01-08 11:24:03.039166
RV0000354,PR000231,D0015,1,13,1,2024-01-10 16:57:59.886946
RV0000355,PR000232,D0037,1,1,0,2024-01-12 06:47:34.364470
RV0000356,PR000232,D0037,2,2,1,2024-01-12 06:37:08.833133
RV0000357,PR000233,D0013,1,4,1,2024-01-17 07:39:57.600939
RV0000358,PR000234,D0047,1,1,1,2024-01-17 12:09:01.518046
RV0000359,PR000235,D0057,1,1,1,2024-01-14 21:27:58.413915
RV0000360,PR000236,D0054,1,7,1,2024-01-17 03:57:05.529953
RV0000361,PR000237,D0015,1,1,1,2024-01-19 15:12:14.128164
RV0000362,PR000239,D0013,1,4,1,2024-01-08 09:55:56.847219
RV0000363,PR000240,D0015,1,6,1,2024-01-17 17:33:22.100886
RV0000364,PR000241,D0054,1,2,0,2024-01-12 20:29:41.955132
RV0000365,PR000241,D0054,2,2,1,2024-01-12 22:28:43.068411
RV0000366,PR000242,D0024,1,1,0,2024-01-12 00:55:50.326046
RV0000367,PR000242,D0024,2,3,1,2024-01-12 00:58:56.590767
RV0000368,PR000243,D0057,1,14,1,2024-01-18 21:28:27.603313
RV0000369,PR000244,D0054,1,0,1,2024-01-08 07:23:29.173519
RV0000370,PR000245,D0047,1,2,0,2024-01-11 07:06:45.889512
RV0000371,PR000245,D0047,2,8,0,2024-01-11 05:59:25.137708
RV0000372,PR000245,D0047,3,3,1,2024-01-11 07:25:05.728225
RV0000373,PR000246,D0057,1,7,1,2024-01-16 18:57:40.366734
RV0000374,PR000247,D0059,1,3,0,2024-01-10 14:56:57.067535
RV0000375,PR000247,D0059,2,7,1,2024-01-10 15:47:23.262911
RV0000376,PR000248,D0059,1,5,1,2024-01-18 13:07:03.051309
RV0000377,PR000250,D0015,1,1,0,2024-02-01 23:46:05.914238
RV0000378,PR000250,D0015,2,5,0,2024-02-02 03:59:00.266240
RV0000379,PR000250,D0015,3,9,1,2024-02-02 12:29:02.700637
RV0000380,PR000251,D0057,1,1,1,2024-01-30 18:29:00.531169
RV0000381,PR000252,D0037,1,2,0,2024-02-01 19:22:30.622640
RV0000382,PR000252,D0037,2,5,0,2024-02-01 16:32:49.884141
RV0000383,PR000252,D0037,3,4,1,2024-02-01 16:58:51.975871
RV0000384,PR000253,D0054,1,1,1,2024-01-31 17:53:36.386631
RV0000385,PR000254,D0057,1,3,1,2024-01-31 18:05:49.923413
RV0000386,PR000255,D0037,1,1,0,2024-01-29 05:35:53.824417
RV0000387,PR000255,D0037,2,12,0,2024-01-29 04:22:40.278755
RV0000388,PR000255,D0037,3,13,1,2024-01-29 05:20:08.698442
RV0000389,PR000256,D0047,1,1,0,2024-01-26 12:56:21.111288
RV0000390,PR000256,D0047,2,1,0,2024-01-26 12:01:39.541679
RV0000391,PR000256,D0047,3,3,1,2024-01-26 15:05:22.440611
RV0000392,PR000257,D0013,1,3,0,2024-01-31 23:14:23.035735
RV0000393,PR000257,D0013,2,1,1,2024-02-01 08:01:22.943712
RV0000394,PR000258,D0037,1,8,1,2024-01-27 17:48:30.282567
RV0000395,PR000259,D0057,1,6,1,2024-01-30 16:26:05.226863
RV0000396,PR000260,D0057,1,3,1,2024-01-26 10:44:29.502143
RV0000397,PR000261,D0015,1,5,1,2024-01-30 07:29:11.630343
RV0000398,PR000262,D0024,1,3,1,2024-01-22 14:07:03.528859
RV0000399,PR000263,D0037,1,7,1,2024-01-28 19:06:05.296350
RV0000400,PR000264,D0059,1,3,0,2024-01-27 04:50:13.751534
RV0000401,PR000264,D0059,2,3,1,2024-01-27 00:10:55.602953
RV0000402,PR000265,D0057,1,5,1,2024-01-30 20:51:42.110220
RV0000403,PR000266,D0015,1,7,0,2024-01-25 19:00:35.032433
RV0000404,PR000266,D0015,2,2,1,2024-01-26 08:34:45.994659
RV0000405,PR000267,D0024,1,5,1,2024-01-23 04:48:05.067153
RV0000406,PR000268,D0024,1,3,1,2024-01-25 01:30:33.474152
RV0000407,PR000269,D0057,1,3,1,2024-02-02 13:58:51.448697
RV0000408,PR000270,D0047,1,9,1,2024-02-13 09:45:26.088143
RV0000409,PR000271,D0059,1,12,0,2024-02-05 18:29:29.723230
RV0000410,PR000271,D0059,2,3,1,2024-02-05 09:45:59.233507
RV0000411,PR000272,D0037,1,1,1,2024-02-17 00:34:26.375573
RV0000412,PR000273,D0057,1,0,1,2024-02-09 11:16:00.973855
RV0000413,PR000274,D0024,1,8,0,2024-02-14 03:30:03.198753
RV0000414,PR000274,D0024,2,5,1,2024-02-14 04:00:05.825753
RV0000415,PR000276,D0015,1,9,1,2024-02-05 15:22:46.925272
RV0000416,PR000277,D0059,1,1,1,2024-02-16 00:17:53.288275
RV0000417,PR000278,D0059,1,1,0,2024-02-16 12:04:52.676290
RV0000418,PR000278,D0059,2,7,1,2024-02-16 12:50:03.537770
RV0000419,PR000279,D0037,1,2,1,2024-02-12 18:38:09.573832
RV0000420,PR000280,D0054,1,9,1,2024-02-08 03:59:02.982809
RV0000421,PR000281,D0013,1,1,0,2024-02-11 07:47:49.290114
RV0000422,PR000281,D0013,2,9,1,2024-02-11 02:13:07.073218
RV0000423,PR000282,D0015,1,2,0,2024-02-14 05:37:15.304967
RV0000424,PR000282,D0015,2,8,0,2024-02-14 02:22:24.828405
RV0000425,PR000282,D0015,3,6,1,2024-02-14 03:39:35.006074
RV0000426,PR000283,D0054,1,0,0,2024-02-07 17:12:41.969731
RV0000427,PR000283,D0054,2,0,0,2024-02-07 22:01:13.419687
RV0000428,PR000283,D0054,3,10,1,2024-02-08 00:18:23.597216
RV0000429,PR000284,D0037,1,5,1,2024-02-13 22:33:12.992876
RV0000430,PR000285,D0059,1,3,1,2024-02-14 15:02:22.307282
RV0000431,PR000286,D0054,1,5,1,2024-02-05 11:48:29.470324
RV0000432,PR000287,D0024,1,4,0,2024-02-13 16:12:07.423560
RV0000433,PR000287,D0024,2,2,0,2024-02-13 17:56:45.077055
RV0000434,PR000287,D0024,3,2,1,2024-02-13 18:52:07.065585
RV0000435,PR000288,D0037,1,1,1,2024-02-12 05:22:27.709630
RV0000436,PR000289,D0057,1,2,0,2024-02-13 18:25:16.793626
RV0000437,PR000289,D0057,2,3,1,2024-02-13 13:39:21.056766
RV0000438,PR000291,D0054,1,1,1,2024-02-11 14:50:27.617839
RV0000439,PR000294,D0037,1,1,1,2024-02-12 02:18:09.210721
RV0000440,PR000295,D0024,1,1,1,2024-02-05 11:55:51.253154
RV0000441,PR000296,D0037,1,2,1,2024-02-13 13:19:27.923317
RV0000442,PR000297,D0024,1,10,0,2024-02-06 04:23:07.401867
RV0000443,PR000297,D0024,2,3,1,2024-02-06 11:52:36.503119
RV0000444,PR000298,D0024,1,6,0,2024-02-06 01:40:11.817252
RV0000445,PR000298,D0024,2,6,0,2024-02-06 01:20:22.663662
RV0000446,PR000298,D0024,3,2,1,2024-02-06 01:24:15.068739
RV0000447,PR000299,D0057,1,0,1,2024-03-02 00:46:43.285478
RV0000448,PR000300,D0037,1,6,1,2024-02-28 03:39:58.247082
RV0000449,PR000301,D0057,1,4,1,2024-02-20 10:00:37.307076
RV0000450,PR000302,D0057,1,0,0,2024-02-22 14:08:47.406926
RV0000451,PR000302,D0057,2,5,1,2024-02-24 01:25:17.012306
RV0000452,PR000304,D0047,1,2,1,2024-03-01 11:18:46.678467
RV0000453,PR000305,D0057,1,4,1,2024-02-23 00:21:43.885780
RV0000454,PR000306,D0059,1,0,0,2024-03-01 21:52:52.247421
RV0000455,PR000306,D0059,2,1,0,2024-03-02 01:08:09.033121
RV0000456,PR000306,D0059,3,4,1,2024-03-01 23:52:47.717547
RV0000457,PR000307,D0024,1,8,0,2024-02-27 07:08:14.635330
RV0000458,PR000307,D0024,2,3,1,2024-02-27 04:23:54.537762
RV0000459,PR000308,D0059,1,4,0,2024-02-25 22:55:24.495872
RV0000460,PR000308,D0059,2,2,0,2024-02-25 19:23:08.901962
RV0000461,PR000308,D0059,3,8,1,2024-02-25 22:21:32.540137
RV0000462,PR000309,D0057,1,6,1,2024-02-22 04:02:44.538816
RV0000463,PR000310,D0054,1,0,0,2024-02-29 06:13:47.263431
RV0000464,PR000310,D0054,2,2,1,2024-02-29 09:45:27.499211
RV0000465,PR000311,D0037,1,7,0,2024-02-28 20:32:36.510091
RV0000466,PR000311,D0037,2,3,1,2024-02-29 00:06:18.460872
RV0000467,PR000312,D0057,1,0,0,2024-03-01 02:55:51.009361
RV0000468,PR000312,D0057,2,3,1,2024-03-01 13:16:32.799177
RV0000469,PR000313,D0037,1,11,1,2024-02-29 14:25:55.652391
RV0000470,PR000314,D0059,1,2,1,2024-02-25 13:12:27.931011
RV0000471,PR000315,D0059,1,0,0,2024-02-27 00:54:52.920529
RV0000472,PR000315,D0059,2,3,1,2024-02-27 02:19:22.081855
RV0000473,PR000316,D0047,1,3,1,2024-02-20 10:28:29.241245
RV0000474,PR000317,D0047,1,3,1,2024-02-24 03:40:34.584277
RV0000475,PR000318,D0037,1,0,0,2024-02-23 15:54:09.767878
RV0000476,PR000318,D0037,2,1,0,2024-02-23 12:49:31.127502
RV0000477,PR000318,D0037,3,4,1,2024-02-23 12:57:05.866538
RV0000478,PR000319,D0047,1,0,0,2024-02-28 16:04:34.653348
RV0000479,PR000319,D0047,2,9,1,2024-02-28 20:17:25.148964
RV0000480,PR000320,D0037,1,0,1,2024-02-29 23:55:28.699834
RV0000481,PR000321,D0059,1,1,0,2024-02-28 00:34:50.662467
RV0000482,PR000321,D0059,2,1,0,2024-02-27 22:32:37.269369
RV0000483,PR000321,D0059,3,5,1,2024-02-27 15:22:00.428232
RV0000484,PR000322,D0015,1,2,1,2024-02-19 18:54:04.312163
RV0000485,PR000323,D0037,1,4,1,2024-03-12 04:51:47.659702
RV0000486,PR000324,D0054,1,1,1,2024-03-12 03:14:02.774888
RV0000487,PR000325,D0047,1,6,1,2024-03-11 19:15:02.873759
RV0000488,PR000326,D0024,1,1,0,2024-03-09 17:59:46.626244
RV0000489,PR000326,D0024,2,1,0,2024-03-09 14:46:03.411205
RV0000490,PR000326,D0024,3,0,1,2024-03-09 16:07:40.754487
RV0000491,PR000328,D0047,1,2,0,2024-03-13 23:53:22.377269
RV0000492,PR000328,D0047,2,5,1,2024-03-14 02:05:37.275479
RV0000493,PR000329,D0057,1,0,0,2024-03-07 16:17:59.423870
RV0000494,PR000329,D0057,2,12,0,2024-03-07 10:48:27.583452
RV0000495,PR000329,D0057,3,0,1,2024-03-07 11:31:37.406065
RV0000496,PR000330,D0024,1,1,1,2024-03-15 13:10:23.041190
RV0000497,PR000331,D0013,1,0,1,2024-03-13 18:47:12.901638
RV0000498,PR000332,D0047,1,0,1,2024-03-14 11:17:26.030886
RV0000499,PR000334,D0059,1,3,0,2024-03-04 06:13:10.562860
RV0000500,PR000334,D0059,2,2,1,2024-03-04 05:56:46.985297
RV0000501,PR000335,D0015,1,4,0,2024-03-09 22:09:45.537603
RV0000502,PR000335,D0015,2,5,1,2024-03-10 00:13:22.510311
RV0000503,PR000336,D0037,1,6,1,2024-03-16 07:37:31.410153
RV0000504,PR000337,D0037,1,0,1,2024-03-12 14:03:28.652672
RV0000505,PR000338,D0057,1,3,1,2024-03-07 14:00:31.738855
RV0000506,PR000339,D0037,1,4,1,2024-03-22 11:12:33.282514
RV0000507,PR000340,D0015,1,1,1,2024-03-27 09:58:24.678557
RV0000508,PR000341,D0015,1,5,1,2024-03-29 04:51:03.213495
RV0000509,PR000342,D0013,1,6,1,2024-03-22 15:48:19.936201
RV0000510,PR000344,D0047,1,3,1,2024-03-25 08:57:26.068867
RV0000511,PR000345,D0057,1,3,1,2024-03-18 07:27:41.455664
RV0000512,PR000346,D0024,1,8,1,2024-03-20 16:39:43.127248
RV0000513,PR000347,D0047,1,1,0,2024-03-22 22:04:06.811133
RV0000514,PR000347,D0047,2,15,0,2024-03-22 21:28:21.110124
RV0000515,PR000347,D0047,3,0,1,2024-03-22 21:28:54.424971
RV0000516,PR000348,D0057,1,4,0,2024-03-22 00:26:29.694020
RV0000517,PR000348,D0057,2,1,1,2024-03-22 00:53:51.829752
RV0000518,PR000350,D0059,1,8,0,2024-03-20 10:54:18.902802
RV0000519,PR000350,D0059,2,3,1,2024-03-20 05:29:59.666920
RV0000520,PR000351,D0047,1,1,0,2024-03-20 12:48:06.834833
RV0000521,PR000351,D0047,2,4,0,2024-03-20 07:56:39.928726
RV0000522,PR000351,D0047,3,5,1,2024-03-20 18:34:49.441708
RV0000523,PR000352,D0037,1,10,1,2024-03-27 01:15:09.739395
RV0000524,PR000353,D0037,1,2,1,2024-03-25 03:09:52.684447
RV0000525,PR000354,D0037,1,3,1,2024-03-18 10:53:36.697967
RV0000526,PR000355,D0059,1,1,1,2024-03-29 03:30:24.576961
RV0000527,PR000356,D0013,1,3,0,2024-03-22 10:53:43.607607
RV0000528,PR000356,D0013,2,1,1,2024-03-22 08:35:50.234034
RV0000529,PR000357,D0015,1,3,1,2024-03-27 18:52:47.248240
RV0000530,PR000358,D0054,1,6,0,2024-03-21 06:37:54.799665
RV0000531,PR000358,D0054,2,4,0,2024-03-21 09:34:44.828101
RV0000532,PR000358,D0054,3,7,1,2024-03-21 08:51:31.046244
RV0000533,PR000359,D0047,1,6,0,2024-03-29 09:43:51.186639
RV0000534,PR000359,D0047,2,7,1,2024-03-29 11:09:50.177035
RV0000535,PR000360,D0037,1,8,1,2024-03-21 19:41:57.078728
RV0000536,PR000361,D0015,1,4,0,2024-03-27 19:50:40.727525
RV0000537,PR000361,D0015,2,0,0,2024-03-27 23:27:32.642273
RV0000538,PR000361,D0015,3,4,1,2024-03-28 01:52:26.454086
RV0000539,PR000362,D0047,1,3,0,2024-03-25 13:19:58.023477
RV0000540,PR000362,D0047,2,0,1,2024-03-25 14:53:36.143701
RV0000541,PR000363,D0013,1,4,1,2024-03-27 23:26:45.325363
RV0000542,PR000365,D0013,1,6,1,2024-03-19 00:29:48.914789
RV0000543,PR000366,D0037,1,10,1,2024-04-02 01:39:06.161736
RV0000544,PR000367,D0015,1,4,0,2024-04-06 21:28:10.442637
RV0000545,PR000367,D0015,2,1,0,2024-04-06 09:07:19.092801
RV0000546,PR000367,D0015,3,5,1,2024-04-06 18:11:21.580813
RV0000547,PR000368,D0059,1,1,0,2024-04-05 07:25:43.837663
RV0000548,PR000368,D0059,2,15,0,2024-04-05 12:11:37.371988
RV0000549,PR000368,D0059,3,6,1,2024-04-05 07:23:23.625175
RV0000550,PR000369,D0054,1,5,0,2024-04-09 07:12:08.312338
RV0000551,PR000369,D0054,2,1,1,2024-04-09 03:36:13.287172
RV0000552,PR000370,D0057,1,1,1,2024-04-11 20:04:27.390689
RV0000553,PR000371,D0024,1,5,1,2024-04-07 19:49:26.827882
RV0000554,PR000372,D0013,1,4,0,2024-04-08 17:56:43.656193
RV0000555,PR000372,D0013,2,9,0,2024-04-08 19:48:20.932853
RV0000556,PR000372,D0013,3,13,1,2024-04-08 16:55:19.329520
RV0000557,PR000373,D0054,1,1,1,2024-04-09 06:57:53.027331
RV0000558,PR000374,D0013,1,1,1,2024-04-12 17:07:18.948656
RV0000559,PR000375,D0015,1,1,0,2024-04-02 20:50:03.449856
RV0000560,PR000375,D0015,2,2,0,2024-04-02 00:45:55.858107
RV0000561,PR000375,D0015,3,1,1,2024-04-02 18:51:52.207698
RV0000562,PR000376,D0037,1,3,1,2024-04-10 11:47:23.946405
RV0000563,PR000377,D0024,1,10,1,2024-04-22 09:36:40.921188
RV0000564,PR000378,D0037,1,5,0,2024-04-18 17:28:10.029048
RV0000565,PR000378,D0037,2,2,1,2024-04-18 17:19:37.753090
RV0000566,PR000379,D0059,1,11,0,2024-04-24 01:57:46.739299
RV0000567,PR000379,D0059,2,6,0,2024-04-24 09:05:29.519461
RV0000568,PR000379,D0059,3,6,1,2024-04-24 09:06:00.175424
RV0000569,PR000380,D0024,1,2,1,2024-04-27 11:00:55.446121
RV0000570,PR000381,D0059,1,4,0,2024-04-21 16:32:12.828468
RV0000571,PR000381,D0059,2,8,1,2024-04-21 19:09:01.122371
RV0000572,PR000382,D0047,1,1,0,2024-04-15 03:25:32.565990
RV0000573,PR000382,D0047,2,2,1,2024-04-15 03:07:25.518430
RV0000574,PR000384,D0057,1,0,0,2024-04-25 13:42:50.408125
RV0000575,PR000384,D0057,2,2,0,2024-04-24 20:45:58.659914
RV0000576,PR000384,D0057,3,3,1,2024-04-26 01:24:53.756193
RV0000577,PR000385,D0057,1,13,1,2024-04-24 16:19:43.845010
RV0000578,PR000387,D0059,1,1,1,2024-04-22 10:43:16.221937
RV0000579,PR000388,D0057,1,8,0,2024-05-09 18:42:41.972812
RV0000580,PR000388,D0057,2,2,1,2024-05-10 04:38:56.584810
RV0000581,PR000389,D0015,1,1,1,2024-05-03 07:28:33.803373
RV0000582,PR000390,D0059,1,1,1,2024-05-10 04:53:50.168335
RV0000583,PR000391,D0037,1,0,1,2024-05-03 18:22:02.045430
RV0000584,PR000392,D0024,1,8,0,2024-05-01 07:45:18.185264
RV0000585,PR000392,D0024,2,9,1,2024-05-01 11:43:45.698441
RV0000586,PR000394,D0057,1,7,0,2024-05-11 07:33:52.165853
RV0000587,PR000394,D0057,2,0,1,2024-05-11 00:19:20.502548
RV0000588,PR000395,D0015,1,1,1,2024-05-02 21:16:33.754795
RV0000589,PR000398,D0037,1,1,1,2024-05-04 18:27:47.157034
RV0000590,PR000399,D0015,1,3,0,2024-04-29 20:45:53.949541
RV0000591,PR000399,D0015,2,6,0,2024-04-29 16:07:46.179048
RV0000592,PR000399,D0015,3,5,1,2024-04-29 21:27:32.459044
RV0000593,PR000400,D0059,1,4,0,2024-05-02 06:04:42.203808
RV0000594,PR000400,D0059,2,2,0,2024-05-02 07:51:11.223135
RV0000595,PR000400,D0059,3,4,1,2024-05-02 06:26:36.139472
RV0000596,PR000401,D0013,1,4,1,2024-05-09 19:21:49.475105
RV0000597,PR000402,D0057,1,0,1,2024-05-04 22:16:01.298478
RV0000598,PR000403,D0054,1,3,0,2024-05-05 08:28:44.939371
RV0000599,PR000403,D0054,2,3,1,2024-05-05 05:03:12.037689
RV0000600,PR000404,D0024,1,0,1,2024-05-06 19:28:30.956167
RV0000601,PR000405,D0037,1,3,1,2024-05-10 18:39:16.139146
RV0000602,PR000406,D0015,1,3,0,2024-05-03 16:26:00.434114
RV0000603,PR000406,D0015,2,1,1,2024-05-03 17:41:37.305785
RV0000604,PR000407,D0047,1,1,1,2024-05-07 20:52:06.477211
RV0000605,PR000408,D0015,1,6,1,2024-05-09 04:35:18.135022
RV0000606,PR000409,D0038,1,0,1,2023-12-27 13:38:47.206557
RV0000607,PR000410,D0012,1,1,0,2023-12-28 13:35:29.246564
RV0000608,PR000410,D0012,2,0,0,2023-12-28 16:56:22.690366
RV0000609,PR000410,D0012,3,6,1,2023-12-28 15:17:40.998543
RV0000610,PR000411,D0052,1,3,1,2023-12-26 07:13:18.655708
RV0000611,PR000412,D0058,1,2,0,2023-12-20 02:10:48.482768
RV0000612,PR000412,D0058,2,7,1,2023-12-20 14:19:57.624845
RV0000613,PR000413,D0029,1,3,0,2023-12-20 04:54:50.847888
RV0000614,PR000413,D0029,2,2,0,2023-12-20 07:44:19.313788
RV0000615,PR000413,D0029,3,5,1,2023-12-20 06:57:36.352732
RV0000616,PR000414,D0020,1,7,0,2023-12-21 21:54:21.544700
RV0000617,PR000414,D0020,2,5,0,2023-12-22 01:56:46.067641
RV0000618,PR000414,D0020,3,5,1,2023-12-22 00:09:59.044265
RV0000619,PR000415,D0007,1,0,1,2023-12-22 02:42:01.299038
RV0000620,PR000416,D0038,1,2,1,2023-12-30 05:13:51.348533
RV0000621,PR000417,D0052,1,2,1,2023-12-30 09:36:24.195960
RV0000622,PR000418,D0038,1,7,1,2023-12-20 15:18:27.029949
RV0000623,PR000419,D0038,1,11,1,2023-12-20 15:01:18.727451
RV0000624,PR000420,D0014,1,6,1,2023-12-26 12:34:50.051044
RV0000625,PR000421,D0029,1,2,0,2023-12-31 07:16:45.398641
RV0000626,PR000421,D0029,2,0,1,2023-12-30 22:58:26.588970
RV0000627,PR000422,D0012,1,6,0,2023-12-22 21:49:22.164064
RV0000628,PR000422,D0012,2,0,1,2023-12-23 01:44:12.245842
RV0000629,PR000423,D0014,1,4,0,2024-01-03 15:03:36.014513
RV0000630,PR000423,D0014,2,5,0,2024-01-03 09:46:15.538514
RV0000631,PR000423,D0014,3,9,1,2024-01-03 07:44:43.388063
RV0000632,PR000424,D0007,1,4,0,2024-01-06 20:01:47.633490
RV0000633,PR000424,D0007,2,4,1,2024-01-06 20:54:47.729579
RV0000634,PR000425,D0038,1,15,1,2024-01-11 07:12:09.516807
RV0000635,PR000426,D0034,1,4,1,2024-01-12 23:53:07.346951
RV0000636,PR000427,D0012,1,5,1,2024-01-08 17:38:06.186380
RV0000637,PR000428,D0020,1,2,1,2024-01-09 23:37:13.839273
RV0000638,PR000429,D0052,1,5,1,2024-01-13 03:36:51.880308
RV0000639,PR000430,D0035,1,0,0,2024-01-14 03:12:23.806279
RV0000640,PR000430,D0035,2,7,0,2024-01-14 03:11:53.055157
RV0000641,PR000430,D0035,3,1,1,2024-01-14 07:33:57.604112
RV0000642,PR000431,D0012,1,8,1,2024-01-13 18:34:18.991205
RV0000643,PR000432,D0049,1,2,0,2024-01-10 15:09:32.870656
RV0000644,PR000432,D0049,2,0,1,2024-01-10 15:44:29.596180
RV0000645,PR000433,D0014,1,1,0,2024-01-06 03:15:16.246401
RV0000646,PR000433,D0014,2,3,1,2024-01-05 21:09:45.196144
RV0000647,PR000434,D0029,1,10,0,2024-01-12 05:08:33.442416
RV0000648,PR000434,D0029,2,3,0,2024-01-12 03:14:31.985756
RV0000649,PR000434,D0029,3,5,1,2024-01-11 20:32:12.204428
RV0000650,PR000435,D0049,1,10,1,2024-01-09 09:58:13.987262
RV0000651,PR000436,D0038,1,6,0,2024-01-08 22:46:28.896300
RV0000652,PR000436,D0038,2,1,0,2024-01-08 23:03:15.311923
RV0000653,PR000436,D0038,3,2,1,2024-01-09 07:06:35.207811
RV0000654,PR000437,D0005,1,4,0,2024-01-12 12:49:29.105836
RV0000655,PR000437,D0005,2,1,0,2024-01-12 12:35:32.036964
RV0000656,PR000437,D0005,3,2,1,2024-01-12 12:33:33.105137
RV0000657,PR000439,D0034,1,10,1,2024-01-09 14:18:00.231805
RV0000658,PR000440,D0002,1,1,1,2024-01-13 20:36:41.812429
RV0000659,PR000441,D0034,1,3,1,2024-01-15 08:20:44.754240
RV0000660,PR000442,D0058,1,3,1,2024-01-10 09:02:01.825496
RV0000661,PR000443,D0002,1,4,0,2024-01-14 07:54:38.911690
RV0000662,PR000443,D0002,2,4,1,2024-01-14 07:38:24.879528
RV0000663,PR000444,D0022,1,1,1,2024-01-20 23:21:54.294721
RV0000664,PR000445,D0048,1,8,0,2024-01-23 06:07:04.751471
RV0000665,PR000445,D0048,2,4,1,2024-01-23 14:34:51.920686
RV0000666,PR000446,D0029,1,3,1,2024-01-21 10:13:10.246912
RV0000667,PR000447,D0049,1,6,0,2024-01-26 05:39:29.448664
RV0000668,PR000447,D0049,2,5,1,2024-01-28 08:29:08.886722
RV0000669,PR000448,D0032,1,2,1,2024-01-20 08:19:18.271072
RV0000670,PR000449,D0038,1,1,0,2024-01-23 17:06:48.834936
RV0000671,PR000449,D0038,2,5,1,2024-01-23 18:02:48.549239
RV0000672,PR000450,D0020,1,2,1,2024-01-26 07:40:02.407742
RV0000673,PR000451,D0029,1,2,0,2024-01-21 13:04:51.349486
RV0000674,PR000451,D0029,2,1,0,2024-01-21 12:23:52.017972
RV0000675,PR000451,D0029,3,9,1,2024-01-21 11:23:54.656209
RV0000676,PR000452,D0034,1,3,0,2024-01-27 16:29:02.840538
RV0000677,PR000452,D0034,2,1,1,2024-01-27 17:13:05.462532
RV0000678,PR000453,D0007,1,8,1,2024-01-22 12:59:09.089585
RV0000679,PR000454,D0029,1,5,1,2024-01-19 18:06:18.357255
RV0000680,PR000455,D0002,1,6,1,2024-01-23 15:09:26.083082
RV0000681,PR000456,D0022,1,2,1,2024-01-25 09:54:00.334420
RV0000682,PR000457,D0034,1,5,0,2024-02-11 04:34:45.205149
RV0000683,PR000457,D0034,2,3,0,2024-02-11 05:19:08.385093
RV0000684,PR000457,D0034,3,0,1,2024-02-11 08:00:31.374119
RV0000685,PR000458,D0035,1,3,0,2024-02-08 00:15:15.287395
RV0000686,PR000458,D0035,2,1,1,2024-02-08 00:42:56.359398
RV0000687,PR000459,D0022,1,0,0,2024-02-02 21:46:40.543764
RV0000688,PR000459,D0022,2,1,0,2024-02-03 05:37:45.767116
RV0000689,PR000459,D0022,3,4,1,2024-02-02 21:35:41.256486
RV0000690,PR000460,D0029,1,0,1,2024-02-03 00:46:41.227298
RV0000691,PR000461,D0048,1,5,1,2024-02-10 16:27:30.998741
RV0000692,PR000462,D0058,1,1,0,2024-02-10 03:32:22.692807
RV0000693,PR000462,D0058,2,10,1,2024-02-10 05:12:31.751205
RV0000694,PR000463,D0034,1,0,1,2024-02-08 10:06:11.586647
RV0000695,PR000464,D0002,1,5,1,2024-02-08 18:42:04.649197
RV0000696,PR000466,D0007,1,0,1,2024-02-03 14:39:36.203271
RV0000697,PR000467,D0012,1,6,0,2024-02-10 16:54:23.628971
RV0000698,PR000467,D0012,2,2,1,2024-02-10 22:41:35.595662
RV0000699,PR000468,D0049,1,3,0,2024-02-02 06:27:11.300420
RV0000700,PR000468,D0049,2,5,0,2024-02-02 15:06:05.976709
RV0000701,PR000468,D0049,3,11,1,2024-02-02 19:46:49.916984
RV0000702,PR000470,D0014,1,0,1,2024-02-01 23:17:15.526571
RV0000703,PR000471,D0038,1,3,1,2024-02-12 11:56:00.043774
RV0000704,PR000473,D0058,1,6,0,2024-02-05 23:11:52.536243
RV0000705,PR000473,D0058,2,7,1,2024-02-05 22:39:59.072106
RV0000706,PR000474,D0034,1,2,1,2024-02-06 07:18:36.546554
RV0000707,PR000476,D0029,1,0,1,2024-02-16 21:29:24.740440
RV0000708,PR000477,D0029,1,6,1,2024-02-22 00:18:39.748231
RV0000709,PR000478,D0058,1,4,0,2024-02-24 01:00:39.089664
RV0000710,PR000478,D0058,2,2,1,2024-02-24 03:42:47.900199
RV0000711,PR000479,D0032,1,2,0,2024-02-25 15:24:21.818472
RV0000712,PR000479,D0032,2,3,1,2024-02-25 13:47:11.884195
RV0000713,PR000480,D0032,1,1,0,2024-02-20 01:46:42.456679
RV0000714,PR000480,D0032,2,0,1,2024-02-20 01:22:42.935136
RV0000715,PR000481,D0052,1,7,0,2024-02-15 04:37:08.184178
RV0000716,PR000481,D0052,2,7,1,2024-02-15 02:06:52.114078
RV0000717,PR000482,D0058,1,12,0,2024-02-20 05:20:38.447060
RV0000718,PR000482,D0058,2,2,1,2024-02-19 19:05:26.126327
RV0000719,PR000483,D0049,1,1,0,2024-02-19 21:35:54.127781
RV0000720,PR000483,D0049,2,2,1,2024-02-20 07:47:25.496580
RV0000721,PR000485,D0007,1,5,0,2024-02-15 14:26:07.535196
RV0000722,PR000485,D0007,2,6,0,2024-02-15 17:10:50.788059
RV0000723,PR000485,D0007,3,4,1,2024-02-15 14:16:38.320338
RV0000724,PR000486,D0005,1,6,0,2024-02-16 15:19:13.694460
RV0000725,PR000486,D0005,2,4,1,2024-02-16 10:44:21.041702
RV0000726,PR000487,D0058,1,4,0,2024-02-24 16:06:14.136901
RV0000727,PR000487,D0058,2,9,0,2024-02-24 12:19:07.712884
RV0000728,PR000487,D0058,3,9,1,2024-02-24 15:05:52.358081
RV0000729,PR000488,D0002,1,1,1,2024-02-17 06:50:45.905700
RV0000730,PR000489,D0048,1,2,1,2024-02-18 13:41:38.100078
RV0000731,PR000490,D0035,1,4,1,2024-02-19 08:07:31.760320
RV0000732,PR000492,D0032,1,2,1,2024-02-29 23:29:02.156938
RV0000733,PR000494,D0035,1,3,1,2024-03-01 14:52:11.914875
RV0000734,PR000495,D0035,1,2,1,2024-03-10 05:14:48.059901
RV0000735,PR000496,D0002,1,6,0,2024-02-28 22:29:44.132142
RV0000736,PR000496,D0002,2,7,0,2024-02-28 18:22:27.113893
RV0000737,PR000496,D0002,3,2,1,2024-02-28 21:44:58.137741
RV0000738,PR000497,D0007,1,1,0,2024-03-06 15:13:26.953600
RV0000739,PR000497,D0007,2,1,1,2024-03-06 16:38:48.980356
RV0000740,PR000499,D0032,1,9,0,2024-03-06 10:09:12.765669
RV0000741,PR000499,D0032,2,8,1,2024-03-06 10:09:17.764731
RV0000742,PR000500,D0007,1,1,1,2024-02-29 00:49:49.706019
RV0000743,PR000501,D0032,1,2,0,2024-03-09 08:40:20.426765
RV0000744,PR000501,D0032,2,3,1,2024-03-09 08:00:46.382015
RV0000745,PR000502,D0012,1,2,1,2024-03-08 07:49:38.596842
RV0000746,PR000503,D0032,1,1,1,2024-03-05 13:24:10.982160
RV0000747,PR000504,D0034,1,1,0,2024-03-01 06:11:49.760821
RV0000748,PR000504,D0034,2,5,1,2024-03-01 12:56:48.296889
RV0000749,PR000505,D0002,1,14,0,2024-03-06 06:16:29.817888
RV0000750,PR000505,D0002,2,2,1,2024-03-06 05:31:09.347325
RV0000751,PR000506,D0022,1,8,0,2024-03-11 08:44:46.922495
RV0000752,PR000506,D0022,2,2,1,2024-03-11 11:24:52.069550
RV0000753,PR000507,D0020,1,5,1,2024-02-28 13:34:33.505443
RV0000754,PR000508,D0052,1,2,0,2024-03-10 07:58:12.253936
RV0000755,PR000508,D0052,2,0,0,2024-03-10 14:10:04.641106
RV0000756,PR000508,D0052,3,15,1,2024-03-10 14:37:18.026777
RV0000757,PR000509,D0022,1,3,1,2024-03-08 17:53:38.416083
RV0000758,PR000510,D0058,1,3,1,2024-03-09 09:12:17.550158
RV0000759,PR000513,D0048,1,4,0,2024-03-09 12:40:37.927271
RV0000760,PR000513,D0048,2,4,1,2024-03-09 10:19:41.992646
RV0000761,PR000516,D0022,1,1,1,2024-03-07 03:53:01.373766
RV0000762,PR000518,D0002,1,1,0,2024-03-08 20:16:01.550125
RV0000763,PR000518,D0002,2,16,1,2024-03-09 04:57:55.432659
RV0000764,PR000519,D0034,1,4,1,2024-03-09 05:26:23.782789
RV0000765,PR000520,D0052,1,1,1,2024-03-17 17:49:01.602708
RV0000766,PR000521,D0032,1,9,1,2024-03-22 18:00:10.242672
RV0000767,PR000522,D0058,1,2,0,2024-03-22 09:27:21.600119
RV0000768,PR000522,D0058,2,11,1,2024-03-22 04:50:51.882084
RV0000769,PR000523,D0038,1,3,0,2024-03-18 05:00:07.989928
RV0000770,PR000523,D0038,2,2,0,2024-03-18 05:02:38.133997
RV0000771,PR000523,D0038,3,3,1,2024-03-18 04:56:08.144539
RV0000772,PR000524,D0014,1,6,0,2024-03-20 07:30:14.943869
RV0000773,PR000524,D0014,2,17,0,2024-03-21 14:34:22.451343
RV0000774,PR000524,D0014,3,0,1,2024-03-22 03:22:58.154479
RV0000775,PR000525,D0048,1,3,1,2024-03-25 12:59:04.824547
RV0000776,PR000526,D0020,1,2,1,2024-03-15 15:17:03.695101
RV0000777,PR000527,D0032,1,4,1,2024-03-23 17:04:29.966081
RV0000778,PR000528,D0032,1,10,1,2024-03-17 15:03:34.784871
RV0000779,PR000529,D0029,1,4,1,2024-03-19 14:02:49.635286
RV0000780,PR000530,D0029,1,5,1,2024-03-24 08:11:11.333025
RV0000781,PR000532,D0035,1,2,1,2024-03-18 18:08:15.347577
RV0000782,PR000533,D0022,1,5,0,2024-03-16 15:32:53.102203
RV0000783,PR000533,D0022,2,0,1,2024-03-17 00:03:06.868356
RV0000784,PR000534,D0048,1,1,1,2024-03-15 20:26:14.330176
RV0000785,PR000536,D0034,1,3,0,2024-03-25 00:48:38.149689
RV0000786,PR000536,D0034,2,1,1,2024-03-24 19:23:20.589287
RV0000787,PR000537,D0020,1,7,1,2024-03-13 11:20:18.319742
RV0000788,PR000538,D0032,1,4,1,2024-03-24 20:24:53.592323
RV0000789,PR000539,D0032,1,3,0,2024-03-18 22:56:14.439154
RV0000790,PR000539,D0032,2,3,0,2024-03-18 19:09:06.455811
RV0000791,PR000539,D0032,3,2,1,2024-03-18 19:19:31.967405
RV0000792,PR000540,D0038,1,4,1,2024-04-07 10:53:52.371524
RV0000793,PR000541,D0022,1,3,1,2024-04-07 05:37:11.755576
RV0000794,PR000542,D0048,1,3,1,2024-04-01 07:17:30.939865
RV0000795,PR000544,D0048,1,5,0,2024-04-07 22:09:46.054009
RV0000796,PR000544,D0048,2,8,0,2024-04-07 23:22:15.505133
RV0000797,PR000544,D0048,3,1,1,2024-04-08 01:05:42.341763
RV0000798,PR000545,D0038,1,4,0,2024-03-29 19:00:41.200589
RV0000799,PR000545,D0038,2,9,1,2024-03-29 20:08:56.157567
RV0000800,PR000547,D0014,1,10,1,2024-04-01 00:38:12.431900
RV0000801,PR000548,D0038,1,5,1,2024-03-30 11:18:13.089483
RV0000802,PR000549,D0034,1,1,0,2024-03-30 20:34:32.030507
RV0000803,PR000549,D0034,2,6,1,2024-03-30 19:58:23.552305
RV0000804,PR000550,D0048,1,5,0,2024-04-12 18:57:07.527087
RV0000805,PR000550,D0048,2,7,0,2024-04-12 21:37:04.692811
RV0000806,PR000550,D0048,3,7,1,2024-04-12 20:59:05.054101
RV0000807,PR000551,D0002,1,3,0,2024-04-14 13:27:09.016269
RV0000808,PR000551,D0002,2,3,1,2024-04-14 17:24:10.290343
RV0000809,PR000552,D0005,1,0,1,2024-04-18 09:23:06.823665
RV0000810,PR000553,D0058,1,4,1,2024-04-20 03:27:14.519793
RV0000811,PR000554,D0034,1,6,0,2024-04-18 07:56:58.130864
RV0000812,PR000554,D0034,2,2,1,2024-04-18 20:23:22.782735
RV0000813,PR000555,D0058,1,4,0,2024-04-14 03:50:03.355798
RV0000814,PR000555,D0058,2,0,1,2024-04-13 14:44:48.670970
RV0000815,PR000556,D0007,1,2,0,2024-04-11 10:03:17.667022
RV0000816,PR000556,D0007,2,4,1,2024-04-11 12:07:04.460695
RV0000817,PR000559,D0032,1,2,0,2024-04-10 22:39:31.463459
RV0000818,PR000559,D0032,2,3,0,2024-04-10 08:34:15.373642
RV0000819,PR000559,D0032,3,8,1,2024-04-10 14:20:27.334114
RV0000820,PR000560,D0048,1,3,0,2024-04-12 23:09:50.643721
RV0000821,PR000560,D0048,2,1,1,2024-04-12 21:27:58.003564
RV0000822,PR000561,D0058,1,5,1,2024-04-17 03:00:14.597394
RV0000823,PR000562,D0032,1,11,1,2024-04-25 18:32:13.304159
RV0000824,PR000563,D0029,1,2,0,2024-04-27 23:22:37.679625
RV0000825,PR000563,D0029,2,3,0,2024-04-27 19:45:59.946423
RV0000826,PR000563,D0029,3,0,1,2024-04-28 03:39:23.495620
RV0000827,PR000564,D0052,1,0,1,2024-04-27 03:49:45.329954
RV0000828,PR000565,D0032,1,6,1,2024-04-26 22:34:51.932220
RV0000829,PR000566,D0014,1,1,0,2024-04-28 12:41:40.479388
RV0000830,PR000566,D0014,2,5,1,2024-04-28 14:06:06.178268
RV0000831,PR000567,D0032,1,1,0,2024-04-28 19:51:20.505136
RV0000832,PR000567,D0032,2,1,0,2024-04-29 00:02:09.969344
RV0000833,PR000567,D0032,3,3,1,2024-04-29 02:05:49.189942
RV0000834,PR000568,D0035,1,2,1,2024-05-03 22:54:26.292571
RV0000835,PR000569,D0034,1,3,1,2024-04-25 13:19:02.500780
RV0000836,PR000570,D0020,1,1,1,2024-04-30 04:22:15.844401
RV0000837,PR000572,D0029,1,5,0,2024-04-27 17:18:30.683064
RV0000838,PR000572,D0029,2,3,0,2024-04-27 18:49:44.207852
RV0000839,PR000572,D0029,3,4,1,2024-04-28 01:58:04.285294
RV0000840,PR000573,D0032,1,1,1,2024-05-02 01:02:44.439296
RV0000841,PR000574,D0029,1,1,1,2024-04-28 07:25:14.089549
RV0000842,PR000576,D0029,1,4,0,2024-04-28 12:59:51.377417
RV0000843,PR000576,D0029,2,2,1,2024-04-28 11:00:38.725229
RV0000844,PR000577,D0058,1,3,1,2024-05-01 08:39:50.218294
RV0000845,PR000578,D0005,1,1,0,2024-04-25 02:48:23.812086
RV0000846,PR000578,D0005,2,2,1,2024-04-25 13:57:53.375428
RV0000847,PR000579,D0026,1,4,0,2024-01-08 16:50:09.965631
RV0000848,PR000579,D0026,2,5,0,2024-01-08 17:34:20.642319
RV0000849,PR000579,D0026,3,4,1,2024-01-08 19:50:35.002503
RV0000850,PR000581,D0050,1,4,1,2024-01-05 18:07:01.319941
RV0000851,PR000582,D0026,1,8,0,2024-01-04 09:13:21.031084
RV0000852,PR000582,D0026,2,5,1,2024-01-04 14:10:36.973643
RV0000853,PR000584,D0004,1,2,0,2023-12-31 14:34:14.941214
RV0000854,PR000584,D0004,2,7,0,2024-01-01 01:57:48.293524
RV0000855,PR000584,D0004,3,6,1,2024-01-01 00:46:47.634436
RV0000856,PR000585,D0042,1,6,0,2023-12-30 02:45:30.258966
RV0000857,PR000585,D0042,2,0,1,2023-12-29 22:16:27.513410
RV0000858,PR000586,D0042,1,0,1,2024-01-08 09:56:35.747046
RV0000859,PR000587,D0050,1,0,1,2023-12-30 21:34:58.564118
RV0000860,PR000588,D0050,1,2,0,2024-01-01 20:11:08.681812
RV0000861,PR000588,D0050,2,7,1,2024-01-02 01:30:33.034683
RV0000862,PR000589,D0026,1,0,1,2024-01-07 23:22:09.191858
RV0000863,PR000590,D0030,1,11,1,2023-12-29 20:10:38.369770
RV0000864,PR000591,D0050,1,1,0,2024-01-05 20:31:08.435611
RV0000865,PR000591,D0050,2,3,1,2024-01-05 19:27:48.690414
RV0000866,PR000592,D0006,1,2,1,2024-01-09 07:03:27.636727
RV0000867,PR000593,D0006,1,10,1,2024-01-02 18:00:25.448670
RV0000868,PR000594,D0030,1,6,1,2024-01-06 11:32:33.592557
RV0000869,PR000596,D0042,1,1,1,2024-01-09 05:48:23.730300
RV0000870,PR000598,D0026,1,3,1,2023-12-29 15:33:47.688642
RV0000871,PR000599,D0004,1,4,0,2024-01-15 12:47:05.749101
RV0000872,PR000599,D0004,2,11,0,2024-01-15 16:40:40.988371
RV0000873,PR000599,D0004,3,8,1,2024-01-15 14:57:29.549803
RV0000874,PR000600,D0030,1,10,1,2024-01-16 10:04:12.284579
RV0000875,PR000601,D0004,1,7,0,2024-01-13 12:45:41.063059
RV0000876,PR000601,D0004,2,0,0,2024-01-13 12:20:32.293436
RV0000877,PR000601,D0004,3,4,1,2024-01-13 16:20:47.377029
RV0000878,PR000602,D0030,1,4,1,2024-01-18 14:14:50.736790
RV0000879,PR000603,D0030,1,3,0,2024-01-12 14:52:20.218537
RV0000880,PR000603,D0030,2,3,0,2024-01-13 02:13:29.353731
RV0000881,PR000603,D0030,3,3,1,2024-01-12 18:54:59.544935
RV0000882,PR000604,D0042,1,3,0,2024-01-20 22:31:52.695204
RV0000883,PR000604,D0042,2,1,0,2024-01-20 22:55:41.541398
RV0000884,PR000604,D0042,3,3,1,2024-01-20 22:18:48.919939
RV0000885,PR000605,D0006,1,0,0,2024-01-24 01:11:54.696749
RV0000886,PR000605,D0006,2,8,1,2024-01-23 23:41:30.772939
RV0000887,PR000606,D0030,1,2,0,2024-01-19 22:55:22.924820
RV0000888,PR000606,D0030,2,3,1,2024-01-20 08:14:16.476266
RV0000889,PR000607,D0019,1,1,1,2024-01-20 20:09:43.411006
RV0000890,PR000608,D0030,1,4,0,2024-01-16 11:18:53.112431
RV0000891,PR000608,D0030,2,4,1,2024-01-16 13:13:50.168472
RV0000892,PR000609,D0026,1,5,1,2024-01-21 18:38:35.065430
RV0000893,PR000610,D0050,1,2,1,2024-01-15 01:53:16.703463
RV0000894,PR000611,D0050,1,3,0,2024-01-15 12:11:27.098919
RV0000895,PR000611,D0050,2,0,1,2024-01-15 08:50:43.061964
RV0000896,PR000612,D0050,1,1,0,2024-01-20 18:43:56.023485
RV0000897,PR000612,D0050,2,2,0,2024-01-20 19:15:30.435074
RV0000898,PR000612,D0050,3,1,1,2024-01-20 19:27:07.430511
RV0000899,PR000614,D0026,1,4,1,2024-02-05 14:44:19.886633
RV0000900,PR000617,D0030,1,1,0,2024-02-02 15:40:55.592407
RV0000901,PR000617,D0030,2,1,1,2024-02-02 00:49:13.168065
RV0000902,PR000618,D0004,1,2,1,2024-01-29 13:03:48.228689
RV0000903,PR000620,D0019,1,1,1,2024-01-28 22:57:33.271403
RV0000904,PR000621,D0006,1,3,1,2024-02-04 02:39:44.238609
RV0000905,PR000622,D0006,1,3,0,2024-01-27 04:08:09.742669
RV0000906,PR000622,D0006,2,0,1,2024-01-27 13:08:38.021458
RV0000907,PR000623,D0050,1,2,0,2024-01-27 06:49:48.035783
RV0000908,PR000623,D0050,2,12,1,2024-01-27 19:48:02.091374
RV0000909,PR000624,D0006,1,4,0,2024-01-31 13:01:27.023690
RV0000910,PR000624,D0006,2,3,1,2024-01-31 03:21:44.403552
RV0000911,PR000625,D0006,1,7,0,2024-02-02 10:18:36.174998
RV0000912,PR000625,D0006,2,4,1,2024-02-02 13:41:04.718902
RV0000913,PR000626,D0026,1,2,0,2024-02-07 00:18:22.229394
RV0000914,PR000626,D0026,2,6,1,2024-02-07 00:25:44.620392
RV0000915,PR000627,D0030,1,12,1,2024-02-01 19:36:23.096548
RV0000916,PR000628,D0004,1,6,0,2024-02-06 09:34:19.536052
RV0000917,PR000628,D0004,2,3,1,2024-02-06 10:40:31.352206
RV0000918,PR000629,D0030,1,4,0,2024-02-04 13:50:13.450095
RV0000919,PR000629,D0030,2,10,1,2024-02-04 07:24:37.230572
RV0000920,PR000630,D0004,1,8,1,2024-01-30 11:04:26.218533
RV0000921,PR000631,D0019,1,2,1,2024-01-26 10:10:41.433507
RV0000922,PR000632,D0026,1,8,0,2024-01-31 19:05:01.169844
RV0000923,PR000632,D0026,2,8,1,2024-01-31 21:38:00.686560
RV0000924,PR000633,D0030,1,11,1,2024-01-27 02:39:51.542156
RV0000925,PR000635,D0006,1,1,0,2024-02-09 20:41:32.952970
RV0000926,PR000635,D0006,2,6,0,2024-02-10 06:25:22.131652
RV0000927,PR000635,D0006,3,2,1,2024-02-10 00:51:27.589971
RV0000928,PR000636,D0050,1,0,1,2024-02-20 18:47:18.171590
RV0000929,PR000637,D0004,1,12,0,2024-02-15 23:22:10.954871
RV0000930,PR000637,D0004,2,3,1,2024-02-15 23:34:18.819272
RV0000931,PR000638,D0006,1,3,0,2024-02-15 03:18:42.367150
RV0000932,PR000638,D0006,2,3,1,2024-02-15 03:10:14.353231
RV0000933,PR000639,D0030,1,3,1,2024-02-18 07:13:24.881837
RV0000934,PR000640,D0030,1,4,1,2024-02-15 07:53:04.200327
RV0000935,PR000641,D0030,1,3,0,2024-02-13 22:42:00.139468
RV0000936,PR000641,D0030,2,0,1,2024-02-13 22:22:24.221541
RV0000937,PR000642,D0019,1,2,1,2024-02-16 15:53:22.303280
RV0000938,PR000643,D0019,1,2,1,2024-02-10 15:13:50.537026
RV0000939,PR000644,D0004,1,16,0,2024-02-17 11:00:39.761112
RV0000940,PR000644,D0004,2,2,1,2024-02-17 01:57:26.369931
RV0000941,PR000645,D0006,1,1,1,2024-02-18 06:01:15.833025
RV0000942,PR000646,D0030,1,2,1,2024-02-17 00:51:28.489730
RV0000943,PR000647,D0050,1,2,0,2024-02-17 19:42:25.184422
RV0000944,PR000647,D0050,2,4,1,2024-02-17 20:06:01.826098
RV0000945,PR000648,D0042,1,3,0,2024-02-16 16:15:33.803341
RV0000946,PR000648,D0042,2,6,1,2024-02-15 12:28:47.398541
RV0000947,PR000649,D0030,1,3,1,2024-02-12 07:29:23.279352
RV0000948,PR000650,D0006,1,3,1,2024-02-10 03:14:01.692334
RV0000949,PR000651,D0030,1,8,0,2024-02-19 03:55:04.463413
RV0000950,PR000651,D0030,2,3,1,2024-02-19 07:30:17.610120
RV0000951,PR000652,D0042,1,2,1,2024-02-16 14:31:14.928220
RV0000952,PR000653,D0030,1,6,1,2024-02-20 11:15:27.745256
RV0000953,PR000654,D0006,1,3,0,2024-02-29 06:27:23.516649
RV0000954,PR000654,D0006,2,2,1,2024-02-29 05:27:35.015842
RV0000955,PR000655,D0019,1,0,0,2024-02-25 22:49:31.974500
RV0000956,PR000655,D0019,2,1,1,2024-02-25 21:27:44.073766
RV0000957,PR000656,D0019,1,5,1,2024-03-01 21:41:31.981462
RV0000958,PR000657,D0042,1,2,0,2024-02-24 18:57:35.923776
RV0000959,PR000657,D0042,2,11,1,2024-02-24 18:47:09.291465
RV0000960,PR000659,D0004,1,4,0,2024-02-24 18:33:54.324442
RV0000961,PR000659,D0004,2,2,0,2024-02-24 18:12:31.590282
RV0000962,PR000659,D0004,3,1,1,2024-02-24 19:07:30.781117
RV0000963,PR000660,D0006,1,1,1,2024-02-29 15:56:44.447569
RV0000964,PR000661,D0006,1,9,1,2024-02-23 18:07:23.910009
RV0000965,PR000662,D0019,1,7,0,2024-03-04 05:06:53.680044
RV0000966,PR000662,D0019,2,9,0,2024-03-04 04:21:05.722231
RV0000967,PR000662,D0019,3,1,1,2024-03-04 02:43:11.393545
RV0000968,PR000663,D0019,1,0,1,2024-02-28 04:16:42.772942
RV0000969,PR000664,D0030,1,2,0,2024-02-27 03:15:28.535052
RV0000970,PR000664,D0030,2,4,0,2024-02-27 02:20:06.733376
RV0000971,PR000664,D0030,3,0,1,2024-02-27 02:49:51.085131
RV0000972,PR000665,D0026,1,2,0,2024-02-24 05:11:39.924295
RV0000973,PR000665,D0026,2,1,1,2024-02-24 04:35:13.509735
RV0000974,PR000666,D0042,1,3,1,2024-02-29 10:53:02.763645
RV0000975,PR000667,D0042,1,6,1,2024-02-25 13:15:07.871759
RV0000976,PR000668,D0030,1,4,0,2024-02-25 06:03:53.831386
RV0000977,PR000668,D0030,2,7,0,2024-02-25 06:06:23.264897
RV0000978,PR000668,D0030,3,9,1,2024-02-25 05:50:37.220016
RV0000979,PR000669,D0026,1,2,1,2024-02-26 14:17:27.685631
RV0000980,PR000671,D0042,1,3,1,2024-02-25 19:20:03.377093
RV0000981,PR000672,D0026,1,0,1,2024-03-04 13:40:47.687952
RV0000982,PR000673,D0042,1,0,1,2024-02-26 05:32:32.664815
RV0000983,PR000674,D0030,1,1,0,2024-03-03 22:07:30.256867
RV0000984,PR000674,D0030,2,5,1,2024-03-04 19:00:50.397331
RV0000985,PR000675,D0050,1,5,0,2024-02-25 05:05:20.663673
RV0000986,PR000675,D0050,2,3,0,2024-02-25 05:28:54.537933
RV0000987,PR000675,D0050,3,0,1,2024-02-25 06:59:57.162972
RV0000988,PR000676,D0019,1,0,1,2024-02-28 03:04:09.145361
RV0000989,PR000677,D0030,1,1,1,2024-03-06 09:04:13.602617
RV0000990,PR000678,D0030,1,8,0,2024-03-03 01:14:05.307606
RV0000991,PR000678,D0030,2,2,0,2024-03-03 01:46:53.417981
RV0000992,PR000678,D0030,3,0,1,2024-03-02 23:48:28.873265
RV0000993,PR000679,D0026,1,2,0,2024-03-01 16:41:23.941298
RV0000994,PR000679,D0026,2,8,0,2024-03-01 18:07:12.801232
RV0000995,PR000679,D0026,3,0,1,2024-03-01 12:56:39.893395
RV0000996,PR000680,D0004,1,1,1,2024-03-03 21:49:01.638440
RV0000997,PR000681,D0004,1,6,1,2024-03-15 23:47:02.435587
RV0000998,PR000682,D0019,1,3,1,2024-03-11 05:53:40.981271
RV0000999,PR000683,D0004,1,5,1,2024-03-19 22:18:39.380387
RV0001000,PR000684,D0042,1,8,0,2024-03-08 07:22:07.676676
RV0001001,PR000684,D0042,2,9,1,2024-03-08 11:48:12.310358
RV0001002,PR000685,D0042,1,5,1,2024-03-08 17:25:17.078830
RV0001003,PR000686,D0026,1,4,0,2024-03-11 19:35:50.265581
RV0001004,PR000686,D0026,2,7,0,2024-03-11 17:44:55.397486
RV0001005,PR000686,D0026,3,1,1,2024-03-11 17:52:39.257595
RV0001006,PR000688,D0050,1,2,1,2024-03-10 21:58:04.175751
RV0001007,PR000689,D0050,1,4,0,2024-03-19 20:30:37.507745
RV0001008,PR000689,D0050,2,9,0,2024-03-19 17:03:03.126227
RV0001009,PR000689,D0050,3,10,1,2024-03-19 20:53:54.171647
RV0001010,PR000691,D0030,1,3,0,2024-03-19 06:55:56.632199
RV0001011,PR000691,D0030,2,1,1,2024-03-19 02:22:38.206476
RV0001012,PR000692,D0004,1,1,0,2024-03-17 21:34:16.207456
RV0001013,PR000692,D0004,2,2,1,2024-03-17 21:02:10.101589
RV0001014,PR000693,D0026,1,1,0,2024-03-18 09:58:41.553618
RV0001015,PR000693,D0026,2,3,1,2024-03-18 08:59:27.041890
RV0001016,PR000694,D0026,1,1,1,2024-03-14 08:13:47.989378
RV0001017,PR000695,D0030,1,1,0,2024-03-11 05:50:51.469131
RV0001018,PR000695,D0030,2,2,1,2024-03-11 17:30:41.031892
RV0001019,PR000697,D0004,1,2,1,2024-03-14 07:44:10.138375
RV0001020,PR000698,D0042,1,3,0,2024-03-19 05:55:19.247900
RV0001021,PR000698,D0042,2,0,0,2024-03-19 10:50:54.627216
RV0001022,PR000698,D0042,3,2,1,2024-03-19 13:33:31.632283
RV0001023,PR000699,D0004,1,5,1,2024-03-16 02:47:30.724438
RV0001024,PR000700,D0042,1,5,1,2024-03-14 13:17:35.737774
RV0001025,PR000701,D0019,1,1,1,2024-03-13 07:24:22.771094
RV0001026,PR000702,D0004,1,4,0,2024-03-13 16:32:28.597375
RV0001027,PR000702,D0004,2,1,0,2024-03-13 17:03:23.370968
RV0001028,PR000702,D0004,3,4,1,2024-03-13 16:43:09.576865
RV0001029,PR000703,D0042,1,5,1,2024-03-15 21:36:39.889018
RV0001030,PR000704,D0019,1,0,0,2024-03-31 05:33:17.402618
RV0001031,PR000704,D0019,2,2,0,2024-03-31 13:41:27.785748
RV0001032,PR000704,D0019,3,6,1,2024-03-31 06:37:51.241071
RV0001033,PR000705,D0042,1,10,1,2024-03-24 01:00:11.182818
RV0001034,PR000706,D0026,1,7,1,2024-03-25 12:51:40.276899
RV0001035,PR000707,D0004,1,1,1,2024-04-02 20:29:08.406235
RV0001036,PR000708,D0004,1,0,0,2024-03-27 06:55:14.197155
RV0001037,PR000708,D0004,2,2,1,2024-03-27 08:09:51.389921
RV0001038,PR000710,D0030,1,2,0,2024-03-27 10:53:00.196510
RV0001039,PR000710,D0030,2,5,0,2024-03-27 09:54:45.702369
RV0001040,PR000710,D0030,3,1,1,2024-03-27 08:36:51.183511
RV0001041,PR000711,D0006,1,8,1,2024-04-03 10:11:44.884153
RV0001042,PR000712,D0050,1,11,1,2024-03-27 20:58:22.925916
RV0001043,PR000714,D0050,1,2,0,2024-03-22 20:32:16.729698
RV0001044,PR000714,D0050,2,8,1,2024-03-22 20:19:35.416302
RV0001045,PR000715,D0030,1,4,1,2024-03-26 03:59:27.542614
RV0001046,PR000716,D0050,1,0,1,2024-03-27 03:19:19.467632
RV0001047,PR000717,D0004,1,4,0,2024-03-23 15:34:00.056920
RV0001048,PR000717,D0004,2,7,1,2024-03-23 08:34:53.983844
RV0001049,PR000718,D0050,1,4,0,2024-04-01 19:53:11.533922
RV0001050,PR000718,D0050,2,9,1,2024-04-02 04:48:53.317851
RV0001051,PR000719,D0026,1,7,0,2024-03-25 05:12:51.545920
RV0001052,PR000719,D0026,2,4,1,2024-03-25 02:59:28.916526
RV0001053,PR000720,D0042,1,2,1,2024-03-25 12:02:05.101777
RV0001054,PR000721,D0004,1,12,1,2024-03-31 06:36:46.620602
RV0001055,PR000722,D0042,1,0,0,2024-04-12 03:30:02.170834
RV0001056,PR000722,D0042,2,7,1,2024-04-12 08:44:38.808026
RV0001057,PR000723,D0030,1,11,1,2024-04-16 07:01:55.731602
RV0001058,PR000724,D0004,1,0,1,2024-04-09 08:49:40.100703
RV0001059,PR000725,D0026,1,0,0,2024-04-09 09:34:48.122470
RV0001060,PR000725,D0026,2,1,1,2024-04-09 10:13:20.100382
RV0001061,PR000726,D0030,1,1,1,2024-04-08 14:23:19.920293
RV0001062,PR000727,D0030,1,1,1,2024-04-09 20:13:57.050832
RV0001063,PR000728,D0019,1,2,1,2024-04-14 06:44:38.021892
RV0001064,PR000729,D0050,1,2,0,2024-04-15 11:02:54.881621
RV0001065,PR000729,D0050,2,6,0,2024-04-15 03:06:04.195785
RV0001066,PR000729,D0050,3,9,1,2024-04-14 23:10:10.499340
RV0001067,PR000731,D0004,1,7,0,2024-04-10 02:04:16.487687
RV0001068,PR000731,D0004,2,0,1,2024-04-09 18:29:21.806514
RV0001069,PR000732,D0006,1,0,0,2024-04-06 02:48:55.987927
RV0001070,PR000732,D0006,2,4,1,2024-04-06 03:43:33.899516
RV0001071,PR000733,D0042,1,1,1,2024-04-16 16:19:28.528801
RV0001072,PR000734,D0030,1,12,0,2024-04-07 18:49:06.433075
RV0001073,PR000734,D0030,2,1,1,2024-04-07 17:55:53.124540
RV0001074,PR000735,D0026,1,12,1,2024-04-07 16:56:56.853582
RV0001075,PR000736,D0006,1,4,1,2024-04-13 06:06:04.952874
RV0001076,PR000737,D0026,1,0,1,2024-04-06 14:19:15.170209
RV0001077,PR000738,D0019,1,1,0,2024-04-16 19:25:18.582677
RV0001078,PR000738,D0019,2,1,0,2024-04-16 20:50:06.015570
RV0001079,PR000738,D0019,3,4,1,2024-04-16 21:18:49.261536
RV0001080,PR000739,D0026,1,5,1,2024-04-09 18:33:42.789667
RV0001081,PR000740,D0004,1,8,1,2024-04-07 12:52:43.699336
RV0001082,PR000741,D0050,1,0,1,2024-04-21 07:35:29.747726
RV0001083,PR000742,D0004,1,2,0,2024-04-27 15:14:21.967269
RV0001084,PR000742,D0004,2,2,1,2024-04-26 14:08:29.961928
RV0001085,PR000743,D0026,1,0,0,2024-04-20 04:45:33.282161
RV0001086,PR000743,D0026,2,8,0,2024-04-20 05:28:36.797575
RV0001087,PR000743,D0026,3,0,1,2024-04-20 06:02:21.125535
RV0001088,PR000744,D0019,1,6,1,2024-04-25 03:26:12.629252
RV0001089,PR000745,D0019,1,9,1,2024-04-20 01:02:31.341021
RV0001090,PR000746,D0050,1,1,1,2024-04-19 20:36:51.094251
RV0001091,PR000747,D0004,1,1,0,2024-04-24 23:25:04.910871
RV0001092,PR000747,D0004,2,5,1,2024-04-25 05:43:23.134860
RV0001093,PR000748,D0004,1,7,0,2024-04-23 12:09:04.253581
RV0001094,PR000748,D0004,2,1,1,2024-04-23 11:17:44.545265
RV0001095,PR000750,D0006,1,5,1,2024-04-25 14:41:56.480599
RV0001096,PR000751,D0030,1,1,0,2024-04-29 12:51:18.212005
RV0001097,PR000751,D0030,2,0,1,2024-04-29 13:08:03.932632
RV0001098,PR000752,D0030,1,0,0,2024-04-30 11:21:19.606453
RV0001099,PR000752,D0030,2,2,1,2024-04-30 10:17:09.907904
RV0001100,PR000753,D0006,1,3,0,2024-04-28 06:25:43.919761
RV0001101,PR000753,D0006,2,0,1,2024-04-28 21:04:58.051819
RV0001102,PR000754,D0042,1,2,0,2024-04-29 08:01:44.980525
RV0001103,PR000754,D0042,2,1,0,2024-04-28 18:08:09.945115
RV0001104,PR000754,D0042,3,2,1,2024-04-28 19:35:40.693951
RV0001105,PR000755,D0030,1,11,1,2024-05-01 08:33:16.468676
RV0001106,PR000756,D0004,1,4,0,2024-04-20 16:39:50.289802
RV0001107,PR000756,D0004,2,5,1,2024-04-20 16:57:47.754755
RV0001108,PR000757,D0006,1,1,0,2024-04-20 17:21:08.888373
RV0001109,PR000757,D0006,2,5,1,2024-04-20 15:12:51.621751
RV0001110,PR000758,D0030,1,2,1,2024-04-28 22:26:29.759825
RV0001111,PR000759,D0004,1,8,0,2024-04-21 19:32:34.459988
RV0001112,PR000759,D0004,2,7,1,2024-04-21 01:34:27.120410
RV0001113,PR000760,D0026,1,2,1,2024-04-28 22:17:58.083682
RV0001114,PR000763,D0030,1,4,1,2024-04-21 12:41:42.219166
RV0001115,PR000764,D0006,1,1,0,2024-04-24 16:20:34.761666
RV0001116,PR000764,D0006,2,0,0,2024-04-23 17:47:45.401022
RV0001117,PR000764,D0006,3,3,1,2024-04-24 07:59:12.951280
RV0001118,PR000765,D0004,1,4,0,2024-04-19 18:27:14.594000
RV0001119,PR000765,D0004,2,3,1,2024-04-19 21:59:29.194230
RV0001120,PR000766,D0030,1,6,0,2024-05-04 05:29:28.276022
RV0001121,PR000766,D0030,2,1,1,2024-05-04 05:55:35.869994
RV0001122,PR000767,D0026,1,5,0,2024-05-09 01:18:32.960727
RV0001123,PR000767,D0026,2,2,0,2024-05-08 21:57:38.698270
RV0001124,PR000767,D0026,3,1,1,2024-05-08 22:32:16.370687
RV0001125,PR000768,D0050,1,1,1,2024-05-06 22:39:48.639079
RV0001126,PR000769,D0019,1,6,1,2024-05-05 17:23:43.344308
RV0001127,PR000770,D0042,1,9,1,2024-05-08 21:15:14.015398
RV0001128,PR000771,D0050,1,5,1,2024-05-12 17:36:22.290522
RV0001129,PR000772,D0030,1,8,1,2024-05-05 17:21:55.073096
RV0001130,PR000773,D0006,1,1,1,2024-05-12 14:29:04.771447
RV0001131,PR000774,D0004,1,8,0,2024-05-13 23:41:28.523642
RV0001132,PR000774,D0004,2,6,1,2024-05-13 14:06:38.171976
RV0001133,PR000775,D0004,1,5,1,2024-05-09 12:54:46.039936
RV0001134,PR000776,D0030,1,2,0,2024-05-06 00:49:19.758284
RV0001135,PR000776,D0030,2,0,1,2024-05-05 12:06:18.896118
RV0001136,PR000777,D0030,1,8,1,2024-05-14 09:56:46.846616
RV0001137,PR000778,D0019,1,1,1,2024-05-06 03:25:57.669822
RV0001138,PR000779,D0019,1,4,0,2024-05-09 17:27:22.019682
RV0001139,PR000779,D0019,2,5,1,2024-05-09 08:03:01.627206
RV0001140,PR000780,D0030,1,9,0,2024-05-08 10:52:41.688061
RV0001141,PR000780,D0030,2,2,1,2024-05-08 11:37:19.245120
RV0001142,PR000781,D0004,1,8,1,2024-05-08 10:23:36.459267
RV0001143,PR000782,D0019,1,9,1,2024-05-13 04:14:41.666873
RV0001144,PR000783,D0030,1,2,1,2024-05-03 16:38:23.582261
RV0001145,PR000784,D0018,1,1,1,2024-01-04 23:46:35.215788
RV0001146,PR000785,D0023,1,6,0,2023-12-28 12:32:49.228599
RV0001147,PR000785,D0023,2,1,0,2023-12-28 12:50:37.336653
RV0001148,PR000785,D0023,3,5,1,2023-12-28 08:48:49.386297
RV0001149,PR000786,D0055,1,1,1,2023-12-28 10:08:57.036964
RV0001150,PR000787,D0003,1,4,1,2023-12-30 04:15:21.615781
RV0001151,PR000788,D0023,1,5,1,2023-12-27 01:18:24.686283
RV0001152,PR000789,D0018,1,2,1,2023-12-26 03:18:41.824714
RV0001153,PR000790,D0023,1,9,1,2023-12-27 20:04:18.344255
RV0001154,PR000791,D0003,1,3,1,2024-01-04 03:40:08.762012
RV0001155,PR000792,D0031,1,2,1,2024-01-01 17:48:21.707940
RV0001156,PR000794,D0031,1,4,1,2024-01-03 14:26:07.619014
RV0001157,PR000795,D0055,1,3,0,2024-01-01 00:05:26.725096
RV0001158,PR000795,D0055,2,1,0,2024-01-01 12:50:42.063221
RV0001159,PR000795,D0055,3,2,1,2024-01-01 14:17:09.002326
RV0001160,PR000797,D0003,1,6,1,2023-12-26 04:24:40.070342
RV0001161,PR000798,D0055,1,3,1,2023-12-24 23:31:29.636538
RV0001162,PR000799,D0003,1,5,0,2023-12-30 09:33:04.892999
RV0001163,PR000799,D0003,2,1,0,2023-12-31 02:00:57.683820
RV0001164,PR000799,D0003,3,6,1,2023-12-31 11:48:37.358331
RV0001165,PR000801,D0023,1,16,1,2024-01-04 17:30:42.411293
RV0001166,PR000802,D0018,1,8,1,2024-01-04 05:35:21.214612
RV0001167,PR000803,D0031,1,2,0,2023-12-30 10:41:34.706105
RV0001168,PR000803,D0031,2,4,1,2023-12-30 12:48:11.619601
RV0001169,PR000804,D0023,1,19,1,2023-12-31 14:27:26.271581
RV0001170,PR000805,D0003,1,3,0,2023-12-26 20:14:48.502998
RV0001171,PR000805,D0003,2,0,1,2023-12-26 16:13:51.700780
RV0001172,PR000806,D0023,1,0,1,2024-01-11 01:41:57.828382
RV0001173,PR000807,D0003,1,4,1,2024-01-08 14:15:51.299017
RV0001174,PR000808,D0023,1,6,1,2024-01-11 18:01:20.968116
RV0001175,PR000809,D0055,1,4,0,2024-01-18 18:28:47.882206
RV0001176,PR000809,D0055,2,8,1,2024-01-18 19:06:21.779462
RV0001177,PR000810,D0003,1,12,1,2024-01-18 23:39:28.172912
RV0001178,PR000811,D0018,1,2,0,2024-01-19 11:06:29.537731
RV0001179,PR000811,D0018,2,15,1,2024-01-19 09:53:39.768731
RV0001180,PR000812,D0055,1,3,1,2024-01-13 23:42:55.366531
RV0001181,PR000813,D0023,1,14,1,2024-01-18 00:49:47.301948
RV0001182,PR000814,D0031,1,1,1,2024-01-11 08:49:09.865915
RV0001183,PR000815,D0018,1,6,0,2024-01-12 17:14:00.286190
RV0001184,PR000815,D0018,2,2,1,2024-01-11 12:03:06.279595
RV0001185,PR000816,D0031,1,0,0,2024-01-09 03:24:54.160090
RV0001186,PR000816,D0031,2,4,1,2024-01-09 01:31:14.902180
RV0001187,PR000817,D0023,1,3,0,2024-01-08 22:44:07.090561
RV0001188,PR000817,D0023,2,3,1,2024-01-09 02:55:45.596207
RV0001189,PR000818,D0003,1,1,0,2024-01-09 02:34:28.024923
RV0001190,PR000818,D0003,2,5,0,2024-01-08 21:42:27.957657
RV0001191,PR000818,D0003,3,1,1,2024-01-08 22:12:24.821439
RV0001192,PR000819,D0055,1,3,1,2024-01-30 09:04:30.852226
RV0001193,PR000820,D0031,1,6,0,2024-01-24 13:29:40.056516
RV0001194,PR000820,D0031,2,4,0,2024-01-25 01:07:45.744770
RV0001195,PR000820,D0031,3,0,1,2024-01-25 09:56:06.780328
RV0001196,PR000821,D0018,1,1,1,2024-01-30 21:03:53.349596
RV0001197,PR000822,D0055,1,1,0,2024-01-30 03:51:57.759722
RV0001198,PR000822,D0055,2,1,1,2024-01-30 04:53:40.663969
RV0001199,PR000823,D0023,1,14,0,2024-01-22 10:47:07.914305
RV0001200,PR000823,D0023,2,0,1,2024-01-22 10:31:53.447752
RV0001201,PR000824,D0018,1,8,0,2024-01-31 10:25:55.456335
RV0001202,PR000824,D0018,2,7,0,2024-01-31 09:02:56.181564
RV0001203,PR000824,D0018,3,3,1,2024-01-31 10:32:51.734238
RV0001204,PR000826,D0023,1,4,0,2024-01-22 10:51:15.814677
RV0001205,PR000826,D0023,2,3,1,2024-01-21 22:26:14.735499
RV0001206,PR000828,D0003,1,2,1,2024-01-26 07:03:08.998307
RV0001207,PR000829,D0031,1,0,0,2024-01-27 00:58:32.174640
RV0001208,PR000829,D0031,2,3,0,2024-01-28 12:53:58.540848
RV0001209,PR000829,D0031,3,1,1,2024-01-27 01:36:18.295519
RV0001210,PR000830,D0031,1,3,1,2024-01-31 07:00:35.926353
RV0001211,PR000832,D0031,1,2,0,2024-01-23 20:54:42.717742
RV0001212,PR000832,D0031,2,3,0,2024-01-23 12:24:11.566663
RV0001213,PR000832,D0031,3,3,1,2024-01-24 02:08:20.495184
RV0001214,PR000833,D0031,1,4,1,2024-01-23 15:09:20.007979
RV0001215,PR000834,D0055,1,2,0,2024-01-25 06:43:07.934365
RV0001216,PR000834,D0055,2,3,1,2024-01-25 20:11:38.446161
RV0001217,PR000835,D0031,1,8,0,2024-01-24 17:48:01.229387
RV0001218,PR000835,D0031,2,4,1,2024-01-24 19:04:49.319977
RV0001219,PR000836,D0055,1,1,0,2024-01-23 06:01:33.580185
RV0001220,PR000836,D0055,2,10,0,2024-01-23 06:36:47.686011
RV0001221,PR000836,D0055,3,1,1,2024-01-23 06:23:22.340986
RV0001222,PR000837,D0023,1,0,1,2024-01-30 05:32:48.145673
RV0001223,PR000838,D0031,1,8,1,2024-01-26 17:37:19.092891
RV0001224,PR000839,D0003,1,6,0,2024-01-26 23:16:31.739643
RV0001225,PR000839,D0003,2,3,1,2024-01-27 14:10:32.577890
RV0001226,PR000840,D0031,1,1,1,2024-01-30 08:29:39.527092
RV0001227,PR000841,D0055,1,0,1,2024-01-27 01:51:24.323960
RV0001228,PR000842,D0003,1,2,0,2024-01-26 10:09:19.373964
RV0001229,PR000842,D0003,2,8,1,2024-01-25 20:33:53.699173
RV0001230,PR000843,D0018,1,1,0,2024-01-22 14:54:16.356905
RV0001231,PR000843,D0018,2,0,1,2024-01-22 15:09:49.507741
RV0001232,PR000844,D0003,1,1,0,2024-01-30 20:32:46.334967
RV0001233,PR000844,D0003,2,0,1,2024-01-30 19:30:01.368413
RV0001234,PR000845,D0003,1,2,1,2024-01-21 16:37:56.959519
RV0001235,PR000846,D0031,1,2,1,2024-02-12 16:36:37.595556
RV0001236,PR000847,D0003,1,7,1,2024-02-09 04:27:55.764408
RV0001237,PR000848,D0018,1,4,1,2024-02-04 10:31:59.368703
RV0001238,PR000849,D0031,1,9,1,2024-02-13 02:18:07.708419
RV0001239,PR000850,D0003,1,1,1,2024-02-04 12:15:22.918351
RV0001240,PR000851,D0055,1,11,0,2024-02-05 02:47:37.056707
RV0001241,PR000851,D0055,2,3,1,2024-02-05 04:35:49.318613
RV0001242,PR000852,D0055,1,3,1,2024-02-10 01:49:46.284102
RV0001243,PR000853,D0055,1,1,0,2024-02-05 20:38:12.139779
RV0001244,PR000853,D0055,2,1,1,2024-02-05 21:53:31.993973
RV0001245,PR000854,D0003,1,7,0,2024-02-14 13:21:13.345223
RV0001246,PR000854,D0003,2,1,0,2024-02-14 14:39:08.275028
RV0001247,PR000854,D0003,3,2,1,2024-02-14 12:47:23.613284
RV0001248,PR000855,D0018,1,1,0,2024-02-11 20:38:49.603198
RV0001249,PR000855,D0018,2,1,1,2024-02-12 02:50:56.571946
RV0001250,PR000856,D0055,1,5,0,2024-02-10 01:27:45.865645
RV0001251,PR000856,D0055,2,2,0,2024-02-10 06:14:01.909620
RV0001252,PR000856,D0055,3,3,1,2024-02-10 02:40:04.946700
RV0001253,PR000857,D0018,1,5,1,2024-02-15 15:12:09.472340
RV0001254,PR000858,D0055,1,2,0,2024-02-15 14:17:57.694816
RV0001255,PR000858,D0055,2,1,0,2024-02-15 14:18:58.898341
RV0001256,PR000858,D0055,3,1,1,2024-02-15 16:48:20.900890
RV0001257,PR000859,D0018,1,0,0,2024-02-06 22:13:58.687091
RV0001258,PR000859,D0018,2,4,1,2024-02-06 18:18:49.564750
RV0001259,PR000860,D0003,1,1,1,2024-02-15 07:57:31.044782
RV0001260,PR000861,D0018,1,4,1,2024-02-07 01:30:31.856179
RV0001261,PR000862,D0055,1,4,1,2024-02-14 00:00:05.809765
RV0001262,PR000864,D0031,1,3,0,2024-03-01 06:16:14.607368
RV0001263,PR000864,D0031,2,3,1,2024-03-01 18:10:16.338865
RV0001264,PR000865,D0023,1,6,1,2024-02-28 12:54:37.447933
RV0001265,PR000866,D0018,1,1,0,2024-02-22 05:12:48.322586
RV0001266,PR000866,D0018,2,4,0,2024-02-22 04:29:45.936636
RV0001267,PR000866,D0018,3,10,1,2024-02-22 04:37:21.456221
RV0001268,PR000867,D0018,1,3,1,2024-02-27 10:40:33.297786
RV0001269,PR000868,D0003,1,10,0,2024-02-24 06:25:01.469219
RV0001270,PR000868,D0003,2,5,1,2024-02-23 09:09:31.010717
RV0001271,PR000869,D0018,1,1,1,2024-02-25 09:24:34.235716
RV0001272,PR000870,D0003,1,6,1,2024-02-28 12:56:27.568108
RV0001273,PR000871,D0055,1,6,0,2024-02-23 08:30:53.730583
RV0001274,PR000871,D0055,2,2,0,2024-02-23 04:13:25.771027
RV0001275,PR000871,D0055,3,3,1,2024-02-23 02:52:29.516080
RV0001276,PR000872,D0023,1,1,0,2024-02-29 02:46:22.522175
RV0001277,PR000872,D0023,2,0,1,2024-02-29 12:42:17.784359
RV0001278,PR000873,D0018,1,0,1,2024-02-22 10:41:52.791258
RV0001279,PR000874,D0003,1,5,0,2024-02-19 17:02:04.545912
RV0001280,PR000874,D0003,2,1,1,2024-02-19 16:33:44.461467
RV0001281,PR000875,D0003,1,2,0,2024-02-25 12:59:01.978953
RV0001282,PR000875,D0003,2,3,0,2024-02-25 07:09:37.970640
RV0001283,PR000875,D0003,3,8,1,2024-02-25 08:30:07.875042
RV0001284,PR000877,D0031,1,6,0,2024-02-27 10:01:40.597902
RV0001285,PR000877,D0031,2,2,1,2024-02-27 10:20:22.964491
RV0001286,PR000878,D0003,1,2,1,2024-02-24 04:31:16.482945
RV0001287,PR000879,D0055,1,5,0,2024-02-28 21:52:16.670369
RV0001288,PR000879,D0055,2,2,1,2024-02-28 20:05:24.993634
RV0001289,PR000880,D0003,1,2,1,2024-02-25 00:29:26.433672
RV0001290,PR000881,D0055,1,1,0,2024-02-24 01:53:03.827338
RV0001291,PR000881,D0055,2,13,1,2024-02-23 22:08:58.635730
RV0001292,PR000883,D0055,1,6,0,2024-02-19 07:40:12.562299
RV0001293,PR000883,D0055,2,2,1,2024-02-19 07:03:00.837079
RV0001294,PR000884,D0018,1,0,1,2024-03-13 22:57:08.105541
RV0001295,PR000885,D0031,1,7,0,2024-03-13 00:07:06.545666
RV0001296,PR000885,D0031,2,4,1,2024-03-13 06:23:09.004200
RV0001297,PR000886,D0055,1,17,0,2024-03-08 23:24:29.947690
RV0001298,PR000886,D0055,2,1,1,2024-03-08 08:12:21.483857
RV0001299,PR000887,D0055,1,1,0,2024-03-05 13:55:32.362192
RV0001300,PR000887,D0055,2,2,0,2024-03-05 15:57:14.948975
RV0001301,PR000887,D0055,3,0,1,2024-03-05 11:09:39.156357
RV0001302,PR000888,D0031,1,8,0,2024-03-03 11:02:51.095536
RV0001303,PR000888,D0031,2,6,1,2024-03-03 12:21:47.547191
RV0001304,PR000889,D0023,1,0,0,2024-03-07 04:38:01.479690
RV0001305,PR000889,D0023,2,1,1,2024-03-07 04:23:19.722851
RV0001306,PR000890,D0023,1,4,1,2024-03-12 09:40:17.238913
RV0001307,PR000891,D0055,1,1,1,2024-03-13 08:29:31.594731
RV0001308,PR000892,D0018,1,9,1,2024-03-10 07:47:07.757585
RV0001309,PR000894,D0023,1,13,1,2024-03-26 09:39:18.831562
RV0001310,PR000895,D0003,1,2,1,2024-03-27 09:15:35.769120
RV0001311,PR000896,D0031,1,1,0,2024-03-18 07:42:38.921431
RV0001312,PR000896,D0031,2,0,1,2024-03-18 05:47:46.741543
RV0001313,PR000897,D0018,1,7,0,2024-03-24 22:38:15.924521
RV0001314,PR000897,D0018,2,4,0,2024-03-24 20:11:51.158838
RV0001315,PR000897,D0018,3,2,1,2024-03-25 02:20:23.633931
RV0001316,PR000899,D0031,1,4,1,2024-03-18 10:51:06.120837
RV0001317,PR000901,D0055,1,1,1,2024-03-27 22:25:28.616126
RV0001318,PR000902,D0018,1,8,1,2024-03-23 20:58:29.015614
RV0001319,PR000903,D0031,1,6,0,2024-03-20 19:12:10.314841
RV0001320,PR000903,D0031,2,1,0,2024-03-20 16:16:28.153128
RV0001321,PR000903,D0031,3,2,1,2024-03-21 02:52:04.168393
RV0001322,PR000904,D0018,1,3,1,2024-03-25 07:06:18.056376
RV0001323,PR000905,D0018,1,1,0,2024-03-27 07:19:34.250210
RV0001324,PR000905,D0018,2,0,1,2024-03-27 03:46:53.178444
RV0001325,PR000906,D0055,1,0,1,2024-03-25 21:25:05.797086
RV0001326,PR000907,D0023,1,0,0,2024-03-29 02:19:12.185549
RV0001327,PR000907,D0023,2,9,0,2024-03-29 20:57:20.964559
RV0001328,PR000907,D0023,3,1,1,2024-03-29 14:24:12.313363
RV0001329,PR000908,D0003,1,0,1,2024-03-22 18:01:20.259699
RV0001330,PR000909,D0018,1,0,1,2024-03-30 18:39:45.308853
RV0001331,PR000910,D0018,1,7,1,2024-03-18 11:00:26.425458
RV0001332,PR000911,D0023,1,5,0,2024-03-25 01:01:46.698645
RV0001333,PR000911,D0023,2,2,0,2024-03-25 01:33:00.045662
RV0001334,PR000911,D0023,3,3,1,2024-03-25 04:51:03.918305
RV0001335,PR000912,D0055,1,2,0,2024-03-18 14:10:52.941274
RV0001336,PR000912,D0055,2,6,0,2024-03-18 13:02:36.952542
RV0001337,PR000912,D0055,3,1,1,2024-03-18 14:03:23.493377
RV0001338,PR000913,D0055,1,1,1,2024-04-01 04:22:22.663503
RV0001339,PR000914,D0003,1,5,1,2024-04-02 19:31:58.334498
RV0001340,PR000915,D0018,1,4,0,2024-04-05 22:13:12.521931
RV0001341,PR000915,D0018,2,2,0,2024-04-05 05:26:33.918438
RV0001342,PR000915,D0018,3,0,1,2024-04-06 03:28:35.599442
RV0001343,PR000916,D0031,1,3,1,2024-04-11 05:48:09.636208
RV0001344,PR000917,D0003,1,16,1,2024-04-12 15:59:36.205783
RV0001345,PR000918,D0055,1,1,0,2024-04-12 04:14:10.128911
RV0001346,PR000918,D0055,2,4,1,2024-04-12 02:53:17.079353
RV0001347,PR000919,D0018,1,7,1,2024-04-08 11:35:41.052877
RV0001348,PR000920,D0018,1,14,1,2024-04-09 04:03:00.267889
RV0001349,PR000921,D0003,1,2,1,2024-04-04 02:54:17.114030
RV0001350,PR000922,D0031,1,7,1,2024-04-05 04:25:50.991449
RV0001351,PR000924,D0031,1,1,1,2024-04-09 06:06:31.552120
RV0001352,PR000925,D0031,1,4,1,2024-04-02 00:16:16.226835
RV0001353,PR000926,D0018,1,1,0,2024-04-04 22:23:15.373156
RV0001354,PR000926,D0018,2,1,1,2024-04-03 22:36:20.276251
RV0001355,PR000927,D0003,1,4,1,2024-04-02 04:54:34.204149
RV0001356,PR000928,D0018,1,1,0,2024-04-01 09:03:00.246246
RV0001357,PR000928,D0018,2,8,1,2024-04-01 02:41:57.677404
RV0001358,PR000929,D0055,1,4,1,2024-04-06 20:22:35.424789
RV0001359,PR000930,D0031,1,1,1,2024-04-11 06:20:47.944614
RV0001360,PR000931,D0003,1,3,1,2024-04-21 10:30:08.679278
RV0001361,PR000932,D0018,1,3,1,2024-04-25 15:08:26.827172
RV0001362,PR000933,D0003,1,4,0,2024-04-22 14:28:55.172246
RV0001363,PR000933,D0003,2,1,1,2024-04-22 01:35:21.544020
RV0001364,PR000934,D0055,1,2,0,2024-04-19 13:00:10.965078
RV0001365,PR000934,D0055,2,7,1,2024-04-19 11:27:55.725316
RV0001366,PR000935,D0003,1,0,1,2024-04-16 18:29:36.016031
RV0001367,PR000936,D0023,1,11,0,2024-04-22 02:51:14.105080
RV0001368,PR000936,D0023,2,1,0,2024-04-22 07:26:52.724869
RV0001369,PR000936,D0023,3,2,1,2024-04-22 03:36:25.786953
RV0001370,PR000937,D0018,1,0,1,2024-04-22 22:33:03.604862
RV0001371,PR000938,D0031,1,10,1,2024-04-21 22:15:27.397078
RV0001372,PR000940,D0055,1,1,1,2024-04-19 14:03:55.993861
RV0001373,PR000941,D0055,1,15,0,2024-04-16 23:09:07.744085
RV0001374,PR000941,D0055,2,0,0,2024-04-16 12:50:44.057826
RV0001375,PR000941,D0055,3,2,1,2024-04-17 00:18:53.622052
RV0001376,PR000942,D0023,1,3,0,2024-04-14 15:21:48.715716
RV0001377,PR000942,D0023,2,0,1,2024-04-14 19:07:45.446384
RV0001378,PR000943,D0018,1,1,0,2024-04-15 13:56:03.124671
RV0001379,PR000943,D0018,2,0,0,2024-04-15 12:31:24.961381
RV0001380,PR000943,D0018,3,1,1,2024-04-15 13:01:05.195847
RV0001381,PR000944,D0003,1,3,1,2024-04-25 18:17:34.743263
RV0001382,PR000945,D0031,1,7,1,2024-05-03 14:08:37.323356
RV0001383,PR000946,D0055,1,4,1,2024-04-29 08:53:08.095509
RV0001384,PR000947,D0055,1,0,1,2024-04-28 22:34:03.690627
RV0001385,PR000948,D0018,1,0,1,2024-05-06 17:11:21.739524
RV0001386,PR000949,D0055,1,9,0,2024-05-03 11:39:34.505065
RV0001387,PR000949,D0055,2,3,1,2024-05-03 11:58:50.953622
RV0001388,PR000951,D0018,1,1,0,2024-05-06 22:32:27.174811
RV0001389,PR000951,D0018,2,6,1,2024-05-06 22:22:59.992366
RV0001390,PR000952,D0003,1,3,0,2024-04-30 01:43:39.733357
RV0001391,PR000952,D0003,2,8,1,2024-04-30 01:27:10.178102
RV0001392,PR000953,D0055,1,12,1,2024-05-10 14:37:04.099422
RV0001393,PR000955,D0018,1,2,1,2024-05-07 15:07:14.721220
RV0001394,PR000956,D0055,1,6,0,2024-05-01 08:33:03.632927
RV0001395,PR000956,D0055,2,6,1,2024-05-02 02:41:41.004400
RV0001396,PR000957,D0003,1,2,0,2024-04-29 06:10:37.422293
RV0001397,PR000957,D0003,2,8,1,2024-04-29 00:09:49.126480
RV0001398,PR000958,D0055,1,6,0,2024-04-29 09:33:03.699593
RV0001399,PR000958,D0055,2,1,0,2024-04-29 14:55:40.057292
RV0001400,PR000958,D0055,3,5,1,2024-04-29 08:44:57.289340
RV0001401,PR000959,D0023,1,6,1,2024-05-09 01:44:30.013977
RV0001402,PR000961,D0023,1,4,1,2024-04-29 09:33:49.827657
RV0001403,PR000962,D0023,1,6,0,2024-05-08 08:14:06.189901
RV0001404,PR000962,D0023,2,12,0,2024-05-09 02:29:40.850814
RV0001405,PR000962,D0023,3,2,1,2024-05-08 16:51:23.436543
RV0001406,PR000963,D0018,1,1,1,2024-05-02 12:26:08.205055
RV0001407,PR000964,D0055,1,4,0,2024-05-09 00:54:04.103419
RV0001408,PR000964,D0055,2,2,0,2024-05-08 20:01:10.594641
RV0001409,PR000964,D0055,3,0,1,2024-05-08 23:52:06.729123
RV0001410,PR000965,D0031,1,2,0,2024-04-29 06:54:37.777276
RV0001411,PR000965,D0031,2,2,0,2024-04-28 19:52:06.466517
RV0001412,PR000965,D0031,3,2,1,2024-04-28 21:55:13.901910
RV0001413,PR000966,D0018,1,6,0,2024-05-07 21:41:38.865590
RV0001414,PR000966,D0018,2,0,0,2024-05-06 18:41:42.188847
RV0001415,PR000966,D0018,3,2,1,2024-05-06 16:52:28.258648
RV0001416,PR000967,D0055,1,1,1,2024-05-02 02:26:21.360344
RV0001417,PR000968,D0003,1,4,1,2024-04-29 11:07:17.437765
RV0001418,PR000969,D0031,1,17,0,2024-04-30 19:01:01.687287
RV0001419,PR000969,D0031,2,3,1,2024-04-30 19:53:37.894400
RV0001420,PR000970,D0031,1,8,0,2024-05-01 04:44:45.432396
RV0001421,PR000970,D0031,2,13,1,2024-05-01 11:25:22.161927
RV0001422,PR000971,D0023,1,1,0,2024-04-29 03:57:17.741885
RV0001423,PR000971,D0023,2,13,1,2024-04-28 22:32:21.658043
RV0001424,PR000972,D0055,1,5,1,2024-05-02 01:39:52.243277
RV0001425,PR000973,D0048,1,10,0,2023-11-24 21:56:58.367908
RV0001426,PR000973,D0048,2,2,1,2023-11-24 23:06:35.816809
RV0001427,PR000974,D0005,1,1,1,2023-11-30 10:20:47.486673
RV0001428,PR000975,D0038,1,0,0,2023-11-30 21:34:18.006566
RV0001429,PR000975,D0038,2,3,0,2023-11-30 10:45:24.559591
RV0001430,PR000975,D0038,3,2,1,2023-12-01 00:17:37.889616
RV0001431,PR000976,D0014,1,25,0,2023-11-30 07:19:39.707311
RV0001432,PR000976,D0014,2,1,1,2023-11-30 11:00:02.416062
RV0001433,PR000977,D0022,1,0,0,2023-11-28 15:48:44.490598
RV0001434,PR000977,D0022,2,3,0,2023-11-28 11:35:21.275113
RV0001435,PR000977,D0022,3,4,1,2023-11-28 12:21:41.874160
RV0001436,PR000978,D0022,1,3,0,2023-11-29 11:57:07.994656
RV0001437,PR000978,D0022,2,15,1,2023-11-29 10:16:02.623088
RV0001438,PR000979,D0034,1,2,0,2023-11-26 23:17:27.448142
RV0001439,PR000979,D0034,2,4,0,2023-11-26 21:00:08.935554
RV0001440,PR000979,D0034,3,7,1,2023-11-26 20:29:09.896513
RV0001441,PR000980,D0029,1,0,0,2023-11-24 11:19:46.419566
RV0001442,PR000980,D0029,2,3,0,2023-11-24 13:39:47.446032
RV0001443,PR000980,D0029,3,0,1,2023-11-24 12:43:55.911819
RV0001444,PR000981,D0038,1,8,1,2023-11-27 00:45:12.395248
RV0001445,PR000982,D0035,1,3,1,2023-11-22 08:00:48.828558
RV0001446,PR000984,D0032,1,5,1,2023-11-24 17:26:59.620607
RV0001447,PR000985,D0038,1,3,0,2023-11-22 21:56:38.282364
RV0001448,PR000985,D0038,2,6,0,2023-11-23 07:16:45.076132
RV0001449,PR000985,D0038,3,1,1,2023-11-22 21:07:42.188402
RV0001450,PR000986,D0007,1,1,0,2023-11-24 03:54:17.757245
RV0001451,PR000986,D0007,2,2,0,2023-11-23 18:13:29.510543
RV0001452,PR000986,D0007,3,3,1,2023-11-24 05:37:20.194664
RV0001453,PR000987,D0012,1,1,0,2023-11-23 18:38:26.349876
RV0001454,PR000987,D0012,2,7,0,2023-11-23 18:16:05.507949
RV0001455,PR000987,D0012,3,1,1,2023-11-23 09:20:26.474936
RV0001456,PR000988,D0007,1,2,1,2023-11-27 21:19:04.700329
RV0001457,PR000989,D0052,1,0,1,2023-11-22 15:24:18.523207
RV0001458,PR000990,D0029,1,4,0,2023-11-28 20:56:32.096823
RV0001459,PR000990,D0029,2,6,1,2023-11-28 18:26:39.090906
RV0001460,PR000991,D0038,1,5,1,2023-11-24 07:35:25.635933
RV0001461,PR000992,D0002,1,4,0,2023-11-30 14:07:21.990318
RV0001462,PR000992,D0002,2,1,0,2023-11-30 14:52:55.836173
RV0001463,PR000992,D0002,3,0,1,2023-11-30 23:56:55.823885
RV0001464,PR000993,D0038,1,10,0,2023-11-27 15:42:58.980099
RV0001465,PR000993,D0038,2,5,1,2023-11-27 16:22:05.526145
RV0001466,PR000994,D0020,1,5,1,2023-11-30 04:28:36.424677
RV0001467,PR000995,D0052,1,1,0,2023-11-25 17:07:24.397335
RV0001468,PR000995,D0052,2,7,1,2023-11-25 14:31:32.550047
RV0001469,PR000996,D0005,1,8,1,2023-11-30 16:55:28.014293
RV0001470,PR000997,D0022,1,3,1,2023-11-27 17:17:08.079968
RV0001471,PR000998,D0022,1,1,0,2023-12-11 04:35:23.151375
RV0001472,PR000998,D0022,2,5,0,2023-12-10 22:27:57.358254
RV0001473,PR000998,D0022,3,5,1,2023-12-11 01:54:20.214965
RV0001474,PR000999,D0029,1,2,0,2023-12-14 09:57:17.274904
RV0001475,PR000999,D0029,2,3,1,2023-12-14 01:50:00.210880
RV0001476,PR001000,D0029,1,3,1,2023-12-09 06:54:51.650424
RV0001477,PR001001,D0035,1,4,1,2023-12-14 13:25:04.181679
RV0001478,PR001002,D0007,1,3,1,2023-12-14 14:29:01.447159
RV0001479,PR001003,D0020,1,2,0,2023-12-12 21:18:10.603123
RV0001480,PR001003,D0020,2,4,0,2023-12-13 01:15:46.419456
RV0001481,PR001003,D0020,3,3,1,2023-12-12 16:29:32.018104
RV0001482,PR001005,D0034,1,2,0,2023-12-14 20:55:38.900784
RV0001483,PR001005,D0034,2,4,0,2023-12-14 20:26:45.273751
RV0001484,PR001005,D0034,3,4,1,2023-12-14 09:35:56.871196
RV0001485,PR001006,D0038,1,4,1,2023-12-05 15:41:48.302275
RV0001486,PR001007,D0022,1,5,0,2023-12-12 19:57:39.043322
RV0001487,PR001007,D0022,2,0,1,2023-12-13 01:54:39.226296
RV0001488,PR001009,D0038,1,2,1,2023-12-13 03:49:42.635247
RV0001489,PR001010,D0002,1,1,0,2023-12-06 11:45:25.846985
RV0001490,PR001010,D0002,2,3,1,2023-12-06 16:50:53.752671
RV0001491,PR001011,D0048,1,4,1,2023-12-14 17:42:44.800917
RV0001492,PR001013,D0012,1,0,1,2023-12-07 21:45:12.895167
RV0001493,PR001014,D0034,1,5,1,2023-12-05 10:22:18.168782
RV0001494,PR001016,D0005,1,6,1,2023-12-06 22:30:11.012934
RV0001495,PR001017,D0002,1,1,1,2023-12-07 23:48:53.175009
RV0001496,PR001018,D0034,1,1,1,2023-12-13 01:36:53.781439
RV0001497,PR001021,D0020,1,3,1,2023-12-04 01:49:13.973205
RV0001498,PR001022,D0002,1,4,1,2023-12-13 03:01:12.160340
RV0001499,PR001024,D0032,1,1,1,2023-12-27 06:54:36.041954
RV0001500,PR001025,D0014,1,6,0,2023-12-23 17:19:28.735241
RV0001501,PR001025,D0014,2,2,1,2023-12-23 21:12:39.610455
RV0001502,PR001026,D0048,1,7,1,2023-12-21 16:31:28.244793
RV0001503,PR001027,D0007,1,13,1,2023-12-19 02:30:56.664683
RV0001504,PR001028,D0007,1,11,1,2023-12-22 17:08:58.118144
RV0001505,PR001029,D0038,1,2,0,2023-12-26 13:31:02.674861
RV0001506,PR001029,D0038,2,0,0,2023-12-26 13:17:01.319730
RV0001507,PR001029,D0038,3,5,1,2023-12-26 12:57:56.004025
RV0001508,PR001030,D0032,1,2,1,2023-12-26 16:39:57.917464
RV0001509,PR001031,D0035,1,2,1,2023-12-23 07:54:29.281528
RV0001510,PR001033,D0032,1,2,1,2023-12-29 12:30:01.987032
RV0001511,PR001034,D0022,1,7,1,2023-12-30 05:08:47.573975
RV0001512,PR001035,D0048,1,2,0,2023-12-18 22:46:49.133710
RV0001513,PR001035,D0048,2,3,1,2023-12-18 18:18:35.142949
RV0001514,PR001037,D0029,1,0,1,2024-01-11 15:28:50.788219
RV0001515,PR001038,D0038,1,0,0,2024-01-09 07:04:55.918432
RV0001516,PR001038,D0038,2,6,1,2024-01-09 07:28:35.547980
RV0001517,PR001039,D0034,1,5,0,2024-01-05 14:03:39.046828
RV0001518,PR001039,D0034,2,1,1,2024-01-05 14:12:29.113100
RV0001519,PR001040,D0020,1,4,0,2024-01-02 00:04:14.018661
RV0001520,PR001040,D0020,2,1,1,2024-01-01 12:14:40.927005
RV0001521,PR001041,D0052,1,14,1,2024-01-12 20:15:19.689703
RV0001522,PR001042,D0012,1,0,0,2024-01-04 07:32:55.199347
RV0001523,PR001042,D0012,2,0,0,2024-01-04 08:37:08.433315
RV0001524,PR001042,D0012,3,4,1,2024-01-04 13:29:25.628664
RV0001525,PR001043,D0052,1,16,0,2024-01-07 15:01:03.981711
RV0001526,PR001043,D0052,2,0,0,2024-01-07 01:14:57.554165
RV0001527,PR001043,D0052,3,4,1,2024-01-07 02:32:04.915308
RV0001528,PR001044,D0014,1,5,0,2024-01-04 12:25:28.075754
RV0001529,PR001044,D0014,2,8,0,2024-01-04 06:34:20.159018
RV0001530,PR001044,D0014,3,6,1,2024-01-04 11:00:15.957618
RV0001531,PR001045,D0020,1,2,0,2024-01-05 22:16:42.849895
RV0001532,PR001045,D0020,2,2,0,2024-01-06 01:37:36.270897
RV0001533,PR001045,D0020,3,14,1,2024-01-05 22:34:28.635155
RV0001534,PR001046,D0014,1,2,0,2024-01-01 03:08:05.621864
RV0001535,PR001046,D0014,2,6,1,2024-01-01 07:13:04.758181
RV0001536,PR001047,D0038,1,5,0,2024-01-08 20:33:56.535190
RV0001537,PR001047,D0038,2,0,1,2024-01-08 22:52:15.440940
RV0001538,PR001048,D0020,1,7,1,2024-01-25 12:48:46.797095
RV0001539,PR001049,D0048,1,4,1,2024-01-23 20:19:30.891015
RV0001540,PR001051,D0012,1,9,1,2024-01-16 19:21:43.471865
RV0001541,PR001052,D0052,1,2,0,2024-01-21 19:41:27.806519
RV0001542,PR001052,D0052,2,6,1,2024-01-21 17:06:41.057151
RV0001543,PR001053,D0007,1,0,1,2024-01-26 08:06:04.216650
RV0001544,PR001054,D0049,1,5,0,2024-01-17 17:12:05.131171
RV0001545,PR001054,D0049,2,6,1,2024-01-17 18:42:33.496570
RV0001546,PR001055,D0048,1,3,0,2024-01-27 03:15:57.650046
RV0001547,PR001055,D0048,2,1,1,2024-01-27 08:33:21.986357
RV0001548,PR001056,D0058,1,4,0,2024-01-16 12:40:23.622928
RV0001549,PR001056,D0058,2,2,1,2024-01-16 08:58:35.658062
RV0001550,PR001057,D0012,1,1,0,2024-01-22 14:48:25.857076
RV0001551,PR001057,D0012,2,3,1,2024-01-22 14:12:11.059215
RV0001552,PR001058,D0012,1,7,0,2024-01-16 17:31:40.444946
RV0001553,PR001058,D0012,2,3,1,2024-01-16 17:38:54.993140
RV0001554,PR001060,D0035,1,1,0,2024-01-18 06:15:16.087794
RV0001555,PR001060,D0035,2,11,1,2024-01-18 06:32:14.954834
RV0001556,PR001061,D0034,1,3,0,2024-01-26 06:08:28.849737
RV0001557,PR001061,D0034,2,4,1,2024-01-26 07:08:09.544016
RV0001558,PR001062,D0034,1,2,0,2024-01-18 17:24:18.524906
RV0001559,PR001062,D0034,2,14,0,2024-01-19 00:47:50.886942
RV0001560,PR001062,D0034,3,5,1,2024-01-19 07:12:39.557901
RV0001561,PR001063,D0048,1,7,1,2024-01-18 21:06:08.281652
RV0001562,PR001064,D0035,1,9,0,2024-01-15 23:28:10.326945
RV0001563,PR001064,D0035,2,0,1,2024-01-15 23:00:03.230206
RV0001564,PR001065,D0022,1,4,0,2024-01-17 00:32:00.756143
RV0001565,PR001065,D0022,2,3,1,2024-01-16 19:14:15.351061
RV0001566,PR001066,D0035,1,8,1,2024-02-04 18:24:00.019146
RV0001567,PR001067,D0022,1,0,0,2024-02-10 00:37:44.340809
RV0001568,PR001067,D0022,2,14,0,2024-02-09 21:42:55.132478
RV0001569,PR001067,D0022,3,9,1,2024-02-10 01:35:12.701729
RV0001570,PR001068,D0012,1,0,1,2024-01-31 21:21:54.928551
RV0001571,PR001069,D0048,1,6,1,2024-01-30 09:28:31.412297
RV0001572,PR001070,D0029,1,5,1,2024-01-31 14:13:37.126542
RV0001573,PR001071,D0034,1,2,0,2024-01-31 16:39:40.387673
RV0001574,PR001071,D0034,2,6,0,2024-02-01 20:12:38.634885
RV0001575,PR001071,D0034,3,19,1,2024-02-01 10:10:32.778513
RV0001576,PR001072,D0029,1,2,0,2024-01-30 13:49:45.262540
RV0001577,PR001072,D0029,2,11,0,2024-01-31 07:22:44.867180
RV0001578,PR001072,D0029,3,1,1,2024-01-30 00:12:20.414398
RV0001579,PR001074,D0048,1,3,0,2024-02-09 15:46:42.978209
RV0001580,PR001074,D0048,2,8,1,2024-02-09 20:45:11.451556
RV0001581,PR001075,D0052,1,2,1,2024-01-30 03:58:53.496846
RV0001582,PR001076,D0022,1,3,0,2024-02-02 00:49:33.227898
RV0001583,PR001076,D0022,2,3,1,2024-02-01 07:25:44.972908
RV0001584,PR001077,D0049,1,0,1,2024-02-07 00:36:41.463016
RV0001585,PR001078,D0048,1,8,1,2024-02-02 06:24:47.769172
RV0001586,PR001079,D0022,1,1,1,2024-02-07 12:44:10.354553
RV0001587,PR001080,D0002,1,2,1,2024-02-09 04:57:06.865938
RV0001588,PR001081,D0005,1,3,1,2024-02-02 19:09:53.394315
RV0001589,PR001082,D0007,1,4,1,2024-02-02 21:21:17.912231
RV0001590,PR001083,D0048,1,0,1,2024-02-01 08:40:45.527910
RV0001591,PR001084,D0029,1,1,1,2024-02-03 13:41:33.351144
RV0001592,PR001085,D0058,1,4,0,2024-02-02 09:15:26.585658
RV0001593,PR001085,D0058,2,0,1,2024-02-02 09:02:46.487020
RV0001594,PR001086,D0052,1,5,0,2024-01-30 04:59:19.388222
RV0001595,PR001086,D0052,2,2,0,2024-01-29 20:39:41.319304
RV0001596,PR001086,D0052,3,6,1,2024-01-30 06:07:25.786647
RV0001597,PR001087,D0058,1,0,1,2024-01-29 10:13:54.269347
RV0001598,PR001088,D0034,1,4,0,2024-02-03 12:48:29.336453
RV0001599,PR001088,D0034,2,1,1,2024-02-03 12:49:15.601626
RV0001600,PR001089,D0020,1,1,1,2024-02-08 22:57:29.718611
RV0001601,PR001092,D0020,1,4,0,2024-02-23 05:29:46.208814
RV0001602,PR001092,D0020,2,3,0,2024-02-23 11:40:17.698492
RV0001603,PR001092,D0020,3,4,1,2024-02-23 07:01:54.038413
RV0001604,PR001093,D0022,1,8,0,2024-02-22 13:09:39.534427
RV0001605,PR001093,D0022,2,8,1,2024-02-22 21:31:44.081546
RV0001606,PR001095,D0014,1,5,0,2024-02-23 08:10:41.736567
RV0001607,PR001095,D0014,2,1,1,2024-02-24 07:40:30.425691
RV0001608,PR001096,D0038,1,10,1,2024-02-20 00:28:42.610565
RV0001609,PR001097,D0032,1,0,0,2024-02-15 15:25:59.910679
RV0001610,PR001097,D0032,2,6,1,2024-02-15 12:20:24.696913
RV0001611,PR001098,D0014,1,4,1,2024-02-16 11:47:03.588315
RV0001612,PR001099,D0058,1,0,0,2024-02-21 19:32:56.190359
RV0001613,PR001099,D0058,2,5,0,2024-02-21 17:02:04.373763
RV0001614,PR001099,D0058,3,2,1,2024-02-21 12:59:17.043369
RV0001615,PR001100,D0032,1,2,1,2024-02-13 18:09:47.596697
RV0001616,PR001101,D0034,1,6,1,2024-02-15 00:27:27.608519
RV0001617,PR001102,D0048,1,2,0,2024-02-17 16:52:32.473858
RV0001618,PR001102,D0048,2,10,1,2024-02-16 21:20:55.569871
RV0001619,PR001103,D0034,1,7,0,2024-02-19 18:33:42.635305
RV0001620,PR001103,D0034,2,14,1,2024-02-19 19:38:16.618685
RV0001621,PR001104,D0058,1,2,0,2024-02-16 09:52:07.919963
RV0001622,PR001104,D0058,2,5,1,2024-02-16 08:44:32.771038
RV0001623,PR001107,D0052,1,5,1,2024-02-24 03:16:42.009566
RV0001624,PR001108,D0014,1,3,0,2024-02-21 23:47:55.683182
RV0001625,PR001108,D0014,2,2,1,2024-02-22 03:24:37.660569
RV0001626,PR001109,D0034,1,0,0,2024-02-15 09:29:51.849643
RV0001627,PR001109,D0034,2,0,1,2024-02-15 03:13:34.404221
RV0001628,PR001110,D0029,1,2,0,2024-02-22 18:01:04.102412
RV0001629,PR001110,D0029,2,10,1,2024-02-22 18:23:18.507543
RV0001630,PR001111,D0007,1,3,1,2024-02-12 16:46:52.142702
RV0001631,PR001112,D0020,1,1,1,2024-02-18 21:45:26.685960
RV0001632,PR001113,D0049,1,6,1,2024-02-16 10:58:25.258772
RV0001633,PR001114,D0012,1,4,0,2024-02-14 02:40:02.826329
RV0001634,PR001114,D0012,2,0,1,2024-02-14 01:29:47.013073
RV0001635,PR001115,D0014,1,1,0,2024-02-23 14:17:13.406178
RV0001636,PR001115,D0014,2,4,1,2024-02-24 01:00:46.761277
RV0001637,PR001116,D0058,1,6,0,2024-02-23 03:43:09.117287
RV0001638,PR001116,D0058,2,1,1,2024-02-22 23:38:31.660065
RV0001639,PR001117,D0007,1,5,1,2024-02-14 01:50:56.723567
RV0001640,PR001118,D0038,1,10,0,2024-02-15 14:50:02.823788
RV0001641,PR001118,D0038,2,3,0,2024-02-15 20:41:08.594502
RV0001642,PR001118,D0038,3,2,1,2024-02-15 15:26:37.899862
RV0001643,PR001119,D0035,1,5,1,2024-02-13 07:24:06.544203
RV0001644,PR001120,D0002,1,2,0,2024-02-28 15:44:46.709682
RV0001645,PR001120,D0002,2,2,1,2024-02-28 14:59:19.426268
RV0001646,PR001122,D0029,1,15,0,2024-02-29 11:25:13.212709
RV0001647,PR001122,D0029,2,4,1,2024-03-01 00:03:12.525162
RV0001648,PR001123,D0049,1,15,1,2024-03-01 20:57:35.308989
RV0001649,PR001124,D0058,1,4,0,2024-02-29 08:05:00.487964
RV0001650,PR001124,D0058,2,6,0,2024-02-29 12:52:53.060747
RV0001651,PR001124,D0058,3,1,1,2024-02-29 11:56:32.766681
RV0001652,PR001125,D0049,1,1,1,2024-03-04 07:26:30.999538
RV0001653,PR001126,D0052,1,4,1,2024-03-09 05:46:48.222154
RV0001654,PR001127,D0014,1,0,1,2024-02-27 02:53:55.497741
RV0001655,PR001128,D0020,1,2,1,2024-02-26 06:42:56.133971
RV0001656,PR001129,D0029,1,6,1,2024-03-01 02:14:53.055594
RV0001657,PR001130,D0007,1,1,0,2024-02-28 20:38:12.203613
RV0001658,PR001130,D0007,2,3,1,2024-02-28 06:21:19.843344
RV0001659,PR001131,D0032,1,11,1,2024-03-05 09:29:46.021111
RV0001660,PR001132,D0034,1,8,1,2024-03-03 09:40:32.776084
RV0001661,PR001133,D0038,1,7,0,2024-03-03 13:40:51.807322
RV0001662,PR001133,D0038,2,5,0,2024-03-03 14:42:45.051059
RV0001663,PR001133,D0038,3,2,1,2024-03-03 17:38:07.592267
RV0001664,PR001134,D0038,1,3,1,2024-03-01 12:32:53.279217
RV0001665,PR001135,D0052,1,3,0,2024-03-04 18:48:35.995702
RV0001666,PR001135,D0052,2,0,1,2024-03-04 21:53:47.165053
RV0001667,PR001136,D0048,1,1,0,2024-02-28 04:53:17.516244
RV0001668,PR001136,D0048,2,2,1,2024-02-27 22:00:30.109338
RV0001669,PR001138,D0034,1,1,0,2024-03-05 22:25:23.574656
RV0001670,PR001138,D0034,2,1,1,2024-03-05 21:49:33.025234
RV0001671,PR001139,D0038,1,8,1,2024-02-26 05:52:53.584014
RV0001672,PR001140,D0014,1,5,0,2024-03-19 06:55:09.481306
RV0001673,PR001140,D0014,2,5,1,2024-03-19 06:20:09.572029
RV0001674,PR001141,D0020,1,3,1,2024-03-13 20:36:00.335335
RV0001675,PR001142,D0012,1,3,1,2024-03-12 20:54:19.741140
RV0001676,PR001143,D0007,1,0,0,2024-03-20 22:36:41.672115
RV0001677,PR001143,D0007,2,1,1,2024-03-20 22:04:39.539125
RV0001678,PR001144,D0020,1,13,1,2024-03-21 09:04:33.512826
RV0001679,PR001145,D0012,1,2,1,2024-03-22 10:41:47.661774
RV0001680,PR001146,D0005,1,1,1,2024-03-16 05:28:41.194732
RV0001681,PR001147,D0012,1,5,0,2024-03-17 22:02:43.176330
RV0001682,PR001147,D0012,2,8,0,2024-03-17 23:12:51.543846
RV0001683,PR001147,D0012,3,2,1,2024-03-17 23:28:19.954259
RV0001684,PR001148,D0048,1,4,1,2024-03-17 09:04:13.528017
RV0001685,PR001149,D0002,1,6,1,2024-03-18 15:05:08.962504
RV0001686,PR001150,D0022,1,2,0,2024-03-20 22:58:35.290379
RV0001687,PR001150,D0022,2,2,1,2024-03-21 00:51:38.492920
RV0001688,PR001151,D0007,1,7,0,2024-03-20 07:03:31.061403
RV0001689,PR001151,D0007,2,1,1,2024-03-20 03:31:33.571415
RV0001690,PR001152,D0032,1,4,1,2024-03-25 22:18:23.782387
RV0001691,PR001153,D0034,1,7,0,2024-04-01 23:06:46.451004
RV0001692,PR001153,D0034,2,2,1,2024-04-01 20:31:55.021391
RV0001693,PR001154,D0012,1,17,0,2024-03-28 10:55:08.124623
RV0001694,PR001154,D0012,2,10,1,2024-03-28 11:27:59.594561
RV0001695,PR001155,D0038,1,1,1,2024-03-26 14:03:07.003273
RV0001696,PR001156,D0032,1,4,1,2024-04-05 15:13:00.198781
RV0001697,PR001157,D0022,1,9,0,2024-04-03 16:30:53.146152
RV0001698,PR001157,D0022,2,3,1,2024-04-04 00:26:27.393417
RV0001699,PR001158,D0034,1,4,0,2024-04-03 16:53:21.830026
RV0001700,PR001158,D0034,2,6,1,2024-04-03 19:07:03.915888
RV0001701,PR001159,D0012,1,3,1,2024-04-03 16:42:05.243705
RV0001702,PR001160,D0014,1,22,0,2024-03-31 00:20:17.100023
RV0001703,PR001160,D0014,2,6,1,2024-03-31 04:39:44.086746
RV0001704,PR001161,D0052,1,4,0,2024-03-30 02:31:07.426603
RV0001705,PR001161,D0052,2,1,1,2024-03-29 15:45:45.974469
RV0001706,PR001162,D0058,1,0,0,2024-03-25 17:12:25.358513
RV0001707,PR001162,D0058,2,2,0,2024-03-25 15:55:24.231251
RV0001708,PR001162,D0058,3,7,1,2024-03-25 16:20:42.165002
RV0001709,PR001163,D0005,1,1,0,2023-11-26 22:18:48.544483
RV0001710,PR001163,D0005,2,3,0,2023-11-26 17:59:50.699431
RV0001711,PR001163,D0005,3,3,1,2023-11-25 14:21:29.923290
RV0001712,PR001164,D0014,1,2,1,2023-11-23 17:06:37.494343
RV0001713,PR001165,D0034,1,0,0,2023-11-23 19:30:31.187438
RV0001714,PR001165,D0034,2,3,0,2023-11-23 20:54:44.303647
RV0001715,PR001165,D0034,3,1,1,2023-11-23 17:10:39.024438
RV0001716,PR001166,D0007,1,2,1,2023-11-25 17:08:37.189214
RV0001717,PR001167,D0048,1,6,1,2023-11-20 17:38:32.663806
RV0001718,PR001168,D0038,1,6,1,2023-11-18 18:15:37.773185
RV0001719,PR001170,D0052,1,3,1,2023-11-29 18:17:01.857799
RV0001720,PR001171,D0058,1,1,1,2023-11-22 03:53:50.549537
RV0001721,PR001172,D0035,1,5,1,2023-11-28 02:53:29.589491
RV0001722,PR001173,D0012,1,1,1,2023-12-11 05:41:39.626430
RV0001723,PR001174,D0052,1,0,0,2023-12-07 02:54:36.756444
RV0001724,PR001174,D0052,2,8,1,2023-12-06 23:50:39.052691
RV0001725,PR001175,D0038,1,3,0,2023-12-04 03:11:22.102891
RV0001726,PR001175,D0038,2,19,1,2023-12-04 02:50:17.944862
RV0001727,PR001176,D0005,1,8,1,2023-12-12 00:42:09.900326
RV0001728,PR001177,D0058,1,1,1,2023-12-11 16:51:02.688226
RV0001729,PR001178,D0048,1,0,1,2023-12-08 01:35:47.279599
RV0001730,PR001179,D0034,1,6,0,2023-12-07 11:55:38.271531
RV0001731,PR001179,D0034,2,6,1,2023-12-07 11:02:23.577540
RV0001732,PR001180,D0005,1,4,1,2023-12-11 18:30:38.711275
RV0001733,PR001181,D0035,1,3,1,2023-12-09 18:58:39.284096
RV0001734,PR001182,D0002,1,3,1,2023-12-11 20:32:15.742767
RV0001735,PR001183,D0020,1,6,1,2023-12-07 18:09:25.755231
RV0001736,PR001184,D0014,1,3,1,2023-12-07 13:45:40.177178
RV0001737,PR001185,D0020,1,0,1,2023-12-06 06:09:53.163693
RV0001738,PR001186,D0032,1,2,1,2023-12-21 15:34:09.540565
RV0001739,PR001187,D0049,1,0,0,2023-12-23 13:10:22.867543
RV0001740,PR001187,D0049,2,1,1,2023-12-23 17:15:57.007862
RV0001741,PR001188,D0012,1,2,0,2023-12-24 23:25:35.430329
RV0001742,PR001188,D0012,2,1,1,2023-12-25 01:47:27.848929
RV0001743,PR001189,D0038,1,12,0,2023-12-18 17:55:07.202866
RV0001744,PR001189,D0038,2,6,1,2023-12-19 00:57:40.385710
RV0001745,PR001191,D0002,1,1,1,2023-12-26 17:48:18.149882
RV0001746,PR001192,D0014,1,2,0,2023-12-23 23:15:54.940770
RV0001747,PR001192,D0014,2,11,1,2023-12-23 23:53:11.619645
RV0001748,PR001193,D0035,1,0,1,2023-12-23 22:15:13.649007
RV0001749,PR001194,D0022,1,2,1,2023-12-21 01:40:45.799673
RV0001750,PR001195,D0014,1,8,1,2023-12-27 01:28:44.826662
RV0001751,PR001196,D0029,1,9,0,2023-12-25 13:24:56.508696
RV0001752,PR001196,D0029,2,2,0,2023-12-25 21:21:09.016009
RV0001753,PR001196,D0029,3,5,1,2023-12-26 01:21:24.474848
RV0001754,PR001197,D0007,1,2,0,2023-12-25 00:15:02.642429
RV0001755,PR001197,D0007,2,0,1,2023-12-24 20:33:34.389781
RV0001756,PR001198,D0022,1,8,0,2023-12-24 18:33:50.307698
RV0001757,PR001198,D0022,2,7,1,2023-12-24 22:54:39.642591
RV0001758,PR001199,D0005,1,4,1,2023-12-22 03:43:07.326847
RV0001759,PR001200,D0034,1,10,1,2023-12-23 11:42:02.830113
RV0001760,PR001201,D0035,1,4,0,2023-12-24 03:39:20.270548
RV0001761,PR001201,D0035,2,2,1,2023-12-24 02:38:21.294943
RV0001762,PR001202,D0022,1,10,0,2023-12-18 06:38:59.898919
RV0001763,PR001202,D0022,2,3,1,2023-12-18 03:30:10.869422
RV0001764,PR001203,D0012,1,8,1,2023-12-21 16:19:19.673459
RV0001765,PR001204,D0022,1,14,0,2023-12-25 21:30:19.574299
RV0001766,PR001204,D0022,2,3,0,2023-12-25 22:03:49.880045
RV0001767,PR001204,D0022,3,0,1,2023-12-25 21:50:48.382032
RV0001768,PR001205,D0012,1,0,1,2023-12-17 03:11:27.165007
RV0001769,PR001206,D0022,1,9,0,2023-12-21 13:10:21.366366
RV0001770,PR001206,D0022,2,1,0,2023-12-21 17:02:45.421521
RV0001771,PR001206,D0022,3,1,1,2023-12-21 16:42:59.136494
RV0001772,PR001207,D0035,1,2,0,2023-12-26 23:46:17.447255
RV0001773,PR001207,D0035,2,2,1,2023-12-26 15:20:16.722426
RV0001774,PR001208,D0007,1,2,0,2023-12-23 21:54:30.700378
RV0001775,PR001208,D0007,2,2,1,2023-12-23 20:28:05.879340
RV0001776,PR001209,D0032,1,3,0,2023-12-20 05:50:34.376619
RV0001777,PR001209,D0032,2,0,1,2023-12-20 06:50:30.556531
RV0001778,PR001210,D0020,1,5,1,2024-01-06 13:09:10.083639
RV0001779,PR001211,D0049,1,2,1,2024-01-07 00:43:40.244008
RV0001780,PR001212,D0002,1,2,1,2024-01-04 06:24:21.340715
RV0001781,PR001213,D0014,1,2,0,2024-01-08 16:04:40.140447
RV0001782,PR001213,D0014,2,3,0,2024-01-08 12:05:35.284429
RV0001783,PR001213,D0014,3,5,1,2024-01-08 15:57:16.587574
RV0001784,PR001215,D0014,1,1,0,2024-01-07 18:38:34.295451
RV0001785,PR001215,D0014,2,1,1,2024-01-07 13:06:45.019022
RV0001786,PR001216,D0020,1,2,1,2024-01-04 18:49:57.982784
RV0001787,PR001217,D0022,1,1,0,2024-01-10 16:44:19.723945
RV0001788,PR001217,D0022,2,1,1,2024-01-10 15:46:51.246293
RV0001789,PR001218,D0049,1,3,0,2024-01-03 23:14:01.590622
RV0001790,PR001218,D0049,2,3,1,2024-01-03 05:33:53.580106
RV0001791,PR001219,D0058,1,1,0,2024-01-04 23:41:34.857771
RV0001792,PR001219,D0058,2,10,1,2024-01-05 04:18:57.064893
RV0001793,PR001221,D0035,1,5,0,2024-01-01 00:38:29.136088
RV0001794,PR001221,D0035,2,2,1,2023-12-31 14:40:24.938339
RV0001795,PR001222,D0058,1,3,1,2024-01-01 10:59:30.459223
RV0001796,PR001223,D0038,1,2,1,2024-01-10 07:35:09.224621
RV0001797,PR001224,D0014,1,9,0,2024-01-08 05:59:28.076328
RV0001798,PR001224,D0014,2,7,0,2024-01-08 15:40:19.356366
RV0001799,PR001224,D0014,3,3,1,2024-01-08 14:32:59.840685
RV0001800,PR001225,D0029,1,4,1,2024-01-01 03:53:49.408516
RV0001801,PR001226,D0022,1,0,1,2023-12-31 02:34:02.194809
RV0001802,PR001228,D0007,1,2,0,2024-01-06 09:49:25.055083
RV0001803,PR001228,D0007,2,3,0,2024-01-06 01:27:14.244925
RV0001804,PR001228,D0007,3,0,1,2024-01-06 04:46:40.444587
RV0001805,PR001229,D0048,1,1,1,2024-01-06 06:31:36.412661
RV0001806,PR001231,D0035,1,6,0,2024-01-14 17:28:51.245948
RV0001807,PR001231,D0035,2,2,0,2024-01-14 18:13:16.158379
RV0001808,PR001231,D0035,3,0,1,2024-01-14 18:56:19.381292
RV0001809,PR001232,D0002,1,8,1,2024-01-22 21:21:27.773585
RV0001810,PR001233,D0022,1,6,1,2024-01-22 06:28:48.743445
RV0001811,PR001236,D0007,1,6,0,2024-01-22 16:35:58.980207
RV0001812,PR001236,D0007,2,0,0,2024-01-22 16:40:26.603925
RV0001813,PR001236,D0007,3,1,1,2024-01-22 16:45:58.494401
RV0001814,PR001237,D0034,1,5,1,2024-01-24 02:42:53.119723
RV0001815,PR001238,D0048,1,1,0,2024-01-13 13:16:51.550636
RV0001816,PR001238,D0048,2,1,1,2024-01-13 19:01:40.885202
RV0001817,PR001239,D0014,1,2,1,2024-01-24 05:43:58.359984
RV0001818,PR001240,D0052,1,2,1,2024-01-19 07:20:13.225562
RV0001819,PR001242,D0032,1,1,1,2024-01-16 00:11:14.664557
RV0001820,PR001243,D0029,1,14,1,2024-01-21 18:56:40.734701
RV0001821,PR001244,D0005,1,6,0,2024-01-20 11:17:24.982758
RV0001822,PR001244,D0005,2,4,1,2024-01-20 10:25:51.436215
RV0001823,PR001245,D0052,1,0,1,2024-01-15 11:18:04.290426
RV0001824,PR001246,D0022,1,4,1,2024-01-20 00:01:53.314154
RV0001825,PR001247,D0022,1,13,0,2024-01-20 08:48:57.266334
RV0001826,PR001247,D0022,2,7,0,2024-01-20 09:04:01.227200
RV0001827,PR001247,D0022,3,2,1,2024-01-20 09:28:13.815824
RV0001828,PR001248,D0058,1,3,0,2024-01-14 02:13:04.506651
RV0001829,PR001248,D0058,2,4,1,2024-01-14 00:32:12.767057
RV0001830,PR001249,D0002,1,2,1,2024-01-14 14:21:51.462325
RV0001831,PR001250,D0034,1,5,0,2024-01-21 06:36:46.704496
RV0001832,PR001250,D0034,2,4,0,2024-01-21 10:29:34.456278
RV0001833,PR001250,D0034,3,8,1,2024-01-20 23:50:36.709292
RV0001834,PR001251,D0005,1,5,0,2024-01-20 23:52:18.156730
RV0001835,PR001251,D0005,2,5,1,2024-01-21 02:59:37.645824
RV0001836,PR001252,D0038,1,2,1,2024-01-23 23:29:42.517949
RV0001837,PR001253,D0022,1,5,0,2024-01-13 21:10:47.524767
RV0001838,PR001253,D0022,2,16,1,2024-01-13 23:54:42.247672
RV0001839,PR001254,D0038,1,10,1,2024-01-17 19:17:57.192079
RV0001840,PR001256,D0012,1,1,0,2024-01-23 01:12:59.681617
RV0001841,PR001256,D0012,2,1,1,2024-01-23 03:00:35.911347
RV0001842,PR001257,D0035,1,9,1,2024-01-23 17:24:11.492350
RV0001843,PR001258,D0032,1,4,0,2024-01-19 22:54:32.891210
RV0001844,PR001258,D0032,2,2,0,2024-01-19 22:04:08.123515
RV0001845,PR001258,D0032,3,1,1,2024-01-19 22:43:50.210043
RV0001846,PR001261,D0007,1,2,0,2024-01-28 20:07:42.099229
RV0001847,PR001261,D0007,2,5,1,2024-01-28 19:01:23.467559
RV0001848,PR001262,D0052,1,5,0,2024-01-28 13:14:42.088856
RV0001849,PR001262,D0052,2,3,0,2024-01-28 13:44:20.861867
RV0001850,PR001262,D0052,3,4,1,2024-01-28 13:50:53.586097
RV0001851,PR001263,D0012,1,1,1,2024-02-02 05:13:12.373667
RV0001852,PR001264,D0005,1,1,0,2024-01-28 01:33:31.409807
RV0001853,PR001264,D0005,2,13,1,2024-01-28 14:04:04.402772
RV0001854,PR001265,D0005,1,1,1,2024-01-27 10:49:54.820595
RV0001855,PR001267,D0029,1,6,0,2024-02-01 05:40:08.243773
RV0001856,PR001267,D0029,2,2,0,2024-02-01 06:04:20.493758
RV0001857,PR001267,D0029,3,5,1,2024-02-01 06:17:44.387606
RV0001858,PR001269,D0012,1,5,1,2024-01-28 00:37:31.495202
RV0001859,PR001270,D0058,1,2,1,2024-02-03 02:17:34.155185
RV0001860,PR001271,D0048,1,4,0,2024-02-06 19:19:29.441679
RV0001861,PR001271,D0048,2,3,1,2024-02-06 18:50:03.343522
RV0001862,PR001272,D0048,1,0,0,2024-01-31 18:38:59.613076
RV0001863,PR001272,D0048,2,13,1,2024-01-31 17:11:59.252088
RV0001864,PR001274,D0012,1,0,0,2024-02-02 06:58:49.440607
RV0001865,PR001274,D0012,2,4,1,2024-02-02 15:23:29.300652
RV0001866,PR001275,D0007,1,3,0,2024-01-31 20:50:35.438732
RV0001867,PR001275,D0007,2,13,1,2024-01-31 20:19:04.595369
RV0001868,PR001276,D0022,1,2,1,2024-01-31 09:42:18.861698
RV0001869,PR001277,D0020,1,8,0,2024-02-03 05:08:56.381620
RV0001870,PR001277,D0020,2,0,1,2024-02-02 23:33:56.584474
RV0001871,PR001278,D0034,1,8,1,2024-02-04 17:41:57.562633
RV0001872,PR001279,D0002,1,0,0,2024-01-29 07:13:44.787585
RV0001873,PR001279,D0002,2,1,1,2024-01-29 00:27:25.851402
RV0001874,PR001280,D0002,1,4,0,2024-02-01 05:03:43.795476
RV0001875,PR001280,D0002,2,0,1,2024-02-01 00:57:22.560559
RV0001876,PR001281,D0029,1,0,1,2024-02-02 04:46:18.820587
RV0001877,PR001282,D0032,1,10,1,2024-01-27 12:27:07.494696
RV0001878,PR001283,D0014,1,0,1,2024-02-05 23:31:50.520755
RV0001879,PR001284,D0007,1,5,1,2024-02-07 02:41:50.434613
RV0001880,PR001285,D0002,1,2,1,2024-02-06 13:34:44.712102
RV0001881,PR001286,D0005,1,1,1,2024-02-06 13:33:12.164293
RV0001882,PR001287,D0007,1,1,1,2024-02-14 09:51:07.312009
RV0001883,PR001288,D0032,1,12,0,2024-02-22 09:34:29.965330
RV0001884,PR001288,D0032,2,1,1,2024-02-21 22:56:17.482120
RV0001885,PR001289,D0020,1,0,0,2024-02-12 09:46:08.134736
RV0001886,PR001289,D0020,2,3,1,2024-02-12 09:35:23.241968
RV0001887,PR001290,D0029,1,2,0,2024-02-21 20:11:20.294728
RV0001888,PR001290,D0029,2,1,0,2024-02-21 11:05:29.084198
RV0001889,PR001290,D0029,3,1,1,2024-02-21 14:52:57.202016
RV0001890,PR001291,D0032,1,4,0,2024-02-11 17:09:40.300242
RV0001891,PR001291,D0032,2,4,1,2024-02-11 14:38:54.195170
RV0001892,PR001292,D0002,1,1,1,2024-02-20 23:41:27.183774
RV0001893,PR001293,D0002,1,3,0,2024-02-11 16:32:02.355009
RV0001894,PR001293,D0002,2,3,1,2024-02-11 18:10:52.278201
RV0001895,PR001294,D0022,1,10,1,2024-02-17 13:10:51.138424
RV0001896,PR001295,D0022,1,8,0,2024-02-11 23:46:59.110907
RV0001897,PR001295,D0022,2,14,0,2024-02-12 01:13:41.195022
RV0001898,PR001295,D0022,3,1,1,2024-02-11 23:07:25.210897
RV0001899,PR001296,D0038,1,6,0,2024-02-18 05:14:37.410320
RV0001900,PR001296,D0038,2,5,1,2024-02-17 18:17:37.830522
RV0001901,PR001298,D0029,1,5,0,2024-02-20 22:04:12.741294
RV0001902,PR001298,D0029,2,8,1,2024-02-20 18:37:58.084689
RV0001903,PR001299,D0052,1,11,0,2024-02-11 05:34:02.598536
RV0001904,PR001299,D0052,2,2,1,2024-02-10 13:14:15.948699
RV0001905,PR001300,D0022,1,7,0,2024-02-20 05:30:28.479614
RV0001906,PR001300,D0022,2,3,1,2024-02-20 09:01:24.591580
RV0001907,PR001301,D0032,1,10,0,2024-02-14 11:45:42.903159
RV0001908,PR001301,D0032,2,1,1,2024-02-14 11:09:18.755876
RV0001909,PR001302,D0002,1,4,0,2024-02-18 23:51:44.780990
RV0001910,PR001302,D0002,2,2,0,2024-02-18 20:18:10.801879
RV0001911,PR001302,D0002,3,5,1,2024-02-18 21:37:56.094673
RV0001912,PR001303,D0034,1,2,1,2024-02-11 03:07:29.081715
RV0001913,PR001304,D0052,1,6,1,2024-02-28 21:11:50.247881
RV0001914,PR001306,D0032,1,0,0,2024-02-25 00:48:47.653243
RV0001915,PR001306,D0032,2,4,1,2024-02-25 02:39:30.890477
RV0001916,PR001307,D0020,1,3,0,2024-02-28 17:35:06.377547
RV0001917,PR001307,D0020,2,4,1,2024-02-29 05:44:28.942238
RV0001918,PR001308,D0007,1,5,1,2024-02-28 02:52:28.397099
RV0001919,PR001309,D0022,1,4,0,2024-03-05 09:48:47.195127
RV0001920,PR001309,D0022,2,2,0,2024-03-05 10:16:26.207852
RV0001921,PR001309,D0022,3,5,1,2024-03-04 18:19:10.243991
RV0001922,PR001310,D0029,1,3,1,2024-02-28 01:22:33.324340
RV0001923,PR001312,D0020,1,4,1,2024-02-25 08:47:05.811040
RV0001924,PR001313,D0052,1,15,0,2024-02-27 07:00:47.674844
RV0001925,PR001313,D0052,2,11,0,2024-02-27 11:10:31.223645
RV0001926,PR001313,D0052,3,5,1,2024-02-27 09:58:15.795627
RV0001927,PR001314,D0038,1,4,1,2024-02-24 14:16:28.473386
RV0001928,PR001315,D0005,1,0,1,2024-03-05 00:53:15.764910
RV0001929,PR001317,D0022,1,2,0,2024-03-01 16:27:04.977666
RV0001930,PR001317,D0022,2,4,1,2024-03-01 21:36:28.203692
RV0001931,PR001318,D0048,1,3,0,2024-03-04 07:43:10.899048
RV0001932,PR001318,D0048,2,8,1,2024-03-04 08:47:56.852108
RV0001933,PR001321,D0020,1,3,1,2024-03-11 11:58:00.513418
RV0001934,PR001322,D0049,1,4,0,2024-03-17 06:59:14.213500
RV0001935,PR001322,D0049,2,4,1,2024-03-17 04:12:54.460375
RV0001936,PR001323,D0058,1,2,0,2024-03-12 03:01:58.895403
RV0001937,PR001323,D0058,2,6,0,2024-03-12 14:13:25.868106
RV0001938,PR001323,D0058,3,0,1,2024-03-12 03:54:34.260097
RV0001939,PR001324,D0048,1,2,1,2024-03-20 11:35:54.203425
RV0001940,PR001326,D0032,1,2,0,2024-03-20 06:18:09.503711
RV0001941,PR001326,D0032,2,4,0,2024-03-20 01:54:34.609817
RV0001942,PR001326,D0032,3,1,1,2024-03-20 12:53:35.587487
RV0001943,PR001327,D0020,1,3,1,2024-03-15 12:25:15.915267
RV0001944,PR001328,D0029,1,8,1,2024-03-14 10:54:01.627151
RV0001945,PR001329,D0020,1,3,0,2024-03-20 02:39:00.378787
RV0001946,PR001329,D0020,2,3,1,2024-03-20 09:25:47.117481
RV0001947,PR001330,D0029,1,4,1,2024-03-12 14:02:28.425395
RV0001948,PR001331,D0035,1,3,1,2024-03-18 19:25:34.686433
RV0001949,PR001332,D0032,1,4,1,2024-03-15 17:18:41.584926
RV0001950,PR001333,D0029,1,0,0,2024-03-17 05:59:39.126703
RV0001951,PR001333,D0029,2,2,0,2024-03-17 05:14:30.239198
RV0001952,PR001333,D0029,3,1,1,2024-03-17 05:32:33.967045
RV0001953,PR001334,D0032,1,4,0,2024-03-19 19:57:23.229256
RV0001954,PR001334,D0032,2,3,0,2024-03-19 16:02:14.292067
RV0001955,PR001334,D0032,3,7,1,2024-03-19 15:30:56.204747
RV0001956,PR001335,D0052,1,0,1,2024-03-28 23:52:12.679848
RV0001957,PR001336,D0002,1,5,1,2024-03-30 11:49:50.635221
RV0001958,PR001337,D0002,1,6,0,2024-04-02 10:21:16.366251
RV0001959,PR001337,D0002,2,2,1,2024-04-02 10:30:45.273898
RV0001960,PR001338,D0002,1,2,1,2024-03-29 21:46:09.235164
RV0001961,PR001339,D0007,1,3,0,2024-04-01 04:31:30.965700
RV0001962,PR001339,D0007,2,7,0,2024-04-01 02:41:58.889746
RV0001963,PR001339,D0007,3,2,1,2024-04-01 13:01:26.399256
RV0001964,PR001341,D0007,1,0,1,2024-04-03 05:55:36.754865
RV0001965,PR001342,D0007,1,1,1,2024-03-29 15:12:13.497791
RV0001966,PR001343,D0012,1,8,1,2024-04-04 10:36:13.712545
RV0001967,PR001344,D0014,1,0,1,2024-04-01 06:28:17.427306
RV0001968,PR001345,D0002,1,1,1,2024-03-24 04:35:39.806596
RV0001969,PR001346,D0029,1,7,1,2024-04-02 03:36:44.074012
RV0001970,PR001347,D0048,1,0,0,2024-04-01 11:31:48.671183
RV0001971,PR001347,D0048,2,4,1,2024-04-01 05:58:18.838713
RV0001972,PR001348,D0049,1,3,1,2024-04-03 20:44:57.522229
RV0001973,PR001349,D0011,1,1,1,2023-12-30 09:10:32.003043
RV0001974,PR001350,D0051,1,5,1,2024-01-08 11:24:41.551050
RV0001975,PR001351,D0016,1,5,0,2024-01-01 16:54:59.293116
RV0001976,PR001351,D0016,2,7,1,2024-01-01 18:07:39.249764
RV0001977,PR001352,D0039,1,10,1,2024-01-08 02:14:30.055487
RV0001978,PR001353,D0011,1,1,1,2024-01-07 01:55:45.316854
RV0001979,PR001354,D0011,1,1,1,2023-12-31 03:49:20.963924
RV0001980,PR001355,D0028,1,1,1,2024-01-07 03:11:49.953984
RV0001981,PR001356,D0051,1,2,1,2023-12-31 02:57:42.707652
RV0001982,PR001357,D0039,1,1,1,2024-01-08 09:19:33.335787
RV0001983,PR001358,D0016,1,3,1,2023-12-28 20:06:49.190766
RV0001984,PR001360,D0028,1,2,1,2024-01-05 16:23:37.740029
RV0001985,PR001361,D0039,1,11,1,2023-12-31 12:20:53.516467
RV0001986,PR001362,D0051,1,4,0,2023-12-31 08:59:13.422133
RV0001987,PR001362,D0051,2,2,0,2023-12-31 09:03:57.993855
RV0001988,PR001362,D0051,3,10,1,2023-12-31 09:04:23.214284
RV0001989,PR001363,D0016,1,3,1,2024-01-06 06:39:58.043566
RV0001990,PR001364,D0039,1,6,0,2023-12-30 19:09:12.132829
RV0001991,PR001364,D0039,2,4,1,2023-12-30 18:37:03.969515
RV0001992,PR001365,D0011,1,1,1,2024-01-09 21:54:47.412959
RV0001993,PR001366,D0051,1,4,1,2024-01-05 05:34:43.122723
RV0001994,PR001367,D0016,1,2,1,2024-01-11 17:25:23.169781
RV0001995,PR001368,D0016,1,0,1,2024-01-23 08:50:23.805617
RV0001996,PR001369,D0016,1,4,1,2024-01-20 00:58:19.718048
RV0001997,PR001370,D0039,1,5,1,2024-01-18 05:14:24.125271
RV0001998,PR001371,D0011,1,4,1,2024-01-14 10:01:27.769683
RV0001999,PR001372,D0039,1,0,0,2024-01-21 21:02:03.322616
RV0002000,PR001372,D0039,2,0,1,2024-01-21 20:54:50.134942
RV0002001,PR001373,D0016,1,7,0,2024-01-20 15:44:02.385515
RV0002002,PR001373,D0016,2,2,0,2024-01-20 20:07:41.047133
RV0002003,PR001373,D0016,3,0,1,2024-01-20 17:25:27.440814
RV0002004,PR001374,D0016,1,1,1,2024-01-19 20:04:19.797887
RV0002005,PR001376,D0028,1,7,0,2024-01-18 04:57:14.343381
RV0002006,PR001376,D0028,2,3,1,2024-01-17 23:38:02.930888
RV0002007,PR001377,D0011,1,5,1,2024-01-16 10:18:03.323860
RV0002008,PR001378,D0051,1,5,1,2024-01-21 19:56:20.935972
RV0002009,PR001379,D0016,1,21,0,2024-01-11 22:12:15.278024
RV0002010,PR001379,D0016,2,9,1,2024-01-12 13:14:47.902949
RV0002011,PR001380,D0028,1,2,1,2024-01-15 18:38:38.357915
RV0002012,PR001381,D0011,1,9,0,2024-01-29 09:43:01.822430
RV0002013,PR001381,D0011,2,0,0,2024-01-29 10:14:13.866648
RV0002014,PR001381,D0011,3,4,1,2024-01-29 14:14:22.209627
RV0002015,PR001384,D0028,1,5,0,2024-01-27 19:05:12.003160
RV0002016,PR001384,D0028,2,2,1,2024-01-27 17:52:25.637540
RV0002017,PR001385,D0016,1,0,0,2024-01-29 15:22:59.070003
RV0002018,PR001385,D0016,2,5,1,2024-01-29 06:07:57.151406
RV0002019,PR001386,D0016,1,4,1,2024-01-26 23:20:14.007799
RV0002020,PR001387,D0039,1,1,1,2024-02-01 01:14:26.993928
RV0002021,PR001389,D0028,1,2,0,2024-01-25 20:12:57.738821
RV0002022,PR001389,D0028,2,11,1,2024-01-26 03:26:10.930871
RV0002023,PR001390,D0051,1,6,0,2024-01-29 05:57:18.053983
RV0002024,PR001390,D0051,2,6,1,2024-01-29 19:03:55.968834
RV0002025,PR001391,D0039,1,1,1,2024-01-31 10:34:31.882360
RV0002026,PR001392,D0016,1,4,1,2024-02-01 09:08:07.364411
RV0002027,PR001393,D0016,1,5,1,2024-01-27 04:38:25.020387
RV0002028,PR001394,D0051,1,8,1,2024-01-30 10:49:39.259649
RV0002029,PR001395,D0028,1,10,0,2024-01-27 14:37:29.671168
RV0002030,PR001395,D0028,2,0,0,2024-01-28 06:06:07.900730
RV0002031,PR001395,D0028,3,0,1,2024-01-27 10:33:14.238610
RV0002032,PR001396,D0011,1,6,0,2024-02-06 10:24:01.781075
RV0002033,PR001396,D0011,2,13,1,2024-02-05 20:54:32.876513
RV0002034,PR001397,D0028,1,0,1,2024-02-01 06:51:47.181370
RV0002035,PR001399,D0011,1,1,0,2024-02-01 21:46:16.403651
RV0002036,PR001399,D0011,2,1,0,2024-02-01 16:21:00.552607
RV0002037,PR001399,D0011,3,7,1,2024-02-01 17:54:07.270315
RV0002038,PR001400,D0028,1,8,1,2024-01-29 07:21:04.770229
RV0002039,PR001402,D0039,1,3,1,2024-01-31 19:13:34.015247
RV0002040,PR001403,D0016,1,4,1,2024-02-04 02:09:05.917166
RV0002041,PR001404,D0011,1,0,1,2024-02-04 18:16:29.047582
RV0002042,PR001405,D0039,1,3,0,2024-02-04 13:17:18.001667
RV0002043,PR001405,D0039,2,2,1,2024-02-04 13:25:17.095338
RV0002044,PR001406,D0011,1,2,0,2024-02-02 23:30:51.034493
RV0002045,PR001406,D0011,2,6,1,2024-02-03 12:28:56.375026
RV0002046,PR001407,D0028,1,0,1,2024-01-31 15:32:17.949629
RV0002047,PR001409,D0028,1,1,1,2024-02-12 08:59:13.149385
RV0002048,PR001410,D0051,1,4,0,2024-02-18 23:31:23.564313
RV0002049,PR001410,D0051,2,0,0,2024-02-20 00:45:12.110226
RV0002050,PR001410,D0051,3,9,1,2024-02-19 15:35:34.992933
RV0002051,PR001411,D0051,1,3,0,2024-02-11 11:44:01.312410
RV0002052,PR001411,D0051,2,1,1,2024-02-11 11:55:41.427849
RV0002053,PR001412,D0028,1,5,1,2024-02-15 10:10:09.847907
RV0002054,PR001413,D0028,1,7,0,2024-02-11 07:20:49.924068
RV0002055,PR001413,D0028,2,3,0,2024-02-11 01:03:46.857966
RV0002056,PR001413,D0028,3,4,1,2024-02-10 19:11:49.036929
RV0002057,PR001414,D0028,1,2,1,2024-02-12 20:31:00.254033
RV0002058,PR001417,D0028,1,2,0,2024-02-16 16:11:06.404174
RV0002059,PR001417,D0028,2,3,1,2024-02-16 15:19:28.135138
RV0002060,PR001419,D0051,1,7,0,2024-02-19 21:54:07.051466
RV0002061,PR001419,D0051,2,1,1,2024-02-19 11:44:00.684934
RV0002062,PR001420,D0051,1,0,1,2024-02-12 05:05:19.749056
RV0002063,PR001422,D0051,1,1,0,2024-02-09 01:28:34.419210
RV0002064,PR001422,D0051,2,3,1,2024-02-09 00:03:34.531478
RV0002065,PR001423,D0039,1,1,1,2024-02-19 08:00:39.583055
RV0002066,PR001424,D0016,1,3,0,2024-02-12 21:02:27.429653
RV0002067,PR001424,D0016,2,0,0,2024-02-13 07:00:53.253465
RV0002068,PR001424,D0016,3,3,1,2024-02-12 22:02:27.317341
RV0002069,PR001425,D0051,1,6,1,2024-02-16 21:51:53.154535
RV0002070,PR001426,D0016,1,3,1,2024-02-14 02:34:06.474826
RV0002071,PR001427,D0028,1,13,0,2024-02-15 07:40:11.897401
RV0002072,PR001427,D0028,2,2,0,2024-02-15 04:17:29.760945
RV0002073,PR001427,D0028,3,7,1,2024-02-15 11:45:27.723077
RV0002074,PR001428,D0011,1,1,0,2024-02-16 10:00:19.535592
RV0002075,PR001428,D0011,2,0,1,2024-02-16 17:34:22.512752
RV0002076,PR001429,D0028,1,1,0,2024-02-15 04:33:11.201432
RV0002077,PR001429,D0028,2,2,1,2024-02-15 19:48:01.515456
RV0002078,PR001430,D0011,1,0,1,2024-02-16 11:08:50.119876
RV0002079,PR001431,D0016,1,8,1,2024-02-16 21:33:33.199713
RV0002080,PR001432,D0039,1,3,1,2024-02-13 07:21:27.702320
RV0002081,PR001433,D0039,1,2,1,2024-02-10 10:46:54.530261
RV0002082,PR001434,D0016,1,3,1,2024-02-18 20:52:50.082894
RV0002083,PR001436,D0016,1,3,1,2024-02-15 16:21:39.569457
RV0002084,PR001437,D0039,1,2,1,2024-02-27 09:49:38.311315
RV0002085,PR001439,D0016,1,2,0,2024-03-01 14:02:06.650732
RV0002086,PR001439,D0016,2,0,1,2024-03-01 09:53:13.516136
RV0002087,PR001440,D0016,1,3,1,2024-03-05 08:41:23.367748
RV0002088,PR001441,D0011,1,5,1,2024-02-23 12:39:02.108902
RV0002089,PR001442,D0039,1,5,1,2024-02-25 09:48:43.606005
RV0002090,PR001443,D0051,1,10,1,2024-02-28 21:47:20.136535
RV0002091,PR001444,D0011,1,2,1,2024-03-03 22:01:29.625090
RV0002092,PR001445,D0016,1,19,1,2024-02-28 21:49:23.676274
RV0002093,PR001446,D0011,1,4,0,2024-02-27 02:50:08.492143
RV0002094,PR001446,D0011,2,0,1,2024-02-27 23:05:08.591852
RV0002095,PR001447,D0028,1,6,1,2024-03-01 17:06:01.264739
RV0002096,PR001448,D0039,1,5,1,2024-02-29 18:29:10.442313
RV0002097,PR001449,D0051,1,1,1,2024-03-17 16:09:10.774616
RV0002098,PR001450,D0051,1,1,0,2024-03-15 02:39:25.643857
RV0002099,PR001450,D0051,2,1,0,2024-03-15 00:17:58.854992
RV0002100,PR001450,D0051,3,0,1,2024-03-15 02:27:52.344298
RV0002101,PR001451,D0051,1,6,0,2024-03-17 08:34:10.670230
RV0002102,PR001451,D0051,2,6,1,2024-03-17 12:21:04.715692
RV0002103,PR001452,D0028,1,4,0,2024-03-07 11:36:49.032466
RV0002104,PR001452,D0028,2,2,0,2024-03-07 18:16:36.956449
RV0002105,PR001452,D0028,3,4,1,2024-03-07 14:41:20.653217
RV0002106,PR001453,D0011,1,2,0,2024-03-11 17:17:32.224240
RV0002107,PR001453,D0011,2,1,1,2024-03-13 17:17:19.828273
RV0002108,PR001454,D0039,1,0,0,2024-03-18 07:53:31.135794
RV0002109,PR001454,D0039,2,3,1,2024-03-18 06:14:28.187241
RV0002110,PR001455,D0011,1,8,1,2024-03-16 05:54:27.550468
RV0002111,PR001456,D0039,1,1,0,2024-03-14 01:14:45.394995
RV0002112,PR001456,D0039,2,5,1,2024-03-14 01:17:18.025963
RV0002113,PR001457,D0011,1,2,0,2024-03-11 02:26:12.342471
RV0002114,PR001457,D0011,2,2,1,2024-03-11 01:50:46.241497
RV0002115,PR001458,D0011,1,5,1,2024-03-14 06:42:18.174563
RV0002116,PR001459,D0051,1,4,0,2024-03-18 19:14:08.494746
RV0002117,PR001459,D0051,2,4,0,2024-03-18 12:56:48.685403
RV0002118,PR001459,D0051,3,1,1,2024-03-18 12:30:51.227832
RV0002119,PR001460,D0016,1,0,0,2024-03-18 18:43:47.129991
RV0002120,PR001460,D0016,2,4,0,2024-03-19 05:51:23.880681
RV0002121,PR001460,D0016,3,5,1,2024-03-18 21:36:17.764712
RV0002122,PR001461,D0028,1,6,0,2024-03-12 10:15:23.037224
RV0002123,PR001461,D0028,2,7,0,2024-03-12 15:31:02.180241
RV0002124,PR001461,D0028,3,5,1,2024-03-12 09:51:37.614720
RV0002125,PR001462,D0039,1,4,0,2024-03-25 15:18:17.848762
RV0002126,PR001462,D0039,2,8,1,2024-03-25 10:41:21.871744
RV0002127,PR001464,D0051,1,3,1,2024-03-30 00:26:23.922821
RV0002128,PR001465,D0051,1,6,1,2024-03-30 03:19:42.076042
RV0002129,PR001466,D0011,1,0,1,2024-04-02 05:55:51.677117
RV0002130,PR001467,D0016,1,8,0,2024-03-28 20:20:00.181404
RV0002131,PR001467,D0016,2,5,1,2024-03-28 22:01:35.618519
RV0002132,PR001468,D0039,1,1,0,2024-03-26 17:42:16.417806
RV0002133,PR001468,D0039,2,5,0,2024-03-26 11:57:27.932271
RV0002134,PR001468,D0039,3,10,1,2024-03-26 20:53:24.459290
RV0002135,PR001469,D0028,1,2,0,2024-03-21 05:06:21.094701
RV0002136,PR001469,D0028,2,1,1,2024-03-21 09:49:56.673481
RV0002137,PR001470,D0039,1,0,1,2024-03-28 23:58:14.509223
RV0002138,PR001471,D0039,1,2,1,2024-03-22 17:55:06.767592
RV0002139,PR001472,D0011,1,2,0,2024-03-22 23:49:53.896870
RV0002140,PR001472,D0011,2,2,0,2024-03-23 01:59:10.158058
RV0002141,PR001472,D0011,3,4,1,2024-03-23 03:08:10.678694
RV0002142,PR001474,D0011,1,6,1,2024-04-11 20:07:27.656082
RV0002143,PR001475,D0039,1,2,0,2024-04-11 15:35:17.156827
RV0002144,PR001475,D0039,2,4,0,2024-04-11 17:38:13.313177
RV0002145,PR001475,D0039,3,17,1,2024-04-11 19:09:00.323391
RV0002146,PR001476,D0051,1,0,1,2024-04-12 02:04:33.719378
RV0002147,PR001477,D0028,1,10,1,2024-04-06 19:43:55.438591
RV0002148,PR001478,D0051,1,10,0,2024-04-13 09:29:08.534016
RV0002149,PR001478,D0051,2,6,1,2024-04-13 07:20:47.939448
RV0002150,PR001479,D0016,1,1,1,2024-04-07 17:48:12.380131
RV0002151,PR001480,D0016,1,10,1,2024-04-08 10:58:07.894263
RV0002152,PR001481,D0051,1,4,1,2024-04-12 21:07:34.438614
RV0002153,PR001482,D0016,1,7,0,2024-04-07 22:10:53.091970
RV0002154,PR001482,D0016,2,9,0,2024-04-07 18:10:07.553561
RV0002155,PR001482,D0016,3,4,1,2024-04-07 06:55:04.206856
RV0002156,PR001483,D0051,1,8,0,2024-04-08 16:51:45.036369
RV0002157,PR001483,D0051,2,1,1,2024-04-09 07:52:21.097831
RV0002158,PR001484,D0039,1,2,1,2024-04-08 05:06:47.427824
RV0002159,PR001485,D0051,1,4,1,2024-04-14 19:10:06.897010
RV0002160,PR001486,D0039,1,3,0,2024-04-08 20:06:23.189907
RV0002161,PR001486,D0039,2,1,0,2024-04-08 19:06:28.240431
RV0002162,PR001486,D0039,3,1,1,2024-04-08 17:37:16.242480
RV0002163,PR001487,D0028,1,3,1,2024-04-16 07:38:15.412654
RV0002164,PR001488,D0051,1,4,1,2024-04-05 21:49:37.102585
RV0002165,PR001490,D0051,1,5,1,2024-04-13 04:04:30.411664
RV0002166,PR001491,D0011,1,4,0,2024-04-14 18:38:52.132842
RV0002167,PR001491,D0011,2,6,1,2024-04-14 15:39:57.320236
RV0002168,PR001492,D0039,1,9,1,2024-04-14 13:36:05.861202
RV0002169,PR001493,D0051,1,8,0,2024-04-09 07:11:23.347623
RV0002170,PR001493,D0051,2,2,1,2024-04-09 02:10:23.084520
RV0002171,PR001494,D0016,1,5,0,2024-04-07 05:21:41.771720
RV0002172,PR001494,D0016,2,2,1,2024-04-07 09:51:36.009589
RV0002173,PR001495,D0051,1,1,1,2024-04-12 21:29:51.537074
RV0002174,PR001496,D0039,1,3,0,2024-04-13 19:08:50.824925
RV0002175,PR001496,D0039,2,2,0,2024-04-14 11:08:31.811368
RV0002176,PR001496,D0039,3,17,1,2024-04-14 12:34:47.974536
RV0002177,PR001497,D0011,1,9,1,2024-04-28 09:35:42.309125
RV0002178,PR001498,D0051,1,10,1,2024-04-25 09:46:30.661619
RV0002179,PR001499,D0028,1,3,1,2024-04-27 02:19:27.679228
RV0002180,PR001500,D0016,1,2,0,2024-04-18 14:42:49.638673
RV0002181,PR001500,D0016,2,4,0,2024-04-18 15:15:06.417969
RV0002182,PR001500,D0016,3,8,1,2024-04-18 15:05:14.794237
RV0002183,PR001501,D0051,1,5,0,2024-04-26 22:19:41.967560
RV0002184,PR001501,D0051,2,1,1,2024-04-26 14:32:57.114100
RV0002185,PR001502,D0011,1,2,1,2024-04-26 21:51:00.780519
RV0002186,PR001503,D0051,1,2,1,2024-04-21 07:11:14.458913
RV0002187,PR001504,D0016,1,7,0,2024-04-23 20:37:05.807009
RV0002188,PR001504,D0016,2,2,1,2024-04-23 15:39:14.625936
RV0002189,PR001505,D0051,1,2,1,2024-04-25 06:56:46.887698
RV0002190,PR001506,D0016,1,5,0,2024-04-22 12:33:08.334953
RV0002191,PR001506,D0016,2,0,1,2024-04-22 15:25:23.884747
RV0002192,PR001508,D0051,1,5,1,2024-04-20 22:57:15.586394
RV0002193,PR001509,D0028,1,2,1,2024-04-30 01:58:33.692771
RV0002194,PR001510,D0016,1,3,1,2024-04-21 12:28:50.832800
RV0002195,PR001511,D0016,1,8,1,2024-04-20 15:20:10.758805
RV0002196,PR001512,D0028,1,1,0,2024-04-18 14:18:24.246643
RV0002197,PR001512,D0028,2,5,0,2024-04-18 13:04:11.554591
RV0002198,PR001512,D0028,3,1,1,2024-04-18 09:08:34.155376
RV0002199,PR001513,D0028,1,1,0,2024-04-20 16:15:05.409463
RV0002200,PR001513,D0028,2,3,1,2024-04-20 10:20:48.566834
RV0002201,PR001514,D0051,1,1,1,2024-04-23 04:27:33.129687
RV0002202,PR001515,D0016,1,2,0,2024-04-21 14:03:31.983789
RV0002203,PR001515,D0016,2,10,1,2024-04-21 14:09:37.729739
RV0002204,PR001516,D0051,1,1,0,2024-04-19 01:59:36.040160
RV0002205,PR001516,D0051,2,2,1,2024-04-19 09:01:49.510323
RV0002206,PR001517,D0011,1,2,1,2024-04-19 17:51:33.799305
RV0002207,PR001518,D0039,1,4,0,2024-04-29 08:28:21.175313
RV0002208,PR001518,D0039,2,15,1,2024-04-29 08:00:00.215154
RV0002209,PR001519,D0051,1,4,0,2024-04-24 06:20:53.400073
RV0002210,PR001519,D0051,2,6,1,2024-04-24 00:14:03.166998
RV0002211,PR001520,D0011,1,1,1,2024-04-24 04:44:41.568236
RV0002212,PR001521,D0011,1,2,1,2024-04-24 18:17:59.741061
RV0002213,PR001523,D0011,1,4,1,2024-04-22 18:10:25.620514
RV0002214,PR001524,D0039,1,12,1,2024-04-19 22:56:47.574347
RV0002215,PR001525,D0039,1,5,0,2024-05-11 14:35:22.262319
RV0002216,PR001525,D0039,2,5,1,2024-05-11 18:13:31.828967
RV0002217,PR001526,D0039,1,3,0,2024-05-03 04:10:37.221069
RV0002218,PR001526,D0039,2,16,0,2024-05-03 06:56:44.278082
RV0002219,PR001526,D0039,3,3,1,2024-05-03 05:41:37.388945
RV0002220,PR001527,D0011,1,5,1,2024-05-03 21:30:51.692130
RV0002221,PR001528,D0028,1,5,1,2024-05-12 16:46:26.420873
RV0002222,PR001529,D0028,1,1,1,2024-05-05 01:08:33.183946
RV0002223,PR001530,D0016,1,7,1,2024-05-11 05:12:48.409408
RV0002224,PR001531,D0039,1,5,1,2024-05-07 15:01:07.751354
RV0002225,PR001532,D0039,1,4,1,2024-05-04 03:41:34.209277
RV0002226,PR001533,D0039,1,2,1,2024-05-07 17:42:52.708849
RV0002227,PR001534,D0051,1,1,1,2024-05-09 01:53:42.557842
RV0002228,PR001535,D0016,1,4,1,2024-05-11 07:03:37.085031
RV0002229,PR001536,D0028,1,3,1,2024-05-12 19:33:31.137892
RV0002230,PR001537,D0039,1,2,0,2024-01-05 10:57:38.668460
RV0002231,PR001537,D0039,2,5,1,2024-01-05 07:44:13.723370
RV0002232,PR001538,D0028,1,5,0,2024-01-06 09:46:18.549756
RV0002233,PR001538,D0028,2,5,1,2024-01-06 06:55:46.238651
RV0002234,PR001539,D0051,1,1,1,2023-12-31 19:58:54.614096
RV0002235,PR001541,D0051,1,5,1,2024-01-06 04:51:55.477047
RV0002236,PR001542,D0028,1,5,0,2024-01-05 00:30:57.495992
RV0002237,PR001542,D0028,2,2,0,2024-01-05 00:40:38.820705
RV0002238,PR001542,D0028,3,3,1,2024-01-05 00:35:28.435542
RV0002239,PR001543,D0039,1,0,0,2024-01-04 12:38:33.799690
RV0002240,PR001543,D0039,2,1,0,2024-01-04 12:17:17.305461
RV0002241,PR001543,D0039,3,2,1,2024-01-04 09:06:37.501056
RV0002242,PR001544,D0011,1,2,1,2024-01-05 02:35:41.229054
RV0002243,PR001545,D0011,1,3,0,2024-01-07 22:33:14.894400
RV0002244,PR001545,D0011,2,0,1,2024-01-07 08:25:24.783789
RV0002245,PR001546,D0016,1,7,1,2024-01-03 20:30:06.852237
RV0002246,PR001547,D0028,1,3,0,2024-01-17 07:32:23.748823
RV0002247,PR001547,D0028,2,1,0,2024-01-17 05:15:25.060500
RV0002248,PR001547,D0028,3,5,1,2024-01-18 01:57:06.180299
RV0002249,PR001548,D0028,1,1,1,2024-01-17 23:00:34.449499
RV0002250,PR001549,D0016,1,2,0,2024-01-13 01:47:13.178598
RV0002251,PR001549,D0016,2,4,1,2024-01-13 07:04:09.128944
RV0002252,PR001550,D0051,1,5,0,2024-01-16 12:36:23.668701
RV0002253,PR001550,D0051,2,11,1,2024-01-16 16:49:35.962141
RV0002254,PR001551,D0011,1,5,1,2024-01-21 09:54:04.690664
RV0002255,PR001552,D0016,1,4,1,2024-01-13 22:04:41.379861
RV0002256,PR001553,D0028,1,4,0,2024-01-13 05:14:47.761460
RV0002257,PR001553,D0028,2,1,1,2024-01-13 03:54:09.024011
RV0002258,PR001554,D0016,1,6,0,2024-01-22 16:27:35.833384
RV0002259,PR001554,D0016,2,4,1,2024-01-23 14:07:11.468234
RV0002260,PR001556,D0011,1,1,0,2024-01-18 11:07:57.266536
RV0002261,PR001556,D0011,2,4,1,2024-01-18 20:27:43.882296
RV0002262,PR001557,D0051,1,5,0,2024-01-22 17:36:34.282381
RV0002263,PR001557,D0051,2,25,1,2024-01-22 15:58:54.178426
RV0002264,PR001558,D0028,1,7,1,2024-02-05 11:21:57.644896
RV0002265,PR001559,D0051,1,9,1,2024-02-02 13:58:06.995779
RV0002266,PR001560,D0011,1,5,1,2024-02-03 21:43:55.447179
RV0002267,PR001561,D0016,1,3,0,2024-02-03 17:39:10.862426
RV0002268,PR001561,D0016,2,7,0,2024-02-03 09:04:50.056661
RV0002269,PR001561,D0016,3,7,1,2024-02-03 15:11:41.476419
RV0002270,PR001562,D0028,1,3,1,2024-01-30 10:34:16.226842
RV0002271,PR001563,D0051,1,3,1,2024-02-05 13:39:24.651784
RV0002272,PR001564,D0028,1,5,0,2024-01-26 07:12:51.420160
RV0002273,PR001564,D0028,2,1,1,2024-01-26 07:17:33.141949
RV0002274,PR001565,D0039,1,3,1,2024-02-05 14:46:52.294416
RV0002275,PR001566,D0039,1,1,1,2024-01-27 21:15:41.438242
RV0002276,PR001567,D0028,1,1,1,2024-01-31 06:20:11.454377
RV0002277,PR001568,D0028,1,3,0,2024-02-04 10:02:38.249149
RV0002278,PR001568,D0028,2,3,1,2024-02-04 18:47:27.889295
RV0002279,PR001569,D0016,1,0,1,2024-01-27 08:35:10.894481
RV0002280,PR001570,D0011,1,2,1,2024-02-01 20:23:35.998322
RV0002281,PR001573,D0011,1,2,1,2024-01-30 13:18:52.750156
RV0002282,PR001574,D0016,1,0,0,2024-01-27 03:59:28.619569
RV0002283,PR001574,D0016,2,1,1,2024-01-27 18:17:17.645832
RV0002284,PR001575,D0039,1,0,0,2024-01-28 06:58:11.952348
RV0002285,PR001575,D0039,2,2,0,2024-01-28 11:46:33.840945
RV0002286,PR001575,D0039,3,1,1,2024-01-28 11:02:08.312496
RV0002287,PR001576,D0011,1,0,1,2024-02-03 23:42:02.325497
RV0002288,PR001577,D0016,1,9,0,2024-02-05 05:57:59.678948
RV0002289,PR001577,D0016,2,4,0,2024-02-05 05:01:24.806248
RV0002290,PR001577,D0016,3,0,1,2024-02-05 07:40:40.623224
RV0002291,PR001578,D0028,1,0,1,2024-02-04 22:26:54.353358
RV0002292,PR001579,D0039,1,7,0,2024-02-06 12:28:59.236758
RV0002293,PR001579,D0039,2,3,1,2024-02-07 01:34:55.076765
RV0002294,PR001580,D0051,1,2,0,2024-02-06 19:27:06.045033
RV0002295,PR001580,D0051,2,0,1,2024-02-06 21:55:16.896322
RV0002296,PR001582,D0039,1,0,0,2024-01-31 20:30:52.353332
RV0002297,PR001582,D0039,2,1,1,2024-01-30 21:32:32.097456
RV0002298,PR001583,D0039,1,4,0,2024-02-04 09:29:21.795443
RV0002299,PR001583,D0039,2,16,1,2024-02-04 14:22:41.055265
RV0002300,PR001584,D0016,1,4,1,2024-01-29 04:34:27.602296
RV0002301,PR001585,D0039,1,0,0,2024-01-28 22:01:46.974661
RV0002302,PR001585,D0039,2,4,1,2024-01-28 04:13:14.026350
RV0002303,PR001586,D0039,1,3,0,2024-01-31 20:48:44.741410
RV0002304,PR001586,D0039,2,6,1,2024-01-31 18:59:45.627105
RV0002305,PR001588,D0039,1,1,1,2024-02-11 09:50:51.889879
RV0002306,PR001589,D0039,1,1,1,2024-02-17 21:11:20.422441
RV0002307,PR001590,D0039,1,0,1,2024-02-11 23:45:39.565024
RV0002308,PR001591,D0051,1,0,1,2024-02-19 20:56:53.997258
RV0002309,PR001592,D0051,1,1,0,2024-02-20 02:55:48.872119
RV0002310,PR001592,D0051,2,1,1,2024-02-19 20:13:34.115281
RV0002311,PR001593,D0028,1,7,0,2024-02-09 15:31:46.925550
RV0002312,PR001593,D0028,2,5,1,2024-02-09 16:22:33.455019
RV0002313,PR001594,D0051,1,6,0,2024-02-16 05:11:04.750023
RV0002314,PR001594,D0051,2,3,1,2024-02-16 03:42:50.502949
RV0002315,PR001595,D0051,1,1,1,2024-02-16 17:38:20.861803
RV0002316,PR001596,D0028,1,1,1,2024-02-15 21:51:40.716941
RV0002317,PR001597,D0011,1,1,0,2024-02-15 20:37:10.716099
RV0002318,PR001597,D0011,2,4,1,2024-02-15 22:03:44.967601
RV0002319,PR001598,D0051,1,2,1,2024-02-14 04:34:52.795370
RV0002320,PR001599,D0011,1,6,1,2024-02-13 04:53:35.007326
RV0002321,PR001600,D0051,1,12,0,2024-02-12 23:38:28.327914
RV0002322,PR001600,D0051,2,2,1,2024-02-12 22:37:54.522795
RV0002323,PR001601,D0028,1,0,1,2024-02-11 03:12:43.391549
RV0002324,PR001602,D0016,1,12,1,2024-02-17 19:43:12.818233
RV0002325,PR001603,D0028,1,1,1,2024-03-03 12:58:27.595947
RV0002326,PR001604,D0051,1,5,1,2024-03-01 02:36:46.750959
RV0002327,PR001605,D0051,1,5,1,2024-02-25 03:57:19.658350
RV0002328,PR001606,D0051,1,1,1,2024-02-24 02:38:37.401882
RV0002329,PR001607,D0051,1,5,1,2024-02-27 18:13:56.800653
RV0002330,PR001608,D0039,1,7,1,2024-02-29 00:55:30.421969
RV0002331,PR001609,D0028,1,0,1,2024-03-03 13:04:38.372857
RV0002332,PR001610,D0051,1,0,0,2024-03-05 18:39:36.851973
RV0002333,PR001610,D0051,2,1,1,2024-03-06 04:21:54.031441
RV0002334,PR001611,D0011,1,1,1,2024-02-29 05:35:32.150816
RV0002335,PR001612,D0011,1,6,1,2024-02-23 20:39:07.271462
RV0002336,PR001613,D0028,1,2,1,2024-02-28 02:37:58.602047
RV0002337,PR001614,D0011,1,3,1,2024-03-03 23:32:55.829582
RV0002338,PR001615,D0051,1,3,0,2024-03-04 21:08:38.519235
RV0002339,PR001615,D0051,2,0,1,2024-03-04 22:04:46.149390
RV0002340,PR001616,D0039,1,1,0,2024-02-27 02:47:43.622329
RV0002341,PR001616,D0039,2,0,1,2024-02-27 04:09:32.684879
RV0002342,PR001617,D0011,1,1,1,2024-03-05 18:53:32.747596
RV0002343,PR001618,D0028,1,1,1,2024-03-01 00:39:37.900376
RV0002344,PR001619,D0051,1,1,1,2024-03-02 04:07:16.455281
RV0002345,PR001620,D0016,1,0,0,2024-03-03 00:36:36.542995
RV0002346,PR001620,D0016,2,5,1,2024-03-03 05:44:03.296418
RV0002347,PR001621,D0011,1,5,1,2024-02-28 00:02:59.435700
RV0002348,PR001622,D0011,1,3,1,2024-03-01 13:41:54.273772
RV0002349,PR001623,D0016,1,12,1,2024-03-02 12:42:41.347356
RV0002350,PR001624,D0039,1,0,1,2024-03-20 09:04:38.627152
RV0002351,PR001625,D0051,1,7,0,2024-03-11 00:59:24.802444
RV0002352,PR001625,D0051,2,1,1,2024-03-10 16:02:59.024213
RV0002353,PR001626,D0039,1,3,1,2024-03-16 17:07:51.661253
RV0002354,PR001627,D0051,1,0,1,2024-03-15 18:09:59.829771
RV0002355,PR001628,D0039,1,1,1,2024-03-18 10:04:32.893551
RV0002356,PR001629,D0016,1,9,0,2024-03-11 23:30:00.761099
RV0002357,PR001629,D0016,2,7,1,2024-03-11 23:52:44.767786
RV0002358,PR001630,D0039,1,1,1,2024-03-20 03:39:13.542947
RV0002359,PR001631,D0011,1,6,0,2024-03-08 06:17:43.340920
RV0002360,PR001631,D0011,2,8,1,2024-03-08 04:05:44.189118
RV0002361,PR001632,D0039,1,6,0,2024-03-16 02:29:33.056373
RV0002362,PR001632,D0039,2,2,0,2024-03-15 01:42:21.705828
RV0002363,PR001632,D0039,3,3,1,2024-03-15 16:41:24.586125
RV0002364,PR001633,D0028,1,1,1,2024-03-17 10:09:49.782261
RV0002365,PR001634,D0016,1,1,0,2024-03-16 18:38:04.092975
RV0002366,PR001634,D0016,2,0,1,2024-03-17 03:05:48.643549
RV0002367,PR001636,D0051,1,3,1,2024-03-14 17:34:36.018354
RV0002368,PR001637,D0016,1,0,1,2024-03-13 05:35:28.013892
RV0002369,PR001638,D0039,1,0,0,2024-03-12 05:02:04.863319
RV0002370,PR001638,D0039,2,2,1,2024-03-11 19:44:36.755680
RV0002371,PR001639,D0016,1,2,1,2024-03-12 00:46:14.083378
RV0002372,PR001640,D0051,1,3,0,2024-03-17 20:13:09.568203
RV0002373,PR001640,D0051,2,0,1,2024-03-18 00:12:38.959091
RV0002374,PR001641,D0028,1,5,0,2024-03-20 02:40:33.105005
RV0002375,PR001641,D0028,2,2,0,2024-03-19 23:53:12.498255
RV0002376,PR001641,D0028,3,1,1,2024-03-19 17:51:48.322024
RV0002377,PR001643,D0011,1,6,0,2024-03-16 14:10:14.966883
RV0002378,PR001643,D0011,2,2,1,2024-03-15 02:34:23.862129
RV0002379,PR001644,D0028,1,1,0,2024-03-14 20:32:01.708716
RV0002380,PR001644,D0028,2,3,0,2024-03-14 11:25:37.360800
RV0002381,PR001644,D0028,3,2,1,2024-03-14 11:19:26.552101
RV0002382,PR001645,D0028,1,4,1,2024-03-15 15:14:31.041946
RV0002383,PR001646,D0051,1,13,1,2024-03-19 17:26:36.923490
RV0002384,PR001647,D0039,1,5,1,2024-03-29 18:07:37.863757
RV0002385,PR001648,D0039,1,8,1,2024-03-28 19:10:28.000245
RV0002386,PR001649,D0016,1,1,0,2024-03-31 06:31:45.574554
RV0002387,PR001649,D0016,2,7,0,2024-03-31 07:57:47.880268
RV0002388,PR001649,D0016,3,2,1,2024-03-31 14:57:30.227608
RV0002389,PR001650,D0028,1,1,1,2024-03-24 02:10:49.316098
RV0002390,PR001651,D0028,1,2,0,2024-03-27 10:55:23.108428
RV0002391,PR001651,D0028,2,3,1,2024-03-26 21:31:26.661874
RV0002392,PR001652,D0016,1,1,1,2024-03-26 02:57:53.267884
RV0002393,PR001653,D0039,1,1,0,2024-04-02 12:59:18.363557
RV0002394,PR001653,D0039,2,6,0,2024-04-02 14:39:13.079972
RV0002395,PR001653,D0039,3,6,1,2024-04-02 14:23:20.942624
RV0002396,PR001654,D0051,1,4,1,2024-03-23 20:13:08.461473
RV0002397,PR001655,D0051,1,3,1,2024-04-01 10:08:59.141122
RV0002398,PR001656,D0016,1,0,0,2024-03-30 12:13:34.234501
RV0002399,PR001656,D0016,2,2,0,2024-03-30 09:01:10.063511
RV0002400,PR001656,D0016,3,9,1,2024-03-30 04:44:53.158159
RV0002401,PR001657,D0051,1,5,1,2024-03-22 18:32:55.394320
RV0002402,PR001658,D0028,1,8,1,2024-03-30 14:38:59.968179
RV0002403,PR001659,D0016,1,0,1,2024-03-23 00:58:30.477418
RV0002404,PR001660,D0028,1,12,1,2024-03-27 22:00:06.804493
RV0002405,PR001661,D0016,1,3,0,2024-03-24 06:22:48.362811
RV0002406,PR001661,D0016,2,4,1,2024-03-24 02:00:41.476784
RV0002407,PR001662,D0028,1,2,0,2024-03-25 22:13:13.655066
RV0002408,PR001662,D0028,2,2,1,2024-03-25 16:02:22.370145
RV0002409,PR001663,D0016,1,10,0,2024-03-28 13:02:33.496829
RV0002410,PR001663,D0016,2,5,0,2024-03-27 10:34:31.241860
RV0002411,PR001663,D0016,3,0,1,2024-03-27 15:17:16.362748
RV0002412,PR001664,D0051,1,7,0,2024-04-02 03:32:03.193031
RV0002413,PR001664,D0051,2,2,1,2024-04-02 05:47:44.257682
RV0002414,PR001665,D0028,1,15,0,2024-04-01 23:27:59.721084
RV0002415,PR001665,D0028,2,0,1,2024-04-01 23:26:10.516163
RV0002416,PR001666,D0028,1,7,0,2024-04-01 04:50:12.231415
RV0002417,PR001666,D0028,2,9,0,2024-04-01 05:10:21.791307
RV0002418,PR001666,D0028,3,1,1,2024-04-01 14:34:03.269899
RV0002419,PR001667,D0011,1,7,0,2024-03-30 22:15:53.449095
RV0002420,PR001667,D0011,2,2,0,2024-03-31 00:01:01.360790
RV0002421,PR001667,D0011,3,13,1,2024-03-30 22:46:44.777290
RV0002422,PR001668,D0011,1,1,0,2024-04-16 06:45:01.008625
RV0002423,PR001668,D0011,2,10,0,2024-04-16 11:46:48.495755
RV0002424,PR001668,D0011,3,0,1,2024-04-16 03:05:54.945935
RV0002425,PR001669,D0039,1,4,0,2024-04-13 09:06:15.908732
RV0002426,PR001669,D0039,2,2,1,2024-04-13 13:04:43.246589
RV0002427,PR001670,D0011,1,1,1,2024-04-17 00:41:10.708842
RV0002428,PR001671,D0016,1,4,1,2024-04-13 07:39:40.756040
RV0002429,PR001672,D0016,1,7,0,2024-04-05 11:48:51.670643
RV0002430,PR001672,D0016,2,2,1,2024-04-05 12:47:56.510882
RV0002431,PR001673,D0011,1,4,1,2024-04-05 04:05:49.359051
RV0002432,PR001674,D0051,1,3,1,2024-04-10 08:03:14.626289
RV0002433,PR001675,D0011,1,10,0,2024-04-16 14:10:26.258428
RV0002434,PR001675,D0011,2,1,0,2024-04-16 16:02:28.801330
RV0002435,PR001675,D0011,3,1,1,2024-04-16 09:55:31.600809
RV0002436,PR001676,D0039,1,2,1,2024-04-07 17:06:04.250430
RV0002437,PR001678,D0039,1,3,0,2024-04-17 00:26:26.837360
RV0002438,PR001678,D0039,2,7,0,2024-04-16 22:59:54.720113
RV0002439,PR001678,D0039,3,2,1,2024-04-16 21:42:58.339989
RV0002440,PR001679,D0016,1,4,1,2024-04-09 01:06:55.404322
RV0002441,PR001680,D0028,1,3,0,2024-04-08 16:10:06.380019
RV0002442,PR001680,D0028,2,2,1,2024-04-07 18:31:01.862909
RV0002443,PR001681,D0051,1,3,0,2024-04-10 19:27:35.692322
RV0002444,PR001681,D0051,2,6,0,2024-04-10 21:00:16.183573
RV0002445,PR001681,D0051,3,24,1,2024-04-10 13:55:01.786641
RV0002446,PR001682,D0016,1,5,0,2024-04-23 13:49:46.672815
RV0002447,PR001682,D0016,2,0,1,2024-04-23 13:38:42.478096
RV0002448,PR001683,D0016,1,0,1,2024-04-27 01:07:12.909043
RV0002449,PR001684,D0016,1,5,1,2024-04-27 17:09:15.317152
RV0002450,PR001685,D0051,1,2,0,2024-04-26 16:11:47.518924
RV0002451,PR001685,D0051,2,10,1,2024-04-26 12:59:43.346760
RV0002452,PR001686,D0016,1,4,0,2024-05-01 02:04:15.672950
RV0002453,PR001686,D0016,2,1,1,2024-05-01 01:17:36.098777
RV0002454,PR001687,D0028,1,0,1,2024-04-25 22:44:54.296102
RV0002455,PR001688,D0016,1,7,0,2024-04-22 17:47:24.534545
RV0002456,PR001688,D0016,2,2,1,2024-04-22 13:51:17.500174
RV0002457,PR001689,D0016,1,2,0,2024-04-29 10:24:55.283712
RV0002458,PR001689,D0016,2,1,0,2024-04-29 17:30:00.916418
RV0002459,PR001689,D0016,3,4,1,2024-04-29 18:15:40.232491
RV0002460,PR001691,D0051,1,2,0,2024-04-20 20:40:10.566828
RV0002461,PR001691,D0051,2,6,1,2024-04-21 01:29:36.334791
RV0002462,PR001692,D0051,1,1,1,2024-04-24 21:36:24.035615
RV0002463,PR001693,D0011,1,5,0,2024-04-24 18:16:39.580128
RV0002464,PR001693,D0011,2,2,1,2024-04-24 23:04:58.211738
RV0002465,PR001694,D0016,1,5,1,2024-04-29 15:47:38.881132
RV0002466,PR001695,D0051,1,1,1,2024-05-02 12:08:42.982880
RV0002467,PR001696,D0039,1,5,0,2024-04-27 18:32:23.475557
RV0002468,PR001696,D0039,2,10,0,2024-04-27 18:16:47.702476
RV0002469,PR001696,D0039,3,10,1,2024-04-27 22:23:53.715054
RV0002470,PR001697,D0039,1,10,1,2024-05-05 06:04:03.320103
RV0002471,PR001698,D0011,1,1,1,2024-05-13 12:47:06.671825
RV0002472,PR001699,D0051,1,7,1,2024-05-17 02:26:28.220880
RV0002473,PR001701,D0028,1,12,0,2024-05-07 17:00:26.776384
RV0002474,PR001701,D0028,2,1,1,2024-05-07 16:20:41.610768
RV0002475,PR001703,D0051,1,2,0,2024-05-05 12:21:21.424868
RV0002476,PR001703,D0051,2,1,1,2024-05-04 14:21:56.123336
RV0002477,PR001704,D0039,1,12,0,2024-05-04 03:53:54.209600
RV0002478,PR001704,D0039,2,2,0,2024-05-03 16:16:29.944703
RV0002479,PR001704,D0039,3,3,1,2024-05-04 07:05:13.955091
RV0002480,PR001705,D0028,1,2,1,2024-05-07 02:37:30.955963
RV0002481,PR001706,D0051,1,6,1,2024-05-10 00:25:40.855732
RV0002482,PR001707,D0028,1,1,0,2024-05-08 16:12:45.182647
RV0002483,PR001707,D0028,2,0,0,2024-05-08 16:09:33.054293
RV0002484,PR001707,D0028,3,2,1,2024-05-08 15:50:16.606364
RV0002485,PR001708,D0011,1,7,1,2024-05-12 03:30:35.472911
RV0002486,PR001709,D0028,1,0,0,2024-05-06 12:51:45.734503
RV0002487,PR001709,D0028,2,8,0,2024-05-05 21:17:27.886623
RV0002488,PR001709,D0028,3,4,1,2024-05-05 18:41:01.326586
RV0002489,PR001710,D0011,1,4,1,2024-05-14 15:22:18.280156
RV0002490,PR001711,D0039,1,0,0,2024-05-15 01:23:19.998607
RV0002491,PR001711,D0039,2,10,1,2024-05-15 05:31:44.658796
RV0002492,PR001712,D0011,1,1,0,2024-05-14 12:51:03.260664
RV0002493,PR001712,D0011,2,11,0,2024-05-14 13:26:38.337829
RV0002494,PR001712,D0011,3,8,1,2024-05-14 12:46:22.099011
RV0002495,PR001713,D0011,1,2,1,2024-05-10 00:11:09.503282
RV0002496,PR001714,D0011,1,4,1,2024-05-04 19:15:14.529679
RV0002497,PR001715,D0051,1,8,1,2024-05-13 09:05:55.540802
RV0002498,PR001716,D0016,1,0,0,2024-05-10 11:03:39.443584
RV0002499,PR001716,D0016,2,6,0,2024-05-09 12:14:31.143233
RV0002500,PR001716,D0016,3,2,1,2024-05-09 22:43:05.353113
RV0002501,PR001717,D0011,1,3,1,2024-05-07 11:57:23.776249
RV0002502,PR001718,D0039,1,0,1,2024-05-05 01:17:08.197333
RV0002503,PR001719,D0001,1,0,1,2023-12-03 09:49:53.840521
RV0002504,PR001720,D0001,1,0,1,2023-12-03 21:04:13.580230
RV0002505,PR001721,D0036,1,4,0,2023-12-02 23:04:27.831526
RV0002506,PR001721,D0036,2,6,1,2023-12-02 16:07:34.146834
RV0002507,PR001722,D0053,1,4,1,2023-12-08 16:26:11.329574
RV0002508,PR001724,D0036,1,4,1,2023-12-10 02:48:21.681184
RV0002509,PR001725,D0041,1,0,0,2023-12-11 10:26:15.562915
RV0002510,PR001725,D0041,2,4,0,2023-12-11 14:09:59.267779
RV0002511,PR001725,D0041,3,0,1,2023-12-11 07:22:27.068566
RV0002512,PR001726,D0045,1,4,0,2023-12-07 06:26:16.492944
RV0002513,PR001726,D0045,2,6,1,2023-12-07 06:00:20.807077
RV0002514,PR001727,D0040,1,0,1,2023-12-07 02:08:23.001439
RV0002515,PR001728,D0041,1,6,0,2023-12-03 16:24:10.837640
RV0002516,PR001728,D0041,2,3,1,2023-12-03 20:13:19.358315
RV0002517,PR001729,D0001,1,6,0,2023-12-06 02:36:51.151817
RV0002518,PR001729,D0001,2,2,1,2023-12-06 02:59:18.146565
RV0002519,PR001730,D0040,1,3,1,2023-12-22 04:39:36.781515
RV0002520,PR001731,D0010,1,8,1,2023-12-23 11:09:07.654479
RV0002521,PR001732,D0010,1,3,0,2023-12-18 17:11:24.251040
RV0002522,PR001732,D0010,2,6,1,2023-12-18 17:32:33.414411
RV0002523,PR001733,D0001,1,1,0,2023-12-17 08:00:35.102815
RV0002524,PR001733,D0001,2,1,1,2023-12-17 07:46:04.265188
RV0002525,PR001734,D0046,1,0,1,2023-12-20 04:03:25.708789
RV0002526,PR001735,D0036,1,1,0,2023-12-15 13:55:35.660778
RV0002527,PR001735,D0036,2,1,0,2023-12-15 13:19:19.449073
RV0002528,PR001735,D0036,3,12,1,2023-12-15 13:06:31.935242
RV0002529,PR001737,D0010,1,3,1,2023-12-14 20:56:28.479052
RV0002530,PR001739,D0036,1,3,0,2023-12-20 22:49:39.039408
RV0002531,PR001739,D0036,2,1,1,2023-12-20 20:22:41.998211
RV0002532,PR001740,D0041,1,3,1,2023-12-20 13:48:35.623725
RV0002533,PR001742,D0053,1,7,0,2023-12-23 00:40:59.668318
RV0002534,PR001742,D0053,2,3,1,2023-12-23 02:38:45.790870
RV0002535,PR001743,D0045,1,0,0,2023-12-20 13:50:03.917936
RV0002536,PR001743,D0045,2,2,1,2023-12-20 19:45:18.900918
RV0002537,PR001744,D0045,1,12,0,2023-12-23 09:57:48.557591
RV0002538,PR001744,D0045,2,5,1,2023-12-23 10:35:55.671401
RV0002539,PR001745,D0053,1,3,1,2023-12-16 06:05:02.824531
RV0002540,PR001746,D0046,1,5,1,2023-12-17 19:10:58.556274
RV0002541,PR001747,D0036,1,11,0,2023-12-15 14:41:08.043545
RV0002542,PR001747,D0036,2,2,0,2023-12-15 14:51:20.327843
RV0002543,PR001747,D0036,3,1,1,2023-12-15 14:32:50.510563
RV0002544,PR001748,D0053,1,2,1,2023-12-23 22:54:44.225136
RV0002545,PR001749,D0040,1,6,1,2023-12-20 21:34:10.302843
RV0002546,PR001750,D0036,1,4,1,2024-01-06 12:19:44.729755
RV0002547,PR001751,D0036,1,16,0,2024-01-04 16:22:56.495496
RV0002548,PR001751,D0036,2,4,1,2024-01-04 16:35:42.149882
RV0002549,PR001752,D0036,1,1,1,2023-12-28 23:24:41.547241
RV0002550,PR001753,D0001,1,3,1,2024-01-04 07:19:33.109182
RV0002551,PR001754,D0046,1,6,1,2023-12-29 23:42:57.420305
RV0002552,PR001755,D0040,1,6,1,2024-01-04 22:20:09.878177
RV0002553,PR001756,D0036,1,2,0,2024-01-02 11:46:44.735629
RV0002554,PR001756,D0036,2,9,0,2024-01-02 04:45:28.965954
RV0002555,PR001756,D0036,3,2,1,2024-01-02 10:18:38.095878
RV0002556,PR001757,D0041,1,5,0,2024-01-04 15:12:31.300155
RV0002557,PR001757,D0041,2,5,1,2024-01-04 08:06:32.214543
RV0002558,PR001758,D0036,1,1,1,2024-01-01 03:08:54.707845
RV0002559,PR001759,D0041,1,2,0,2024-01-01 17:41:18.636530
RV0002560,PR001759,D0041,2,3,0,2024-01-01 17:44:39.942866
RV0002561,PR001759,D0041,3,1,1,2024-01-01 17:47:21.083000
RV0002562,PR001760,D0010,1,1,1,2023-12-28 22:48:37.534104
RV0002563,PR001761,D0045,1,4,0,2024-01-01 01:48:45.449650
RV0002564,PR001761,D0045,2,1,1,2024-01-01 03:43:03.728445
RV0002565,PR001762,D0001,1,0,1,2023-12-29 17:29:23.503120
RV0002566,PR001763,D0046,1,3,0,2024-01-18 13:50:09.131887
RV0002567,PR001763,D0046,2,0,0,2024-01-19 01:45:11.344040
RV0002568,PR001763,D0046,3,4,1,2024-01-19 01:19:16.655046
RV0002569,PR001764,D0053,1,2,1,2024-01-22 04:29:09.392343
RV0002570,PR001765,D0010,1,1,0,2024-01-16 05:23:49.873961
RV0002571,PR001765,D0010,2,10,1,2024-01-16 04:46:08.142025
RV0002572,PR001767,D0036,1,3,0,2024-01-18 02:29:33.459915
RV0002573,PR001767,D0036,2,6,1,2024-01-17 22:32:31.752530
RV0002574,PR001768,D0036,1,1,1,2024-01-19 21:13:15.092543
RV0002575,PR001769,D0001,1,0,1,2024-01-22 05:11:32.837922
RV0002576,PR001770,D0041,1,4,0,2024-01-22 14:44:44.689962
RV0002577,PR001770,D0041,2,3,0,2024-01-22 15:53:33.475319
RV0002578,PR001770,D0041,3,4,1,2024-01-22 20:50:36.774233
RV0002579,PR001771,D0001,1,1,0,2024-01-20 22:48:35.866737
RV0002580,PR001771,D0001,2,5,1,2024-01-21 02:00:06.773789
RV0002581,PR001773,D0001,1,3,0,2024-01-17 22:52:10.681837
RV0002582,PR001773,D0001,2,2,1,2024-01-17 20:16:34.516244
RV0002583,PR001774,D0045,1,8,1,2024-01-18 13:18:43.729216
RV0002584,PR001775,D0041,1,9,0,2024-01-15 05:39:37.056269
RV0002585,PR001775,D0041,2,2,0,2024-01-15 11:16:11.868174
RV0002586,PR001775,D0041,3,3,1,2024-01-15 09:59:32.849007
RV0002587,PR001776,D0053,1,1,1,2024-01-15 05:46:58.806577
RV0002588,PR001777,D0001,1,3,1,2024-01-16 10:50:29.308024
RV0002589,PR001778,D0041,1,1,1,2024-01-12 20:49:16.529626
RV0002590,PR001779,D0053,1,4,0,2024-01-15 16:06:42.113616
RV0002591,PR001779,D0053,2,3,0,2024-01-15 16:39:08.578041
RV0002592,PR001779,D0053,3,5,1,2024-01-15 16:51:17.878521
RV0002593,PR001780,D0010,1,6,0,2024-01-12 16:09:25.813563
RV0002594,PR001780,D0010,2,2,0,2024-01-12 15:26:54.764843
RV0002595,PR001780,D0010,3,1,1,2024-01-12 15:30:14.345961
RV0002596,PR001781,D0040,1,6,0,2024-01-18 06:07:34.357506
RV0002597,PR001781,D0040,2,1,0,2024-01-19 05:11:11.688705
RV0002598,PR001781,D0040,3,9,1,2024-01-18 05:15:11.784857
RV0002599,PR001782,D0001,1,3,0,2024-01-19 07:29:08.898062
RV0002600,PR001782,D0001,2,6,1,2024-01-19 09:08:04.240438
RV0002601,PR001783,D0046,1,3,1,2024-01-13 22:20:59.187644
RV0002602,PR001784,D0040,1,4,1,2024-01-23 06:50:11.731830
RV0002603,PR001785,D0010,1,2,0,2024-01-14 02:06:05.630909
RV0002604,PR001785,D0010,2,2,0,2024-01-13 21:03:42.848468
RV0002605,PR001785,D0010,3,14,1,2024-01-14 02:11:48.187156
RV0002606,PR001786,D0036,1,0,1,2024-01-14 17:53:45.501701
RV0002607,PR001787,D0046,1,1,1,2024-01-13 18:15:35.092592
RV0002608,PR001788,D0010,1,4,0,2024-01-18 02:06:24.202816
RV0002609,PR001788,D0010,2,0,0,2024-01-17 05:42:38.090034
RV0002610,PR001788,D0010,3,13,1,2024-01-18 03:55:49.968826
RV0002611,PR001790,D0053,1,5,1,2024-01-28 16:26:37.155382
RV0002612,PR001791,D0053,1,6,1,2024-01-28 01:30:55.734355
RV0002613,PR001792,D0053,1,1,0,2024-01-27 13:51:54.310901
RV0002614,PR001792,D0053,2,0,1,2024-01-26 19:00:18.710918
RV0002615,PR001793,D0001,1,3,0,2024-02-05 21:55:58.148450
RV0002616,PR001793,D0001,2,1,1,2024-02-06 08:45:43.677135
RV0002617,PR001794,D0001,1,7,0,2024-01-30 08:55:12.313330
RV0002618,PR001794,D0001,2,2,0,2024-01-30 02:41:29.516129
RV0002619,PR001794,D0001,3,3,1,2024-01-30 08:09:49.021370
RV0002620,PR001795,D0053,1,8,0,2024-01-27 13:27:05.577451
RV0002621,PR001795,D0053,2,2,1,2024-01-27 14:15:05.482210
RV0002622,PR001796,D0045,1,8,0,2024-02-01 01:14:58.077243
RV0002623,PR001796,D0045,2,4,1,2024-02-01 03:22:51.184132
RV0002624,PR001797,D0036,1,4,0,2024-01-27 07:05:37.688627
RV0002625,PR001797,D0036,2,9,0,2024-01-27 08:16:02.066770
RV0002626,PR001797,D0036,3,1,1,2024-01-27 11:41:30.430498
RV0002627,PR001798,D0053,1,3,0,2024-01-31 20:28:52.377876
RV0002628,PR001798,D0053,2,2,1,2024-01-31 19:58:26.965124
RV0002629,PR001799,D0001,1,13,1,2024-02-02 10:28:26.459029
RV0002630,PR001800,D0053,1,6,0,2024-01-30 01:43:09.017766
RV0002631,PR001800,D0053,2,6,1,2024-01-29 23:45:15.348638
RV0002632,PR001801,D0053,1,5,0,2024-02-03 18:58:49.305739
RV0002633,PR001801,D0053,2,2,1,2024-02-03 16:11:41.126913
RV0002634,PR001802,D0041,1,0,0,2024-02-02 23:35:49.358174
RV0002635,PR001802,D0041,2,0,1,2024-02-03 00:41:48.550800
RV0002636,PR001803,D0053,1,9,0,2024-02-03 11:32:07.570207
RV0002637,PR001803,D0053,2,4,1,2024-02-02 10:05:07.265558
RV0002638,PR001804,D0053,1,3,1,2024-01-31 20:01:40.267090
RV0002639,PR001805,D0053,1,1,0,2024-02-04 11:16:15.329748
RV0002640,PR001805,D0053,2,10,0,2024-02-04 10:35:47.795086
RV0002641,PR001805,D0053,3,2,1,2024-02-04 11:44:48.294114
RV0002642,PR001807,D0046,1,5,1,2024-02-05 15:41:31.672273
RV0002643,PR001808,D0036,1,2,1,2024-02-05 00:12:38.082926
RV0002644,PR001809,D0001,1,6,0,2024-01-30 17:31:31.658554
RV0002645,PR001809,D0001,2,1,0,2024-01-30 22:00:21.288993
RV0002646,PR001809,D0001,3,7,1,2024-01-31 03:53:29.241562
RV0002647,PR001810,D0036,1,18,1,2024-02-05 00:05:03.328745
RV0002648,PR001811,D0036,1,7,0,2024-01-25 07:49:21.162895
RV0002649,PR001811,D0036,2,3,1,2024-01-25 07:31:17.448428
RV0002650,PR001812,D0001,1,2,1,2024-01-31 01:59:27.930053
RV0002651,PR001813,D0045,1,13,0,2024-02-03 11:52:18.236462
RV0002652,PR001813,D0045,2,3,1,2024-02-03 13:21:28.141610
RV0002653,PR001814,D0036,1,4,1,2024-01-25 22:56:45.639979
RV0002654,PR001815,D0036,1,0,1,2024-02-10 00:54:31.743654
RV0002655,PR001816,D0036,1,10,0,2024-02-18 09:39:32.201179
RV0002656,PR001816,D0036,2,1,0,2024-02-18 00:40:40.964636
RV0002657,PR001816,D0036,3,3,1,2024-02-18 11:20:15.149737
RV0002658,PR001817,D0040,1,2,0,2024-02-12 09:05:14.572226
RV0002659,PR001817,D0040,2,0,1,2024-02-12 08:03:45.909041
RV0002660,PR001820,D0046,1,9,1,2024-02-16 06:59:45.707787
RV0002661,PR001821,D0010,1,4,1,2024-02-18 22:31:47.909325
RV0002662,PR001822,D0045,1,2,0,2024-02-17 17:25:16.236697
RV0002663,PR001822,D0045,2,8,1,2024-02-17 13:14:57.111785
RV0002664,PR001823,D0010,1,13,1,2024-02-13 12:01:32.890860
RV0002665,PR001824,D0001,1,2,1,2024-02-13 04:57:06.255935
RV0002666,PR001825,D0045,1,0,1,2024-02-16 17:13:44.253697
RV0002667,PR001826,D0053,1,12,1,2024-02-11 12:12:49.134116
RV0002668,PR001827,D0046,1,0,1,2024-02-11 05:57:09.069191
RV0002669,PR001828,D0046,1,18,0,2024-02-08 20:55:49.170719
RV0002670,PR001828,D0046,2,4,1,2024-02-08 22:50:24.701705
RV0002671,PR001830,D0046,1,3,0,2024-02-10 07:13:47.277849
RV0002672,PR001830,D0046,2,3,1,2024-02-10 06:43:50.640118
RV0002673,PR001831,D0040,1,12,1,2024-02-19 15:20:50.748988
RV0002674,PR001832,D0040,1,5,1,2024-02-12 07:31:07.557048
RV0002675,PR001833,D0045,1,0,1,2024-02-27 10:17:06.129018
RV0002676,PR001834,D0053,1,7,0,2024-03-04 12:11:13.357738
RV0002677,PR001834,D0053,2,5,1,2024-03-04 12:08:21.556193
RV0002678,PR001836,D0041,1,9,1,2024-02-29 19:20:27.211452
RV0002679,PR001838,D0046,1,5,1,2024-02-25 07:09:18.757557
RV0002680,PR001839,D0046,1,12,0,2024-03-01 17:02:40.395029
RV0002681,PR001839,D0046,2,0,0,2024-03-01 17:47:20.957786
RV0002682,PR001839,D0046,3,2,1,2024-03-02 14:48:02.340582
RV0002683,PR001840,D0010,1,11,1,2024-03-04 09:51:56.520554
RV0002684,PR001841,D0041,1,3,0,2024-02-24 07:00:30.949898
RV0002685,PR001841,D0041,2,3,0,2024-02-24 06:53:05.812316
RV0002686,PR001841,D0041,3,12,1,2024-02-24 14:41:18.109049
RV0002687,PR001842,D0041,1,4,0,2024-02-23 04:03:51.990555
RV0002688,PR001842,D0041,2,4,0,2024-02-23 14:13:54.459105
RV0002689,PR001842,D0041,3,6,1,2024-02-23 09:56:11.281415
RV0002690,PR001843,D0010,1,1,0,2024-02-25 19:40:05.799313
RV0002691,PR001843,D0010,2,5,0,2024-02-25 20:22:41.465392
RV0002692,PR001843,D0010,3,10,1,2024-02-25 20:07:58.260939
RV0002693,PR001844,D0001,1,3,1,2024-03-01 05:40:50.766427
RV0002694,PR001845,D0040,1,2,1,2024-02-27 22:43:04.587217
RV0002695,PR001846,D0041,1,3,1,2024-02-29 17:57:58.439461
RV0002696,PR001847,D0001,1,0,1,2024-02-25 13:01:47.084129
RV0002697,PR001848,D0001,1,1,0,2024-02-22 18:49:27.645329
RV0002698,PR001848,D0001,2,2,1,2024-02-22 16:08:13.657662
RV0002699,PR001849,D0053,1,1,1,2024-02-25 00:42:51.673428
RV0002700,PR001850,D0045,1,3,0,2024-02-28 23:06:22.421378
RV0002701,PR001850,D0045,2,4,1,2024-02-29 03:28:58.134074
RV0002702,PR001851,D0045,1,3,1,2024-02-27 18:47:27.175166
RV0002703,PR001852,D0010,1,6,1,2024-02-25 10:51:45.867958
RV0002704,PR001853,D0053,1,2,1,2024-03-01 06:08:52.388542
RV0002705,PR001855,D0045,1,13,1,2024-02-24 00:31:28.456244
RV0002706,PR001857,D0001,1,2,1,2024-03-11 03:53:55.869017
RV0002707,PR001859,D0001,1,2,0,2024-03-08 06:57:39.560543
RV0002708,PR001859,D0001,2,4,1,2024-03-08 06:41:43.869407
RV0002709,PR001860,D0036,1,1,0,2024-03-10 07:22:47.268932
RV0002710,PR001860,D0036,2,7,1,2024-03-10 06:11:48.881198
RV0002711,PR001861,D0046,1,3,0,2024-03-17 00:14:51.211574
RV0002712,PR001861,D0046,2,1,1,2024-03-16 21:12:42.778817
RV0002713,PR001862,D0036,1,12,0,2024-03-09 10:48:19.011227
RV0002714,PR001862,D0036,2,13,1,2024-03-09 13:03:45.212475
RV0002715,PR001863,D0045,1,1,1,2024-03-07 10:01:33.388248
RV0002716,PR001864,D0041,1,6,0,2024-03-15 11:43:44.929834
RV0002717,PR001864,D0041,2,3,0,2024-03-15 15:01:27.861026
RV0002718,PR001864,D0041,3,0,1,2024-03-14 23:51:00.486015
RV0002719,PR001865,D0045,1,3,0,2024-03-16 13:07:00.674612
RV0002720,PR001865,D0045,2,4,1,2024-03-16 20:36:32.949976
RV0002721,PR001866,D0046,1,2,0,2024-03-19 01:38:30.081809
RV0002722,PR001866,D0046,2,2,0,2024-03-19 01:10:17.793455
RV0002723,PR001866,D0046,3,1,1,2024-03-19 02:00:57.279409
RV0002724,PR001867,D0053,1,2,1,2024-03-08 00:13:32.338754
RV0002725,PR001868,D0036,1,0,0,2024-03-09 04:44:21.492489
RV0002726,PR001868,D0036,2,1,1,2024-03-09 05:17:17.008143
RV0002727,PR001869,D0053,1,1,0,2024-03-12 08:44:27.468119
RV0002728,PR001869,D0053,2,5,1,2024-03-12 05:51:56.588142
RV0002729,PR001870,D0041,1,6,1,2024-03-08 19:17:23.268962
RV0002730,PR001871,D0010,1,0,1,2024-03-10 21:25:27.036761
RV0002731,PR001873,D0053,1,5,0,2024-03-30 10:15:02.946872
RV0002732,PR001873,D0053,2,2,1,2024-03-30 10:13:13.965219
RV0002733,PR001874,D0045,1,2,1,2024-03-23 11:34:02.659891
RV0002734,PR001875,D0036,1,2,0,2024-03-23 19:08:58.650346
RV0002735,PR001875,D0036,2,6,1,2024-03-23 18:05:07.768236
RV0002736,PR001876,D0010,1,1,1,2024-03-29 06:13:54.786857
RV0002737,PR001877,D0046,1,3,0,2024-04-02 06:13:54.963467
RV0002738,PR001877,D0046,2,1,1,2024-04-01 16:24:51.161090
RV0002739,PR001878,D0036,1,1,1,2024-03-23 01:44:38.448177
RV0002740,PR001879,D0053,1,2,1,2024-03-21 14:13:36.942872
RV0002741,PR001880,D0010,1,3,0,2024-03-26 17:17:40.143194
RV0002742,PR001880,D0010,2,2,1,2024-03-26 20:49:38.172765
RV0002743,PR001881,D0036,1,2,1,2024-03-23 20:07:47.738875
RV0002744,PR001882,D0001,1,8,1,2024-03-22 12:15:52.801448
RV0002745,PR001883,D0036,1,4,1,2024-03-22 11:48:11.305900
RV0002746,PR001884,D0040,1,5,1,2024-03-30 13:44:10.935512
RV0002747,PR001885,D0041,1,3,1,2024-03-25 07:29:46.734859
RV0002748,PR001887,D0046,1,4,1,2024-04-01 20:31:10.116392
RV0002749,PR001888,D0010,1,4,1,2024-03-22 10:24:05.709676
RV0002750,PR001890,D0045,1,3,1,2024-04-12 14:58:03.083776
RV0002751,PR001891,D0036,1,3,0,2024-04-05 21:45:44.952943
RV0002752,PR001891,D0036,2,10,0,2024-04-05 17:58:04.590317
RV0002753,PR001891,D0036,3,3,1,2024-04-05 18:40:36.545738
RV0002754,PR001892,D0010,1,1,0,2024-04-09 21:43:35.295942
RV0002755,PR001892,D0010,2,1,1,2024-04-10 20:52:51.227907
RV0002756,PR001893,D0041,1,5,0,2024-04-05 05:12:52.703270
RV0002757,PR001893,D0041,2,8,1,2024-04-04 23:14:40.934051
RV0002758,PR001894,D0036,1,0,0,2024-04-16 05:54:14.726081
RV0002759,PR001894,D0036,2,4,1,2024-04-15 17:43:56.371505
RV0002760,PR001895,D0045,1,4,0,2024-04-09 13:21:58.397520
RV0002761,PR001895,D0045,2,12,1,2024-04-09 13:22:04.621063
RV0002762,PR001896,D0036,1,1,0,2024-04-14 02:12:36.587484
RV0002763,PR001896,D0036,2,1,1,2024-04-14 02:27:12.619981
RV0002764,PR001897,D0036,1,4,1,2024-04-12 21:41:36.167693
RV0002765,PR001898,D0041,1,4,0,2024-04-08 10:30:52.110132
RV0002766,PR001898,D0041,2,4,0,2024-04-08 04:23:00.642813
RV0002767,PR001898,D0041,3,0,1,2024-04-08 08:14:44.428558
RV0002768,PR001899,D0045,1,1,1,2024-04-07 22:08:29.621442
RV0002769,PR001900,D0036,1,7,0,2024-04-15 19:31:43.018750
RV0002770,PR001900,D0036,2,1,1,2024-04-15 20:00:16.742946
RV0002771,PR001901,D0041,1,10,1,2024-04-07 20:36:37.412950
RV0002772,PR001902,D0036,1,7,1,2024-04-05 22:39:41.532882
RV0002773,PR001903,D0040,1,1,1,2024-04-09 01:35:15.251046
RV0002774,PR001904,D0040,1,0,0,2024-04-11 19:07:52.406579
RV0002775,PR001904,D0040,2,0,1,2024-04-11 07:07:46.022762
RV0002776,PR001905,D0041,1,1,1,2024-04-05 13:50:34.719965
RV0002777,PR001906,D0040,1,2,1,2024-04-04 08:21:28.182641
RV0002778,PR001909,D0046,1,3,0,2024-04-06 18:17:00.757905
RV0002779,PR001909,D0046,2,1,1,2024-04-06 20:33:16.691565
RV0002780,PR001911,D0001,1,4,1,2024-04-12 23:17:44.934005
RV0002781,PR001913,D0053,1,4,0,2024-04-16 17:42:11.988459
RV0002782,PR001913,D0053,2,5,1,2024-04-16 02:45:27.034443
RV0002783,PR001914,D0001,1,7,0,2024-04-12 17:01:33.380202
RV0002784,PR001914,D0001,2,0,1,2024-04-12 16:54:29.547818
RV0002785,PR001915,D0028,1,3,0,2023-11-24 18:03:48.227685
RV0002786,PR001915,D0028,2,12,1,2023-11-24 18:07:06.109498
RV0002787,PR001916,D0016,1,0,0,2023-11-30 13:44:21.594148
RV0002788,PR001916,D0016,2,3,1,2023-11-30 13:35:22.779483
RV0002789,PR001918,D0051,1,2,1,2023-12-05 20:46:33.097123
RV0002790,PR001919,D0051,1,1,0,2023-12-04 20:42:40.297325
RV0002791,PR001919,D0051,2,2,0,2023-12-04 21:06:08.847552
RV0002792,PR001919,D0051,3,6,1,2023-12-04 16:19:43.342744
RV0002793,PR001920,D0011,1,1,1,2023-12-05 17:46:38.500691
RV0002794,PR001921,D0016,1,8,1,2023-12-03 06:06:41.859231
RV0002795,PR001922,D0016,1,0,0,2023-11-25 03:28:34.679972
RV0002796,PR001922,D0016,2,6,0,2023-11-25 07:08:10.028943
RV0002797,PR001922,D0016,3,10,1,2023-11-25 04:56:28.514196
RV0002798,PR001923,D0016,1,1,1,2023-11-30 19:05:12.095946
RV0002799,PR001924,D0011,1,2,1,2023-11-24 22:54:18.843247
RV0002800,PR001925,D0051,1,4,1,2023-12-14 07:31:33.630255
RV0002801,PR001926,D0051,1,10,0,2023-12-11 14:30:51.096445
RV0002802,PR001926,D0051,2,3,1,2023-12-11 13:43:43.750555
RV0002803,PR001927,D0039,1,0,0,2023-12-10 11:44:44.841880
RV0002804,PR001927,D0039,2,6,1,2023-12-10 04:57:11.031348
RV0002805,PR001929,D0051,1,3,1,2023-12-08 23:18:32.310040
RV0002806,PR001930,D0039,1,2,1,2023-12-18 13:12:30.377468
RV0002807,PR001931,D0039,1,3,0,2023-12-19 07:58:39.845271
RV0002808,PR001931,D0039,2,0,0,2023-12-19 08:31:54.957326
RV0002809,PR001931,D0039,3,0,1,2023-12-19 09:19:00.453435
RV0002810,PR001932,D0051,1,6,1,2023-12-17 19:39:11.146181
RV0002811,PR001933,D0039,1,3,1,2023-12-17 08:39:21.038883
RV0002812,PR001934,D0039,1,2,0,2023-12-10 00:07:08.103617
RV0002813,PR001934,D0039,2,1,1,2023-12-09 22:48:02.427101
RV0002814,PR001935,D0039,1,0,0,2023-12-20 11:20:18.682620
RV0002815,PR001935,D0039,2,0,0,2023-12-19 12:31:07.666099
RV0002816,PR001935,D0039,3,5,1,2023-12-19 16:23:48.068970
RV0002817,PR001936,D0039,1,3,1,2023-12-15 01:27:25.885169
RV0002818,PR001937,D0016,1,0,0,2023-12-20 08:10:16.892973
RV0002819,PR001937,D0016,2,3,1,2023-12-19 23:11:11.126293
RV0002820,PR001938,D0011,1,1,0,2023-12-13 07:21:54.470707
RV0002821,PR001938,D0011,2,2,0,2023-12-13 19:16:59.104738
RV0002822,PR001938,D0011,3,13,1,2023-12-13 20:40:03.137187
RV0002823,PR001939,D0051,1,2,1,2023-12-18 10:29:11.643385
RV0002824,PR001940,D0028,1,1,1,2023-12-17 05:29:29.878298
RV0002825,PR001941,D0039,1,6,0,2023-12-29 14:50:28.892837
RV0002826,PR001941,D0039,2,1,1,2023-12-30 21:03:40.017509
RV0002827,PR001942,D0051,1,0,0,2024-01-02 13:07:18.646686
RV0002828,PR001942,D0051,2,9,1,2024-01-02 15:02:05.398015
RV0002829,PR001943,D0051,1,7,0,2023-12-29 09:44:47.887890
RV0002830,PR001943,D0051,2,2,0,2023-12-29 06:49:21.912612
RV0002831,PR001943,D0051,3,3,1,2023-12-29 17:07:45.187137
RV0002832,PR001944,D0011,1,6,1,2023-12-31 01:33:54.703563
RV0002833,PR001945,D0028,1,4,0,2024-01-01 02:13:39.329929
RV0002834,PR001945,D0028,2,3,1,2023-12-31 15:45:18.920398
RV0002835,PR001946,D0028,1,4,0,2023-12-30 08:06:22.033276
RV0002836,PR001946,D0028,2,4,1,2023-12-30 19:54:16.737331
RV0002837,PR001947,D0011,1,5,0,2024-01-02 19:01:20.784623
RV0002838,PR001947,D0011,2,11,1,2024-01-02 23:56:01.427025
RV0002839,PR001948,D0051,1,6,1,2024-01-01 07:01:45.073016
RV0002840,PR001949,D0011,1,5,1,2023-12-24 03:20:03.727385
RV0002841,PR001950,D0016,1,1,1,2023-12-31 02:39:26.629994
RV0002842,PR001951,D0051,1,2,1,2023-12-24 04:42:04.275314
RV0002843,PR001952,D0028,1,7,0,2023-12-27 02:34:17.091357
RV0002844,PR001952,D0028,2,8,0,2023-12-26 23:02:51.125687
RV0002845,PR001952,D0028,3,2,1,2023-12-27 03:57:59.245596
RV0002846,PR001953,D0011,1,1,0,2023-12-31 16:30:43.469532
RV0002847,PR001953,D0011,2,3,1,2023-12-31 14:35:29.692426
RV0002848,PR001954,D0011,1,4,0,2023-12-26 09:15:00.215550
RV0002849,PR001954,D0011,2,1,0,2023-12-26 07:55:21.903552
RV0002850,PR001954,D0011,3,0,1,2023-12-26 05:42:02.590485
RV0002851,PR001955,D0039,1,12,0,2024-01-01 04:36:29.613606
RV0002852,PR001955,D0039,2,6,1,2024-01-01 16:19:55.925501
RV0002853,PR001956,D0016,1,10,1,2024-01-01 11:35:36.754531
RV0002854,PR001957,D0028,1,8,0,2023-12-24 05:48:31.863602
RV0002855,PR001957,D0028,2,5,1,2023-12-24 07:13:28.629037
RV0002856,PR001958,D0051,1,6,1,2023-12-29 10:11:15.945933
RV0002857,PR001959,D0016,1,3,1,2023-12-26 12:17:19.254331
RV0002858,PR001960,D0028,1,6,1,2024-01-01 20:00:00.970103
RV0002859,PR001961,D0039,1,0,1,2023-12-22 09:05:05.883031
RV0002860,PR001962,D0016,1,1,1,2023-12-27 01:54:04.576738
RV0002861,PR001963,D0028,1,3,1,2024-01-14 03:37:18.307146
RV0002862,PR001964,D0051,1,6,1,2024-01-10 20:40:14.927852
RV0002863,PR001966,D0016,1,4,1,2024-01-14 06:16:47.313630
RV0002864,PR001968,D0051,1,3,0,2024-01-08 20:40:19.917238
RV0002865,PR001968,D0051,2,4,0,2024-01-09 08:56:04.285962
RV0002866,PR001968,D0051,3,8,1,2024-01-09 10:48:52.439112
RV0002867,PR001969,D0011,1,9,0,2024-01-07 11:15:21.252896
RV0002868,PR001969,D0011,2,2,0,2024-01-07 13:01:38.916361
RV0002869,PR001969,D0011,3,9,1,2024-01-07 18:58:00.147370
RV0002870,PR001970,D0016,1,8,1,2024-01-13 05:52:20.551336
RV0002871,PR001971,D0051,1,2,0,2024-01-13 22:19:28.737913
RV0002872,PR001971,D0051,2,1,1,2024-01-14 12:42:23.244832
RV0002873,PR001972,D0016,1,3,0,2024-01-06 07:33:32.348090
RV0002874,PR001972,D0016,2,2,1,2024-01-06 10:59:30.059949
RV0002875,PR001973,D0016,1,0,1,2024-01-14 09:08:30.107347
RV0002876,PR001974,D0051,1,3,1,2024-01-10 12:42:15.111707
RV0002877,PR001975,D0028,1,3,1,2024-01-14 19:28:09.242478
RV0002878,PR001976,D0039,1,6,1,2024-01-09 17:59:35.660254
RV0002879,PR001977,D0051,1,0,0,2024-01-17 01:52:03.665938
RV0002880,PR001977,D0051,2,5,0,2024-01-16 20:39:04.745473
RV0002881,PR001977,D0051,3,5,1,2024-01-17 04:06:05.388427
RV0002882,PR001978,D0039,1,3,1,2024-01-07 14:02:13.484608
RV0002883,PR001979,D0011,1,3,1,2024-01-08 11:36:09.143628
RV0002884,PR001980,D0051,1,3,1,2024-01-11 23:51:47.535895
RV0002885,PR001981,D0016,1,3,1,2024-01-08 23:24:38.327322
RV0002886,PR001982,D0051,1,8,1,2024-01-17 12:13:08.257197
RV0002887,PR001983,D0039,1,2,1,2024-01-05 22:09:26.272217
RV0002888,PR001984,D0039,1,2,0,2024-01-15 10:04:02.247999
RV0002889,PR001984,D0039,2,1,1,2024-01-15 05:35:46.989179
RV0002890,PR001986,D0051,1,0,1,2024-01-16 13:10:05.833405
RV0002891,PR001988,D0028,1,16,1,2024-01-26 03:39:55.915872
RV0002892,PR001989,D0039,1,4,1,2024-01-27 07:24:30.371364
RV0002893,PR001990,D0039,1,11,1,2024-01-23 05:37:27.344435
RV0002894,PR001992,D0039,1,0,0,2024-01-21 05:59:25.602055
RV0002895,PR001992,D0039,2,3,1,2024-01-20 22:06:39.923379
RV0002896,PR001993,D0028,1,2,0,2024-01-20 09:45:10.197267
RV0002897,PR001993,D0028,2,3,1,2024-01-20 14:07:18.405439
RV0002898,PR001994,D0051,1,0,1,2024-01-25 01:39:21.605542
RV0002899,PR001995,D0016,1,4,0,2024-01-29 01:47:40.242922
RV0002900,PR001995,D0016,2,2,1,2024-01-29 10:55:21.479786
RV0002901,PR001996,D0016,1,3,1,2024-01-27 07:00:51.143442
RV0002902,PR001997,D0016,1,6,0,2024-01-19 11:44:45.827624
RV0002903,PR001997,D0016,2,2,1,2024-01-19 18:42:56.025779
RV0002904,PR001998,D0011,1,2,1,2024-01-26 21:54:31.412490
RV0002905,PR001999,D0016,1,0,0,2024-01-28 20:39:38.935764
RV0002906,PR001999,D0016,2,0,1,2024-01-28 21:11:56.304860
RV0002907,PR002000,D0039,1,4,0,2024-01-25 17:55:25.271312
RV0002908,PR002000,D0039,2,2,1,2024-01-26 11:29:00.992828
RV0002909,PR002001,D0016,1,18,1,2024-01-24 03:45:23.692840
RV0002910,PR002002,D0051,1,3,1,2024-01-22 18:21:15.559190
RV0002911,PR002003,D0016,1,2,1,2024-01-31 05:28:35.239922
RV0002912,PR002004,D0016,1,6,1,2024-01-30 07:28:11.143857
RV0002913,PR002005,D0016,1,1,1,2024-01-28 18:37:47.351332
RV0002914,PR002006,D0011,1,4,0,2024-02-09 10:23:21.802642
RV0002915,PR002006,D0011,2,0,0,2024-02-09 16:32:52.872603
RV0002916,PR002006,D0011,3,6,1,2024-02-09 12:18:19.886213
RV0002917,PR002007,D0011,1,12,1,2024-02-09 04:32:26.888439
RV0002918,PR002008,D0011,1,3,0,2024-02-04 05:04:04.915268
RV0002919,PR002008,D0011,2,1,1,2024-02-04 21:09:42.622559
RV0002920,PR002009,D0039,1,5,0,2024-02-10 14:13:01.290950
RV0002921,PR002009,D0039,2,4,1,2024-02-10 10:23:57.183992
RV0002922,PR002010,D0051,1,10,1,2024-02-09 07:26:01.380581
RV0002923,PR002011,D0016,1,2,1,2024-02-06 02:24:23.312226
RV0002924,PR002012,D0051,1,1,1,2024-02-05 17:12:01.678779
RV0002925,PR002013,D0028,1,6,0,2024-02-13 23:32:47.775945
RV0002926,PR002013,D0028,2,2,1,2024-02-13 17:11:18.947300
RV0002927,PR002014,D0028,1,0,1,2024-02-10 22:39:34.284078
RV0002928,PR002015,D0028,1,1,1,2024-02-06 13:40:37.298326
RV0002929,PR002016,D0016,1,8,0,2024-02-05 03:44:11.488693
RV0002930,PR002016,D0016,2,0,0,2024-02-05 02:00:55.357899
RV0002931,PR002016,D0016,3,2,1,2024-02-05 03:20:26.818212
RV0002932,PR002017,D0016,1,1,1,2024-02-05 21:18:05.579696
RV0002933,PR002018,D0011,1,6,0,2024-02-13 05:07:20.775107
RV0002934,PR002018,D0011,2,2,1,2024-02-12 21:35:15.586109
RV0002935,PR002019,D0011,1,6,1,2024-02-03 11:26:01.122029
RV0002936,PR002020,D0011,1,1,1,2024-02-04 23:24:42.829459
RV0002937,PR002021,D0011,1,4,1,2024-02-10 21:01:56.465162
RV0002938,PR002022,D0011,1,0,1,2024-02-02 19:59:34.785175
RV0002939,PR002023,D0051,1,2,1,2024-02-07 21:11:58.861372
RV0002940,PR002024,D0016,1,20,0,2024-02-28 08:55:13.201059
RV0002941,PR002024,D0016,2,11,1,2024-02-28 02:43:56.057877
RV0002942,PR002025,D0016,1,2,0,2024-02-28 15:19:01.645913
RV0002943,PR002025,D0016,2,5,1,2024-02-28 05:34:23.945588
RV0002944,PR002026,D0028,1,1,1,2024-02-21 21:22:05.829167
RV0002945,PR002027,D0051,1,4,0,2024-02-25 04:55:54.385195
RV0002946,PR002027,D0051,2,2,1,2024-02-25 05:08:53.578027
RV0002947,PR002028,D0051,1,3,0,2024-02-25 23:41:46.954690
RV0002948,PR002028,D0051,2,3,1,2024-02-25 20:18:51.439906
RV0002949,PR002029,D0028,1,1,0,2024-02-24 21:11:09.505504
RV0002950,PR002029,D0028,2,0,0,2024-02-24 19:25:07.385147
RV0002951,PR002029,D0028,3,7,1,2024-02-24 22:23:27.901175
RV0002952,PR002030,D0011,1,1,1,2024-02-16 03:21:28.101983
RV0002953,PR002031,D0039,1,2,1,2024-02-18 08:04:29.389738
RV0002954,PR002032,D0051,1,1,1,2024-02-18 02:36:16.029116
RV0002955,PR002034,D0051,1,7,0,2024-02-27 00:37:37.801727
RV0002956,PR002034,D0051,2,4,1,2024-02-26 23:57:17.446464
RV0002957,PR002035,D0028,1,3,1,2024-03-13 21:07:47.312404
RV0002958,PR002036,D0011,1,6,1,2024-03-12 01:20:03.036721
RV0002959,PR002037,D0016,1,4,1,2024-03-06 06:42:34.971305
RV0002960,PR002038,D0016,1,4,1,2024-03-08 04:34:55.962121
RV0002961,PR002039,D0011,1,7,0,2024-03-07 03:54:11.571268
RV0002962,PR002039,D0011,2,4,1,2024-03-07 17:27:07.808139
RV0002963,PR002040,D0051,1,2,1,2024-03-06 13:48:15.641690
RV0002964,PR002041,D0016,1,4,1,2024-03-05 17:03:16.519077
RV0002965,PR002042,D0039,1,1,0,2024-03-10 00:37:24.384521
RV0002966,PR002042,D0039,2,3,1,2024-03-09 09:32:45.335752
RV0002967,PR002043,D0016,1,4,1,2024-03-07 15:09:41.289582
RV0002968,PR002044,D0028,1,4,0,2024-03-09 02:51:03.915992
RV0002969,PR002044,D0028,2,5,1,2024-03-08 09:07:43.891379
RV0002970,PR002045,D0039,1,0,1,2024-03-08 23:18:08.847243
RV0002971,PR002046,D0039,1,13,1,2024-03-07 17:00:03.251484
RV0002972,PR002047,D0039,1,4,0,2024-03-03 08:59:36.224792
RV0002973,PR002047,D0039,2,4,1,2024-03-03 07:24:16.602959
RV0002974,PR002049,D0016,1,6,0,2024-03-10 17:34:54.317982
RV0002975,PR002049,D0016,2,5,1,2024-03-10 20:55:30.779043
RV0002976,PR002050,D0028,1,6,0,2024-03-11 10:37:04.910524
RV0002977,PR002050,D0028,2,5,0,2024-03-11 10:05:31.856469
RV0002978,PR002050,D0028,3,3,1,2024-03-11 10:42:02.233429
RV0002979,PR002051,D0011,1,3,0,2024-03-11 23:40:47.317151
RV0002980,PR002051,D0011,2,1,1,2024-03-12 04:39:59.941511
RV0002981,PR002052,D0016,1,1,1,2024-03-04 13:30:45.165554
RV0002982,PR002053,D0016,1,2,1,2024-03-10 15:24:40.849886
RV0002983,PR002054,D0039,1,14,0,2024-03-01 14:48:52.669158
RV0002984,PR002054,D0039,2,10,1,2024-03-02 15:52:09.769972
RV0002985,PR002055,D0028,1,9,0,2024-03-04 21:09:39.832549
RV0002986,PR002055,D0028,2,6,1,2024-03-04 14:08:21.045762
RV0002987,PR002056,D0028,1,1,0,2024-03-20 05:19:16.183770
RV0002988,PR002056,D0028,2,12,1,2024-03-20 05:45:43.600206
RV0002989,PR002057,D0028,1,0,0,2024-03-22 20:03:48.827785
RV0002990,PR002057,D0028,2,1,1,2024-03-22 23:34:18.177457
RV0002991,PR002058,D0051,1,3,1,2024-03-15 22:34:40.362447
RV0002992,PR002059,D0028,1,6,1,2024-03-16 01:58:08.714674
RV0002993,PR002060,D0039,1,3,0,2024-03-19 13:48:34.729821
RV0002994,PR002060,D0039,2,4,0,2024-03-19 16:31:43.381554
RV0002995,PR002060,D0039,3,5,1,2024-03-20 06:07:58.354556
RV0002996,PR002061,D0039,1,0,0,2024-03-16 06:29:36.802077
RV0002997,PR002061,D0039,2,3,1,2024-03-17 13:13:14.815843
RV0002998,PR002063,D0051,1,8,1,2024-03-23 03:17:53.133267
RV0002999,PR002064,D0039,1,2,1,2024-03-21 15:45:58.262190
RV0003000,PR002065,D0051,1,7,1,2024-03-22 02:21:23.187002
RV0003001,PR002066,D0028,1,10,0,2024-03-21 10:48:53.824270
RV0003002,PR002066,D0028,2,5,1,2024-03-22 03:12:52.902156
RV0003003,PR002067,D0028,1,3,0,2024-04-01 07:25:06.482394
RV0003004,PR002067,D0028,2,0,1,2024-04-01 12:30:44.205246
RV0003005,PR002069,D0011,1,1,0,2024-04-02 07:39:49.884960
RV0003006,PR002069,D0011,2,9,1,2024-04-02 20:39:45.092408
RV0003007,PR002070,D0016,1,1,0,2024-04-09 01:12:31.284058
RV0003008,PR002070,D0016,2,0,0,2024-04-09 02:36:50.001129
RV0003009,PR002070,D0016,3,3,1,2024-04-09 03:12:47.955876
RV0003010,PR002072,D0028,1,2,0,2024-04-03 14:54:17.917736
RV0003011,PR002072,D0028,2,2,0,2024-04-03 16:06:38.492396
RV0003012,PR002072,D0028,3,1,1,2024-04-03 12:49:16.761011
RV0003013,PR002073,D0016,1,10,1,2024-04-05 13:25:08.138574
RV0003014,PR002074,D0039,1,1,1,2024-04-07 19:59:39.000722
RV0003015,PR002076,D0011,1,3,0,2024-03-30 10:55:30.158315
RV0003016,PR002076,D0011,2,2,1,2024-03-31 04:07:53.456228
RV0003017,PR002077,D0016,1,5,1,2024-04-06 12:59:56.816158
RV0003018,PR002078,D0039,1,7,0,2024-04-10 02:41:30.970175
RV0003019,PR002078,D0039,2,2,1,2024-04-10 12:14:40.805227
RV0003020,PR002079,D0051,1,0,1,2024-04-05 06:32:44.657054
RV0003021,PR002080,D0028,1,7,0,2024-03-31 23:24:24.926849
RV0003022,PR002080,D0028,2,14,0,2024-04-01 00:29:46.846194
RV0003023,PR002080,D0028,3,2,1,2024-04-01 01:39:26.043059
RV0003024,PR002081,D0039,1,7,1,2024-04-09 08:31:47.470977
RV0003025,PR002082,D0011,1,1,1,2024-04-07 22:25:12.775149
RV0003026,PR002083,D0051,1,4,1,2024-04-07 19:17:24.018794
RV0003027,PR002084,D0051,1,2,1,2024-04-02 13:08:36.122090
RV0003028,PR002085,D0051,1,2,0,2024-03-30 07:47:48.788608
RV0003029,PR002085,D0051,2,3,1,2024-03-30 06:04:43.116030
RV0003030,PR002086,D0019,1,10,1,2023-11-21 08:42:36.267892
RV0003031,PR002087,D0042,1,4,0,2023-11-22 10:15:39.425611
RV0003032,PR002087,D0042,2,1,1,2023-11-23 01:46:34.051968
RV0003033,PR002089,D0006,1,3,1,2023-11-23 16:06:10.991029
RV0003034,PR002090,D0004,1,0,0,2023-12-01 10:02:52.790268
RV0003035,PR002090,D0004,2,2,1,2023-12-01 08:22:11.636776
RV0003036,PR002091,D0006,1,4,0,2023-11-20 21:02:41.556079
RV0003037,PR002091,D0006,2,2,1,2023-11-20 20:29:25.182673
RV0003038,PR002092,D0042,1,6,0,2023-11-25 05:22:47.190617
RV0003039,PR002092,D0042,2,3,1,2023-11-25 06:52:24.291955
RV0003040,PR002093,D0019,1,2,1,2023-11-28 13:43:01.932763
RV0003041,PR002094,D0042,1,1,0,2023-11-22 20:04:45.388726
RV0003042,PR002094,D0042,2,1,1,2023-11-22 16:17:04.411703
RV0003043,PR002095,D0042,1,4,1,2023-11-30 08:47:00.123647
RV0003044,PR002096,D0042,1,4,1,2023-11-28 21:43:45.301358
RV0003045,PR002097,D0026,1,5,0,2023-11-19 16:48:08.431818
RV0003046,PR002097,D0026,2,2,1,2023-11-19 22:11:58.950997
RV0003047,PR002098,D0006,1,2,1,2023-11-20 15:23:02.423124
RV0003048,PR002099,D0042,1,3,0,2023-11-29 21:16:59.338393
RV0003049,PR002099,D0042,2,4,1,2023-11-29 10:15:29.698432
RV0003050,PR002100,D0004,1,1,0,2023-11-27 18:21:04.222648
RV0003051,PR002100,D0004,2,3,1,2023-11-27 14:29:51.397671
RV0003052,PR002101,D0050,1,5,0,2023-11-28 23:35:54.428420
RV0003053,PR002101,D0050,2,1,1,2023-11-29 03:42:41.081600
RV0003054,PR002102,D0019,1,3,1,2023-11-26 01:21:23.168880
RV0003055,PR002103,D0030,1,17,0,2023-11-24 04:10:33.046516
RV0003056,PR002103,D0030,2,6,1,2023-11-24 05:25:52.654265
RV0003057,PR002104,D0006,1,2,1,2023-11-29 16:58:42.323703
RV0003058,PR002105,D0004,1,5,0,2023-11-29 00:28:02.421800
RV0003059,PR002105,D0004,2,2,1,2023-11-29 04:33:13.525522
RV0003060,PR002106,D0026,1,7,0,2023-11-26 09:38:08.359009
RV0003061,PR002106,D0026,2,8,1,2023-11-26 09:16:00.871388
RV0003062,PR002107,D0019,1,7,0,2023-12-03 19:17:08.443041
RV0003063,PR002107,D0019,2,2,0,2023-12-03 14:42:53.128528
RV0003064,PR002107,D0019,3,0,1,2023-12-03 17:32:16.991610
RV0003065,PR002108,D0050,1,4,1,2023-12-03 13:32:17.958111
RV0003066,PR002109,D0042,1,1,0,2023-12-10 12:45:16.894695
RV0003067,PR002109,D0042,2,2,0,2023-12-10 19:20:14.114239
RV0003068,PR002109,D0042,3,0,1,2023-12-10 16:56:11.936871
RV0003069,PR002111,D0050,1,0,1,2023-12-08 20:53:17.692701
RV0003070,PR002113,D0030,1,7,0,2023-12-11 08:20:10.435278
RV0003071,PR002113,D0030,2,2,1,2023-12-11 08:43:55.427203
RV0003072,PR002114,D0042,1,1,1,2023-12-04 03:24:18.039536
RV0003073,PR002116,D0026,1,3,0,2023-12-10 07:27:22.348619
RV0003074,PR002116,D0026,2,3,0,2023-12-10 17:02:32.876429
RV0003075,PR002116,D0026,3,6,1,2023-12-10 13:42:46.198163
RV0003076,PR002117,D0042,1,7,1,2023-12-09 23:21:30.057302
RV0003077,PR002118,D0006,1,5,1,2023-12-06 01:45:15.147429
RV0003078,PR002119,D0030,1,0,1,2023-12-14 21:58:49.175150
RV0003079,PR002120,D0042,1,1,0,2023-12-24 21:37:05.322206
RV0003080,PR002120,D0042,2,1,1,2023-12-25 09:20:05.300014
RV0003081,PR002121,D0050,1,6,0,2023-12-26 02:16:40.354659
RV0003082,PR002121,D0050,2,3,1,2023-12-25 18:13:52.043610
RV0003083,PR002122,D0026,1,11,0,2023-12-20 03:16:52.313454
RV0003084,PR002122,D0026,2,3,1,2023-12-20 04:03:06.078930
RV0003085,PR002123,D0042,1,10,1,2023-12-20 18:21:29.541267
RV0003086,PR002125,D0006,1,0,1,2023-12-25 23:49:22.062022
RV0003087,PR002126,D0004,1,21,0,2023-12-20 15:18:01.299348
RV0003088,PR002126,D0004,2,4,1,2023-12-20 10:22:27.276873
RV0003089,PR002128,D0042,1,2,1,2023-12-23 20:24:14.238130
RV0003090,PR002129,D0030,1,11,1,2023-12-28 03:40:14.398708
RV0003091,PR002130,D0019,1,5,0,2023-12-29 13:13:05.532079
RV0003092,PR002130,D0019,2,0,0,2023-12-29 04:20:18.629307
RV0003093,PR002130,D0019,3,3,1,2023-12-29 13:58:28.520415
RV0003094,PR002131,D0004,1,14,1,2023-12-27 19:38:33.089317
RV0003095,PR002132,D0030,1,5,1,2023-12-23 22:35:45.932788
RV0003096,PR002135,D0042,1,12,1,2023-12-28 01:38:43.435231
RV0003097,PR002136,D0026,1,9,1,2023-12-26 09:20:18.672912
RV0003098,PR002138,D0026,1,7,1,2023-12-27 08:27:53.714705
RV0003099,PR002141,D0019,1,6,0,2023-12-25 21:02:50.865404
RV0003100,PR002141,D0019,2,4,1,2023-12-25 21:44:39.802797
RV0003101,PR002142,D0050,1,0,0,2023-12-25 09:50:45.845220
RV0003102,PR002142,D0050,2,7,1,2023-12-25 07:11:44.198875
RV0003103,PR002143,D0019,1,1,1,2023-12-23 12:43:49.451117
RV0003104,PR002144,D0042,1,2,1,2023-12-24 08:09:39.800506
RV0003105,PR002145,D0019,1,5,1,2024-01-04 18:31:55.911282
RV0003106,PR002146,D0019,1,2,1,2024-01-06 20:08:11.052013
RV0003107,PR002147,D0026,1,3,1,2024-01-10 06:30:45.184418
RV0003108,PR002148,D0006,1,2,0,2024-01-04 23:04:00.907533
RV0003109,PR002148,D0006,2,0,0,2024-01-05 04:34:33.225454
RV0003110,PR002148,D0006,3,3,1,2024-01-05 00:26:28.908523
RV0003111,PR002149,D0004,1,0,1,2024-01-11 10:44:17.754194
RV0003112,PR002150,D0050,1,2,0,2024-01-06 03:29:58.876510
RV0003113,PR002150,D0050,2,9,1,2024-01-06 01:35:59.635316
RV0003114,PR002151,D0030,1,0,1,2024-01-01 17:52:05.688763
RV0003115,PR002152,D0030,1,5,0,2024-01-11 10:02:54.979645
RV0003116,PR002152,D0030,2,4,1,2024-01-11 10:31:16.218968
RV0003117,PR002153,D0030,1,0,1,2024-01-08 10:55:09.528812
RV0003118,PR002154,D0042,1,1,0,2024-01-05 03:55:04.999029
RV0003119,PR002154,D0042,2,1,1,2024-01-04 22:53:42.539111
RV0003120,PR002155,D0006,1,4,1,2024-01-05 09:54:58.958697
RV0003121,PR002156,D0050,1,2,0,2024-01-11 23:12:38.243878
RV0003122,PR002156,D0050,2,1,0,2024-01-12 07:57:35.921903
RV0003123,PR002156,D0050,3,4,1,2024-01-12 03:23:21.483109
RV0003124,PR002157,D0050,1,0,0,2024-01-10 08:59:04.896771
RV0003125,PR002157,D0050,2,4,1,2024-01-10 03:33:24.497035
RV0003126,PR002158,D0042,1,8,0,2023-12-31 13:46:15.705846
RV0003127,PR002158,D0042,2,2,0,2023-12-31 16:51:19.844295
RV0003128,PR002158,D0042,3,0,1,2023-12-31 17:26:18.026287
RV0003129,PR002159,D0019,1,7,1,2024-01-01 11:32:00.252002
RV0003130,PR002160,D0026,1,11,1,2024-01-01 15:59:53.713602
RV0003131,PR002161,D0004,1,0,0,2024-01-10 15:38:23.214847
RV0003132,PR002161,D0004,2,2,1,2024-01-10 16:07:26.319934
RV0003133,PR002162,D0019,1,1,0,2024-01-02 22:59:54.333391
RV0003134,PR002162,D0019,2,4,1,2024-01-02 22:28:07.055454
RV0003135,PR002163,D0019,1,2,1,2024-01-04 11:55:10.842039
RV0003136,PR002164,D0030,1,8,1,2024-01-02 21:18:38.158543
RV0003137,PR002165,D0042,1,1,1,2024-01-05 18:21:46.449898
RV0003138,PR002166,D0042,1,0,1,2024-01-10 06:31:56.134702
RV0003139,PR002167,D0006,1,1,0,2024-01-12 17:47:57.082352
RV0003140,PR002167,D0006,2,0,1,2024-01-12 01:40:20.208454
RV0003141,PR002168,D0050,1,4,0,2024-01-07 16:59:42.308261
RV0003142,PR002168,D0050,2,1,1,2024-01-07 11:29:33.016068
RV0003143,PR002169,D0006,1,2,0,2024-01-05 04:57:54.056845
RV0003144,PR002169,D0006,2,1,1,2024-01-05 03:47:41.056244
RV0003145,PR002170,D0026,1,4,1,2024-01-06 12:32:06.938386
RV0003146,PR002172,D0019,1,3,1,2024-01-10 10:44:51.068203
RV0003147,PR002173,D0004,1,0,1,2024-01-24 17:44:40.900803
RV0003148,PR002174,D0006,1,3,0,2024-01-23 04:18:18.082458
RV0003149,PR002174,D0006,2,4,1,2024-01-23 06:40:15.953272
RV0003150,PR002175,D0004,1,9,0,2024-01-15 11:06:19.358208
RV0003151,PR002175,D0004,2,12,1,2024-01-15 08:37:39.237016
RV0003152,PR002176,D0030,1,0,0,2024-01-20 20:12:34.856194
RV0003153,PR002176,D0030,2,5,0,2024-01-20 20:49:55.951011
RV0003154,PR002176,D0030,3,7,1,2024-01-20 21:45:40.787896
RV0003155,PR002178,D0042,1,14,1,2024-01-15 22:01:53.321152
RV0003156,PR002179,D0050,1,1,0,2024-01-19 00:49:14.005252
RV0003157,PR002179,D0050,2,10,1,2024-01-19 00:54:47.437705
RV0003158,PR002180,D0042,1,6,0,2024-01-15 10:48:48.135349
RV0003159,PR002180,D0042,2,2,1,2024-01-15 07:25:43.329046
RV0003160,PR002182,D0006,1,1,0,2024-01-17 04:58:45.431657
RV0003161,PR002182,D0006,2,3,0,2024-01-17 06:55:54.506923
RV0003162,PR002182,D0006,3,3,1,2024-01-17 05:39:29.696361
RV0003163,PR002183,D0026,1,2,0,2024-01-25 23:17:21.179716
RV0003164,PR002183,D0026,2,5,1,2024-01-25 17:21:48.737285
RV0003165,PR002184,D0050,1,5,1,2024-01-18 22:56:06.460853
RV0003166,PR002185,D0050,1,3,1,2024-01-18 21:25:42.897604
RV0003167,PR002186,D0026,1,1,1,2024-01-17 02:31:55.091843
RV0003168,PR002187,D0042,1,3,1,2024-01-25 00:39:55.007332
RV0003169,PR002188,D0006,1,2,0,2024-01-23 21:38:46.416118
RV0003170,PR002188,D0006,2,11,1,2024-01-24 03:41:36.422336
RV0003171,PR002189,D0026,1,1,0,2024-01-22 10:51:53.735224
RV0003172,PR002189,D0026,2,2,1,2024-01-22 10:20:51.056696
RV0003173,PR002190,D0019,1,2,1,2024-01-22 16:25:54.153022
RV0003174,PR002191,D0030,1,9,0,2024-01-15 22:18:02.266978
RV0003175,PR002191,D0030,2,3,1,2024-01-15 16:08:43.058978
RV0003176,PR002192,D0006,1,11,1,2024-01-25 09:31:46.273212
RV0003177,PR002193,D0006,1,1,0,2024-01-19 06:36:34.664540
RV0003178,PR002193,D0006,2,2,0,2024-01-19 07:48:13.413192
RV0003179,PR002193,D0006,3,4,1,2024-01-19 05:16:26.516685
RV0003180,PR002194,D0042,1,7,0,2024-01-19 02:50:05.548791
RV0003181,PR002194,D0042,2,6,1,2024-01-18 09:57:25.871826
RV0003182,PR002195,D0042,1,2,0,2024-01-25 20:14:43.244223
RV0003183,PR002195,D0042,2,1,1,2024-01-25 18:08:12.251609
RV0003184,PR002196,D0042,1,19,0,2024-02-02 12:40:29.115491
RV0003185,PR002196,D0042,2,2,1,2024-02-02 14:29:18.968807
RV0003186,PR002197,D0030,1,4,0,2024-02-01 06:04:41.461267
RV0003187,PR002197,D0030,2,3,1,2024-02-01 05:50:17.914862
RV0003188,PR002198,D0050,1,0,0,2024-02-04 15:32:00.557993
RV0003189,PR002198,D0050,2,5,1,2024-02-04 12:08:54.630862
RV0003190,PR002199,D0006,1,5,1,2024-01-28 15:49:42.395429
RV0003191,PR002200,D0006,1,3,0,2024-01-31 04:27:41.221854
RV0003192,PR002200,D0006,2,5,0,2024-01-31 03:36:24.967520
RV0003193,PR002200,D0006,3,3,1,2024-01-30 23:33:28.184431
RV0003194,PR002201,D0050,1,7,0,2024-02-02 09:14:34.506324
RV0003195,PR002201,D0050,2,3,0,2024-02-02 10:39:27.949568
RV0003196,PR002201,D0050,3,1,1,2024-02-02 06:16:45.833933
RV0003197,PR002202,D0019,1,5,1,2024-01-31 18:13:15.594036
RV0003198,PR002204,D0006,1,1,0,2024-02-01 00:32:29.937947
RV0003199,PR002204,D0006,2,10,1,2024-02-01 00:35:11.364646
RV0003200,PR002205,D0050,1,1,1,2024-02-05 18:52:10.312474
RV0003201,PR002207,D0019,1,4,1,2024-02-07 07:07:29.357819
RV0003202,PR002208,D0006,1,1,1,2024-02-02 12:20:26.888099
RV0003203,PR002209,D0006,1,3,0,2024-01-28 11:53:21.608371
RV0003204,PR002209,D0006,2,0,1,2024-01-28 11:30:44.057869
RV0003205,PR002210,D0026,1,7,0,2024-02-06 21:31:58.685037
RV0003206,PR002210,D0026,2,8,0,2024-02-06 18:43:30.432605
RV0003207,PR002210,D0026,3,5,1,2024-02-06 22:14:36.547076
RV0003208,PR002211,D0026,1,0,0,2024-02-04 19:34:33.478078
RV0003209,PR002211,D0026,2,2,1,2024-02-05 01:29:32.212931
RV0003210,PR002212,D0030,1,3,1,2024-01-29 23:18:51.183037
RV0003211,PR002214,D0050,1,5,0,2024-01-28 19:54:53.426784
RV0003212,PR002214,D0050,2,8,1,2024-01-28 21:49:31.697876
RV0003213,PR002215,D0004,1,4,1,2024-02-08 11:48:00.423155
RV0003214,PR002216,D0042,1,11,1,2024-02-08 06:07:27.982642
RV0003215,PR002217,D0030,1,0,1,2024-02-05 14:01:47.126238
RV0003216,PR002218,D0019,1,9,1,2024-01-30 14:01:47.600935
RV0003217,PR002219,D0006,1,3,1,2024-01-30 19:14:31.495956
RV0003218,PR002220,D0042,1,0,1,2024-02-06 12:46:59.862163
RV0003219,PR002221,D0004,1,0,1,2024-02-13 17:24:58.317494
RV0003220,PR002222,D0006,1,1,1,2024-02-18 22:26:51.326713
RV0003221,PR002223,D0030,1,3,0,2024-02-11 07:48:12.827065
RV0003222,PR002223,D0030,2,4,1,2024-02-11 08:15:14.408436
RV0003223,PR002224,D0050,1,2,0,2024-02-14 05:07:56.664609
RV0003224,PR002224,D0050,2,2,1,2024-02-14 03:10:06.711554
RV0003225,PR002225,D0030,1,9,0,2024-02-22 21:22:19.254355
RV0003226,PR002225,D0030,2,2,0,2024-02-22 22:11:45.497310
RV0003227,PR002225,D0030,3,2,1,2024-02-22 22:10:03.553312
RV0003228,PR002226,D0042,1,1,0,2024-02-18 05:05:13.743835
RV0003229,PR002226,D0042,2,4,1,2024-02-18 06:39:56.417128
RV0003230,PR002227,D0042,1,3,1,2024-02-20 05:14:21.954300
RV0003231,PR002228,D0050,1,0,0,2024-02-11 02:22:39.023142
RV0003232,PR002228,D0050,2,2,0,2024-02-12 00:28:54.431529
RV0003233,PR002228,D0050,3,10,1,2024-02-12 06:19:58.363630
RV0003234,PR002229,D0004,1,5,1,2024-02-23 00:34:47.359496
RV0003235,PR002230,D0026,1,8,1,2024-02-12 03:33:51.569773
RV0003236,PR002231,D0042,1,8,1,2024-02-13 09:09:28.088905
RV0003237,PR002232,D0006,1,0,1,2024-02-15 08:56:19.643789
RV0003238,PR002234,D0004,1,5,0,2024-02-18 13:12:30.916538
RV0003239,PR002234,D0004,2,11,0,2024-02-17 21:41:55.503615
RV0003240,PR002234,D0004,3,1,1,2024-02-18 00:21:46.396714
RV0003241,PR002235,D0004,1,1,1,2024-02-22 04:24:42.103587
RV0003242,PR002236,D0042,1,1,1,2024-02-11 13:38:36.479771
RV0003243,PR002237,D0026,1,5,1,2024-02-19 07:16:01.461454
RV0003244,PR002238,D0030,1,1,0,2024-02-20 00:47:05.719747
RV0003245,PR002238,D0030,2,0,0,2024-02-20 00:37:44.660184
RV0003246,PR002238,D0030,3,3,1,2024-02-20 00:08:26.173880
RV0003247,PR002239,D0004,1,4,0,2024-02-13 06:50:16.752674
RV0003248,PR002239,D0004,2,11,1,2024-02-13 04:19:16.453651
RV0003249,PR002240,D0004,1,6,1,2024-02-15 19:22:45.629622
RV0003250,PR002241,D0019,1,2,1,2024-02-22 14:58:25.625574
RV0003251,PR002242,D0050,1,5,1,2024-02-14 02:55:18.610975
RV0003252,PR002243,D0026,1,6,0,2024-02-25 20:38:01.087214
RV0003253,PR002243,D0026,2,0,1,2024-02-26 01:48:37.664337
RV0003254,PR002244,D0050,1,1,0,2024-03-02 07:33:28.533846
RV0003255,PR002244,D0050,2,2,1,2024-03-02 05:48:28.127273
RV0003256,PR002245,D0030,1,9,0,2024-02-26 11:46:54.888797
RV0003257,PR002245,D0030,2,8,0,2024-02-26 15:00:10.324199
RV0003258,PR002245,D0030,3,9,1,2024-02-26 12:11:12.461266
RV0003259,PR002246,D0026,1,5,0,2024-02-25 20:26:18.170804
RV0003260,PR002246,D0026,2,7,1,2024-02-25 21:42:16.179326
RV0003261,PR002247,D0006,1,1,0,2024-03-07 09:01:20.830476
RV0003262,PR002247,D0006,2,0,0,2024-03-07 04:42:01.196102
RV0003263,PR002247,D0006,3,4,1,2024-03-07 04:12:12.192485
RV0003264,PR002248,D0026,1,3,0,2024-03-06 02:43:06.127572
RV0003265,PR002248,D0026,2,1,1,2024-03-05 22:24:35.057344
RV0003266,PR002249,D0050,1,2,1,2024-02-29 05:38:04.187888
RV0003267,PR002250,D0019,1,3,1,2024-03-08 03:07:33.508387
RV0003268,PR002251,D0019,1,2,0,2024-03-03 21:34:49.206345
RV0003269,PR002251,D0019,2,3,1,2024-03-04 00:21:40.100721
RV0003270,PR002252,D0030,1,5,1,2024-02-29 23:25:15.921220
RV0003271,PR002253,D0026,1,3,0,2024-02-26 20:18:40.046158
RV0003272,PR002253,D0026,2,3,1,2024-02-26 18:16:59.995716
RV0003273,PR002254,D0019,1,0,1,2024-03-06 11:51:37.890059
RV0003274,PR002255,D0030,1,2,0,2024-02-26 18:52:23.746129
RV0003275,PR002255,D0030,2,5,1,2024-02-26 22:21:20.513659
RV0003276,PR002256,D0004,1,3,1,2024-02-25 11:52:11.867446
RV0003277,PR002257,D0042,1,7,1,2024-02-27 18:20:04.070964
RV0003278,PR002258,D0006,1,3,0,2024-03-02 18:54:46.295757
RV0003279,PR002258,D0006,2,5,1,2024-03-02 14:05:03.806631
RV0003280,PR002260,D0004,1,1,1,2024-02-26 12:28:34.168455
RV0003281,PR002261,D0050,1,2,1,2024-02-28 06:09:23.315156
RV0003282,PR002262,D0042,1,4,0,2024-03-16 13:01:25.582524
RV0003283,PR002262,D0042,2,1,1,2024-03-16 01:46:20.821152
RV0003284,PR002263,D0006,1,5,1,2024-03-10 13:50:00.323119
RV0003285,PR002264,D0019,1,6,0,2024-03-16 19:02:56.286896
RV0003286,PR002264,D0019,2,2,1,2024-03-16 19:47:07.553613
RV0003287,PR002265,D0030,1,2,1,2024-03-19 04:47:01.937747
RV0003288,PR002266,D0019,1,4,1,2024-03-17 13:53:18.523773
RV0003289,PR002267,D0006,1,1,0,2024-03-19 08:04:37.581407
RV0003290,PR002267,D0006,2,2,0,2024-03-19 05:52:58.952569
RV0003291,PR002267,D0006,3,3,1,2024-03-19 05:49:32.700475
RV0003292,PR002268,D0042,1,7,1,2024-03-17 05:36:29.845844
RV0003293,PR002269,D0019,1,2,1,2024-03-15 18:39:51.658217
RV0003294,PR002270,D0019,1,2,1,2024-03-19 09:49:09.633671
RV0003295,PR002271,D0030,1,3,1,2024-03-14 02:04:53.330667
RV0003296,PR002272,D0026,1,9,0,2024-03-12 17:31:30.686176
RV0003297,PR002272,D0026,2,3,0,2024-03-13 13:47:06.219413
RV0003298,PR002272,D0026,3,4,1,2024-03-13 13:02:52.229227
RV0003299,PR002273,D0026,1,0,0,2024-03-17 21:21:21.396791
RV0003300,PR002273,D0026,2,5,1,2024-03-17 22:56:10.788181
RV0003301,PR002274,D0042,1,1,0,2024-03-13 01:03:59.071376
RV0003302,PR002274,D0042,2,0,0,2024-03-13 00:24:10.072110
RV0003303,PR002274,D0042,3,2,1,2024-03-13 00:53:59.865721
RV0003304,PR002276,D0004,1,2,1,2024-03-21 22:18:57.466490
RV0003305,PR002277,D0030,1,2,1,2024-03-17 17:12:20.186078
RV0003306,PR002278,D0006,1,2,0,2024-03-21 13:53:05.831197
RV0003307,PR002278,D0006,2,7,1,2024-03-21 13:36:00.960903
RV0003308,PR002279,D0004,1,4,1,2024-03-19 10:12:26.385327
RV0003309,PR002280,D0050,1,1,0,2024-03-24 20:37:02.253321
RV0003310,PR002280,D0050,2,6,0,2024-03-25 03:56:40.257437
RV0003311,PR002280,D0050,3,3,1,2024-03-25 02:41:30.066031
RV0003312,PR002281,D0026,1,3,1,2024-03-25 23:31:26.983008
RV0003313,PR002282,D0006,1,1,1,2024-03-26 00:49:49.253882
RV0003314,PR002283,D0030,1,8,0,2024-03-27 02:37:32.403370
RV0003315,PR002283,D0030,2,4,1,2024-03-27 09:32:52.940516
RV0003316,PR002284,D0019,1,0,1,2024-03-31 22:52:10.483999
RV0003317,PR002285,D0004,1,0,0,2024-03-30 07:03:37.667889
RV0003318,PR002285,D0004,2,2,1,2024-03-30 07:07:35.051011
RV0003319,PR002286,D0050,1,5,0,2024-03-24 14:56:07.407697
RV0003320,PR002286,D0050,2,3,0,2024-03-24 15:15:10.490038
RV0003321,PR002286,D0050,3,2,1,2024-03-24 11:07:36.553923
RV0003322,PR002287,D0030,1,11,1,2024-03-30 19:46:02.773083
RV0003323,PR002289,D0050,1,2,0,2024-03-29 10:49:40.617932
RV0003324,PR002289,D0050,2,2,0,2024-03-28 07:56:46.736001
RV0003325,PR002289,D0050,3,4,1,2024-03-29 10:52:08.943358
RV0003326,PR002291,D0019,1,0,0,2024-03-28 19:11:27.918579
RV0003327,PR002291,D0019,2,6,1,2024-03-28 19:12:47.152194
RV0003328,PR002292,D0030,1,1,0,2024-03-29 23:55:34.974974
RV0003329,PR002292,D0030,2,5,1,2024-03-29 18:45:28.305522
RV0003330,PR002293,D0050,1,6,0,2024-03-27 06:27:52.496412
RV0003331,PR002293,D0050,2,11,1,2024-03-26 19:49:15.164379
RV0003332,PR002294,D0026,1,6,1,2024-03-28 22:26:24.226160
