commit_id,project_id,sprint_id,developer_id,commit_timestamp,lines_added,lines_deleted,files_changed
C0000001,P001,S0001,D0019,2023-12-28 22:04:22.749983,18,18,1
C0000002,P001,S0001,D0030,2023-12-29 20:25:50.721689,69,6,1
C0000003,P001,S0001,D0030,2023-12-30 07:36:31.218911,77,6,4
C0000004,P001,S0001,D0019,2023-12-21 13:46:47.779592,46,32,1
C0000005,P001,S0001,D0026,2023-12-27 13:00:45.461322,21,16,2
C0000006,P001,S0001,D0004,2023-12-19 02:05:20.778206,23,9,2
C0000007,P001,S0001,D0004,2023-12-27 20:10:29.858528,40,11,1
C0000008,P001,S0001,D0042,2023-12-20 07:17:25.541594,24,20,1
C0000009,P001,S0001,D0004,2023-12-30 04:48:34.012098,89,5,1
C0000010,P001,S0001,D0050,2023-12-26 07:10:51.372638,23,34,2
C0000011,P001,S0001,D0030,2023-12-25 05:47:16.303886,68,30,4
C0000012,P001,S0001,D0042,2023-12-22 06:22:40.722537,77,16,2
C0000013,P001,S0001,D0042,2023-12-29 16:59:52.288199,45,9,3
C0000014,P001,S0001,D0050,2023-12-17 23:24:00.491685,8,2,5
C0000015,P001,S0001,D0042,2023-12-25 21:05:37.271426,98,7,1
C0000016,P001,S0001,D0004,2023-12-20 15:16:22.630810,64,7,4
C0000017,P001,S0001,D0030,2023-12-20 19:53:08.407176,63,15,5
C0000018,P001,S0001,D0004,2023-12-25 03:00:13.786433,72,7,1
C0000019,P001,S0001,D0042,2023-12-20 23:22:12.887824,56,8,1
C0000020,P001,S0001,D0019,2023-12-18 20:06:15.132887,35,11,1
C0000021,P001,S0001,D0050,2023-12-19 13:03:59.458946,38,8,1
C0000022,P001,S0001,D0050,2023-12-25 18:59:19.662070,64,81,1
C0000023,P001,S0001,D0004,2023-12-19 11:01:50.184865,19,23,4
C0000024,P001,S0001,D0019,2023-12-17 23:48:53.164528,20,34,2
C0000025,P001,S0001,D0026,2023-12-20 17:09:58.542236,6,37,3
C0000026,P001,S0001,D0004,2023-12-22 22:53:25.378556,55,32,1
C0000027,P001,S0001,D0030,2023-12-24 16:55:21.465029,83,35,1
C0000028,P001,S0001,D0019,2023-12-18 19:34:37.218231,17,66,11
C0000029,P001,S0001,D0006,2023-12-26 17:20:00.761366,48,10,2
C0000030,P001,S0001,D0030,2023-12-19 03:01:49.412455,109,2,2
C0000031,P001,S0001,D0026,2023-12-29 15:08:43.515062,70,43,6
C0000032,P001,S0001,D0019,2023-12-21 10:13:52.181636,31,16,1
C0000033,P001,S0001,D0030,2023-12-20 14:50:20.294576,80,7,1
C0000034,P001,S0001,D0050,2023-12-20 16:19:21.960371,72,42,3
C0000035,P001,S0001,D0030,2023-12-19 17:21:18.227028,26,55,3
C0000036,P001,S0001,D0026,2023-12-24 15:40:53.237674,13,41,6
C0000037,P001,S0001,D0006,2023-12-23 08:46:55.507696,139,44,1
C0000038,P001,S0001,D0004,2023-12-22 15:21:41.234781,37,3,3
C0000039,P001,S0001,D0050,2023-12-19 04:23:40.030289,62,2,1
C0000040,P001,S0001,D0050,2023-12-25 13:41:31.437268,100,15,4
C0000041,P001,S0001,D0042,2023-12-22 06:04:40.081292,28,3,3
C0000042,P001,S0001,D0006,2023-12-25 09:21:14.348035,35,26,1
C0000043,P001,S0001,D0026,2023-12-25 00:01:05.828965,86,48,1
C0000044,P001,S0001,D0006,2023-12-27 09:38:49.939764,20,5,1
C0000045,P001,S0001,D0042,2023-12-25 19:42:26.990780,68,52,1
C0000046,P001,S0001,D0042,2023-12-23 19:16:58.935849,14,3,6
C0000047,P001,S0001,D0006,2023-12-21 17:20:00.922981,46,8,2
C0000048,P001,S0001,D0030,2023-12-26 05:25:39.581958,43,3,2
C0000049,P001,S0001,D0019,2023-12-26 08:16:08.737072,37,39,2
C0000050,P001,S0001,D0050,2023-12-25 11:59:21.361282,39,22,2
C0000051,P001,S0001,D0006,2023-12-19 01:17:31.810533,34,1,1
C0000052,P001,S0001,D0050,2023-12-23 17:20:31.406195,39,16,1
C0000053,P001,S0001,D0004,2023-12-17 21:44:04.928610,67,38,1
C0000054,P001,S0001,D0042,2023-12-30 13:06:22.560775,9,19,1
C0000055,P001,S0001,D0026,2023-12-17 18:23:43.545876,27,5,3
C0000056,P001,S0001,D0026,2023-12-30 10:11:27.983936,71,2,2
C0000057,P001,S0001,D0042,2023-12-24 04:01:13.755937,38,3,1
C0000058,P001,S0001,D0026,2023-12-24 02:11:45.737030,42,18,1
C0000059,P001,S0001,D0050,2023-12-20 12:36:09.540607,24,49,3
C0000060,P001,S0001,D0019,2023-12-22 05:26:33.875812,42,52,3
C0000061,P001,S0001,D0042,2023-12-27 22:39:16.597851,40,18,4
C0000062,P001,S0001,D0019,2023-12-22 15:24:53.075493,38,1,1
C0000063,P001,S0001,D0030,2023-12-19 18:09:58.661573,15,21,2
C0000064,P001,S0001,D0030,2023-12-25 12:33:22.828959,31,23,2
C0000065,P001,S0001,D0030,2023-12-25 16:08:06.503783,92,2,4
C0000066,P001,S0001,D0006,2023-12-27 08:29:08.343266,44,5,1
C0000067,P001,S0001,D0042,2023-12-17 12:09:42.089049,117,8,10
C0000068,P001,S0001,D0004,2023-12-28 10:03:50.504070,8,64,1
C0000069,P001,S0001,D0004,2023-12-20 07:50:39.896945,40,1,3
C0000070,P001,S0001,D0050,2023-12-28 13:02:58.554776,35,6,5
C0000071,P001,S0001,D0042,2023-12-27 22:43:12.841349,21,8,4
C0000072,P001,S0001,D0050,2023-12-26 06:47:32.291528,23,31,1
C0000073,P001,S0001,D0019,2023-12-19 15:28:54.600056,36,17,1
C0000074,P001,S0001,D0026,2023-12-24 01:57:50.561427,26,12,7
C0000075,P001,S0001,D0026,2023-12-28 11:43:40.890426,20,7,6
C0000076,P001,S0001,D0026,2023-12-19 06:31:03.224467,31,15,5
C0000077,P001,S0001,D0050,2023-12-18 20:25:00.467265,27,82,3
C0000078,P001,S0001,D0042,2023-12-30 04:50:04.709085,29,10,2
C0000079,P001,S0001,D0026,2023-12-21 03:33:00.411270,21,4,1
C0000080,P001,S0001,D0004,2023-12-29 02:33:32.587557,6,11,1
C0000081,P001,S0001,D0050,2023-12-17 18:14:25.147896,27,34,3
C0000082,P001,S0001,D0030,2023-12-27 00:04:04.040340,26,89,4
C0000083,P001,S0001,D0006,2023-12-18 21:00:43.847147,36,10,4
C0000084,P001,S0001,D0026,2023-12-28 05:55:23.226507,111,31,4
C0000085,P001,S0001,D0026,2023-12-22 16:34:56.229831,162,28,4
C0000086,P001,S0001,D0026,2023-12-23 04:28:20.004955,60,55,1
C0000087,P001,S0001,D0050,2023-12-24 12:17:46.368852,19,9,2
C0000088,P001,S0001,D0026,2023-12-22 04:41:20.682309,22,51,1
C0000089,P001,S0001,D0030,2023-12-25 16:45:20.363246,75,21,5
C0000090,P001,S0001,D0004,2023-12-24 18:12:34.247530,16,7,1
C0000091,P001,S0001,D0026,2023-12-27 21:39:39.224800,82,116,1
C0000092,P001,S0001,D0026,2023-12-29 18:30:34.883890,13,1,2
C0000093,P001,S0002,D0004,2024-01-07 20:38:50.999515,23,22,3
C0000094,P001,S0002,D0006,2024-01-07 05:58:06.157350,29,9,2
C0000095,P001,S0002,D0004,2024-01-06 22:30:11.844721,76,28,6
C0000096,P001,S0002,D0006,2024-01-03 18:33:02.702601,74,4,11
C0000097,P001,S0002,D0042,2024-01-06 19:15:50.776713,125,40,1
C0000098,P001,S0002,D0050,2024-01-06 02:57:30.341750,25,0,3
C0000099,P001,S0002,D0042,2024-01-09 01:12:42.394675,11,1,1
C0000100,P001,S0002,D0030,2024-01-07 11:14:54.888458,2,39,2
C0000101,P001,S0002,D0050,2024-01-02 14:12:26.594487,15,19,10
C0000102,P001,S0002,D0050,2024-01-03 07:12:32.662088,119,6,7
C0000103,P001,S0002,D0030,2024-01-02 16:44:32.339614,78,56,1
C0000104,P001,S0002,D0019,2024-01-02 01:15:14.625899,88,27,1
C0000105,P001,S0002,D0030,2024-01-12 12:02:29.542863,26,9,5
C0000106,P001,S0002,D0050,2024-01-03 00:11:45.293136,32,4,3
C0000107,P001,S0002,D0042,2024-01-10 05:20:31.417039,114,11,1
C0000108,P001,S0002,D0050,2024-01-13 00:58:26.305040,95,55,2
C0000109,P001,S0002,D0026,2024-01-11 11:45:03.284527,53,49,3
C0000110,P001,S0002,D0042,2024-01-13 08:29:20.814591,103,11,7
C0000111,P001,S0002,D0050,2024-01-08 12:12:58.323361,56,31,3
C0000112,P001,S0002,D0019,2024-01-09 23:50:18.934214,23,26,4
C0000113,P001,S0002,D0006,2024-01-03 14:33:17.239421,48,8,3
C0000114,P001,S0002,D0026,2024-01-01 02:25:29.201128,16,37,2
C0000115,P001,S0002,D0026,2024-01-11 06:39:09.049064,33,22,1
C0000116,P001,S0002,D0050,2024-01-01 20:30:54.858462,27,20,4
C0000117,P001,S0002,D0042,2024-01-10 03:10:40.548001,9,15,1
C0000118,P001,S0002,D0042,2024-01-01 00:02:19.501219,14,30,3
C0000119,P001,S0002,D0019,2024-01-10 19:39:51.574353,9,65,3
C0000120,P001,S0002,D0030,2024-01-08 20:37:22.252836,23,8,3
C0000121,P001,S0002,D0030,2024-01-06 13:38:36.002647,63,56,1
C0000122,P001,S0002,D0050,2024-01-04 09:22:54.733001,11,4,1
C0000123,P001,S0002,D0026,2024-01-04 12:44:46.239177,31,9,1
C0000124,P001,S0002,D0042,2024-01-04 20:34:48.835221,7,33,1
C0000125,P001,S0002,D0030,2024-01-04 12:12:24.825777,12,31,1
C0000126,P001,S0002,D0042,2024-01-05 10:33:02.697339,42,8,3
C0000127,P001,S0002,D0026,2024-01-06 04:57:41.891113,10,17,6
C0000128,P001,S0002,D0004,2024-01-09 09:52:20.038429,4,44,2
C0000129,P001,S0002,D0030,2024-01-06 01:59:30.744297,32,2,1
C0000130,P001,S0002,D0019,2024-01-11 14:04:53.397836,34,9,1
C0000131,P001,S0002,D0030,2024-01-11 20:40:30.348290,12,8,6
C0000132,P001,S0002,D0019,2024-01-03 17:36:05.538536,33,43,1
C0000133,P001,S0002,D0042,2024-01-08 19:29:38.287306,14,41,1
C0000134,P001,S0002,D0050,2024-01-06 02:09:34.863322,19,14,6
C0000135,P001,S0002,D0030,2024-01-03 13:47:40.966171,31,13,1
C0000136,P001,S0002,D0019,2024-01-12 13:14:20.948048,51,37,7
C0000137,P001,S0002,D0019,2024-01-01 12:14:18.247490,72,28,1
C0000138,P001,S0002,D0030,2024-01-03 17:13:26.519897,52,10,1
C0000139,P001,S0002,D0050,2024-01-06 04:57:27.337502,29,27,2
C0000140,P001,S0002,D0006,2024-01-04 13:44:42.667791,53,36,1
C0000141,P001,S0002,D0026,2024-01-12 11:12:24.954018,70,9,3
C0000142,P001,S0002,D0006,2024-01-04 11:59:48.745032,35,44,5
C0000143,P001,S0002,D0050,2024-01-03 07:07:36.399733,49,9,7
C0000144,P001,S0002,D0004,2024-01-01 14:13:33.988051,51,19,1
C0000145,P001,S0002,D0042,2024-01-05 14:57:30.411257,34,26,1
C0000146,P001,S0002,D0019,2024-01-08 11:23:56.251998,44,11,4
C0000147,P001,S0003,D0004,2024-01-21 00:01:24.958968,65,14,4
C0000148,P001,S0003,D0019,2024-01-19 12:55:43.687754,78,65,3
C0000149,P001,S0003,D0019,2024-01-14 18:37:24.472655,47,11,1
C0000150,P001,S0003,D0006,2024-01-22 22:59:23.616284,63,12,4
C0000151,P001,S0003,D0050,2024-01-21 05:36:53.363123,44,7,1
C0000152,P001,S0003,D0050,2024-01-24 07:45:43.829827,169,51,6
C0000153,P001,S0003,D0050,2024-01-18 11:00:36.102618,77,37,1
C0000154,P001,S0003,D0042,2024-01-26 14:54:20.856067,23,42,1
C0000155,P001,S0003,D0042,2024-01-15 01:44:03.434827,38,7,2
C0000156,P001,S0003,D0050,2024-01-15 10:05:35.058252,55,25,1
C0000157,P001,S0003,D0042,2024-01-24 10:32:12.065978,12,14,3
C0000158,P001,S0003,D0042,2024-01-24 22:52:01.829510,34,32,1
C0000159,P001,S0003,D0026,2024-01-24 03:24:01.171024,61,23,4
C0000160,P001,S0003,D0026,2024-01-22 03:56:54.137283,30,7,1
C0000161,P001,S0003,D0050,2024-01-16 12:58:56.834095,41,19,2
C0000162,P001,S0003,D0050,2024-01-20 02:07:33.062789,7,27,1
C0000163,P001,S0003,D0004,2024-01-21 13:18:30.106903,2,21,1
C0000164,P001,S0003,D0050,2024-01-22 14:39:50.792030,26,12,2
C0000165,P001,S0003,D0019,2024-01-18 13:38:44.855622,32,23,3
C0000166,P001,S0003,D0006,2024-01-22 08:55:05.062551,32,33,1
C0000167,P001,S0003,D0042,2024-01-23 19:33:33.894190,17,93,6
C0000168,P001,S0003,D0019,2024-01-19 14:32:58.185966,130,10,5
C0000169,P001,S0003,D0006,2024-01-17 00:58:03.993163,18,33,1
C0000170,P001,S0003,D0026,2024-01-24 20:34:24.068645,53,2,1
C0000171,P001,S0003,D0019,2024-01-26 18:09:06.921235,54,20,3
C0000172,P001,S0003,D0030,2024-01-21 21:05:51.013615,54,12,9
C0000173,P001,S0003,D0042,2024-01-15 07:30:13.903031,10,42,1
C0000174,P001,S0003,D0042,2024-01-21 15:29:40.641337,38,1,3
C0000175,P001,S0003,D0030,2024-01-22 00:35:54.983090,58,16,1
C0000176,P001,S0003,D0042,2024-01-21 18:05:37.051751,6,12,1
C0000177,P001,S0003,D0006,2024-01-21 08:50:23.604662,56,46,3
C0000178,P001,S0003,D0042,2024-01-20 09:05:14.610834,63,21,1
C0000179,P001,S0003,D0026,2024-01-19 07:13:51.610598,22,29,6
C0000180,P001,S0003,D0042,2024-01-24 12:24:17.281095,18,46,3
C0000181,P001,S0003,D0030,2024-01-16 09:10:03.716061,12,62,5
C0000182,P001,S0003,D0030,2024-01-22 07:59:18.187177,27,16,2
C0000183,P001,S0003,D0042,2024-01-27 14:27:09.488073,13,8,1
C0000184,P001,S0003,D0026,2024-01-21 22:24:45.734696,9,38,2
C0000185,P001,S0003,D0004,2024-01-21 11:32:50.062748,44,15,1
C0000186,P001,S0003,D0019,2024-01-20 17:36:01.080812,20,51,2
C0000187,P001,S0003,D0030,2024-01-19 12:25:01.363851,60,54,9
C0000188,P001,S0003,D0019,2024-01-16 05:50:25.298683,26,28,8
C0000189,P001,S0003,D0006,2024-01-25 00:33:50.635395,17,11,1
C0000190,P001,S0003,D0019,2024-01-21 20:50:32.615736,56,8,4
C0000191,P001,S0003,D0026,2024-01-23 04:17:12.351653,45,2,3
C0000192,P001,S0003,D0030,2024-01-27 03:34:13.478486,36,24,4
C0000193,P001,S0003,D0030,2024-01-23 21:13:59.235681,101,61,3
C0000194,P001,S0003,D0019,2024-01-21 08:05:33.777820,3,21,3
C0000195,P001,S0003,D0042,2024-01-16 16:42:52.557884,106,51,1
C0000196,P001,S0003,D0019,2024-01-26 23:21:03.068080,22,40,3
C0000197,P001,S0003,D0004,2024-01-22 19:22:44.852480,10,13,1
C0000198,P001,S0003,D0050,2024-01-23 10:00:57.773464,23,4,1
C0000199,P001,S0003,D0030,2024-01-18 15:37:22.854258,45,14,1
C0000200,P001,S0003,D0042,2024-01-20 16:59:03.315255,2,17,1
C0000201,P001,S0003,D0042,2024-01-24 07:57:06.584364,33,50,1
C0000202,P001,S0003,D0042,2024-01-14 19:03:35.060344,11,19,4
C0000203,P001,S0003,D0019,2024-01-24 16:52:12.141946,58,23,4
C0000204,P001,S0003,D0004,2024-01-20 02:11:53.793499,81,20,6
C0000205,P001,S0003,D0004,2024-01-22 07:14:43.610460,41,15,4
C0000206,P001,S0003,D0004,2024-01-26 13:12:04.650748,17,29,2
C0000207,P001,S0003,D0030,2024-01-17 19:38:11.118295,38,17,6
C0000208,P001,S0003,D0004,2024-01-19 02:18:57.732066,3,9,1
C0000209,P001,S0003,D0030,2024-01-23 04:02:24.842761,4,14,1
C0000210,P001,S0003,D0004,2024-01-16 04:51:26.748441,48,51,1
C0000211,P001,S0003,D0019,2024-01-18 05:27:15.247629,15,3,2
C0000212,P001,S0003,D0026,2024-01-19 15:35:51.515112,72,42,2
C0000213,P001,S0003,D0030,2024-01-26 07:52:08.304419,21,23,2
C0000214,P001,S0003,D0042,2024-01-17 10:31:44.743079,36,5,2
C0000215,P001,S0003,D0030,2024-01-14 17:37:09.825004,32,4,2
C0000216,P001,S0003,D0019,2024-01-19 21:45:29.887480,52,13,3
C0000217,P001,S0003,D0019,2024-01-21 02:13:05.645592,42,11,4
C0000218,P001,S0003,D0030,2024-01-25 06:23:18.363168,29,16,3
C0000219,P001,S0003,D0030,2024-01-20 16:29:13.369546,37,10,2
C0000220,P001,S0003,D0004,2024-01-19 15:42:09.975441,106,11,2
C0000221,P001,S0003,D0042,2024-01-25 23:14:22.096175,36,1,1
C0000222,P001,S0003,D0019,2024-01-19 23:43:02.786556,53,4,1
C0000223,P001,S0003,D0019,2024-01-26 01:09:42.735865,29,18,6
C0000224,P001,S0003,D0004,2024-01-15 15:33:35.094059,28,7,1
C0000225,P001,S0003,D0006,2024-01-25 15:07:57.881148,41,25,2
C0000226,P001,S0003,D0026,2024-01-27 01:26:58.289814,27,74,4
C0000227,P001,S0003,D0006,2024-01-20 08:16:34.437832,12,39,1
C0000228,P001,S0003,D0026,2024-01-25 19:45:13.946782,35,6,8
C0000229,P001,S0003,D0030,2024-01-22 10:37:54.090249,23,8,4
C0000230,P001,S0003,D0006,2024-01-26 05:49:56.845696,8,23,1
C0000231,P001,S0003,D0030,2024-01-16 20:38:29.798511,75,37,4
C0000232,P001,S0003,D0042,2024-01-16 12:02:25.287711,52,20,3
C0000233,P001,S0003,D0042,2024-01-21 19:03:44.322547,54,21,1
C0000234,P001,S0003,D0019,2024-01-16 09:58:27.986003,17,19,1
C0000235,P001,S0003,D0004,2024-01-17 12:53:10.120555,19,9,6
C0000236,P001,S0003,D0030,2024-01-24 13:44:15.559310,92,3,2
C0000237,P001,S0003,D0026,2024-01-21 12:11:15.791555,26,18,2
C0000238,P001,S0003,D0006,2024-01-26 16:52:56.057557,111,12,1
C0000239,P001,S0003,D0026,2024-01-18 23:16:07.506605,33,10,1
C0000240,P001,S0003,D0006,2024-01-25 17:58:57.251447,47,21,2
C0000241,P001,S0003,D0030,2024-01-23 20:25:30.303276,32,8,3
C0000242,P001,S0003,D0050,2024-01-21 00:17:43.954395,26,53,2
C0000243,P001,S0003,D0006,2024-01-24 20:04:54.771827,97,43,1
C0000244,P001,S0003,D0030,2024-01-24 13:20:17.382963,119,16,1
C0000245,P001,S0003,D0019,2024-01-22 15:37:38.830304,172,29,1
C0000246,P001,S0003,D0004,2024-01-25 01:08:40.214937,19,12,1
C0000247,P001,S0003,D0004,2024-01-20 06:03:50.231403,48,11,5
C0000248,P001,S0003,D0004,2024-01-26 01:07:36.852196,60,13,4
C0000249,P001,S0003,D0042,2024-01-22 12:17:55.352157,34,42,2
C0000250,P001,S0003,D0030,2024-01-15 11:46:45.943473,31,4,3
C0000251,P001,S0003,D0050,2024-01-17 07:48:38.088750,16,3,5
C0000252,P001,S0003,D0004,2024-01-24 00:44:57.383555,82,53,1
C0000253,P001,S0003,D0050,2024-01-22 23:01:58.012543,85,23,11
C0000254,P001,S0003,D0030,2024-01-25 21:34:22.163857,54,18,1
C0000255,P001,S0003,D0026,2024-01-21 03:33:22.183913,49,23,5
C0000256,P001,S0003,D0026,2024-01-24 12:16:10.977379,15,31,2
C0000257,P001,S0003,D0004,2024-01-25 06:13:46.450033,10,10,3
C0000258,P001,S0003,D0006,2024-01-21 20:36:50.706397,50,30,5
C0000259,P001,S0003,D0026,2024-01-25 01:46:44.836877,27,4,6
C0000260,P001,S0003,D0030,2024-01-18 06:46:24.595740,100,14,3
C0000261,P001,S0003,D0026,2024-01-15 17:49:07.184735,60,0,4
C0000262,P001,S0003,D0026,2024-01-19 04:58:57.014515,27,46,1
C0000263,P001,S0003,D0050,2024-01-15 01:38:38.331248,43,4,1
C0000264,P001,S0003,D0026,2024-01-18 09:51:19.401783,145,5,1
C0000265,P001,S0003,D0004,2024-01-22 03:48:14.887323,21,45,1
C0000266,P001,S0003,D0004,2024-01-22 15:06:26.876647,28,11,1
C0000267,P001,S0003,D0019,2024-01-18 00:27:42.896493,38,22,1
C0000268,P001,S0003,D0042,2024-01-14 20:02:53.240266,34,18,3
C0000269,P001,S0003,D0050,2024-01-17 02:25:44.792161,20,29,2
C0000270,P001,S0003,D0006,2024-01-25 06:26:44.422591,169,27,1
C0000271,P001,S0003,D0030,2024-01-16 20:47:42.566907,20,20,7
C0000272,P001,S0003,D0050,2024-01-15 04:33:36.331633,28,12,1
C0000273,P001,S0003,D0026,2024-01-25 11:11:54.969435,43,0,6
C0000274,P001,S0003,D0042,2024-01-24 07:49:20.064041,56,22,11
C0000275,P001,S0003,D0030,2024-01-20 22:03:34.531726,86,22,5
C0000276,P001,S0003,D0019,2024-01-19 19:57:06.703902,86,57,3
C0000277,P001,S0003,D0026,2024-01-25 21:01:41.246609,44,12,4
C0000278,P001,S0003,D0006,2024-01-15 23:29:40.983618,46,2,1
C0000279,P001,S0003,D0006,2024-01-17 20:08:24.022563,25,32,3
C0000280,P001,S0003,D0006,2024-01-25 08:52:30.663091,61,11,1
C0000281,P001,S0003,D0004,2024-01-26 18:50:30.826325,35,12,3
C0000282,P001,S0004,D0006,2024-02-05 23:51:37.345286,66,1,1
C0000283,P001,S0004,D0006,2024-02-01 02:33:14.333531,84,39,5
C0000284,P001,S0004,D0026,2024-02-09 07:31:49.038608,68,26,3
C0000285,P001,S0004,D0019,2024-01-28 15:38:50.123123,72,17,1
C0000286,P001,S0004,D0006,2024-02-03 20:13:53.191995,88,19,3
C0000287,P001,S0004,D0019,2024-02-08 20:59:14.053336,27,13,1
C0000288,P001,S0004,D0026,2024-02-01 23:58:31.481476,17,4,7
C0000289,P001,S0004,D0050,2024-02-09 18:41:21.918705,32,8,1
C0000290,P001,S0004,D0050,2024-02-05 21:23:41.394270,96,19,11
C0000291,P001,S0004,D0006,2024-02-05 07:42:48.393241,52,16,4
C0000292,P001,S0004,D0042,2024-02-03 07:11:35.163817,36,47,3
C0000293,P001,S0004,D0004,2024-01-31 04:53:02.726085,54,4,1
C0000294,P001,S0004,D0042,2024-01-28 16:28:29.476025,79,0,2
C0000295,P001,S0004,D0050,2024-02-05 06:08:55.641499,15,69,1
C0000296,P001,S0004,D0030,2024-02-02 22:24:26.971669,37,6,4
C0000297,P001,S0004,D0006,2024-02-08 21:57:55.851996,18,46,1
C0000298,P001,S0004,D0004,2024-02-04 14:44:29.052247,21,32,3
C0000299,P001,S0004,D0026,2024-02-09 10:35:00.484712,66,9,3
C0000300,P001,S0004,D0050,2024-01-30 09:01:16.812890,24,10,1
C0000301,P001,S0004,D0030,2024-02-09 20:35:10.447960,54,11,6
C0000302,P001,S0004,D0026,2024-02-01 10:08:20.867173,44,4,2
C0000303,P001,S0004,D0030,2024-02-06 10:34:17.689591,114,4,1
C0000304,P001,S0004,D0042,2024-01-30 05:43:24.013564,19,9,2
C0000305,P001,S0004,D0042,2024-02-05 05:36:22.138478,8,29,1
C0000306,P001,S0004,D0030,2024-01-31 19:42:58.663297,65,10,13
C0000307,P001,S0004,D0042,2024-02-01 04:14:59.411773,64,40,2
C0000308,P001,S0004,D0006,2024-02-01 22:49:47.639828,65,3,4
C0000309,P001,S0004,D0042,2024-02-09 10:36:59.845524,24,15,4
C0000310,P001,S0004,D0050,2024-01-29 03:19:43.483892,17,12,1
C0000311,P001,S0004,D0026,2024-02-03 01:31:31.228077,51,53,1
C0000312,P001,S0004,D0006,2024-02-08 13:51:18.394311,49,15,5
C0000313,P001,S0004,D0042,2024-02-01 06:08:36.563915,34,12,2
C0000314,P001,S0004,D0030,2024-02-07 08:03:47.547420,56,4,1
C0000315,P001,S0004,D0006,2024-02-07 07:35:13.809188,19,35,1
C0000316,P001,S0004,D0050,2024-02-07 16:44:25.455742,53,74,2
C0000317,P001,S0004,D0026,2024-02-07 16:05:41.989225,53,5,1
C0000318,P001,S0004,D0030,2024-02-10 06:50:23.045933,29,25,1
C0000319,P001,S0004,D0019,2024-01-29 20:16:58.674371,29,3,13
C0000320,P001,S0004,D0026,2024-02-04 03:50:54.643355,55,5,1
C0000321,P001,S0004,D0006,2024-02-02 16:19:01.419890,32,17,1
C0000322,P001,S0004,D0026,2024-01-30 22:58:41.080928,72,21,2
C0000323,P001,S0004,D0004,2024-01-30 14:22:11.951379,35,5,1
C0000324,P001,S0004,D0026,2024-02-05 10:09:04.568439,20,25,1
C0000325,P001,S0004,D0006,2024-02-08 02:46:19.422777,51,11,1
C0000326,P001,S0004,D0026,2024-02-10 20:31:57.442112,23,23,3
C0000327,P001,S0004,D0019,2024-02-02 13:13:39.692762,22,6,1
C0000328,P001,S0004,D0006,2024-01-29 18:24:07.607584,36,47,2
C0000329,P001,S0004,D0050,2024-01-29 18:37:44.478164,72,4,2
C0000330,P001,S0004,D0006,2024-01-30 02:28:04.680702,21,16,6
C0000331,P001,S0004,D0030,2024-01-30 05:00:13.226885,26,38,4
C0000332,P001,S0004,D0050,2024-01-31 09:00:14.300726,80,51,5
C0000333,P001,S0004,D0019,2024-02-02 22:54:26.395373,35,36,7
C0000334,P001,S0004,D0050,2024-02-07 03:46:31.884752,124,30,3
C0000335,P001,S0004,D0042,2024-01-31 11:08:08.758345,61,20,2
C0000336,P001,S0004,D0006,2024-02-03 16:42:04.296122,37,51,2
C0000337,P001,S0004,D0004,2024-01-30 05:22:09.358891,72,15,3
C0000338,P001,S0004,D0042,2024-02-02 03:41:50.345556,33,2,1
C0000339,P001,S0004,D0006,2024-02-10 01:59:36.012321,45,27,2
C0000340,P001,S0004,D0019,2024-01-29 05:45:31.060224,188,14,1
C0000341,P001,S0004,D0019,2024-01-30 21:17:13.562632,52,18,3
C0000342,P001,S0004,D0006,2024-01-31 10:17:22.665181,39,9,1
C0000343,P001,S0004,D0019,2024-02-04 02:07:04.787217,45,7,2
C0000344,P001,S0004,D0026,2024-02-01 02:48:16.848352,18,19,8
C0000345,P001,S0004,D0006,2024-02-01 07:39:07.836545,31,1,4
C0000346,P001,S0004,D0030,2024-02-02 01:25:22.104473,7,1,2
C0000347,P001,S0004,D0019,2024-02-04 09:13:32.295726,2,4,3
C0000348,P001,S0004,D0026,2024-02-09 16:55:19.298480,79,58,8
C0000349,P001,S0004,D0026,2024-02-01 11:23:37.485519,86,15,1
C0000350,P001,S0004,D0030,2024-02-02 08:34:26.288143,84,12,1
C0000351,P001,S0004,D0004,2024-01-29 21:22:13.312449,84,33,10
C0000352,P001,S0004,D0026,2024-01-28 23:29:48.432357,27,26,1
C0000353,P001,S0004,D0030,2024-02-01 21:09:33.631647,74,16,1
C0000354,P001,S0004,D0030,2024-01-31 11:42:27.430250,18,74,2
C0000355,P001,S0004,D0042,2024-01-31 01:12:01.360977,7,57,7
C0000356,P001,S0005,D0050,2024-02-14 01:37:44.723002,47,42,4
C0000357,P001,S0005,D0004,2024-02-13 00:38:13.437827,18,27,6
C0000358,P001,S0005,D0050,2024-02-15 20:48:17.269411,30,17,9
C0000359,P001,S0005,D0026,2024-02-15 10:27:30.803947,50,41,2
C0000360,P001,S0005,D0030,2024-02-13 11:27:00.937319,98,19,1
C0000361,P001,S0005,D0019,2024-02-20 01:14:39.207478,65,75,8
C0000362,P001,S0005,D0006,2024-02-16 17:25:54.708418,11,1,1
C0000363,P001,S0005,D0019,2024-02-14 13:21:04.949174,15,94,1
C0000364,P001,S0005,D0026,2024-02-20 10:35:16.159974,84,32,1
C0000365,P001,S0005,D0006,2024-02-21 09:57:27.764441,79,11,3
C0000366,P001,S0005,D0019,2024-02-18 19:55:35.509612,111,13,2
C0000367,P001,S0005,D0050,2024-02-16 02:53:01.271889,7,110,6
C0000368,P001,S0005,D0004,2024-02-14 11:53:10.031574,80,47,6
C0000369,P001,S0005,D0004,2024-02-20 00:22:33.463605,103,8,7
C0000370,P001,S0005,D0050,2024-02-19 04:44:40.701206,47,70,12
C0000371,P001,S0005,D0006,2024-02-17 09:54:20.502486,56,16,1
C0000372,P001,S0005,D0050,2024-02-18 00:08:07.158938,84,20,1
C0000373,P001,S0005,D0030,2024-02-15 21:49:34.443196,41,4,1
C0000374,P001,S0005,D0006,2024-02-12 23:56:21.897314,18,5,1
C0000375,P001,S0005,D0006,2024-02-22 08:45:38.558488,48,3,4
C0000376,P001,S0005,D0019,2024-02-14 13:18:41.328338,72,3,2
C0000377,P001,S0005,D0006,2024-02-24 13:06:17.301195,7,9,8
C0000378,P001,S0005,D0026,2024-02-16 07:36:35.885198,37,25,2
C0000379,P001,S0005,D0004,2024-02-18 15:54:34.252464,51,3,4
C0000380,P001,S0005,D0019,2024-02-12 17:34:18.945478,50,45,1
C0000381,P001,S0005,D0019,2024-02-18 10:20:31.449406,11,30,6
C0000382,P001,S0005,D0026,2024-02-23 12:20:40.958721,34,29,2
C0000383,P001,S0005,D0026,2024-02-19 17:03:44.876498,21,22,3
C0000384,P001,S0005,D0050,2024-02-19 12:51:49.535707,16,70,3
C0000385,P001,S0005,D0006,2024-02-16 01:20:15.890724,14,10,1
C0000386,P001,S0005,D0030,2024-02-17 11:42:38.272489,15,23,1
C0000387,P001,S0005,D0042,2024-02-23 17:36:59.308714,10,26,4
C0000388,P001,S0005,D0019,2024-02-15 13:02:03.924624,37,21,4
C0000389,P001,S0005,D0026,2024-02-12 12:46:39.830323,138,10,3
C0000390,P001,S0005,D0042,2024-02-20 20:44:32.199563,26,17,3
C0000391,P001,S0005,D0050,2024-02-18 00:07:46.610329,28,92,5
C0000392,P001,S0005,D0004,2024-02-12 15:20:43.367133,4,4,1
C0000393,P001,S0005,D0050,2024-02-18 20:40:28.364389,30,22,4
C0000394,P001,S0005,D0050,2024-02-20 23:11:35.964164,125,35,1
C0000395,P001,S0005,D0050,2024-02-15 23:37:23.383925,85,13,1
C0000396,P001,S0005,D0006,2024-02-17 01:22:33.576133,44,12,3
C0000397,P001,S0005,D0004,2024-02-13 11:13:37.648228,74,11,2
C0000398,P001,S0005,D0050,2024-02-16 10:25:55.648398,27,5,2
C0000399,P001,S0005,D0030,2024-02-16 18:08:22.267480,10,67,1
C0000400,P001,S0005,D0042,2024-02-18 17:28:15.041280,13,18,4
C0000401,P001,S0005,D0030,2024-02-18 23:10:38.912374,119,4,4
C0000402,P001,S0005,D0026,2024-02-21 16:06:03.596694,21,11,5
C0000403,P001,S0005,D0050,2024-02-16 01:46:34.619374,86,46,4
C0000404,P001,S0005,D0050,2024-02-19 13:51:25.445673,46,8,1
C0000405,P001,S0005,D0042,2024-02-11 20:22:59.662780,39,13,2
C0000406,P001,S0005,D0019,2024-02-23 14:30:30.644655,156,40,3
C0000407,P001,S0005,D0004,2024-02-23 21:19:34.748035,39,72,2
C0000408,P001,S0005,D0004,2024-02-15 18:29:50.712825,72,24,5
C0000409,P001,S0005,D0006,2024-02-23 11:11:23.762994,35,30,1
C0000410,P001,S0005,D0019,2024-02-17 06:05:27.937082,59,0,9
C0000411,P001,S0005,D0004,2024-02-16 21:55:38.926674,30,24,2
C0000412,P001,S0005,D0004,2024-02-15 15:44:48.091562,87,1,1
C0000413,P001,S0005,D0026,2024-02-21 05:42:28.583827,20,11,1
C0000414,P001,S0005,D0026,2024-02-23 17:16:21.033765,14,28,3
C0000415,P001,S0005,D0006,2024-02-18 00:21:15.989877,70,0,1
C0000416,P001,S0005,D0004,2024-02-13 09:18:09.843276,22,13,1
C0000417,P001,S0005,D0006,2024-02-18 03:25:39.414656,61,21,5
C0000418,P001,S0005,D0026,2024-02-19 14:51:11.681994,31,16,1
C0000419,P001,S0005,D0026,2024-02-17 22:29:00.805710,104,34,3
C0000420,P001,S0005,D0042,2024-02-23 15:46:23.989749,61,12,1
C0000421,P001,S0005,D0019,2024-02-22 06:17:59.611800,183,57,1
C0000422,P001,S0005,D0019,2024-02-22 08:40:32.483513,43,33,1
C0000423,P001,S0005,D0006,2024-02-11 17:22:59.421089,38,6,4
C0000424,P001,S0005,D0006,2024-02-15 20:33:49.395845,121,2,1
C0000425,P001,S0005,D0006,2024-02-22 19:47:25.825563,17,13,2
C0000426,P001,S0005,D0030,2024-02-11 19:25:32.638772,80,29,5
C0000427,P001,S0005,D0026,2024-02-14 18:10:41.385871,18,11,5
C0000428,P001,S0006,D0042,2024-02-27 17:28:07.786841,16,1,1
C0000429,P001,S0006,D0004,2024-03-01 15:46:12.478191,26,15,1
C0000430,P001,S0006,D0004,2024-03-02 08:59:41.609633,21,41,3
C0000431,P001,S0006,D0019,2024-02-25 21:07:03.858934,11,18,1
C0000432,P001,S0006,D0026,2024-02-28 01:00:47.845968,72,9,1
C0000433,P001,S0006,D0004,2024-02-27 19:17:52.845488,53,31,1
C0000434,P001,S0006,D0026,2024-02-28 03:02:56.070245,74,3,1
C0000435,P001,S0006,D0042,2024-03-02 06:58:35.335415,75,43,6
C0000436,P001,S0006,D0042,2024-02-29 07:10:55.615721,37,7,2
C0000437,P001,S0006,D0050,2024-02-28 05:33:30.562036,38,18,2
C0000438,P001,S0006,D0006,2024-03-04 02:29:47.192294,4,23,4
C0000439,P001,S0006,D0004,2024-03-08 02:33:08.227224,30,35,9
C0000440,P001,S0006,D0050,2024-02-25 17:19:14.374824,11,3,4
C0000441,P001,S0006,D0004,2024-03-05 05:20:34.343470,10,18,5
C0000442,P001,S0006,D0019,2024-03-01 07:41:07.948739,4,8,4
C0000443,P001,S0006,D0050,2024-03-05 21:25:35.712628,-1,49,5
C0000444,P001,S0006,D0042,2024-03-04 15:29:59.335058,43,47,1
C0000445,P001,S0006,D0030,2024-02-27 23:22:12.247963,3,21,1
C0000446,P001,S0006,D0006,2024-03-04 05:09:03.590956,159,53,5
C0000447,P001,S0006,D0004,2024-02-29 18:06:14.918194,99,31,3
C0000448,P001,S0006,D0026,2024-03-02 07:41:57.385522,105,12,1
C0000449,P001,S0006,D0006,2024-02-26 15:23:50.436632,24,2,1
C0000450,P001,S0006,D0030,2024-02-27 21:35:15.113362,18,3,1
C0000451,P001,S0006,D0050,2024-03-08 21:36:01.316331,42,14,1
C0000452,P001,S0006,D0030,2024-02-27 15:57:51.306723,39,68,1
C0000453,P001,S0006,D0042,2024-03-05 09:28:45.672299,53,32,2
C0000454,P001,S0006,D0026,2024-02-25 20:42:28.990831,16,10,4
C0000455,P001,S0006,D0019,2024-02-29 17:50:45.970377,101,17,4
C0000456,P001,S0006,D0030,2024-02-28 07:32:30.115563,17,22,5
C0000457,P001,S0006,D0026,2024-03-06 00:43:17.690843,6,7,3
C0000458,P001,S0006,D0026,2024-03-01 10:30:51.338593,68,0,1
C0000459,P001,S0006,D0050,2024-03-09 11:31:51.547866,54,68,2
C0000460,P001,S0006,D0030,2024-03-06 17:30:13.500540,40,36,3
C0000461,P001,S0006,D0042,2024-03-03 00:11:44.906967,45,12,1
C0000462,P001,S0006,D0004,2024-03-09 00:58:13.096448,112,16,9
C0000463,P001,S0006,D0004,2024-03-07 23:37:07.282161,91,17,7
C0000464,P001,S0006,D0026,2024-02-25 14:09:07.070231,42,27,4
C0000465,P001,S0006,D0042,2024-02-26 22:57:00.293197,8,24,1
C0000466,P001,S0006,D0019,2024-02-26 01:49:53.161166,23,72,5
C0000467,P001,S0006,D0050,2024-03-09 00:01:07.039652,17,7,1
C0000468,P001,S0006,D0042,2024-03-04 22:59:32.258186,27,40,1
C0000469,P001,S0006,D0004,2024-03-06 00:03:37.273248,31,39,1
C0000470,P001,S0006,D0042,2024-03-05 18:13:52.401357,99,32,6
C0000471,P001,S0006,D0019,2024-02-29 13:16:44.799435,79,4,1
C0000472,P001,S0006,D0042,2024-03-04 22:11:47.598999,72,21,1
C0000473,P001,S0006,D0050,2024-03-08 00:07:53.946228,91,34,1
C0000474,P001,S0006,D0030,2024-03-02 03:47:19.533150,28,22,2
C0000475,P001,S0006,D0042,2024-02-25 06:44:07.356700,109,8,6
C0000476,P001,S0006,D0042,2024-03-05 22:07:12.004821,45,30,3
C0000477,P001,S0006,D0042,2024-03-03 04:10:37.709046,94,7,1
C0000478,P001,S0006,D0042,2024-03-07 11:15:29.513414,87,64,5
C0000479,P001,S0006,D0030,2024-03-04 16:06:03.886602,60,50,5
C0000480,P001,S0006,D0042,2024-03-04 09:09:55.888366,38,18,2
C0000481,P001,S0006,D0019,2024-03-09 10:04:54.823879,10,9,3
C0000482,P001,S0006,D0030,2024-03-09 00:37:22.025114,22,29,3
C0000483,P001,S0006,D0042,2024-02-25 11:29:27.790885,71,20,2
C0000484,P001,S0006,D0006,2024-02-27 09:24:16.016929,42,30,6
C0000485,P001,S0006,D0004,2024-02-29 06:36:38.251816,49,4,1
C0000486,P001,S0006,D0019,2024-03-08 02:21:31.686127,95,46,3
C0000487,P001,S0006,D0004,2024-02-26 04:47:30.947438,64,31,9
C0000488,P001,S0006,D0006,2024-02-27 12:31:54.700054,15,27,8
C0000489,P001,S0006,D0004,2024-03-02 13:28:22.916072,72,17,1
C0000490,P001,S0006,D0042,2024-03-04 20:58:20.441777,13,15,3
C0000491,P001,S0006,D0026,2024-03-03 14:26:02.679017,6,13,2
C0000492,P001,S0006,D0050,2024-03-07 21:10:32.874187,11,11,6
C0000493,P001,S0006,D0050,2024-03-01 07:57:00.602471,15,4,1
C0000494,P001,S0006,D0026,2024-02-26 18:36:22.610363,80,5,2
C0000495,P001,S0006,D0030,2024-03-01 04:49:20.236688,44,15,2
C0000496,P001,S0006,D0004,2024-02-26 22:33:51.397566,35,10,1
C0000497,P001,S0006,D0019,2024-03-01 05:25:34.408537,30,8,8
C0000498,P001,S0006,D0042,2024-03-01 22:03:21.452162,31,11,1
C0000499,P001,S0006,D0050,2024-03-05 07:10:26.593432,67,24,2
C0000500,P001,S0006,D0026,2024-02-29 15:08:19.893376,58,15,1
C0000501,P001,S0006,D0050,2024-03-03 06:02:30.860135,41,1,11
C0000502,P001,S0006,D0026,2024-03-06 06:59:55.201278,41,7,1
C0000503,P001,S0006,D0042,2024-02-26 17:34:49.131093,13,7,1
C0000504,P001,S0006,D0050,2024-03-05 05:39:45.931038,35,92,1
C0000505,P001,S0006,D0050,2024-02-29 16:58:11.139895,43,9,1
C0000506,P001,S0006,D0030,2024-03-08 14:40:28.835619,157,20,7
C0000507,P001,S0006,D0042,2024-03-06 19:52:38.134704,34,22,3
C0000508,P001,S0006,D0019,2024-02-26 23:12:42.234479,49,6,1
C0000509,P001,S0006,D0030,2024-03-01 06:42:04.944210,25,20,9
C0000510,P001,S0006,D0042,2024-02-29 14:12:53.048061,83,52,1
C0000511,P001,S0006,D0030,2024-03-05 13:49:04.823529,54,7,1
C0000512,P001,S0006,D0030,2024-03-05 18:05:39.246283,11,43,3
C0000513,P001,S0006,D0026,2024-03-03 11:44:55.258060,39,13,3
C0000514,P001,S0006,D0004,2024-03-04 07:30:57.715691,40,54,4
C0000515,P001,S0006,D0006,2024-02-27 05:05:43.748492,12,38,8
C0000516,P001,S0006,D0004,2024-03-02 09:17:46.849324,22,31,1
C0000517,P001,S0006,D0006,2024-02-26 19:11:51.733362,45,16,2
C0000518,P001,S0006,D0030,2024-03-02 23:19:44.009188,27,26,1
C0000519,P001,S0006,D0019,2024-03-01 16:25:57.823655,50,17,6
C0000520,P001,S0006,D0042,2024-03-04 05:50:42.534359,72,34,1
C0000521,P001,S0006,D0042,2024-02-27 05:00:31.722908,35,11,1
C0000522,P001,S0006,D0050,2024-03-08 10:03:04.222553,40,28,7
C0000523,P001,S0006,D0006,2024-03-06 12:46:55.193745,55,4,2
C0000524,P001,S0006,D0006,2024-03-02 15:39:21.918766,29,0,3
C0000525,P001,S0006,D0004,2024-03-03 08:32:20.505320,17,37,2
C0000526,P001,S0006,D0019,2024-03-06 19:39:32.280602,76,11,3
C0000527,P001,S0006,D0006,2024-03-08 12:08:56.702058,45,14,1
C0000528,P001,S0006,D0006,2024-02-26 10:05:49.416205,12,18,1
C0000529,P001,S0006,D0006,2024-02-29 03:59:11.616532,29,15,1
C0000530,P001,S0006,D0006,2024-03-08 12:15:10.571355,36,27,2
C0000531,P001,S0006,D0042,2024-03-06 23:31:28.996402,12,27,1
C0000532,P001,S0006,D0026,2024-03-04 03:03:50.909742,16,10,3
C0000533,P001,S0006,D0050,2024-03-01 05:45:09.488301,25,53,5
C0000534,P001,S0006,D0006,2024-03-07 21:08:33.530015,24,21,3
C0000535,P001,S0006,D0030,2024-03-08 08:24:45.957574,21,78,3
C0000536,P001,S0006,D0004,2024-02-27 14:51:55.866169,15,6,1
C0000537,P001,S0006,D0026,2024-03-05 23:58:05.331827,155,32,1
C0000538,P001,S0006,D0026,2024-02-28 08:49:41.152739,40,35,1
C0000539,P001,S0006,D0030,2024-03-08 07:40:46.866305,43,6,1
C0000540,P001,S0006,D0026,2024-03-07 23:55:13.670469,34,15,1
C0000541,P001,S0006,D0030,2024-02-28 19:31:38.105732,69,18,1
C0000542,P001,S0006,D0050,2024-03-02 04:26:19.218545,44,11,1
C0000543,P001,S0006,D0026,2024-03-07 11:04:42.319291,69,51,1
C0000544,P001,S0006,D0042,2024-03-08 11:05:51.906985,20,20,1
C0000545,P001,S0006,D0006,2024-03-03 04:20:55.742150,27,20,1
C0000546,P001,S0006,D0004,2024-02-28 15:14:02.856980,27,2,1
C0000547,P001,S0006,D0004,2024-03-06 13:34:25.588997,111,4,1
C0000548,P001,S0007,D0050,2024-03-11 17:09:45.447093,68,9,1
C0000549,P001,S0007,D0042,2024-03-16 18:59:13.480791,9,43,4
C0000550,P001,S0007,D0042,2024-03-23 06:42:54.236910,31,7,3
C0000551,P001,S0007,D0030,2024-03-20 12:53:30.183567,33,43,8
C0000552,P001,S0007,D0004,2024-03-20 16:12:03.224092,34,17,3
C0000553,P001,S0007,D0004,2024-03-13 18:49:44.352382,27,28,2
C0000554,P001,S0007,D0004,2024-03-18 20:23:18.322442,79,71,1
C0000555,P001,S0007,D0030,2024-03-21 05:16:01.907364,23,8,1
C0000556,P001,S0007,D0026,2024-03-22 05:04:36.664274,23,28,2
C0000557,P001,S0007,D0050,2024-03-21 09:06:29.751558,91,25,4
C0000558,P001,S0007,D0004,2024-03-12 03:40:00.638522,80,32,1
C0000559,P001,S0007,D0026,2024-03-18 12:19:59.993495,72,17,4
C0000560,P001,S0007,D0042,2024-03-20 15:38:55.779914,80,16,3
C0000561,P001,S0007,D0019,2024-03-17 15:39:17.944234,13,22,4
C0000562,P001,S0007,D0004,2024-03-11 16:04:25.142740,74,2,9
C0000563,P001,S0007,D0042,2024-03-19 17:59:24.005082,12,17,2
C0000564,P001,S0007,D0042,2024-03-19 22:08:54.681915,98,12,1
C0000565,P001,S0007,D0030,2024-03-20 09:25:57.153502,26,25,6
C0000566,P001,S0007,D0004,2024-03-15 23:55:26.640921,112,64,4
C0000567,P001,S0007,D0004,2024-03-17 02:13:11.688521,133,12,1
C0000568,P001,S0007,D0030,2024-03-18 02:41:18.407889,16,16,4
C0000569,P001,S0007,D0042,2024-03-16 19:55:15.278486,13,28,1
C0000570,P001,S0007,D0030,2024-03-15 03:49:03.671181,72,26,1
C0000571,P001,S0007,D0042,2024-03-19 20:38:12.025466,26,25,2
C0000572,P001,S0007,D0050,2024-03-14 07:36:20.174906,18,21,3
C0000573,P001,S0007,D0006,2024-03-11 09:18:54.498024,110,20,3
C0000574,P001,S0007,D0050,2024-03-22 23:02:07.595304,76,27,3
C0000575,P001,S0007,D0030,2024-03-17 03:04:40.897565,21,6,2
C0000576,P001,S0007,D0050,2024-03-11 02:45:19.787322,94,15,3
C0000577,P001,S0007,D0019,2024-03-20 11:33:37.061017,71,2,5
C0000578,P001,S0007,D0004,2024-03-17 17:49:21.269379,43,32,3
C0000579,P001,S0007,D0026,2024-03-19 17:39:36.579266,33,6,1
C0000580,P001,S0007,D0050,2024-03-18 09:17:42.893886,83,58,1
C0000581,P001,S0007,D0006,2024-03-11 01:18:41.719119,9,4,1
C0000582,P001,S0007,D0030,2024-03-12 20:08:23.719293,60,37,1
C0000583,P001,S0007,D0019,2024-03-14 14:13:27.016282,22,15,3
C0000584,P001,S0007,D0050,2024-03-23 11:06:08.160910,38,27,2
C0000585,P001,S0007,D0019,2024-03-20 01:15:38.637999,62,23,3
C0000586,P001,S0007,D0026,2024-03-11 20:50:41.037332,81,24,9
C0000587,P001,S0007,D0030,2024-03-22 20:28:01.511386,142,9,3
C0000588,P001,S0007,D0019,2024-03-18 18:16:05.097941,10,24,1
C0000589,P001,S0007,D0050,2024-03-11 06:10:29.339810,68,22,1
C0000590,P001,S0007,D0019,2024-03-13 20:33:14.636561,15,6,2
C0000591,P001,S0007,D0026,2024-03-19 00:47:17.917418,102,10,1
C0000592,P001,S0007,D0004,2024-03-11 15:56:02.082581,11,30,8
C0000593,P001,S0007,D0006,2024-03-13 07:15:53.843652,13,15,3
C0000594,P001,S0007,D0006,2024-03-16 13:20:46.704470,45,48,1
C0000595,P001,S0007,D0004,2024-03-19 07:24:36.282367,84,3,3
C0000596,P001,S0007,D0006,2024-03-14 15:50:27.853784,4,31,2
C0000597,P001,S0007,D0030,2024-03-16 20:07:00.678483,64,44,1
C0000598,P001,S0007,D0004,2024-03-18 12:36:40.957744,48,46,1
C0000599,P001,S0007,D0019,2024-03-18 01:42:39.284254,31,22,2
C0000600,P001,S0007,D0004,2024-03-22 23:12:25.476259,17,34,3
C0000601,P001,S0007,D0026,2024-03-16 10:30:57.211727,18,13,3
C0000602,P001,S0007,D0042,2024-03-13 21:22:22.188918,13,56,1
C0000603,P001,S0007,D0006,2024-03-15 23:35:49.063804,8,31,1
C0000604,P001,S0007,D0030,2024-03-12 06:23:25.108986,68,8,1
C0000605,P001,S0007,D0026,2024-03-17 23:01:17.181927,14,19,1
C0000606,P001,S0007,D0030,2024-03-18 05:40:26.425774,63,0,4
C0000607,P001,S0007,D0019,2024-03-21 12:13:08.061201,79,8,4
C0000608,P001,S0007,D0026,2024-03-21 18:20:21.198596,95,26,5
C0000609,P001,S0007,D0030,2024-03-12 23:52:32.634760,114,20,2
C0000610,P001,S0007,D0050,2024-03-20 17:33:19.881777,44,29,2
C0000611,P001,S0007,D0019,2024-03-11 04:31:40.117907,70,9,3
C0000612,P001,S0007,D0006,2024-03-11 05:29:29.047388,62,17,2
C0000613,P001,S0007,D0004,2024-03-22 17:38:06.008437,81,27,1
C0000614,P001,S0007,D0006,2024-03-20 18:52:38.800773,46,29,1
C0000615,P001,S0007,D0006,2024-03-12 14:54:49.882463,50,24,1
C0000616,P001,S0007,D0030,2024-03-20 18:25:46.695674,39,35,1
C0000617,P001,S0007,D0019,2024-03-21 09:02:29.916439,18,21,1
C0000618,P001,S0007,D0042,2024-03-21 13:43:26.717656,101,20,1
C0000619,P001,S0008,D0006,2024-04-04 01:04:27.699188,22,4,1
C0000620,P001,S0008,D0030,2024-03-24 22:12:58.025501,32,9,3
C0000621,P001,S0008,D0004,2024-03-31 19:18:47.023488,63,13,1
C0000622,P001,S0008,D0004,2024-03-29 09:16:55.503372,6,29,1
C0000623,P001,S0008,D0019,2024-03-28 01:00:13.049508,11,21,1
C0000624,P001,S0008,D0042,2024-03-28 13:57:54.582599,27,25,1
C0000625,P001,S0008,D0026,2024-04-03 12:19:35.703367,103,1,2
C0000626,P001,S0008,D0030,2024-03-26 23:32:19.701235,14,1,5
C0000627,P001,S0008,D0026,2024-04-01 05:29:30.756143,18,1,3
C0000628,P001,S0008,D0006,2024-04-04 02:00:38.181037,96,14,2
C0000629,P001,S0008,D0042,2024-03-27 06:17:57.972231,70,19,6
C0000630,P001,S0008,D0004,2024-04-04 18:26:33.324894,49,6,2
C0000631,P001,S0008,D0026,2024-04-04 17:52:22.893074,105,3,2
C0000632,P001,S0008,D0004,2024-03-27 17:33:13.468519,75,40,1
C0000633,P001,S0008,D0050,2024-03-28 15:57:23.651491,38,19,1
C0000634,P001,S0008,D0019,2024-03-24 20:24:19.990382,32,8,2
C0000635,P001,S0008,D0050,2024-04-05 22:25:07.579112,74,23,1
C0000636,P001,S0008,D0050,2024-03-31 07:14:57.597781,44,22,3
C0000637,P001,S0008,D0019,2024-04-02 23:42:56.723032,71,36,2
C0000638,P001,S0008,D0042,2024-03-29 23:51:55.420636,33,12,1
C0000639,P001,S0008,D0019,2024-04-04 06:49:04.778829,87,36,6
C0000640,P001,S0008,D0006,2024-03-25 13:10:34.112637,26,2,1
C0000641,P001,S0008,D0019,2024-03-25 14:10:10.112083,41,57,3
C0000642,P001,S0008,D0026,2024-03-29 05:40:18.687094,69,5,3
C0000643,P001,S0008,D0050,2024-04-02 13:16:55.268638,36,23,9
C0000644,P001,S0008,D0004,2024-03-25 18:48:19.213704,37,48,10
C0000645,P001,S0008,D0030,2024-03-31 00:54:07.509452,55,11,1
C0000646,P001,S0008,D0030,2024-04-02 07:39:32.101071,18,8,1
C0000647,P001,S0008,D0026,2024-03-28 04:57:10.697983,49,36,1
C0000648,P001,S0008,D0006,2024-03-29 04:19:03.477166,104,29,4
C0000649,P001,S0008,D0004,2024-03-25 01:44:47.651703,70,31,1
C0000650,P001,S0008,D0026,2024-04-03 14:28:49.240786,39,15,1
C0000651,P001,S0008,D0026,2024-04-02 00:51:51.000200,30,40,1
C0000652,P001,S0008,D0006,2024-04-05 20:38:39.273344,45,4,2
C0000653,P001,S0008,D0019,2024-03-27 08:17:26.099817,71,3,2
C0000654,P001,S0008,D0042,2024-04-03 05:08:04.461107,63,36,5
C0000655,P001,S0008,D0004,2024-04-02 16:44:59.382208,24,32,1
C0000656,P001,S0008,D0042,2024-03-29 12:29:39.374501,12,44,2
C0000657,P001,S0008,D0026,2024-03-25 10:53:50.023281,32,9,1
C0000658,P001,S0008,D0004,2024-03-29 09:43:56.823023,75,57,4
C0000659,P001,S0008,D0004,2024-03-26 10:05:17.821668,54,17,2
C0000660,P001,S0008,D0026,2024-04-04 12:32:54.591517,177,21,1
C0000661,P001,S0008,D0026,2024-04-04 04:03:21.052529,85,19,2
C0000662,P001,S0008,D0004,2024-03-26 11:20:07.884459,104,55,1
C0000663,P001,S0008,D0026,2024-03-24 19:00:46.661765,40,3,1
C0000664,P001,S0008,D0019,2024-03-28 07:20:57.139818,40,15,3
C0000665,P001,S0008,D0006,2024-03-30 13:50:49.910270,39,38,1
C0000666,P001,S0008,D0026,2024-03-26 19:42:25.728922,16,56,1
C0000667,P001,S0008,D0030,2024-03-27 00:59:38.497809,4,14,6
C0000668,P001,S0008,D0050,2024-03-29 00:07:23.330547,41,19,3
C0000669,P001,S0009,D0042,2024-04-14 19:55:48.849139,15,2,3
C0000670,P001,S0009,D0004,2024-04-14 11:39:13.354715,97,15,1
C0000671,P001,S0009,D0026,2024-04-19 19:08:12.661327,13,19,1
C0000672,P001,S0009,D0042,2024-04-18 14:56:02.182606,29,17,12
C0000673,P001,S0009,D0019,2024-04-13 01:05:10.083162,15,13,5
C0000674,P001,S0009,D0006,2024-04-15 11:04:05.289353,165,37,3
C0000675,P001,S0009,D0019,2024-04-11 07:58:24.149753,64,34,1
C0000676,P001,S0009,D0019,2024-04-09 01:27:57.012915,50,37,1
C0000677,P001,S0009,D0026,2024-04-08 09:22:05.663753,28,9,4
C0000678,P001,S0009,D0019,2024-04-19 13:34:48.880665,28,72,2
C0000679,P001,S0009,D0042,2024-04-12 06:13:35.185646,102,11,5
C0000680,P001,S0009,D0004,2024-04-18 06:26:42.481797,50,78,4
C0000681,P001,S0009,D0026,2024-04-17 08:20:17.053450,16,41,3
C0000682,P001,S0009,D0050,2024-04-12 06:46:29.248013,52,9,2
C0000683,P001,S0009,D0030,2024-04-07 19:34:32.999784,150,30,1
C0000684,P001,S0009,D0050,2024-04-15 09:21:03.748423,20,26,1
C0000685,P001,S0009,D0004,2024-04-17 01:13:10.252791,46,15,1
C0000686,P001,S0009,D0019,2024-04-16 01:26:13.620965,12,17,3
C0000687,P001,S0009,D0042,2024-04-15 16:59:45.370340,31,7,3
C0000688,P001,S0009,D0019,2024-04-12 13:19:50.351118,25,7,1
C0000689,P001,S0009,D0026,2024-04-12 05:52:16.777097,38,24,1
C0000690,P001,S0009,D0030,2024-04-17 11:49:57.058868,63,13,1
C0000691,P001,S0009,D0050,2024-04-16 02:47:29.437796,73,12,3
C0000692,P001,S0009,D0004,2024-04-08 20:00:37.300307,22,28,5
C0000693,P001,S0009,D0019,2024-04-17 20:08:54.653912,25,1,1
C0000694,P001,S0009,D0042,2024-04-11 15:55:06.668149,21,24,3
C0000695,P001,S0009,D0006,2024-04-16 02:15:46.300995,29,6,2
C0000696,P001,S0009,D0042,2024-04-09 22:30:08.554524,45,20,2
C0000697,P001,S0009,D0042,2024-04-16 16:36:26.093036,39,8,7
C0000698,P001,S0009,D0004,2024-04-19 20:00:42.718055,20,8,5
C0000699,P001,S0009,D0050,2024-04-10 03:48:25.146671,115,8,2
C0000700,P001,S0009,D0004,2024-04-13 21:39:21.748049,16,33,4
C0000701,P001,S0009,D0030,2024-04-14 12:56:13.495681,94,22,1
C0000702,P001,S0009,D0042,2024-04-09 04:39:56.497756,49,1,1
C0000703,P001,S0009,D0030,2024-04-14 01:25:03.144906,83,27,1
C0000704,P001,S0009,D0030,2024-04-20 02:44:32.787999,52,1,1
C0000705,P001,S0009,D0050,2024-04-20 02:17:13.817413,81,10,1
C0000706,P001,S0009,D0004,2024-04-14 04:12:32.000038,26,22,1
C0000707,P001,S0009,D0006,2024-04-08 23:58:59.450150,34,31,3
C0000708,P001,S0009,D0006,2024-04-17 14:57:45.658015,28,14,2
C0000709,P001,S0009,D0026,2024-04-11 17:04:33.374935,41,0,6
C0000710,P001,S0009,D0006,2024-04-11 03:02:46.270825,39,25,2
C0000711,P001,S0009,D0006,2024-04-10 03:41:56.887422,26,20,1
C0000712,P001,S0009,D0004,2024-04-13 13:44:53.780301,39,35,2
C0000713,P001,S0009,D0026,2024-04-09 06:48:49.001896,68,19,2
C0000714,P001,S0009,D0026,2024-04-11 07:59:14.741229,68,20,2
C0000715,P001,S0009,D0004,2024-04-15 07:21:13.131884,14,12,7
C0000716,P001,S0009,D0006,2024-04-16 04:13:44.076259,50,17,5
C0000717,P001,S0009,D0006,2024-04-16 09:54:12.993847,105,31,4
C0000718,P001,S0009,D0019,2024-04-09 00:01:14.309458,8,15,1
C0000719,P001,S0009,D0006,2024-04-19 19:15:11.794259,55,36,3
C0000720,P001,S0009,D0030,2024-04-17 07:21:54.817518,67,6,4
C0000721,P001,S0009,D0006,2024-04-09 03:39:04.343467,17,25,5
C0000722,P001,S0009,D0006,2024-04-12 20:53:03.198050,52,48,3
C0000723,P001,S0009,D0042,2024-04-09 15:37:26.280344,128,45,6
C0000724,P001,S0009,D0050,2024-04-08 18:40:06.165650,48,48,1
C0000725,P001,S0009,D0019,2024-04-19 16:46:03.702007,46,10,2
C0000726,P001,S0009,D0019,2024-04-07 02:38:34.682573,90,20,6
C0000727,P001,S0009,D0050,2024-04-08 14:18:02.583257,38,28,6
C0000728,P001,S0009,D0019,2024-04-11 02:01:44.508408,30,6,8
C0000729,P001,S0009,D0042,2024-04-17 02:31:18.618337,63,25,3
C0000730,P001,S0009,D0026,2024-04-15 06:43:29.232472,62,74,1
C0000731,P001,S0009,D0026,2024-04-14 12:46:24.683992,90,16,4
C0000732,P001,S0009,D0030,2024-04-12 20:35:10.936326,14,27,2
C0000733,P001,S0009,D0030,2024-04-15 12:54:51.578854,71,37,6
C0000734,P001,S0009,D0019,2024-04-09 01:44:37.697169,22,14,1
C0000735,P001,S0009,D0026,2024-04-18 14:23:01.922733,182,20,1
C0000736,P001,S0009,D0042,2024-04-19 17:12:52.964425,28,16,1
C0000737,P001,S0009,D0026,2024-04-18 19:11:53.861079,41,21,1
C0000738,P001,S0009,D0050,2024-04-12 18:09:59.129020,10,96,3
C0000739,P001,S0009,D0050,2024-04-14 06:59:49.629044,20,30,1
C0000740,P001,S0009,D0050,2024-04-19 00:59:14.692651,79,15,1
C0000741,P001,S0009,D0026,2024-04-10 11:35:11.676462,75,7,5
C0000742,P001,S0009,D0026,2024-04-11 09:48:35.304292,114,20,1
C0000743,P001,S0009,D0026,2024-04-07 07:42:39.321819,30,5,7
C0000744,P001,S0009,D0030,2024-04-12 06:23:01.833841,86,14,1
C0000745,P001,S0009,D0019,2024-04-18 02:25:54.940904,11,9,1
C0000746,P001,S0009,D0030,2024-04-09 22:52:47.481505,87,15,1
C0000747,P001,S0009,D0026,2024-04-09 02:15:05.736603,8,26,4
C0000748,P001,S0009,D0019,2024-04-15 08:34:43.583548,96,3,1
C0000749,P001,S0009,D0004,2024-04-15 23:18:27.961689,37,26,1
C0000750,P001,S0009,D0026,2024-04-13 05:27:52.899067,53,9,1
C0000751,P001,S0009,D0030,2024-04-18 19:32:21.188271,34,19,3
C0000752,P001,S0009,D0019,2024-04-16 07:55:15.658395,26,25,7
C0000753,P001,S0009,D0030,2024-04-14 23:22:01.730539,116,15,8
C0000754,P001,S0009,D0019,2024-04-08 07:34:59.778193,26,5,2
C0000755,P001,S0009,D0050,2024-04-14 12:05:49.426705,41,98,6
C0000756,P001,S0009,D0050,2024-04-10 04:09:18.843621,26,6,1
C0000757,P001,S0009,D0050,2024-04-09 03:03:06.940668,139,15,1
C0000758,P001,S0009,D0026,2024-04-16 15:55:12.032448,96,7,2
C0000759,P001,S0009,D0030,2024-04-14 14:12:47.046047,43,15,6
C0000760,P001,S0009,D0006,2024-04-16 15:54:55.969372,52,35,2
C0000761,P001,S0009,D0006,2024-04-13 17:58:14.078984,23,25,2
C0000762,P001,S0009,D0042,2024-04-10 13:45:34.569009,67,37,1
C0000763,P001,S0009,D0026,2024-04-20 00:17:50.402376,65,20,8
C0000764,P001,S0009,D0050,2024-04-16 02:58:26.914063,60,6,1
C0000765,P001,S0009,D0006,2024-04-16 19:03:50.441602,65,10,3
C0000766,P001,S0009,D0030,2024-04-13 22:36:19.850200,52,7,3
C0000767,P001,S0009,D0019,2024-04-20 04:57:57.424974,132,4,1
C0000768,P001,S0009,D0006,2024-04-12 18:03:09.665159,78,23,1
C0000769,P001,S0009,D0042,2024-04-15 06:35:02.182379,72,32,1
C0000770,P001,S0009,D0006,2024-04-12 23:37:40.687805,16,10,1
C0000771,P001,S0009,D0019,2024-04-08 18:13:26.405333,9,27,3
C0000772,P001,S0009,D0006,2024-04-08 16:44:40.341970,56,45,1
C0000773,P001,S0009,D0026,2024-04-14 08:54:40.706568,24,59,1
C0000774,P001,S0009,D0042,2024-04-14 13:16:21.261825,28,27,18
C0000775,P001,S0009,D0026,2024-04-17 23:05:37.460445,57,12,6
C0000776,P001,S0009,D0006,2024-04-09 06:10:33.287527,36,9,1
C0000777,P001,S0009,D0019,2024-04-11 09:00:43.027059,4,16,1
C0000778,P001,S0009,D0042,2024-04-13 02:51:17.764899,17,28,1
C0000779,P001,S0009,D0019,2024-04-07 14:15:42.816175,36,12,3
C0000780,P001,S0009,D0004,2024-04-17 11:28:02.099082,47,18,1
C0000781,P001,S0010,D0042,2024-04-21 22:37:21.603681,39,33,1
C0000782,P001,S0010,D0006,2024-04-29 10:50:22.718974,35,14,2
C0000783,P001,S0010,D0050,2024-05-02 20:57:16.742921,128,37,2
C0000784,P001,S0010,D0006,2024-04-22 13:37:53.401910,13,6,1
C0000785,P001,S0010,D0026,2024-04-23 23:41:31.130207,41,47,2
C0000786,P001,S0010,D0006,2024-04-27 01:36:04.270931,48,14,3
C0000787,P001,S0010,D0042,2024-04-25 22:23:14.941200,24,37,2
C0000788,P001,S0010,D0030,2024-04-25 01:19:33.952437,3,9,3
C0000789,P001,S0010,D0042,2024-04-28 19:18:16.762529,56,3,3
C0000790,P001,S0010,D0050,2024-05-02 11:44:59.968787,55,4,5
C0000791,P001,S0010,D0026,2024-04-24 14:59:36.354584,39,32,1
C0000792,P001,S0010,D0026,2024-05-03 13:57:32.008004,68,9,1
C0000793,P001,S0010,D0050,2024-04-30 05:08:53.412212,21,22,1
C0000794,P001,S0010,D0019,2024-04-23 08:17:50.162338,11,15,3
C0000795,P001,S0010,D0050,2024-04-29 00:22:23.947354,14,20,3
C0000796,P001,S0010,D0026,2024-04-23 08:52:57.221523,39,1,5
C0000797,P001,S0010,D0019,2024-04-27 17:57:13.097923,75,10,4
C0000798,P001,S0010,D0006,2024-04-22 14:11:41.342818,144,1,7
C0000799,P001,S0010,D0006,2024-04-22 20:51:35.413797,28,21,1
C0000800,P001,S0010,D0006,2024-05-03 12:34:25.595539,23,25,1
C0000801,P001,S0010,D0006,2024-04-21 18:52:46.130546,36,33,7
C0000802,P001,S0010,D0004,2024-05-02 08:29:23.441775,14,1,2
C0000803,P001,S0010,D0004,2024-04-25 09:30:51.574083,21,21,4
C0000804,P001,S0010,D0006,2024-04-23 05:48:51.482793,83,28,2
C0000805,P001,S0010,D0042,2024-04-23 08:20:54.487866,108,3,1
C0000806,P001,S0010,D0030,2024-05-02 19:35:19.697706,46,8,1
C0000807,P001,S0010,D0006,2024-04-26 07:22:50.069556,30,5,1
C0000808,P001,S0010,D0030,2024-04-26 02:58:49.644147,35,68,1
C0000809,P001,S0010,D0006,2024-04-24 19:37:32.960331,41,17,1
C0000810,P001,S0010,D0026,2024-04-29 00:56:03.413259,39,4,3
C0000811,P001,S0010,D0006,2024-04-25 05:46:24.790746,22,22,4
C0000812,P001,S0010,D0026,2024-04-28 13:37:44.511538,51,3,1
C0000813,P001,S0010,D0042,2024-04-30 22:25:59.719953,53,2,1
C0000814,P001,S0010,D0042,2024-04-26 08:49:52.378414,42,5,3
C0000815,P001,S0010,D0004,2024-04-30 09:19:21.891249,19,0,4
C0000816,P001,S0010,D0019,2024-05-02 14:10:44.908191,28,7,3
C0000817,P001,S0010,D0004,2024-04-25 18:27:28.641729,86,13,1
C0000818,P001,S0010,D0026,2024-04-23 13:03:11.239643,14,29,1
C0000819,P001,S0010,D0030,2024-04-26 15:48:48.465090,33,20,3
C0000820,P001,S0010,D0050,2024-04-22 08:12:19.484285,122,3,5
C0000821,P001,S0010,D0050,2024-04-25 18:37:17.112518,45,24,3
C0000822,P001,S0010,D0030,2024-04-28 11:38:35.865514,94,57,7
C0000823,P001,S0010,D0026,2024-04-22 01:21:46.139869,54,32,3
C0000824,P001,S0010,D0004,2024-04-25 10:10:25.402978,39,61,1
C0000825,P001,S0010,D0026,2024-04-29 14:12:38.051787,88,101,14
C0000826,P001,S0010,D0050,2024-05-03 12:40:08.003801,57,7,7
C0000827,P001,S0010,D0004,2024-04-26 16:18:42.501173,11,19,1
C0000828,P001,S0010,D0026,2024-04-22 18:41:16.489031,105,3,1
C0000829,P001,S0010,D0042,2024-04-26 05:54:19.848313,60,16,1
C0000830,P001,S0010,D0026,2024-05-03 08:12:38.974879,31,46,3
C0000831,P001,S0010,D0026,2024-04-30 09:51:46.884560,97,3,6
C0000832,P001,S0010,D0050,2024-04-26 05:29:14.464252,68,28,2
C0000833,P001,S0010,D0042,2024-05-01 06:48:10.738246,30,16,5
C0000834,P001,S0010,D0019,2024-04-28 21:19:48.379780,79,15,2
C0000835,P001,S0010,D0050,2024-04-22 05:06:51.507524,29,7,9
C0000836,P001,S0010,D0026,2024-05-03 13:15:24.964576,20,14,5
C0000837,P001,S0010,D0019,2024-05-02 23:00:37.611271,35,3,3
C0000838,P001,S0010,D0026,2024-05-03 07:38:57.836012,19,59,1
C0000839,P001,S0010,D0004,2024-04-24 12:58:26.461848,35,25,1
C0000840,P001,S0010,D0030,2024-04-29 22:21:28.777968,28,3,2
C0000841,P001,S0010,D0042,2024-05-02 10:13:40.803137,46,17,2
C0000842,P001,S0010,D0019,2024-05-01 20:08:11.964251,17,11,8
C0000843,P001,S0010,D0004,2024-04-27 18:01:29.101905,44,3,1
C0000844,P001,S0010,D0019,2024-04-30 04:54:13.243252,56,3,5
C0000845,P001,S0010,D0030,2024-04-26 22:49:34.201800,29,28,6
C0000846,P001,S0010,D0004,2024-04-29 00:02:56.799342,76,6,1
C0000847,P001,S0010,D0030,2024-05-01 10:36:57.074991,31,15,1
C0000848,P001,S0010,D0042,2024-04-24 03:26:02.716006,21,6,7
C0000849,P001,S0010,D0030,2024-04-26 10:21:45.355498,139,54,5
C0000850,P001,S0010,D0006,2024-04-26 02:38:02.500063,46,25,3
C0000851,P001,S0010,D0030,2024-05-01 03:26:23.990909,29,11,1
C0000852,P001,S0010,D0019,2024-05-03 05:21:11.478594,106,4,8
C0000853,P001,S0010,D0026,2024-05-01 03:44:19.640905,43,21,2
C0000854,P001,S0010,D0006,2024-04-28 01:01:34.766756,50,5,1
C0000855,P001,S0010,D0030,2024-04-25 05:59:35.216773,18,14,1
C0000856,P001,S0010,D0019,2024-04-26 03:00:04.403260,78,11,5
C0000857,P001,S0010,D0026,2024-05-03 03:00:21.099922,98,33,2
C0000858,P001,S0010,D0026,2024-05-03 21:46:35.453738,46,12,3
C0000859,P001,S0010,D0026,2024-05-03 08:29:49.732472,48,32,3
C0000860,P001,S0010,D0006,2024-04-30 05:36:50.055006,101,29,1
C0000861,P001,S0010,D0006,2024-04-28 15:20:17.926103,17,11,2
C0000862,P001,S0010,D0042,2024-05-03 11:34:52.833109,82,14,1
C0000863,P001,S0010,D0026,2024-04-22 13:41:20.409483,53,17,10
C0000864,P001,S0010,D0030,2024-04-30 16:45:11.606758,129,24,1
C0000865,P001,S0010,D0006,2024-04-24 21:08:08.591519,20,20,1
C0000866,P001,S0010,D0026,2024-04-24 06:08:56.751319,122,18,1
C0000867,P001,S0010,D0019,2024-04-24 05:50:13.408844,48,16,2
C0000868,P001,S0010,D0050,2024-04-23 05:47:41.139446,30,9,4
C0000869,P001,S0010,D0042,2024-04-26 12:28:42.822574,21,23,1
C0000870,P001,S0010,D0006,2024-04-26 11:07:39.797615,13,16,1
C0000871,P001,S0010,D0050,2024-04-23 08:10:50.226203,14,3,1
C0000872,P001,S0010,D0006,2024-05-04 01:39:50.672259,45,13,1
C0000873,P001,S0010,D0004,2024-04-27 03:55:30.826276,69,12,2
C0000874,P001,S0010,D0050,2024-05-01 07:45:30.830604,24,7,2
C0000875,P002,S0011,D0037,2023-12-30 16:31:45.980661,130,7,3
C0000876,P002,S0011,D0013,2023-12-27 12:42:53.064004,104,8,2
C0000877,P002,S0011,D0015,2023-12-29 20:53:08.883699,57,2,1
C0000878,P002,S0011,D0057,2023-12-27 03:12:46.696779,47,18,1
C0000879,P002,S0011,D0059,2023-12-26 22:56:34.401110,14,2,1
C0000880,P002,S0011,D0013,2024-01-05 04:38:48.138105,16,46,1
C0000881,P002,S0011,D0057,2024-01-05 19:58:36.846911,30,16,1
C0000882,P002,S0011,D0047,2023-12-30 19:36:21.173012,137,8,1
C0000883,P002,S0011,D0013,2024-01-04 16:44:53.533579,64,23,4
C0000884,P002,S0011,D0015,2024-01-03 07:31:36.423292,42,11,2
C0000885,P002,S0011,D0024,2023-12-28 11:15:43.548326,78,11,1
C0000886,P002,S0011,D0054,2024-01-01 21:10:44.127163,24,17,1
C0000887,P002,S0011,D0059,2023-12-31 17:20:21.504529,44,48,1
C0000888,P002,S0011,D0057,2024-01-01 21:38:23.067793,95,48,1
C0000889,P002,S0011,D0013,2024-01-07 02:28:45.271191,53,40,7
C0000890,P002,S0011,D0059,2023-12-29 03:23:09.438080,43,19,1
C0000891,P002,S0011,D0057,2023-12-27 03:25:05.137282,51,73,6
C0000892,P002,S0011,D0015,2024-01-07 07:30:58.674595,27,1,3
C0000893,P002,S0011,D0057,2023-12-30 03:02:29.207681,29,13,1
C0000894,P002,S0011,D0054,2023-12-28 12:19:22.065760,47,28,3
C0000895,P002,S0011,D0047,2023-12-29 20:13:26.271060,57,11,2
C0000896,P002,S0011,D0057,2023-12-26 12:18:26.079448,151,21,1
C0000897,P002,S0011,D0024,2023-12-29 03:30:55.626937,22,32,8
C0000898,P002,S0011,D0015,2024-01-03 12:26:34.249153,24,92,8
C0000899,P002,S0011,D0047,2023-12-31 07:06:01.983174,17,1,4
C0000900,P002,S0011,D0054,2024-01-01 05:59:10.639910,46,2,1
C0000901,P002,S0011,D0037,2024-01-04 07:24:06.994804,66,26,3
C0000902,P002,S0011,D0013,2024-01-07 16:40:57.279046,72,7,3
C0000903,P002,S0011,D0054,2024-01-02 03:07:13.846500,41,10,1
C0000904,P002,S0011,D0059,2024-01-05 17:10:18.843709,43,29,4
C0000905,P002,S0011,D0054,2023-12-25 17:28:57.723915,40,5,7
C0000906,P002,S0011,D0015,2024-01-06 12:59:08.758328,59,23,5
C0000907,P002,S0011,D0037,2023-12-29 12:39:05.476591,7,42,3
C0000908,P002,S0011,D0015,2024-01-03 21:12:46.287679,46,9,2
C0000909,P002,S0011,D0015,2023-12-27 18:10:31.420000,87,11,8
C0000910,P002,S0011,D0059,2023-12-30 04:37:31.559653,23,42,4
C0000911,P002,S0011,D0047,2023-12-25 14:31:07.779666,46,9,2
C0000912,P002,S0011,D0015,2024-01-01 01:51:20.128080,43,22,1
C0000913,P002,S0011,D0057,2024-01-04 05:17:55.118163,42,7,1
C0000914,P002,S0011,D0047,2023-12-28 01:39:26.046820,5,18,1
C0000915,P002,S0011,D0024,2024-01-06 05:13:28.342992,50,7,2
C0000916,P002,S0011,D0024,2024-01-01 15:23:57.259486,85,15,1
C0000917,P002,S0011,D0013,2024-01-02 07:27:04.677713,38,1,2
C0000918,P002,S0011,D0057,2023-12-25 13:44:21.158733,97,24,1
C0000919,P002,S0011,D0015,2023-12-29 09:13:51.310423,56,16,3
C0000920,P002,S0011,D0037,2023-12-27 04:56:38.845242,14,7,1
C0000921,P002,S0011,D0047,2023-12-29 18:17:19.626421,84,8,1
C0000922,P002,S0011,D0015,2023-12-29 05:24:32.087677,77,34,3
C0000923,P002,S0011,D0015,2023-12-29 22:01:30.806160,13,4,7
C0000924,P002,S0011,D0059,2024-01-02 22:51:27.934988,50,19,3
C0000925,P002,S0011,D0047,2023-12-30 15:48:56.059916,47,46,5
C0000926,P002,S0011,D0047,2023-12-29 19:28:19.134388,93,14,3
C0000927,P002,S0011,D0015,2024-01-02 02:11:38.228643,60,21,6
C0000928,P002,S0011,D0057,2024-01-06 20:46:33.114945,25,7,3
C0000929,P002,S0011,D0057,2023-12-26 10:46:02.946360,27,10,1
C0000930,P002,S0011,D0024,2024-01-04 04:56:43.222963,36,13,1
C0000931,P002,S0011,D0059,2023-12-30 10:17:11.449049,20,15,1
C0000932,P002,S0011,D0047,2023-12-26 20:42:44.166543,45,31,3
C0000933,P002,S0011,D0059,2023-12-27 10:13:04.392890,49,18,2
C0000934,P002,S0011,D0013,2024-01-04 02:31:49.655873,82,4,2
C0000935,P002,S0011,D0059,2023-12-25 13:17:10.236232,35,33,1
C0000936,P002,S0011,D0059,2024-01-02 08:09:23.113194,50,18,1
C0000937,P002,S0011,D0037,2024-01-01 11:57:13.608223,70,8,3
C0000938,P002,S0011,D0047,2024-01-04 00:22:08.341251,33,4,5
C0000939,P002,S0011,D0037,2024-01-06 13:17:55.838827,13,32,3
C0000940,P002,S0012,D0059,2024-01-15 14:15:20.165205,24,26,3
C0000941,P002,S0012,D0013,2024-01-20 04:39:49.162406,48,17,1
C0000942,P002,S0012,D0047,2024-01-18 06:44:20.451960,12,8,3
C0000943,P002,S0012,D0054,2024-01-17 04:05:47.721639,72,38,2
C0000944,P002,S0012,D0054,2024-01-18 03:50:11.926429,17,19,1
C0000945,P002,S0012,D0059,2024-01-09 12:51:50.178084,81,12,1
C0000946,P002,S0012,D0013,2024-01-15 21:57:17.475030,54,25,1
C0000947,P002,S0012,D0013,2024-01-16 23:31:00.702740,64,1,1
C0000948,P002,S0012,D0015,2024-01-13 09:17:48.742146,5,32,4
C0000949,P002,S0012,D0059,2024-01-13 20:23:22.768203,21,51,1
C0000950,P002,S0012,D0037,2024-01-10 09:50:39.842449,59,10,2
C0000951,P002,S0012,D0013,2024-01-11 04:36:05.521443,24,16,1
C0000952,P002,S0012,D0054,2024-01-10 01:26:09.849208,64,8,4
C0000953,P002,S0012,D0024,2024-01-19 18:27:23.245044,29,16,4
C0000954,P002,S0012,D0057,2024-01-17 20:11:51.379200,49,14,2
C0000955,P002,S0012,D0057,2024-01-20 00:13:29.263746,38,12,5
C0000956,P002,S0012,D0037,2024-01-17 17:18:21.965400,102,25,1
C0000957,P002,S0012,D0013,2024-01-08 22:08:30.012921,12,68,3
C0000958,P002,S0012,D0054,2024-01-10 15:23:03.776851,41,4,1
C0000959,P002,S0012,D0059,2024-01-08 22:07:29.363475,39,5,3
C0000960,P002,S0012,D0054,2024-01-14 00:12:04.085678,101,17,2
C0000961,P002,S0012,D0013,2024-01-10 13:38:49.181091,48,8,2
C0000962,P002,S0012,D0037,2024-01-11 21:25:37.192409,23,11,3
C0000963,P002,S0012,D0054,2024-01-16 21:11:33.774873,25,26,7
C0000964,P002,S0012,D0037,2024-01-16 14:25:21.416605,46,13,5
C0000965,P002,S0012,D0057,2024-01-17 18:41:44.557623,60,17,2
C0000966,P002,S0012,D0013,2024-01-16 20:34:40.790693,131,19,2
C0000967,P002,S0012,D0015,2024-01-09 15:41:56.110777,14,39,5
C0000968,P002,S0012,D0015,2024-01-19 16:50:44.823350,123,38,5
C0000969,P002,S0012,D0057,2024-01-16 13:33:46.887740,46,4,8
C0000970,P002,S0012,D0015,2024-01-11 03:35:02.516968,47,9,5
C0000971,P002,S0012,D0054,2024-01-19 08:55:24.258065,20,13,1
C0000972,P002,S0012,D0013,2024-01-18 21:22:56.583284,2,19,1
C0000973,P002,S0012,D0024,2024-01-17 15:17:20.213149,10,42,1
C0000974,P002,S0012,D0015,2024-01-12 01:37:35.719306,58,34,5
C0000975,P002,S0012,D0057,2024-01-16 17:50:37.347447,30,17,2
C0000976,P002,S0012,D0024,2024-01-09 07:09:51.459356,92,6,2
C0000977,P002,S0012,D0013,2024-01-09 06:09:49.534336,67,29,1
C0000978,P002,S0012,D0057,2024-01-20 01:17:17.612696,11,27,2
C0000979,P002,S0012,D0037,2024-01-12 09:08:07.454158,9,50,2
C0000980,P002,S0012,D0054,2024-01-14 21:36:11.908635,66,3,2
C0000981,P002,S0012,D0047,2024-01-19 06:03:09.378316,20,19,1
C0000982,P002,S0012,D0015,2024-01-17 11:43:43.577409,48,6,3
C0000983,P002,S0012,D0024,2024-01-14 22:36:43.136871,33,5,1
C0000984,P002,S0012,D0059,2024-01-11 13:06:52.201000,29,12,1
C0000985,P002,S0012,D0024,2024-01-08 20:42:21.703207,84,9,1
C0000986,P002,S0012,D0047,2024-01-14 15:42:38.030376,46,30,1
C0000987,P002,S0012,D0059,2024-01-12 18:28:15.203319,14,9,5
C0000988,P002,S0012,D0015,2024-01-17 08:02:10.960871,60,6,1
C0000989,P002,S0012,D0047,2024-01-17 02:54:07.780385,106,47,1
C0000990,P002,S0012,D0059,2024-01-12 13:56:30.843259,37,26,6
C0000991,P002,S0012,D0015,2024-01-18 14:30:16.874380,40,20,2
C0000992,P002,S0012,D0015,2024-01-08 10:30:13.643496,19,8,1
C0000993,P002,S0012,D0057,2024-01-11 22:48:25.767675,162,4,1
C0000994,P002,S0012,D0047,2024-01-16 10:16:37.854713,32,22,3
C0000995,P002,S0012,D0024,2024-01-14 08:53:51.926499,16,50,3
C0000996,P002,S0012,D0024,2024-01-13 00:31:52.327029,47,45,1
C0000997,P002,S0012,D0015,2024-01-15 10:50:39.421099,26,23,3
C0000998,P002,S0012,D0015,2024-01-17 00:06:58.440321,98,2,1
C0000999,P002,S0012,D0057,2024-01-13 18:16:57.243171,155,13,1
C0001000,P002,S0012,D0047,2024-01-15 13:18:57.507100,41,16,1
C0001001,P002,S0012,D0054,2024-01-12 08:08:11.314748,25,20,2
C0001002,P002,S0012,D0054,2024-01-20 11:27:53.398787,89,39,11
C0001003,P002,S0012,D0059,2024-01-14 18:42:57.130665,95,21,3
C0001004,P002,S0012,D0054,2024-01-08 21:03:42.365030,99,39,1
C0001005,P002,S0012,D0057,2024-01-20 21:56:12.847292,43,8,8
C0001006,P002,S0012,D0047,2024-01-13 06:54:28.481321,59,30,2
C0001007,P002,S0012,D0024,2024-01-19 06:29:46.111394,65,4,1
C0001008,P002,S0012,D0037,2024-01-10 15:11:49.992946,46,47,4
C0001009,P002,S0012,D0059,2024-01-15 04:03:30.362810,41,7,4
C0001010,P002,S0012,D0013,2024-01-08 10:07:35.699947,59,13,1
C0001011,P002,S0012,D0024,2024-01-09 12:01:36.076928,64,38,1
C0001012,P002,S0012,D0024,2024-01-11 08:50:10.891914,50,6,6
C0001013,P002,S0012,D0047,2024-01-12 22:14:59.352238,176,48,4
C0001014,P002,S0012,D0037,2024-01-15 11:58:30.144864,33,35,1
C0001015,P002,S0012,D0013,2024-01-11 19:09:01.496454,74,4,1
C0001016,P002,S0012,D0037,2024-01-16 11:59:37.684699,24,24,1
C0001017,P002,S0012,D0057,2024-01-11 12:43:26.579323,18,31,1
C0001018,P002,S0012,D0059,2024-01-15 05:22:49.789301,69,36,1
C0001019,P002,S0012,D0024,2024-01-09 20:13:59.109612,41,1,3
C0001020,P002,S0012,D0059,2024-01-17 01:26:56.123678,17,3,4
C0001021,P002,S0012,D0047,2024-01-18 12:27:58.954323,90,11,1
C0001022,P002,S0012,D0054,2024-01-15 06:42:22.131891,22,27,2
C0001023,P002,S0012,D0037,2024-01-14 12:54:05.517332,32,6,4
C0001024,P002,S0012,D0059,2024-01-12 17:12:24.852368,54,82,4
C0001025,P002,S0012,D0047,2024-01-10 14:20:28.592212,3,55,6
C0001026,P002,S0012,D0024,2024-01-15 15:01:39.566494,14,18,2
C0001027,P002,S0012,D0013,2024-01-12 00:32:07.909260,65,4,1
C0001028,P002,S0012,D0059,2024-01-09 15:39:09.415504,83,49,1
C0001029,P002,S0012,D0015,2024-01-09 14:41:50.071836,42,57,5
C0001030,P002,S0012,D0057,2024-01-14 06:45:30.404804,14,3,3
C0001031,P002,S0012,D0059,2024-01-19 14:16:04.259092,40,53,5
C0001032,P002,S0012,D0047,2024-01-19 09:49:12.142724,10,19,1
C0001033,P002,S0012,D0057,2024-01-08 15:16:39.852425,66,44,4
C0001034,P002,S0012,D0059,2024-01-17 21:18:33.040078,71,6,1
C0001035,P002,S0012,D0037,2024-01-08 15:18:37.740956,69,52,8
C0001036,P002,S0012,D0037,2024-01-14 11:44:20.245439,35,12,4
C0001037,P002,S0012,D0024,2024-01-20 14:02:58.741336,75,33,1
C0001038,P002,S0012,D0059,2024-01-17 07:41:53.525792,11,14,3
C0001039,P002,S0012,D0047,2024-01-15 21:03:23.354582,8,7,1
C0001040,P002,S0012,D0059,2024-01-18 06:48:46.153271,3,16,5
C0001041,P002,S0012,D0054,2024-01-14 10:01:26.348201,45,11,5
C0001042,P002,S0012,D0024,2024-01-13 20:43:52.313999,31,11,1
C0001043,P002,S0012,D0024,2024-01-10 17:50:25.284954,137,34,2
C0001044,P002,S0012,D0057,2024-01-12 18:43:50.238548,39,57,4
C0001045,P002,S0012,D0037,2024-01-12 12:33:11.649550,33,10,8
C0001046,P002,S0012,D0054,2024-01-11 20:29:06.183374,13,10,1
C0001047,P002,S0012,D0013,2024-01-08 07:28:30.279682,60,16,7
C0001048,P002,S0012,D0015,2024-01-16 22:18:15.307867,53,15,2
C0001049,P002,S0012,D0015,2024-01-15 10:54:06.247809,33,35,1
C0001050,P002,S0012,D0024,2024-01-18 04:04:56.551959,11,5,2
C0001051,P002,S0012,D0013,2024-01-11 10:01:46.265978,102,1,2
C0001052,P002,S0012,D0024,2024-01-19 09:19:33.269630,164,1,1
C0001053,P002,S0012,D0013,2024-01-13 08:11:33.762457,10,7,3
C0001054,P002,S0012,D0037,2024-01-11 10:52:55.400968,17,5,1
C0001055,P002,S0012,D0047,2024-01-09 09:08:46.545909,99,24,3
C0001056,P002,S0012,D0054,2024-01-10 20:24:29.329492,67,12,2
C0001057,P002,S0012,D0054,2024-01-18 08:52:15.335498,78,27,4
C0001058,P002,S0012,D0054,2024-01-19 19:19:01.446246,96,28,2
C0001059,P002,S0012,D0047,2024-01-17 05:55:07.035152,21,8,1
C0001060,P002,S0012,D0054,2024-01-20 02:57:50.446052,45,35,1
C0001061,P002,S0012,D0024,2024-01-12 06:04:13.743950,7,12,1
C0001062,P002,S0012,D0059,2024-01-16 08:18:08.245814,11,6,7
C0001063,P002,S0012,D0057,2024-01-11 12:09:31.269241,37,18,2
C0001064,P002,S0012,D0024,2024-01-18 17:50:12.698686,95,0,3
C0001065,P002,S0012,D0057,2024-01-09 17:32:14.705780,114,12,3
C0001066,P002,S0012,D0047,2024-01-19 02:42:14.874430,88,11,1
C0001067,P002,S0012,D0013,2024-01-13 05:41:30.446885,43,14,2
C0001068,P002,S0012,D0054,2024-01-17 13:50:17.793548,39,11,1
C0001069,P002,S0012,D0057,2024-01-18 11:55:34.725746,20,8,2
C0001070,P002,S0012,D0013,2024-01-19 21:30:06.726484,21,39,1
C0001071,P002,S0013,D0037,2024-01-26 09:43:17.932150,29,19,4
C0001072,P002,S0013,D0013,2024-01-24 22:13:40.488151,43,31,4
C0001073,P002,S0013,D0037,2024-01-29 17:00:46.140860,46,8,1
C0001074,P002,S0013,D0059,2024-01-27 13:26:46.970755,19,22,4
C0001075,P002,S0013,D0047,2024-01-31 10:05:34.852144,52,29,1
C0001076,P002,S0013,D0059,2024-01-29 05:33:53.547200,57,45,1
C0001077,P002,S0013,D0024,2024-02-03 07:18:45.595354,35,1,1
C0001078,P002,S0013,D0024,2024-02-02 00:35:59.039496,57,50,4
C0001079,P002,S0013,D0057,2024-01-30 14:35:53.119930,59,22,4
C0001080,P002,S0013,D0059,2024-01-27 05:35:17.034725,19,8,3
C0001081,P002,S0013,D0047,2024-01-22 17:13:54.724452,41,15,1
C0001082,P002,S0013,D0047,2024-02-01 19:17:36.154514,70,10,1
C0001083,P002,S0013,D0037,2024-01-22 22:29:26.610569,49,3,1
C0001084,P002,S0013,D0013,2024-02-01 01:43:38.894665,51,24,1
C0001085,P002,S0013,D0013,2024-02-04 00:12:14.699296,36,27,2
C0001086,P002,S0013,D0057,2024-02-03 20:37:27.662143,97,14,1
C0001087,P002,S0013,D0054,2024-02-04 04:51:22.905468,29,2,4
C0001088,P002,S0013,D0013,2024-01-29 22:40:44.302559,67,38,4
C0001089,P002,S0013,D0054,2024-02-02 11:01:04.606860,99,9,7
C0001090,P002,S0013,D0057,2024-02-01 19:09:28.957029,42,24,1
C0001091,P002,S0013,D0047,2024-01-24 15:36:08.857621,57,11,2
C0001092,P002,S0013,D0059,2024-02-03 12:30:46.694313,23,28,1
C0001093,P002,S0013,D0015,2024-01-22 06:30:10.884465,53,49,2
C0001094,P002,S0013,D0024,2024-01-29 01:42:26.968857,29,6,1
C0001095,P002,S0013,D0024,2024-01-26 12:34:17.120440,93,10,6
C0001096,P002,S0013,D0047,2024-01-22 16:54:16.051410,14,26,6
C0001097,P002,S0013,D0054,2024-01-30 20:07:04.227159,35,25,11
C0001098,P002,S0013,D0015,2024-02-01 19:01:06.179116,95,47,2
C0001099,P002,S0013,D0047,2024-01-27 08:36:08.029277,47,27,1
C0001100,P002,S0013,D0057,2024-02-03 16:37:26.654757,44,3,2
C0001101,P002,S0013,D0013,2024-02-03 03:34:28.400590,34,55,1
C0001102,P002,S0013,D0015,2024-01-27 08:47:11.415518,19,18,1
C0001103,P002,S0013,D0057,2024-01-24 09:18:46.724071,37,26,2
C0001104,P002,S0013,D0024,2024-01-25 20:19:31.760289,6,6,1
C0001105,P002,S0013,D0015,2024-01-28 21:18:32.774774,71,20,2
C0001106,P002,S0013,D0047,2024-02-02 08:28:09.740929,35,9,2
C0001107,P002,S0013,D0037,2024-02-03 06:06:13.544181,136,16,7
C0001108,P002,S0013,D0015,2024-01-27 13:28:29.180237,90,0,2
C0001109,P002,S0013,D0013,2024-01-23 21:22:11.196950,59,0,1
C0001110,P002,S0013,D0013,2024-01-29 03:23:39.568366,75,43,1
C0001111,P002,S0013,D0057,2024-02-03 01:47:11.638949,8,25,1
C0001112,P002,S0013,D0015,2024-01-30 14:49:10.746910,22,40,2
C0001113,P002,S0013,D0024,2024-02-03 04:32:36.993967,42,36,3
C0001114,P002,S0013,D0047,2024-01-24 00:30:34.080036,34,4,3
C0001115,P002,S0013,D0054,2024-01-23 02:11:47.461220,63,31,1
C0001116,P002,S0013,D0037,2024-01-29 05:04:26.558779,73,19,4
C0001117,P002,S0013,D0037,2024-01-31 17:00:24.020275,6,61,4
C0001118,P002,S0013,D0013,2024-02-02 00:07:48.461718,51,0,2
C0001119,P002,S0013,D0059,2024-01-23 20:49:39.139058,37,40,1
C0001120,P002,S0013,D0013,2024-02-02 00:47:40.279920,15,53,2
C0001121,P002,S0013,D0059,2024-01-26 12:47:48.353328,43,8,5
C0001122,P002,S0013,D0015,2024-02-01 11:17:00.031462,50,56,2
C0001123,P002,S0013,D0015,2024-01-25 18:55:11.791386,77,91,1
C0001124,P002,S0013,D0057,2024-01-23 09:59:30.826167,18,22,3
C0001125,P002,S0013,D0015,2024-01-31 11:29:41.144457,38,27,1
C0001126,P002,S0013,D0037,2024-01-29 22:02:59.577397,42,3,1
C0001127,P002,S0013,D0054,2024-02-04 13:40:03.439734,36,22,6
C0001128,P002,S0013,D0057,2024-02-03 09:21:03.458801,54,12,1
C0001129,P002,S0013,D0013,2024-01-29 19:00:20.105203,186,18,1
C0001130,P002,S0013,D0024,2024-02-01 09:41:08.337371,14,7,6
C0001131,P002,S0013,D0015,2024-02-04 02:19:16.386306,63,46,2
C0001132,P002,S0013,D0057,2024-02-03 18:54:00.478248,33,57,2
C0001133,P002,S0013,D0059,2024-01-28 01:47:27.292851,24,2,8
C0001134,P002,S0013,D0047,2024-01-22 17:52:03.901866,37,0,1
C0001135,P002,S0013,D0013,2024-01-27 10:33:20.006044,44,60,3
C0001136,P002,S0013,D0015,2024-01-25 11:09:11.654584,44,39,1
C0001137,P002,S0013,D0013,2024-01-23 06:24:38.976936,24,8,4
C0001138,P002,S0013,D0013,2024-01-31 00:05:29.948436,41,36,1
C0001139,P002,S0013,D0013,2024-01-27 13:26:12.654418,79,7,3
C0001140,P002,S0013,D0013,2024-01-29 14:34:37.586860,22,18,1
C0001141,P002,S0013,D0037,2024-01-25 16:48:46.462849,46,5,1
C0001142,P002,S0013,D0024,2024-01-27 09:35:47.881182,31,17,1
C0001143,P002,S0013,D0015,2024-01-25 02:57:21.968040,34,22,2
C0001144,P002,S0013,D0037,2024-02-01 01:28:11.362586,103,15,6
C0001145,P002,S0013,D0057,2024-02-01 20:36:08.770570,42,20,3
C0001146,P002,S0013,D0047,2024-02-03 08:34:05.082919,11,63,5
C0001147,P002,S0013,D0015,2024-01-30 00:53:49.952399,12,52,4
C0001148,P002,S0013,D0015,2024-01-25 13:51:04.210519,51,18,3
C0001149,P002,S0013,D0037,2024-01-28 00:25:36.798551,42,19,4
C0001150,P002,S0013,D0047,2024-01-26 12:02:09.748244,15,12,5
C0001151,P002,S0013,D0054,2024-01-26 19:48:34.742536,39,9,7
C0001152,P002,S0013,D0054,2024-01-29 03:36:27.826615,64,6,7
C0001153,P002,S0013,D0024,2024-01-27 05:41:08.731663,63,17,1
C0001154,P002,S0013,D0037,2024-01-24 13:53:55.237141,59,38,7
C0001155,P002,S0013,D0057,2024-01-28 04:21:22.375269,16,37,1
C0001156,P002,S0013,D0015,2024-01-27 14:09:38.048609,57,30,1
C0001157,P002,S0013,D0024,2024-01-25 23:56:04.170695,111,8,2
C0001158,P002,S0013,D0057,2024-01-29 07:15:43.333481,44,7,1
C0001159,P002,S0014,D0037,2024-02-07 17:20:44.669943,73,6,1
C0001160,P002,S0014,D0047,2024-02-11 06:56:22.506706,20,38,1
C0001161,P002,S0014,D0059,2024-02-11 06:22:25.172022,51,14,6
C0001162,P002,S0014,D0057,2024-02-09 05:26:30.546840,16,36,2
C0001163,P002,S0014,D0057,2024-02-10 12:40:13.134255,33,23,4
C0001164,P002,S0014,D0057,2024-02-15 17:10:48.375507,25,12,5
C0001165,P002,S0014,D0054,2024-02-14 03:30:01.347043,11,50,3
C0001166,P002,S0014,D0037,2024-02-09 01:40:29.627016,64,5,4
C0001167,P002,S0014,D0059,2024-02-10 08:39:31.548881,58,12,1
C0001168,P002,S0014,D0054,2024-02-09 18:39:11.656193,41,25,1
C0001169,P002,S0014,D0015,2024-02-09 11:35:56.523047,51,35,3
C0001170,P002,S0014,D0054,2024-02-13 19:19:32.518629,65,8,4
C0001171,P002,S0014,D0059,2024-02-18 03:09:29.227124,3,19,2
C0001172,P002,S0014,D0047,2024-02-14 02:34:47.365620,82,20,1
C0001173,P002,S0014,D0037,2024-02-06 10:39:03.723491,71,55,1
C0001174,P002,S0014,D0015,2024-02-15 13:00:55.192681,122,19,3
C0001175,P002,S0014,D0059,2024-02-10 06:35:14.446181,45,19,1
C0001176,P002,S0014,D0054,2024-02-06 07:17:47.714818,15,48,3
C0001177,P002,S0014,D0054,2024-02-06 07:57:33.960725,38,3,5
C0001178,P002,S0014,D0037,2024-02-09 02:49:17.713221,127,47,1
C0001179,P002,S0014,D0054,2024-02-13 22:49:15.905777,97,33,1
C0001180,P002,S0014,D0057,2024-02-08 03:40:49.188417,19,24,4
C0001181,P002,S0014,D0013,2024-02-06 06:22:59.449168,25,17,1
C0001182,P002,S0014,D0037,2024-02-13 14:22:33.277745,76,1,7
C0001183,P002,S0014,D0013,2024-02-16 15:10:37.482470,7,51,4
C0001184,P002,S0014,D0057,2024-02-11 15:51:23.311700,70,5,4
C0001185,P002,S0014,D0013,2024-02-06 10:58:52.365160,61,21,2
C0001186,P002,S0014,D0059,2024-02-16 18:19:40.802473,77,3,7
C0001187,P002,S0014,D0024,2024-02-05 09:33:17.736394,21,18,4
C0001188,P002,S0014,D0037,2024-02-08 14:16:17.341077,85,54,3
C0001189,P002,S0014,D0013,2024-02-06 13:46:26.035550,114,7,1
C0001190,P002,S0014,D0013,2024-02-10 01:46:22.747024,20,15,4
C0001191,P002,S0014,D0047,2024-02-16 06:33:17.328724,70,23,5
C0001192,P002,S0014,D0015,2024-02-15 07:20:40.059637,34,14,1
C0001193,P002,S0014,D0024,2024-02-16 02:11:56.700523,7,16,5
C0001194,P002,S0014,D0015,2024-02-08 07:16:07.804459,76,32,1
C0001195,P002,S0014,D0015,2024-02-15 04:04:15.027671,21,8,1
C0001196,P002,S0014,D0015,2024-02-13 09:24:48.019644,15,31,1
C0001197,P002,S0014,D0054,2024-02-17 05:42:11.516009,47,9,1
C0001198,P002,S0014,D0054,2024-02-17 01:04:24.464054,29,13,8
C0001199,P002,S0014,D0057,2024-02-06 05:32:24.317414,22,19,6
C0001200,P002,S0014,D0013,2024-02-17 07:57:39.284580,14,54,1
C0001201,P002,S0014,D0024,2024-02-12 07:48:05.439470,9,10,4
C0001202,P002,S0014,D0057,2024-02-06 03:37:23.575236,1,15,1
C0001203,P002,S0014,D0054,2024-02-13 22:36:06.018055,57,29,1
C0001204,P002,S0014,D0054,2024-02-09 07:17:59.570298,75,4,1
C0001205,P002,S0014,D0057,2024-02-14 13:16:14.936960,18,18,1
C0001206,P002,S0014,D0015,2024-02-15 13:35:39.508609,125,17,1
C0001207,P002,S0014,D0024,2024-02-16 05:29:08.673678,40,29,1
C0001208,P002,S0014,D0015,2024-02-09 04:21:57.669633,26,55,1
C0001209,P002,S0014,D0015,2024-02-12 11:29:13.363643,97,7,2
C0001210,P002,S0014,D0059,2024-02-06 11:50:06.395400,22,12,1
C0001211,P002,S0014,D0054,2024-02-09 16:05:52.209652,62,12,1
C0001212,P002,S0014,D0024,2024-02-07 20:15:38.532225,37,1,9
C0001213,P002,S0014,D0057,2024-02-14 19:36:01.730425,88,13,2
C0001214,P002,S0014,D0013,2024-02-12 00:07:04.871797,22,11,2
C0001215,P002,S0014,D0054,2024-02-05 09:54:54.472807,71,5,1
C0001216,P002,S0014,D0057,2024-02-18 05:22:17.840198,9,23,4
C0001217,P002,S0014,D0054,2024-02-06 17:17:36.054767,31,49,3
C0001218,P002,S0014,D0059,2024-02-08 04:32:18.206606,19,8,2
C0001219,P002,S0014,D0013,2024-02-07 11:21:37.944883,25,12,1
C0001220,P002,S0014,D0054,2024-02-08 17:42:52.385061,9,11,2
C0001221,P002,S0014,D0059,2024-02-09 15:52:55.640622,31,9,2
C0001222,P002,S0014,D0037,2024-02-14 08:05:26.774435,52,38,1
C0001223,P002,S0014,D0013,2024-02-12 22:31:38.883974,15,14,1
C0001224,P002,S0014,D0059,2024-02-10 23:28:16.708031,69,30,1
C0001225,P002,S0014,D0059,2024-02-05 20:10:51.535644,82,15,1
C0001226,P002,S0014,D0013,2024-02-07 14:18:11.716543,16,9,5
C0001227,P002,S0014,D0054,2024-02-14 13:51:12.412495,19,36,1
C0001228,P002,S0014,D0057,2024-02-13 02:56:25.988984,69,34,1
C0001229,P002,S0014,D0054,2024-02-17 07:10:39.309909,37,70,1
C0001230,P002,S0014,D0015,2024-02-15 05:56:35.057897,44,1,1
C0001231,P002,S0014,D0024,2024-02-07 20:11:03.303110,78,45,7
C0001232,P002,S0014,D0054,2024-02-08 02:25:18.611878,25,9,1
C0001233,P002,S0014,D0013,2024-02-07 13:26:54.105861,4,20,3
C0001234,P002,S0014,D0054,2024-02-08 11:42:26.258389,69,2,3
C0001235,P002,S0014,D0015,2024-02-12 18:27:48.568059,27,18,1
C0001236,P002,S0014,D0015,2024-02-08 22:26:35.870570,140,68,4
C0001237,P002,S0014,D0059,2024-02-11 11:05:36.120623,51,34,2
C0001238,P002,S0014,D0013,2024-02-10 21:46:28.289438,38,3,1
C0001239,P002,S0014,D0024,2024-02-07 05:27:59.363142,43,21,6
C0001240,P002,S0015,D0047,2024-02-27 05:42:32.559136,14,29,1
C0001241,P002,S0015,D0037,2024-02-26 01:08:52.024148,76,7,2
C0001242,P002,S0015,D0037,2024-02-19 11:43:12.840580,59,10,3
C0001243,P002,S0015,D0037,2024-02-20 12:40:31.070418,17,2,1
C0001244,P002,S0015,D0059,2024-02-26 16:44:41.300602,8,14,1
C0001245,P002,S0015,D0024,2024-02-25 01:12:49.046553,75,7,3
C0001246,P002,S0015,D0054,2024-03-02 05:08:35.494136,13,1,4
C0001247,P002,S0015,D0059,2024-02-28 13:54:23.793259,43,21,2
C0001248,P002,S0015,D0047,2024-02-20 15:22:25.300353,52,9,2
C0001249,P002,S0015,D0059,2024-02-21 10:38:46.905500,32,9,1
C0001250,P002,S0015,D0054,2024-02-29 09:50:32.394483,19,34,2
C0001251,P002,S0015,D0015,2024-02-24 03:12:17.591294,25,1,2
C0001252,P002,S0015,D0057,2024-03-01 01:49:40.596198,79,18,1
C0001253,P002,S0015,D0013,2024-03-02 03:54:59.462855,39,3,4
C0001254,P002,S0015,D0047,2024-02-29 23:58:16.676267,88,14,4
C0001255,P002,S0015,D0059,2024-02-22 03:11:38.510148,52,10,2
C0001256,P002,S0015,D0047,2024-03-01 07:12:33.080377,47,13,4
C0001257,P002,S0015,D0037,2024-02-21 09:22:09.861273,45,19,4
C0001258,P002,S0015,D0015,2024-02-29 07:39:22.419367,17,21,4
C0001259,P002,S0015,D0054,2024-02-20 02:54:04.698347,65,52,1
C0001260,P002,S0015,D0054,2024-02-27 08:30:29.885120,73,3,1
C0001261,P002,S0015,D0047,2024-02-24 18:09:42.396513,25,36,1
C0001262,P002,S0015,D0024,2024-02-20 14:59:43.215097,31,13,9
C0001263,P002,S0015,D0015,2024-02-25 15:40:18.423238,59,22,11
C0001264,P002,S0015,D0057,2024-02-20 12:36:10.240593,60,74,2
C0001265,P002,S0015,D0059,2024-02-27 04:48:22.900746,68,18,2
C0001266,P002,S0015,D0054,2024-02-24 15:03:40.987849,82,39,1
C0001267,P002,S0015,D0037,2024-03-03 02:31:00.556925,101,12,2
C0001268,P002,S0015,D0047,2024-03-02 14:14:32.452338,41,39,2
C0001269,P002,S0015,D0054,2024-02-23 19:33:10.291958,21,5,4
C0001270,P002,S0015,D0047,2024-02-21 14:36:39.296039,13,2,2
C0001271,P002,S0015,D0013,2024-02-26 06:20:10.639008,13,3,4
C0001272,P002,S0015,D0047,2024-03-03 07:48:17.390785,88,33,3
C0001273,P002,S0015,D0047,2024-03-02 02:44:47.095217,32,2,5
C0001274,P002,S0015,D0059,2024-03-01 20:15:14.500595,31,9,1
C0001275,P002,S0015,D0037,2024-03-01 23:36:24.782061,57,14,1
C0001276,P002,S0015,D0054,2024-02-27 22:24:08.980758,96,10,14
C0001277,P002,S0015,D0047,2024-02-21 04:42:57.539148,46,8,6
C0001278,P002,S0015,D0024,2024-02-25 04:59:38.529439,37,26,3
C0001279,P002,S0015,D0059,2024-03-02 12:48:16.180496,61,14,6
C0001280,P002,S0015,D0057,2024-02-24 01:05:18.157369,58,46,2
C0001281,P002,S0015,D0024,2024-02-21 02:32:47.657079,58,4,1
C0001282,P002,S0015,D0037,2024-02-25 12:44:21.484124,52,18,3
C0001283,P002,S0015,D0037,2024-02-26 00:21:37.943867,61,22,2
C0001284,P002,S0015,D0057,2024-02-28 20:14:26.160791,111,33,1
C0001285,P002,S0015,D0037,2024-03-02 08:53:41.178221,53,9,3
C0001286,P002,S0015,D0015,2024-02-23 21:22:43.376635,122,7,3
C0001287,P002,S0015,D0037,2024-02-29 01:08:48.449298,98,25,1
C0001288,P002,S0015,D0013,2024-03-01 18:16:36.913832,76,75,1
C0001289,P002,S0015,D0047,2024-02-21 15:32:15.946208,39,31,2
C0001290,P002,S0015,D0054,2024-03-02 23:05:50.235520,79,23,9
C0001291,P002,S0015,D0054,2024-02-26 04:53:35.643389,67,22,1
C0001292,P002,S0015,D0037,2024-02-23 09:11:37.755302,28,11,1
C0001293,P002,S0015,D0054,2024-03-01 00:18:44.749717,80,6,1
C0001294,P002,S0015,D0047,2024-03-03 13:56:51.535612,18,33,1
C0001295,P002,S0015,D0054,2024-02-22 15:03:23.223820,35,17,4
C0001296,P002,S0015,D0047,2024-02-26 12:12:06.189376,23,6,1
C0001297,P002,S0015,D0057,2024-03-02 00:12:43.994723,84,7,2
C0001298,P002,S0015,D0059,2024-03-01 06:41:07.408950,26,45,5
C0001299,P002,S0015,D0015,2024-03-01 06:05:14.037925,29,19,3
C0001300,P002,S0015,D0047,2024-03-01 13:15:01.735832,35,5,3
C0001301,P002,S0015,D0015,2024-02-23 01:32:22.007718,92,34,3
C0001302,P002,S0015,D0024,2024-03-03 16:42:52.466033,29,29,5
C0001303,P002,S0015,D0015,2024-03-03 05:18:10.918775,42,56,1
C0001304,P002,S0015,D0015,2024-02-29 04:08:35.969744,50,37,2
C0001305,P002,S0015,D0057,2024-02-26 21:15:34.665183,52,6,1
C0001306,P002,S0015,D0057,2024-02-29 12:48:20.377801,14,66,3
C0001307,P002,S0015,D0057,2024-02-22 10:53:59.457869,27,29,1
C0001308,P002,S0015,D0024,2024-02-29 10:07:24.120541,84,19,2
C0001309,P002,S0015,D0054,2024-02-19 20:39:00.039495,82,33,1
C0001310,P002,S0015,D0057,2024-02-27 04:21:05.666718,35,21,1
C0001311,P002,S0015,D0054,2024-03-03 07:17:09.694103,58,29,1
C0001312,P002,S0015,D0057,2024-02-21 03:10:01.068457,51,16,6
C0001313,P002,S0015,D0047,2024-02-20 23:44:08.449086,59,2,2
C0001314,P002,S0015,D0015,2024-02-20 22:41:42.995983,31,5,2
C0001315,P002,S0015,D0015,2024-03-01 23:45:02.259895,90,58,4
C0001316,P002,S0015,D0024,2024-02-23 03:03:07.533164,121,42,1
C0001317,P002,S0015,D0054,2024-02-23 23:37:12.388263,34,23,1
C0001318,P002,S0015,D0037,2024-02-24 18:01:05.305846,4,42,8
C0001319,P002,S0015,D0024,2024-02-29 19:24:49.814693,26,7,3
C0001320,P002,S0015,D0059,2024-02-29 14:58:05.126968,10,34,10
C0001321,P002,S0015,D0054,2024-02-25 13:48:36.873440,27,18,3
C0001322,P002,S0015,D0059,2024-03-02 07:01:26.843538,87,13,3
C0001323,P002,S0015,D0059,2024-02-25 06:22:55.954141,58,30,1
C0001324,P002,S0015,D0047,2024-03-02 17:55:42.867770,65,10,1
C0001325,P002,S0015,D0054,2024-02-20 23:27:25.324310,66,13,2
C0001326,P002,S0015,D0057,2024-02-25 10:54:25.600079,64,63,2
C0001327,P002,S0015,D0047,2024-02-24 16:02:40.473965,48,15,1
C0001328,P002,S0015,D0013,2024-03-01 23:44:03.805935,28,6,1
C0001329,P002,S0015,D0037,2024-02-29 17:04:37.131386,36,35,1
C0001330,P002,S0015,D0057,2024-02-24 21:30:32.662560,9,40,1
C0001331,P002,S0015,D0013,2024-02-29 22:56:35.186342,23,14,2
C0001332,P002,S0015,D0024,2024-02-23 10:21:54.362694,72,27,1
C0001333,P002,S0015,D0057,2024-02-25 05:45:05.637878,27,46,1
C0001334,P002,S0015,D0057,2024-02-28 15:33:48.305086,26,32,4
C0001335,P002,S0015,D0059,2024-02-25 10:42:33.730172,19,14,7
C0001336,P002,S0015,D0015,2024-02-28 01:49:31.547731,23,55,2
C0001337,P002,S0015,D0037,2024-02-28 23:34:52.196188,42,11,1
C0001338,P002,S0015,D0024,2024-02-23 23:59:33.640929,7,16,1
C0001339,P002,S0015,D0015,2024-02-20 23:07:41.524020,91,43,3
C0001340,P002,S0015,D0037,2024-02-29 13:49:30.482987,197,12,5
C0001341,P002,S0015,D0047,2024-02-22 21:27:56.353802,143,43,7
C0001342,P002,S0015,D0047,2024-02-19 16:31:52.017951,48,6,1
C0001343,P002,S0015,D0059,2024-03-03 07:58:11.180335,56,9,2
C0001344,P002,S0015,D0054,2024-02-26 02:05:34.101633,12,11,2
C0001345,P002,S0015,D0059,2024-03-03 12:23:03.914065,26,10,2
C0001346,P002,S0015,D0024,2024-02-28 04:29:39.090354,99,25,5
C0001347,P002,S0015,D0059,2024-02-28 19:33:34.892535,30,52,2
C0001348,P002,S0015,D0059,2024-02-23 07:27:27.237611,34,4,5
C0001349,P002,S0015,D0024,2024-02-27 06:47:01.391975,75,94,1
C0001350,P002,S0015,D0057,2024-02-26 01:51:53.808500,50,13,1
C0001351,P002,S0015,D0047,2024-03-02 12:34:44.475512,15,44,1
C0001352,P002,S0015,D0057,2024-03-01 20:21:26.420232,47,35,6
C0001353,P002,S0015,D0059,2024-02-20 01:05:19.130275,101,2,1
C0001354,P002,S0015,D0015,2024-02-21 11:15:29.146309,33,1,1
C0001355,P002,S0015,D0037,2024-03-02 15:35:13.801639,57,35,1
C0001356,P002,S0015,D0024,2024-02-24 10:59:41.057694,71,15,5
C0001357,P002,S0015,D0037,2024-03-01 22:05:09.224947,58,30,3
C0001358,P002,S0015,D0013,2024-02-29 03:45:50.682953,26,2,2
C0001359,P002,S0015,D0057,2024-02-28 12:35:45.453012,37,9,5
C0001360,P002,S0015,D0013,2024-03-02 16:21:49.525615,43,42,1
C0001361,P002,S0015,D0054,2024-02-21 17:34:00.737105,39,19,1
C0001362,P002,S0015,D0015,2024-02-20 05:42:18.003889,39,5,4
C0001363,P002,S0015,D0054,2024-02-24 09:04:22.232326,84,14,2
C0001364,P002,S0015,D0015,2024-02-29 13:14:43.880088,37,17,1
C0001365,P002,S0015,D0015,2024-02-26 09:16:47.671170,67,33,1
C0001366,P002,S0015,D0054,2024-02-28 12:47:56.670602,25,59,1
C0001367,P002,S0015,D0015,2024-02-26 01:30:42.305022,9,43,1
C0001368,P002,S0015,D0054,2024-02-21 01:06:59.072869,116,28,1
C0001369,P002,S0015,D0057,2024-02-25 11:42:51.355318,86,15,1
C0001370,P002,S0015,D0013,2024-02-21 03:51:01.378075,57,28,1
C0001371,P002,S0015,D0037,2024-03-02 01:06:04.895573,40,36,2
C0001372,P002,S0016,D0059,2024-03-14 08:18:52.163379,30,2,2
C0001373,P002,S0016,D0047,2024-03-13 10:12:56.210532,75,20,7
C0001374,P002,S0016,D0013,2024-03-06 18:16:53.616474,9,23,2
C0001375,P002,S0016,D0047,2024-03-08 09:53:39.469025,15,2,8
C0001376,P002,S0016,D0037,2024-03-17 07:39:18.195372,18,25,3
C0001377,P002,S0016,D0013,2024-03-10 04:11:30.429726,56,63,5
C0001378,P002,S0016,D0024,2024-03-06 23:33:31.906158,104,5,1
C0001379,P002,S0016,D0015,2024-03-08 20:14:58.933178,102,8,1
C0001380,P002,S0016,D0013,2024-03-14 10:35:12.552006,10,14,1
C0001381,P002,S0016,D0037,2024-03-09 00:25:53.874506,62,19,1
C0001382,P002,S0016,D0054,2024-03-16 08:30:08.047048,41,98,2
C0001383,P002,S0016,D0037,2024-03-06 03:36:36.809680,15,25,5
C0001384,P002,S0016,D0024,2024-03-16 10:35:51.141955,31,24,2
C0001385,P002,S0016,D0054,2024-03-16 10:36:22.986416,18,5,1
C0001386,P002,S0016,D0047,2024-03-10 23:50:49.765690,110,24,4
C0001387,P002,S0016,D0057,2024-03-16 11:33:14.330056,39,17,1
C0001388,P002,S0016,D0059,2024-03-15 10:42:02.581278,39,20,7
C0001389,P002,S0016,D0054,2024-03-09 22:37:48.265801,78,19,2
C0001390,P002,S0016,D0015,2024-03-10 10:13:47.898645,74,54,3
C0001391,P002,S0016,D0057,2024-03-07 18:58:26.170843,7,0,2
C0001392,P002,S0016,D0057,2024-03-16 13:16:50.211500,25,4,1
C0001393,P002,S0016,D0037,2024-03-14 01:47:05.328538,31,12,1
C0001394,P002,S0016,D0037,2024-03-15 18:54:43.422191,62,32,1
C0001395,P002,S0016,D0054,2024-03-09 14:18:06.658926,22,13,2
C0001396,P002,S0016,D0015,2024-03-04 12:57:44.611069,15,56,1
C0001397,P002,S0016,D0037,2024-03-09 21:11:05.630410,117,2,3
C0001398,P002,S0016,D0059,2024-03-04 12:37:55.193717,18,36,2
C0001399,P002,S0016,D0037,2024-03-08 13:18:04.442216,50,10,5
C0001400,P002,S0016,D0024,2024-03-12 19:28:29.115628,8,15,1
C0001401,P002,S0016,D0013,2024-03-09 12:05:52.811189,44,17,2
C0001402,P002,S0016,D0054,2024-03-07 04:29:45.837141,4,17,1
C0001403,P002,S0016,D0047,2024-03-13 21:28:43.821973,51,12,2
C0001404,P002,S0016,D0015,2024-03-10 22:15:48.704746,58,6,3
C0001405,P002,S0016,D0057,2024-03-13 18:44:26.325665,70,7,1
C0001406,P002,S0016,D0015,2024-03-13 13:49:27.835060,57,20,1
C0001407,P002,S0016,D0059,2024-03-12 13:01:41.027316,65,32,1
C0001408,P002,S0016,D0057,2024-03-12 11:25:56.893825,153,20,2
C0001409,P002,S0016,D0047,2024-03-09 22:11:31.964002,32,8,2
C0001410,P002,S0016,D0057,2024-03-05 01:26:43.225965,34,17,1
C0001411,P002,S0016,D0013,2024-03-11 04:33:55.170134,51,2,1
C0001412,P002,S0016,D0057,2024-03-15 13:42:47.428749,81,43,2
C0001413,P002,S0016,D0037,2024-03-16 20:00:30.803277,40,13,1
C0001414,P002,S0016,D0059,2024-03-17 13:38:49.082167,101,60,2
C0001415,P002,S0016,D0015,2024-03-14 07:20:50.097048,22,11,3
C0001416,P002,S0016,D0024,2024-03-11 21:43:03.839031,17,23,2
C0001417,P002,S0016,D0013,2024-03-06 14:34:06.486266,38,17,2
C0001418,P002,S0016,D0057,2024-03-13 20:27:50.742412,40,60,1
C0001419,P002,S0016,D0059,2024-03-15 17:56:14.009150,148,38,2
C0001420,P002,S0016,D0013,2024-03-04 15:47:52.051139,83,46,2
C0001421,P002,S0016,D0037,2024-03-13 20:26:10.077088,56,25,2
C0001422,P002,S0016,D0054,2024-03-07 04:39:34.621493,31,74,1
C0001423,P002,S0016,D0054,2024-03-14 20:30:54.622963,54,15,4
C0001424,P002,S0016,D0057,2024-03-10 06:26:40.510322,79,14,6
C0001425,P002,S0016,D0057,2024-03-12 07:55:04.206084,52,5,1
C0001426,P002,S0016,D0059,2024-03-14 00:02:54.255568,44,1,3
C0001427,P002,S0016,D0037,2024-03-17 01:39:01.296519,47,6,7
C0001428,P002,S0016,D0024,2024-03-06 00:42:04.521281,3,68,2
C0001429,P002,S0016,D0059,2024-03-11 04:06:53.050734,44,2,1
C0001430,P002,S0016,D0037,2024-03-16 10:37:17.295209,16,65,3
C0001431,P002,S0016,D0037,2024-03-14 00:01:15.531411,68,77,2
C0001432,P002,S0016,D0057,2024-03-14 23:05:06.192266,49,4,1
C0001433,P002,S0016,D0057,2024-03-14 10:02:12.569051,42,25,3
C0001434,P002,S0016,D0054,2024-03-13 14:36:46.547985,27,43,8
C0001435,P002,S0016,D0037,2024-03-15 16:47:00.317718,58,21,1
C0001436,P002,S0016,D0057,2024-03-10 04:59:24.286675,67,8,1
C0001437,P002,S0016,D0057,2024-03-05 10:21:17.957992,28,6,7
C0001438,P002,S0016,D0054,2024-03-08 00:26:46.329835,40,6,5
C0001439,P002,S0016,D0059,2024-03-08 17:57:23.005272,75,12,11
C0001440,P002,S0016,D0054,2024-03-10 19:42:54.187786,117,41,10
C0001441,P002,S0016,D0054,2024-03-10 12:06:12.319587,67,87,1
C0001442,P002,S0016,D0057,2024-03-08 18:49:50.355290,96,10,6
C0001443,P002,S0016,D0024,2024-03-15 02:44:02.676241,29,12,1
C0001444,P002,S0016,D0057,2024-03-08 02:29:47.355469,52,4,1
C0001445,P002,S0016,D0054,2024-03-10 16:38:38.731003,109,19,3
C0001446,P002,S0016,D0054,2024-03-04 19:06:26.354341,55,2,1
C0001447,P002,S0016,D0057,2024-03-12 00:32:57.248012,33,59,1
C0001448,P002,S0016,D0054,2024-03-11 04:35:18.169597,197,3,3
C0001449,P002,S0016,D0015,2024-03-08 06:27:16.660275,5,2,2
C0001450,P002,S0016,D0024,2024-03-08 14:13:24.813132,146,35,1
C0001451,P002,S0016,D0047,2024-03-07 16:15:10.189130,46,7,1
C0001452,P002,S0016,D0059,2024-03-14 07:39:34.103311,40,14,4
C0001453,P002,S0016,D0047,2024-03-09 21:57:40.539045,28,13,1
C0001454,P002,S0016,D0054,2024-03-12 14:06:08.384428,93,36,1
C0001455,P002,S0016,D0054,2024-03-04 20:41:18.024318,10,5,1
C0001456,P002,S0016,D0047,2024-03-14 17:47:29.911549,61,5,6
C0001457,P002,S0016,D0054,2024-03-16 01:31:20.360550,57,14,4
C0001458,P002,S0016,D0037,2024-03-16 12:06:01.848339,76,31,2
C0001459,P002,S0016,D0059,2024-03-12 22:50:22.636976,40,34,1
C0001460,P002,S0016,D0047,2024-03-10 09:21:40.808682,17,18,7
C0001461,P002,S0016,D0013,2024-03-05 20:33:50.185696,120,6,1
C0001462,P002,S0016,D0013,2024-03-16 10:25:08.242679,17,12,2
C0001463,P002,S0016,D0059,2024-03-06 19:14:22.547757,23,11,2
C0001464,P002,S0016,D0047,2024-03-10 10:31:40.933964,122,12,3
C0001465,P002,S0016,D0037,2024-03-10 00:03:01.169531,27,1,4
C0001466,P002,S0016,D0059,2024-03-17 05:26:47.119798,77,6,2
C0001467,P002,S0016,D0024,2024-03-10 05:05:37.572489,77,10,1
C0001468,P002,S0016,D0015,2024-03-15 16:37:56.158345,54,15,2
C0001469,P002,S0016,D0057,2024-03-12 19:49:29.819587,57,19,5
C0001470,P002,S0017,D0057,2024-03-25 00:50:57.105166,49,6,1
C0001471,P002,S0017,D0015,2024-03-23 14:50:35.678416,58,56,1
C0001472,P002,S0017,D0037,2024-03-27 22:21:02.184552,37,31,4
C0001473,P002,S0017,D0057,2024-03-21 13:22:08.448100,24,17,11
C0001474,P002,S0017,D0047,2024-03-29 08:20:29.561213,66,8,2
C0001475,P002,S0017,D0013,2024-03-19 08:32:20.621587,57,17,1
C0001476,P002,S0017,D0024,2024-03-28 23:41:30.305299,62,2,1
C0001477,P002,S0017,D0047,2024-03-30 16:26:44.444514,53,43,3
C0001478,P002,S0017,D0015,2024-03-22 20:15:34.202020,35,4,2
C0001479,P002,S0017,D0047,2024-03-29 16:34:39.859145,-1,29,1
C0001480,P002,S0017,D0047,2024-03-19 17:09:41.296318,37,31,2
C0001481,P002,S0017,D0013,2024-03-30 05:20:09.390168,11,22,3
C0001482,P002,S0017,D0059,2024-03-20 20:49:57.967571,98,2,1
C0001483,P002,S0017,D0047,2024-03-31 19:58:53.927885,69,8,2
C0001484,P002,S0017,D0024,2024-03-27 23:26:15.424945,38,30,7
C0001485,P002,S0017,D0013,2024-03-29 16:43:30.712160,36,10,2
C0001486,P002,S0017,D0013,2024-03-22 00:09:29.763968,99,44,1
C0001487,P002,S0017,D0057,2024-03-23 13:53:41.829388,38,27,3
C0001488,P002,S0017,D0013,2024-03-26 17:13:00.656913,36,8,3
C0001489,P002,S0017,D0057,2024-03-20 14:24:35.788957,9,35,2
C0001490,P002,S0017,D0037,2024-03-20 11:59:06.497452,42,12,6
C0001491,P002,S0017,D0059,2024-03-30 16:00:16.820166,97,54,8
C0001492,P002,S0017,D0015,2024-03-30 05:36:45.034073,127,16,10
C0001493,P002,S0017,D0013,2024-03-27 10:07:12.000742,63,49,1
C0001494,P002,S0017,D0015,2024-03-28 06:53:57.613558,23,45,1
C0001495,P002,S0017,D0059,2024-03-21 16:27:58.299656,36,7,1
C0001496,P002,S0017,D0024,2024-03-29 01:11:06.692138,24,35,3
C0001497,P002,S0017,D0047,2024-03-27 08:37:35.470129,56,23,2
C0001498,P002,S0017,D0054,2024-03-21 19:07:16.774006,32,42,4
C0001499,P002,S0017,D0013,2024-03-24 02:50:00.337184,217,60,6
C0001500,P002,S0017,D0024,2024-03-30 15:29:48.122161,78,20,1
C0001501,P002,S0017,D0015,2024-03-21 12:01:03.035085,78,16,1
C0001502,P002,S0017,D0037,2024-03-29 10:23:49.813673,65,4,1
C0001503,P002,S0017,D0013,2024-03-30 21:31:03.129377,30,107,3
C0001504,P002,S0017,D0015,2024-03-26 15:11:53.522573,82,28,1
C0001505,P002,S0017,D0057,2024-03-25 02:20:22.086525,18,9,1
C0001506,P002,S0017,D0013,2024-03-25 04:48:04.577611,57,8,2
C0001507,P002,S0017,D0047,2024-03-18 23:10:27.237038,98,3,10
C0001508,P002,S0017,D0013,2024-03-23 23:23:59.756558,59,0,2
C0001509,P002,S0017,D0059,2024-03-26 00:15:05.022634,12,42,2
C0001510,P002,S0017,D0024,2024-03-21 10:29:53.466284,76,1,5
C0001511,P002,S0017,D0037,2024-03-25 17:21:58.764622,3,25,1
C0001512,P002,S0017,D0037,2024-03-20 20:15:36.054104,23,1,3
C0001513,P002,S0017,D0024,2024-03-28 11:40:39.612194,45,17,5
C0001514,P002,S0017,D0015,2024-03-23 16:20:03.094540,83,20,1
C0001515,P002,S0017,D0037,2024-03-23 15:22:03.530564,33,18,2
C0001516,P002,S0017,D0047,2024-03-25 16:37:20.109791,29,1,1
C0001517,P002,S0017,D0013,2024-03-30 03:06:37.972919,92,2,1
C0001518,P002,S0017,D0047,2024-03-28 07:36:38.437755,12,59,1
C0001519,P002,S0017,D0057,2024-03-26 20:17:30.180258,64,18,5
C0001520,P002,S0017,D0047,2024-03-29 08:38:32.028268,12,9,7
C0001521,P002,S0017,D0054,2024-03-30 12:23:27.227840,21,11,3
C0001522,P002,S0017,D0057,2024-03-24 08:41:49.603826,37,30,1
C0001523,P002,S0017,D0059,2024-03-28 17:57:45.944121,3,31,1
C0001524,P002,S0017,D0024,2024-03-29 21:57:25.955334,69,43,1
C0001525,P002,S0017,D0015,2024-03-20 23:07:46.778128,-1,41,1
C0001526,P002,S0017,D0013,2024-03-27 13:38:53.772970,52,7,5
C0001527,P002,S0017,D0059,2024-03-24 21:54:59.649646,22,16,1
C0001528,P002,S0017,D0013,2024-03-19 23:01:11.565184,40,21,2
C0001529,P002,S0017,D0024,2024-03-19 19:40:48.694712,22,15,2
C0001530,P002,S0017,D0015,2024-03-24 14:21:30.849232,64,6,8
C0001531,P002,S0017,D0013,2024-03-27 13:12:08.066900,14,0,1
C0001532,P002,S0017,D0013,2024-03-27 08:43:55.002231,41,8,5
C0001533,P002,S0017,D0057,2024-03-22 00:05:38.526979,32,9,2
C0001534,P002,S0017,D0024,2024-03-30 04:42:31.009010,54,54,1
C0001535,P002,S0017,D0015,2024-03-28 15:43:07.466048,26,7,1
C0001536,P002,S0017,D0024,2024-03-26 12:45:11.909695,34,4,2
C0001537,P002,S0017,D0015,2024-03-24 12:30:31.691497,35,16,2
C0001538,P002,S0017,D0015,2024-03-23 01:52:15.796381,86,29,5
C0001539,P002,S0017,D0059,2024-03-20 14:20:37.191335,31,15,4
C0001540,P002,S0017,D0059,2024-03-20 05:54:24.372929,28,34,2
C0001541,P002,S0017,D0013,2024-03-29 14:22:04.061167,90,15,1
C0001542,P002,S0017,D0015,2024-03-22 01:49:26.469609,34,4,1
C0001543,P002,S0017,D0015,2024-03-28 05:13:21.516552,53,3,6
C0001544,P002,S0017,D0057,2024-03-31 01:28:28.787030,85,43,1
C0001545,P002,S0017,D0015,2024-03-26 18:53:15.828812,23,52,2
C0001546,P002,S0017,D0015,2024-03-20 01:27:25.335711,69,20,2
C0001547,P002,S0017,D0057,2024-03-26 00:58:42.598147,70,12,2
C0001548,P002,S0017,D0054,2024-03-30 10:08:23.695585,8,27,1
C0001549,P002,S0017,D0047,2024-03-24 18:13:52.260626,21,2,1
C0001550,P002,S0017,D0037,2024-03-21 19:35:33.343474,124,1,1
C0001551,P002,S0017,D0037,2024-03-30 11:32:28.251524,12,12,1
C0001552,P002,S0017,D0059,2024-03-20 07:25:20.767485,26,74,5
C0001553,P002,S0017,D0013,2024-03-19 16:35:35.182829,19,47,5
C0001554,P002,S0017,D0013,2024-03-28 03:00:14.814276,70,21,1
C0001555,P002,S0017,D0057,2024-03-19 06:46:39.565400,71,44,3
C0001556,P002,S0017,D0037,2024-03-19 12:31:54.863820,14,22,3
C0001557,P002,S0017,D0024,2024-03-22 01:45:19.840545,27,13,1
C0001558,P002,S0017,D0015,2024-03-31 08:28:48.564577,22,74,2
C0001559,P002,S0017,D0059,2024-03-23 10:20:20.250456,16,27,10
C0001560,P002,S0017,D0054,2024-03-21 05:41:48.727154,64,22,5
C0001561,P002,S0017,D0057,2024-03-25 01:18:54.278820,72,15,1
C0001562,P002,S0017,D0054,2024-03-22 21:13:30.181245,68,43,2
C0001563,P002,S0017,D0057,2024-03-25 04:18:43.179731,82,19,2
C0001564,P002,S0017,D0054,2024-03-25 19:51:42.561156,4,13,1
C0001565,P002,S0017,D0047,2024-03-18 21:23:29.271441,46,8,1
C0001566,P002,S0017,D0054,2024-03-24 22:05:27.806369,21,15,1
C0001567,P002,S0017,D0015,2024-03-20 04:06:57.831664,13,1,2
C0001568,P002,S0017,D0047,2024-03-23 09:07:39.747912,31,32,1
C0001569,P002,S0017,D0054,2024-03-20 15:26:25.416489,33,4,4
C0001570,P002,S0017,D0059,2024-03-22 00:08:29.359625,8,19,2
C0001571,P002,S0017,D0037,2024-03-18 13:12:35.822613,110,5,1
C0001572,P002,S0017,D0047,2024-03-28 12:21:11.735963,3,11,4
C0001573,P002,S0017,D0057,2024-03-20 21:01:42.106292,68,8,1
C0001574,P002,S0017,D0013,2024-03-29 23:50:52.400212,27,3,1
C0001575,P002,S0017,D0037,2024-03-25 03:52:31.722383,14,98,1
C0001576,P002,S0017,D0054,2024-03-28 05:33:35.360782,39,21,1
C0001577,P002,S0017,D0015,2024-03-27 15:00:17.288148,40,12,2
C0001578,P002,S0017,D0047,2024-03-30 14:15:40.052748,31,31,4
C0001579,P002,S0017,D0057,2024-03-23 08:40:51.985786,101,24,6
C0001580,P002,S0017,D0013,2024-03-18 19:32:46.709460,70,38,2
C0001581,P002,S0017,D0059,2024-03-19 15:12:08.417694,63,13,5
C0001582,P002,S0017,D0047,2024-03-24 15:00:24.215788,100,73,3
C0001583,P002,S0017,D0037,2024-03-26 13:14:47.633197,33,70,2
C0001584,P002,S0017,D0013,2024-03-23 22:22:15.572541,43,36,1
C0001585,P002,S0017,D0015,2024-03-28 19:30:56.488780,18,4,1
C0001586,P002,S0017,D0047,2024-03-31 16:40:42.902267,39,25,1
C0001587,P002,S0017,D0015,2024-03-22 04:52:39.656269,51,47,1
C0001588,P002,S0018,D0047,2024-04-08 11:23:27.800305,17,18,1
C0001589,P002,S0018,D0057,2024-04-13 01:49:13.833996,26,24,1
C0001590,P002,S0018,D0057,2024-04-02 01:55:27.884322,34,3,3
C0001591,P002,S0018,D0024,2024-04-08 01:25:43.121633,49,14,5
C0001592,P002,S0018,D0013,2024-04-12 04:36:32.376682,19,57,3
C0001593,P002,S0018,D0024,2024-04-12 01:12:59.812834,10,23,1
C0001594,P002,S0018,D0015,2024-04-12 06:40:06.197869,16,8,4
C0001595,P002,S0018,D0015,2024-04-01 07:25:01.405919,59,14,1
C0001596,P002,S0018,D0024,2024-04-08 16:06:34.978909,35,18,9
C0001597,P002,S0018,D0054,2024-04-06 04:37:12.375956,5,12,1
C0001598,P002,S0018,D0024,2024-04-10 06:09:33.537521,64,20,1
C0001599,P002,S0018,D0057,2024-04-07 10:35:11.512895,68,42,3
C0001600,P002,S0018,D0047,2024-04-06 13:12:52.987595,19,7,1
C0001601,P002,S0018,D0024,2024-04-04 07:36:24.972495,49,32,2
C0001602,P002,S0018,D0013,2024-04-04 20:10:51.426649,30,7,2
C0001603,P002,S0018,D0015,2024-04-08 21:46:22.716150,20,9,1
C0001604,P002,S0018,D0024,2024-04-14 05:54:00.125768,43,7,1
C0001605,P002,S0018,D0059,2024-04-10 04:14:07.298888,86,42,1
C0001606,P002,S0018,D0013,2024-04-12 18:27:14.611664,89,8,2
C0001607,P002,S0018,D0057,2024-04-05 03:20:53.756817,76,4,4
C0001608,P002,S0018,D0054,2024-04-14 16:01:41.343306,86,37,1
C0001609,P002,S0018,D0013,2024-04-05 02:56:21.471679,58,2,7
C0001610,P002,S0018,D0057,2024-04-02 13:07:08.942506,19,14,2
C0001611,P002,S0018,D0024,2024-04-09 15:46:20.054038,108,10,11
C0001612,P002,S0018,D0015,2024-04-12 06:16:01.789350,24,48,1
C0001613,P002,S0018,D0024,2024-04-14 02:34:13.642042,43,15,1
C0001614,P002,S0018,D0054,2024-04-10 19:58:55.742949,24,35,1
C0001615,P002,S0018,D0047,2024-04-08 22:18:36.411173,30,23,10
C0001616,P002,S0018,D0015,2024-04-08 21:35:31.329185,45,3,1
C0001617,P002,S0018,D0013,2024-04-10 02:26:36.761477,45,9,3
C0001618,P002,S0018,D0024,2024-04-05 23:32:16.895069,38,8,1
C0001619,P002,S0018,D0054,2024-04-11 04:11:46.516064,18,17,4
C0001620,P002,S0018,D0013,2024-04-05 20:40:50.242180,32,29,3
C0001621,P002,S0018,D0047,2024-04-10 08:37:00.814850,102,47,1
C0001622,P002,S0018,D0024,2024-04-01 16:57:18.997351,15,12,1
C0001623,P002,S0018,D0024,2024-04-04 22:50:55.247204,67,2,2
C0001624,P002,S0018,D0024,2024-04-13 06:08:19.710090,40,30,1
C0001625,P002,S0018,D0059,2024-04-04 17:13:32.798334,32,16,2
C0001626,P002,S0018,D0059,2024-04-02 02:42:25.361320,103,25,12
C0001627,P002,S0018,D0013,2024-04-11 23:40:16.382385,129,26,4
C0001628,P002,S0018,D0054,2024-04-05 08:46:29.282050,38,9,2
C0001629,P002,S0018,D0057,2024-04-14 13:04:25.227086,24,22,1
C0001630,P002,S0018,D0057,2024-04-01 07:31:00.670204,29,1,3
C0001631,P002,S0018,D0015,2024-04-02 01:26:59.321635,28,32,1
C0001632,P002,S0018,D0037,2024-04-12 22:24:45.217970,51,10,1
C0001633,P002,S0018,D0047,2024-04-07 19:52:55.521534,23,3,1
C0001634,P002,S0018,D0015,2024-04-09 12:40:03.150425,63,1,3
C0001635,P002,S0018,D0057,2024-04-05 06:08:12.758791,19,65,1
C0001636,P002,S0018,D0047,2024-04-13 06:05:49.020043,18,24,1
C0001637,P002,S0018,D0024,2024-04-06 21:43:55.702033,45,33,1
C0001638,P002,S0018,D0013,2024-04-05 15:56:49.389666,23,14,2
C0001639,P002,S0018,D0059,2024-04-14 03:24:56.062490,27,5,1
C0001640,P002,S0018,D0037,2024-04-09 01:57:02.653170,7,6,2
C0001641,P002,S0018,D0013,2024-04-03 15:01:45.583952,8,24,2
C0001642,P002,S0018,D0057,2024-04-02 11:52:53.850308,7,18,4
C0001643,P002,S0018,D0047,2024-04-14 01:01:05.494174,14,57,3
C0001644,P002,S0018,D0037,2024-04-03 20:27:32.503667,43,59,1
C0001645,P002,S0018,D0059,2024-04-04 03:28:11.178276,8,23,1
C0001646,P002,S0018,D0024,2024-04-13 13:19:26.368278,61,21,1
C0001647,P002,S0018,D0013,2024-04-11 14:01:44.729667,29,39,2
C0001648,P002,S0018,D0015,2024-04-11 12:10:01.472642,102,15,1
C0001649,P002,S0018,D0037,2024-04-14 04:39:29.250408,11,25,1
C0001650,P002,S0018,D0059,2024-04-06 04:23:47.119665,32,40,1
C0001651,P002,S0019,D0037,2024-04-18 23:09:59.955783,25,3,1
C0001652,P002,S0019,D0059,2024-04-18 10:44:44.416949,28,58,2
C0001653,P002,S0019,D0054,2024-04-19 09:43:28.574968,35,41,1
C0001654,P002,S0019,D0054,2024-04-19 04:16:43.979600,14,12,2
C0001655,P002,S0019,D0054,2024-04-24 08:45:12.036414,62,9,1
C0001656,P002,S0019,D0054,2024-04-23 07:28:23.178765,7,12,1
C0001657,P002,S0019,D0059,2024-04-27 04:15:32.283612,38,6,1
C0001658,P002,S0019,D0024,2024-04-22 03:13:41.612637,121,13,1
C0001659,P002,S0019,D0037,2024-04-26 13:14:45.769930,15,44,2
C0001660,P002,S0019,D0024,2024-04-23 23:59:13.862985,9,79,1
C0001661,P002,S0019,D0047,2024-04-26 16:28:16.074012,37,34,1
C0001662,P002,S0019,D0054,2024-04-26 10:46:55.950795,25,30,1
C0001663,P002,S0019,D0059,2024-04-20 23:32:04.098718,14,18,2
C0001664,P002,S0019,D0015,2024-04-22 11:46:44.965098,30,31,1
C0001665,P002,S0019,D0057,2024-04-18 15:20:54.460796,25,26,1
C0001666,P002,S0019,D0015,2024-04-18 07:10:00.996010,14,46,1
C0001667,P002,S0019,D0057,2024-04-24 00:25:16.844814,4,35,4
C0001668,P002,S0019,D0047,2024-04-22 07:20:09.302947,54,33,1
C0001669,P002,S0019,D0054,2024-04-22 18:09:22.858748,35,33,1
C0001670,P002,S0019,D0015,2024-04-25 23:21:13.026593,9,9,1
C0001671,P002,S0019,D0054,2024-04-28 04:37:45.011168,24,27,1
C0001672,P002,S0019,D0024,2024-04-26 20:08:59.438027,46,26,1
C0001673,P002,S0019,D0057,2024-04-27 02:22:38.564946,22,30,3
C0001674,P002,S0019,D0057,2024-04-18 17:16:15.693054,46,60,2
C0001675,P002,S0019,D0047,2024-04-25 01:20:34.212248,46,30,4
C0001676,P002,S0019,D0024,2024-04-23 08:48:12.556083,60,0,2
C0001677,P002,S0019,D0059,2024-04-28 01:28:44.897449,68,5,1
C0001678,P002,S0019,D0037,2024-04-25 05:02:43.485326,10,13,2
C0001679,P002,S0019,D0013,2024-04-21 14:39:34.336738,33,27,6
C0001680,P002,S0019,D0037,2024-04-21 09:41:30.319534,127,36,3
C0001681,P002,S0019,D0047,2024-04-24 04:12:48.892821,137,6,1
C0001682,P002,S0019,D0037,2024-04-27 14:45:34.728370,41,17,5
C0001683,P002,S0019,D0057,2024-04-24 02:02:31.505884,111,78,1
C0001684,P002,S0019,D0059,2024-04-25 12:50:34.112598,48,4,6
C0001685,P002,S0019,D0047,2024-04-16 06:57:43.493267,77,3,1
C0001686,P002,S0019,D0013,2024-04-16 09:35:31.637160,111,28,2
C0001687,P002,S0019,D0047,2024-04-25 02:50:28.180134,34,47,14
C0001688,P002,S0019,D0059,2024-04-16 15:33:16.320204,90,10,1
C0001689,P002,S0019,D0047,2024-04-26 17:03:46.787235,36,15,5
C0001690,P002,S0019,D0024,2024-04-23 19:34:11.726603,33,54,2
C0001691,P002,S0019,D0047,2024-04-19 02:55:54.305550,24,25,1
C0001692,P002,S0019,D0054,2024-04-25 07:21:46.959812,5,4,1
C0001693,P002,S0019,D0057,2024-04-17 05:24:27.051930,16,12,4
C0001694,P002,S0019,D0047,2024-04-26 07:08:48.039261,14,4,1
C0001695,P002,S0019,D0054,2024-04-25 12:21:59.380774,27,6,1
C0001696,P002,S0019,D0015,2024-04-20 13:19:51.585377,13,17,3
C0001697,P002,S0019,D0015,2024-04-23 10:23:42.881344,11,5,3
C0001698,P002,S0019,D0054,2024-04-20 16:16:19.603907,11,15,1
C0001699,P002,S0019,D0059,2024-04-27 04:46:33.708356,11,70,2
C0001700,P002,S0019,D0057,2024-04-19 14:41:59.133374,51,13,6
C0001701,P002,S0019,D0057,2024-04-19 01:16:31.471681,28,2,1
C0001702,P002,S0019,D0037,2024-04-28 10:02:45.089680,100,9,3
C0001703,P002,S0019,D0057,2024-04-20 07:11:20.049952,88,49,3
C0001704,P002,S0019,D0054,2024-04-27 22:42:15.117879,84,9,3
C0001705,P002,S0019,D0047,2024-04-17 17:43:44.740007,46,22,3
C0001706,P002,S0019,D0047,2024-04-28 10:55:24.906952,43,5,4
C0001707,P002,S0019,D0054,2024-04-21 05:18:13.369943,14,15,2
C0001708,P002,S0019,D0013,2024-04-20 01:35:47.946995,30,15,7
C0001709,P002,S0019,D0024,2024-04-20 06:14:23.735369,44,11,1
C0001710,P002,S0019,D0047,2024-04-22 02:21:07.206089,73,55,7
C0001711,P002,S0019,D0024,2024-04-20 10:22:38.265347,21,22,1
C0001712,P002,S0019,D0057,2024-04-24 23:43:40.463831,46,19,5
C0001713,P002,S0019,D0059,2024-04-21 17:41:54.654439,41,2,4
C0001714,P002,S0019,D0013,2024-04-17 05:21:10.812986,67,6,1
C0001715,P002,S0019,D0059,2024-04-18 06:08:38.611504,40,8,1
C0001716,P002,S0019,D0024,2024-04-16 13:08:45.126173,22,9,2
C0001717,P002,S0019,D0057,2024-04-28 13:08:42.187422,27,3,1
C0001718,P002,S0019,D0037,2024-04-24 10:11:30.033017,78,7,3
C0001719,P002,S0019,D0013,2024-04-23 15:53:36.951726,65,45,2
C0001720,P002,S0019,D0047,2024-04-20 21:51:15.298031,3,22,1
C0001721,P002,S0019,D0047,2024-04-21 00:45:39.701080,7,65,3
C0001722,P002,S0019,D0054,2024-04-18 08:28:50.101242,46,6,1
C0001723,P002,S0019,D0057,2024-04-22 08:20:06.296475,61,8,2
C0001724,P002,S0019,D0059,2024-04-18 04:44:46.856620,32,31,8
C0001725,P002,S0019,D0047,2024-04-26 19:52:52.883233,43,27,1
C0001726,P002,S0019,D0054,2024-04-19 17:13:07.362718,30,34,6
C0001727,P002,S0019,D0013,2024-04-15 19:55:48.663938,32,3,1
C0001728,P002,S0019,D0037,2024-04-19 17:31:48.162144,14,0,3
C0001729,P002,S0019,D0013,2024-04-26 14:53:45.734229,65,58,5
C0001730,P002,S0019,D0054,2024-04-19 07:50:47.726415,54,21,4
C0001731,P002,S0019,D0054,2024-04-23 02:51:41.781963,60,14,10
C0001732,P002,S0019,D0013,2024-04-18 21:24:03.812736,21,28,1
C0001733,P002,S0019,D0015,2024-04-25 15:35:24.758186,23,54,2
C0001734,P002,S0019,D0059,2024-04-22 13:17:42.891636,4,19,4
C0001735,P002,S0019,D0057,2024-04-26 13:14:42.834000,21,6,7
C0001736,P002,S0020,D0024,2024-05-09 23:35:40.282762,12,4,2
C0001737,P002,S0020,D0015,2024-05-11 03:56:45.047414,100,26,1
C0001738,P002,S0020,D0059,2024-05-08 09:09:47.295219,62,13,2
C0001739,P002,S0020,D0059,2024-05-01 23:13:21.475777,76,48,1
C0001740,P002,S0020,D0059,2024-05-04 10:02:35.504026,59,24,4
C0001741,P002,S0020,D0047,2024-05-02 21:56:24.519842,55,11,1
C0001742,P002,S0020,D0024,2024-05-04 05:51:37.691705,24,24,1
C0001743,P002,S0020,D0037,2024-05-10 10:56:32.230305,138,8,3
C0001744,P002,S0020,D0015,2024-05-10 01:44:32.870703,39,13,1
C0001745,P002,S0020,D0037,2024-04-30 10:10:23.218605,31,1,1
C0001746,P002,S0020,D0057,2024-04-29 19:30:23.630715,41,29,1
C0001747,P002,S0020,D0037,2024-05-09 05:51:36.855498,72,20,3
C0001748,P002,S0020,D0015,2024-05-02 19:21:08.124243,40,15,1
C0001749,P002,S0020,D0015,2024-05-10 08:27:32.735890,88,7,1
C0001750,P002,S0020,D0015,2024-04-29 22:39:44.163488,33,27,3
C0001751,P002,S0020,D0047,2024-05-08 22:00:28.879059,53,4,2
C0001752,P002,S0020,D0015,2024-05-05 15:13:53.702052,30,20,4
C0001753,P002,S0020,D0024,2024-05-06 08:16:36.312303,31,8,1
C0001754,P002,S0020,D0024,2024-05-10 20:35:08.084847,42,10,3
C0001755,P002,S0020,D0047,2024-05-10 19:43:25.845703,40,28,1
C0001756,P002,S0020,D0024,2024-05-11 07:54:45.644598,32,2,1
C0001757,P002,S0020,D0015,2024-05-04 12:48:17.375669,69,34,1
C0001758,P002,S0020,D0024,2024-05-11 06:44:13.529246,40,9,1
C0001759,P002,S0020,D0013,2024-05-08 12:33:53.526803,44,16,6
C0001760,P002,S0020,D0013,2024-05-02 14:54:18.112116,24,38,2
C0001761,P002,S0020,D0015,2024-04-30 19:48:31.309840,21,17,1
C0001762,P002,S0020,D0037,2024-05-10 00:58:56.313470,38,19,1
C0001763,P002,S0020,D0015,2024-05-10 14:40:41.163100,30,31,2
C0001764,P002,S0020,D0013,2024-05-03 13:28:49.636785,21,28,1
C0001765,P002,S0020,D0024,2024-05-07 00:55:59.595174,18,36,1
C0001766,P002,S0020,D0057,2024-05-01 20:34:22.477962,24,33,1
C0001767,P002,S0020,D0015,2024-05-10 03:18:27.175938,10,69,5
C0001768,P002,S0020,D0037,2024-05-07 04:19:16.869633,4,27,1
C0001769,P002,S0020,D0047,2024-05-09 01:36:58.041926,46,24,3
C0001770,P002,S0020,D0024,2024-05-05 01:54:17.479618,4,1,3
C0001771,P002,S0020,D0057,2024-05-05 04:21:15.024404,80,4,1
C0001772,P002,S0020,D0047,2024-05-02 15:13:12.765523,120,44,4
C0001773,P002,S0020,D0057,2024-05-05 19:07:11.713479,43,23,3
C0001774,P002,S0020,D0015,2024-05-07 06:28:54.804311,42,21,2
C0001775,P002,S0020,D0015,2024-04-30 16:09:15.712984,59,4,1
C0001776,P002,S0020,D0057,2024-05-06 15:40:19.639911,21,9,3
C0001777,P002,S0020,D0047,2024-05-08 09:31:59.295603,58,32,2
C0001778,P002,S0020,D0037,2024-05-09 04:42:00.146148,24,5,1
C0001779,P002,S0020,D0057,2024-05-11 05:41:05.127219,33,34,2
C0001780,P002,S0020,D0037,2024-05-10 17:20:59.770076,37,85,1
C0001781,P002,S0020,D0059,2024-05-05 18:13:13.947903,79,41,1
C0001782,P002,S0020,D0054,2024-05-04 06:15:51.102953,19,3,1
C0001783,P002,S0020,D0015,2024-05-09 11:32:17.784167,59,15,5
C0001784,P002,S0020,D0057,2024-05-05 03:39:32.945570,20,9,1
C0001785,P002,S0020,D0059,2024-05-10 16:39:50.421112,13,24,1
C0001786,P002,S0020,D0059,2024-05-02 11:52:29.663120,65,29,5
C0001787,P002,S0020,D0015,2024-05-11 20:44:29.527151,108,8,1
C0001788,P002,S0020,D0057,2024-05-05 05:33:22.043711,143,36,1
C0001789,P002,S0020,D0024,2024-05-10 22:19:46.683144,37,18,2
C0001790,P002,S0020,D0015,2024-05-02 18:05:03.667821,17,12,3
C0001791,P002,S0020,D0013,2024-04-30 13:37:23.214476,41,11,1
C0001792,P002,S0020,D0037,2024-04-30 11:52:03.761243,46,10,1
C0001793,P002,S0020,D0054,2024-05-07 18:53:27.299969,56,22,5
C0001794,P003,S0021,D0058,2023-12-28 10:22:38.262904,109,23,1
C0001795,P003,S0021,D0029,2023-12-27 22:12:33.241418,117,26,1
C0001796,P003,S0021,D0022,2024-01-02 12:15:18.327646,48,23,2
C0001797,P003,S0021,D0007,2024-01-02 00:18:09.195153,34,20,1
C0001798,P003,S0021,D0020,2023-12-22 12:21:44.180867,25,29,4
C0001799,P003,S0021,D0029,2023-12-28 12:09:19.994366,124,5,4
C0001800,P003,S0021,D0029,2023-12-22 21:26:14.892172,32,5,1
C0001801,P003,S0021,D0035,2023-12-28 17:25:34.946666,87,23,2
C0001802,P003,S0021,D0022,2024-01-01 06:21:22.868074,58,11,1
C0001803,P003,S0021,D0032,2024-01-01 11:24:57.327243,15,36,1
C0001804,P003,S0021,D0034,2023-12-20 18:44:57.033692,124,1,1
C0001805,P003,S0021,D0005,2023-12-20 11:11:03.703729,41,7,2
C0001806,P003,S0021,D0012,2023-12-28 08:56:21.950841,51,48,5
C0001807,P003,S0021,D0012,2023-12-28 07:51:28.175202,8,17,8
C0001808,P003,S0021,D0035,2023-12-24 22:30:49.831506,20,2,1
C0001809,P003,S0021,D0038,2023-12-25 15:44:07.911391,31,35,6
C0001810,P003,S0021,D0007,2023-12-27 21:51:52.513022,78,15,2
C0001811,P003,S0021,D0032,2023-12-26 07:49:48.518945,10,15,5
C0001812,P003,S0021,D0035,2023-12-25 19:28:09.518926,60,19,1
C0001813,P003,S0021,D0052,2023-12-29 21:36:00.666327,14,32,1
C0001814,P003,S0021,D0048,2023-12-22 16:17:57.383727,6,16,4
C0001815,P003,S0021,D0052,2023-12-28 10:51:42.289598,6,10,1
C0001816,P003,S0021,D0020,2023-12-26 01:48:09.759298,51,0,1
C0001817,P003,S0021,D0022,2023-12-21 06:04:35.697507,32,7,1
C0001818,P003,S0021,D0048,2023-12-22 08:27:42.219480,56,30,7
C0001819,P003,S0021,D0058,2024-01-02 13:09:11.846084,17,78,1
C0001820,P003,S0021,D0048,2024-01-02 16:57:59.130960,56,15,1
C0001821,P003,S0021,D0032,2023-12-24 12:31:10.073727,48,7,7
C0001822,P003,S0021,D0038,2023-12-26 06:58:02.534598,34,9,2
C0001823,P003,S0021,D0002,2024-01-01 01:56:20.312384,47,20,1
C0001824,P003,S0021,D0005,2023-12-20 18:25:28.360376,12,18,1
C0001825,P003,S0021,D0007,2023-12-21 23:44:01.406259,32,25,4
C0001826,P003,S0021,D0022,2023-12-30 14:21:09.016740,122,10,3
C0001827,P003,S0021,D0007,2023-12-24 02:52:44.956313,7,96,2
C0001828,P003,S0021,D0005,2024-01-02 20:19:26.564220,15,11,1
C0001829,P003,S0021,D0048,2023-12-27 20:02:47.575095,24,7,2
C0001830,P003,S0021,D0022,2023-12-29 22:02:49.572182,77,6,1
C0001831,P003,S0021,D0012,2023-12-22 13:09:08.630389,66,46,1
C0001832,P003,S0021,D0032,2023-12-22 19:32:17.148041,11,84,1
C0001833,P003,S0021,D0032,2023-12-30 04:03:02.955427,55,14,6
C0001834,P003,S0021,D0049,2023-12-30 11:12:51.158469,84,27,1
C0001835,P003,S0021,D0032,2023-12-25 16:32:32.308103,56,2,4
C0001836,P003,S0021,D0007,2023-12-27 10:35:56.623597,29,6,4
C0001837,P003,S0021,D0038,2024-01-02 00:21:25.127120,39,16,3
C0001838,P003,S0021,D0020,2023-12-31 14:26:58.999385,43,6,4
C0001839,P003,S0021,D0007,2023-12-23 06:58:33.986502,133,22,2
C0001840,P003,S0021,D0052,2023-12-20 13:30:00.421799,53,37,1
C0001841,P003,S0021,D0014,2023-12-25 12:15:02.841072,107,53,5
C0001842,P003,S0021,D0049,2023-12-28 10:24:58.928250,55,1,2
C0001843,P003,S0021,D0029,2023-12-31 17:05:38.150647,26,15,1
C0001844,P003,S0021,D0035,2024-01-02 04:38:54.597463,39,2,3
C0001845,P003,S0021,D0034,2023-12-30 17:26:37.653866,12,10,3
C0001846,P003,S0021,D0029,2023-12-22 00:05:18.095140,28,7,1
C0001847,P003,S0021,D0014,2024-01-01 23:12:24.178303,150,28,6
C0001848,P003,S0021,D0022,2023-12-30 15:07:23.558288,14,50,2
C0001849,P003,S0021,D0035,2023-12-31 03:59:39.962823,164,9,1
C0001850,P003,S0021,D0007,2023-12-26 03:04:08.295234,67,4,1
C0001851,P003,S0021,D0005,2023-12-22 04:39:16.197879,26,1,2
C0001852,P003,S0021,D0048,2023-12-27 07:21:55.728398,38,20,4
C0001853,P003,S0021,D0014,2024-01-02 07:16:15.126075,103,49,1
C0001854,P003,S0021,D0022,2023-12-31 07:51:17.111694,100,35,3
C0001855,P003,S0021,D0048,2023-12-28 13:18:21.790174,58,12,1
C0001856,P003,S0021,D0032,2023-12-30 06:30:03.578784,48,36,2
C0001857,P003,S0021,D0032,2023-12-21 08:04:15.813295,64,11,1
C0001858,P003,S0021,D0032,2023-12-26 08:25:14.276289,20,15,1
C0001859,P003,S0021,D0012,2023-12-24 18:18:49.213134,41,58,2
C0001860,P003,S0021,D0049,2023-12-29 19:24:42.409746,21,18,1
C0001861,P003,S0021,D0020,2024-01-01 18:06:21.974414,41,26,7
C0001862,P003,S0021,D0029,2023-12-30 14:06:40.534986,59,5,3
C0001863,P003,S0021,D0035,2023-12-24 11:13:25.980327,147,58,1
C0001864,P003,S0021,D0014,2023-12-30 01:11:40.050654,95,1,2
C0001865,P003,S0021,D0029,2023-12-22 17:22:37.617278,48,6,6
C0001866,P003,S0021,D0020,2023-12-23 03:41:24.670265,172,44,6
C0001867,P003,S0021,D0012,2023-12-28 00:08:19.209223,12,3,2
C0001868,P003,S0021,D0020,2023-12-25 08:00:38.557749,25,7,1
C0001869,P003,S0021,D0029,2023-12-21 05:11:54.282886,26,12,5
C0001870,P003,S0021,D0034,2023-12-30 05:35:55.275855,16,25,3
C0001871,P003,S0021,D0049,2024-01-01 16:27:32.735669,60,7,5
C0001872,P003,S0021,D0052,2023-12-24 16:21:05.518909,29,8,1
C0001873,P003,S0021,D0005,2024-01-02 04:36:29.483864,8,5,9
C0001874,P003,S0021,D0058,2023-12-21 17:54:41.756877,72,10,7
C0001875,P003,S0021,D0058,2023-12-20 17:31:15.353057,13,20,1
C0001876,P003,S0021,D0048,2024-01-01 00:17:56.315921,6,3,1
C0001877,P003,S0021,D0035,2023-12-20 22:32:28.810851,58,13,1
C0001878,P003,S0021,D0022,2023-12-28 00:26:48.084254,57,16,1
C0001879,P003,S0021,D0002,2023-12-22 06:26:10.415894,44,19,1
C0001880,P003,S0021,D0020,2023-12-22 03:11:54.055305,57,32,1
C0001881,P003,S0021,D0014,2023-12-20 09:01:56.680311,22,17,1
C0001882,P003,S0021,D0014,2024-01-01 05:45:11.757470,35,24,2
C0001883,P003,S0021,D0038,2023-12-24 17:52:02.847520,53,29,1
C0001884,P003,S0021,D0007,2023-12-21 23:49:01.026223,12,6,7
C0001885,P003,S0021,D0007,2023-12-22 11:02:24.011215,17,52,6
C0001886,P003,S0021,D0058,2024-01-01 18:59:50.029354,17,6,3
C0001887,P003,S0021,D0032,2023-12-23 19:28:34.605406,85,36,2
C0001888,P003,S0021,D0005,2023-12-20 19:07:45.710638,32,33,1
C0001889,P003,S0021,D0022,2023-12-28 17:17:00.663112,59,18,3
C0001890,P003,S0021,D0020,2023-12-22 03:19:26.729272,69,71,2
C0001891,P003,S0021,D0005,2023-12-25 18:27:34.151658,60,6,1
C0001892,P003,S0021,D0014,2023-12-24 12:48:01.679026,32,25,1
C0001893,P003,S0021,D0020,2023-12-22 21:31:22.614957,82,10,2
C0001894,P003,S0021,D0034,2023-12-22 22:39:31.083795,137,35,1
C0001895,P003,S0021,D0032,2023-12-26 00:42:12.561597,32,5,1
C0001896,P003,S0021,D0032,2023-12-28 02:46:18.042748,57,31,3
C0001897,P003,S0021,D0002,2023-12-31 16:11:00.223823,53,71,1
C0001898,P003,S0021,D0022,2024-01-02 02:40:07.658902,84,15,1
C0001899,P003,S0021,D0022,2024-01-01 02:04:10.227827,14,55,3
C0001900,P003,S0021,D0005,2023-12-26 09:21:32.990381,23,24,2
C0001901,P003,S0021,D0052,2023-12-23 06:53:10.764195,54,30,10
C0001902,P003,S0021,D0007,2023-12-31 20:19:25.558568,36,17,6
C0001903,P003,S0021,D0048,2023-12-30 08:05:03.539711,20,9,1
C0001904,P003,S0021,D0038,2023-12-24 18:51:55.889988,58,100,1
C0001905,P003,S0021,D0002,2023-12-24 22:18:35.974279,46,7,7
C0001906,P003,S0021,D0029,2023-12-28 20:10:58.656782,101,23,2
C0001907,P003,S0021,D0034,2023-12-20 07:12:29.190891,65,33,1
C0001908,P003,S0021,D0048,2023-12-30 18:41:03.176837,51,3,1
C0001909,P003,S0021,D0049,2024-01-01 09:33:00.431096,7,22,2
C0001910,P003,S0021,D0058,2023-12-31 13:57:47.511059,17,8,2
C0001911,P003,S0021,D0049,2023-12-26 00:43:08.283795,73,22,1
C0001912,P003,S0022,D0049,2024-01-10 21:44:25.067693,84,21,1
C0001913,P003,S0022,D0034,2024-01-15 01:47:19.458728,226,48,3
C0001914,P003,S0022,D0022,2024-01-10 01:36:54.144156,24,17,1
C0001915,P003,S0022,D0014,2024-01-05 17:13:44.505973,69,0,2
C0001916,P003,S0022,D0007,2024-01-10 13:44:55.717225,68,2,2
C0001917,P003,S0022,D0034,2024-01-05 06:22:54.524412,13,35,1
C0001918,P003,S0022,D0038,2024-01-09 08:15:06.607846,5,8,5
C0001919,P003,S0022,D0038,2024-01-14 02:42:31.239233,24,51,1
C0001920,P003,S0022,D0002,2024-01-10 03:48:19.620645,58,13,4
C0001921,P003,S0022,D0052,2024-01-13 07:27:25.286396,9,6,4
C0001922,P003,S0022,D0020,2024-01-12 21:55:31.592655,87,7,1
C0001923,P003,S0022,D0048,2024-01-08 20:09:07.895262,42,40,1
C0001924,P003,S0022,D0032,2024-01-11 17:12:18.642575,25,4,1
C0001925,P003,S0022,D0032,2024-01-15 18:54:33.947906,29,30,2
C0001926,P003,S0022,D0002,2024-01-10 04:50:31.603374,9,47,6
C0001927,P003,S0022,D0038,2024-01-03 19:51:37.636025,7,6,1
C0001928,P003,S0022,D0035,2024-01-08 07:06:41.645851,4,6,3
C0001929,P003,S0022,D0022,2024-01-08 15:17:03.479783,42,26,1
C0001930,P003,S0022,D0002,2024-01-03 11:07:20.142474,10,8,1
C0001931,P003,S0022,D0014,2024-01-12 15:44:08.544084,14,14,4
C0001932,P003,S0022,D0007,2024-01-16 19:38:14.183569,69,27,2
C0001933,P003,S0022,D0052,2024-01-13 18:21:03.399001,3,30,3
C0001934,P003,S0022,D0058,2024-01-05 06:14:53.855785,1,8,2
C0001935,P003,S0022,D0035,2024-01-12 23:45:58.559407,45,12,2
C0001936,P003,S0022,D0022,2024-01-05 00:23:26.047612,113,25,2
C0001937,P003,S0022,D0048,2024-01-04 12:15:27.280247,35,9,1
C0001938,P003,S0022,D0052,2024-01-15 23:33:51.779975,65,22,1
C0001939,P003,S0022,D0038,2024-01-15 05:38:25.962400,62,11,1
C0001940,P003,S0022,D0005,2024-01-07 12:54:42.508908,41,37,1
C0001941,P003,S0022,D0005,2024-01-11 23:29:53.961014,93,7,1
C0001942,P003,S0022,D0012,2024-01-15 04:42:43.032231,28,21,1
C0001943,P003,S0022,D0022,2024-01-08 00:29:08.966448,22,0,4
C0001944,P003,S0022,D0035,2024-01-10 15:43:07.385023,6,34,3
C0001945,P003,S0022,D0007,2024-01-05 09:48:31.771685,52,13,9
C0001946,P003,S0022,D0014,2024-01-07 04:59:26.207391,53,9,2
C0001947,P003,S0022,D0007,2024-01-08 05:26:35.454482,62,11,1
C0001948,P003,S0022,D0029,2024-01-03 08:37:31.867061,38,10,4
C0001949,P003,S0022,D0049,2024-01-05 10:13:12.810095,29,86,2
C0001950,P003,S0022,D0012,2024-01-16 18:24:27.265987,102,12,1
C0001951,P003,S0022,D0022,2024-01-14 14:56:14.139764,14,23,1
C0001952,P003,S0022,D0035,2024-01-09 07:42:13.169515,20,43,1
C0001953,P003,S0022,D0038,2024-01-14 05:02:16.752043,85,12,1
C0001954,P003,S0022,D0022,2024-01-13 01:14:58.734351,77,30,3
C0001955,P003,S0022,D0049,2024-01-15 16:26:28.282302,21,47,3
C0001956,P003,S0022,D0048,2024-01-07 06:44:24.438120,18,6,1
C0001957,P003,S0022,D0022,2024-01-03 12:29:36.920793,23,37,3
C0001958,P003,S0022,D0002,2024-01-08 11:02:38.184158,37,12,5
C0001959,P003,S0022,D0032,2024-01-08 03:22:31.371232,27,27,5
C0001960,P003,S0022,D0052,2024-01-08 00:17:22.849746,9,79,6
C0001961,P003,S0022,D0038,2024-01-11 07:58:57.131085,26,63,2
C0001962,P003,S0022,D0020,2024-01-08 18:50:35.534200,67,13,4
C0001963,P003,S0022,D0052,2024-01-05 20:05:57.611632,31,13,1
C0001964,P003,S0022,D0058,2024-01-09 03:06:36.765873,7,13,1
C0001965,P003,S0022,D0005,2024-01-15 14:03:26.016249,74,9,4
C0001966,P003,S0022,D0012,2024-01-04 00:25:25.559531,35,101,5
C0001967,P003,S0022,D0032,2024-01-12 13:32:06.864552,19,11,2
C0001968,P003,S0022,D0002,2024-01-07 04:35:27.203950,18,7,6
C0001969,P003,S0022,D0020,2024-01-11 22:24:48.819403,32,1,1
C0001970,P003,S0022,D0007,2024-01-03 14:47:32.482480,67,24,7
C0001971,P003,S0022,D0007,2024-01-14 08:02:10.992676,65,2,3
C0001972,P003,S0022,D0049,2024-01-05 22:30:58.173278,56,39,1
C0001973,P003,S0022,D0049,2024-01-07 13:38:29.239667,15,46,3
C0001974,P003,S0022,D0014,2024-01-13 23:12:45.979782,60,12,2
C0001975,P003,S0022,D0014,2024-01-09 23:24:08.833580,90,5,11
C0001976,P003,S0022,D0052,2024-01-11 06:26:01.086493,64,13,1
C0001977,P003,S0022,D0014,2024-01-14 18:00:23.344756,10,2,2
C0001978,P003,S0022,D0020,2024-01-15 23:54:37.002470,66,61,4
C0001979,P003,S0022,D0058,2024-01-11 02:08:52.579373,55,75,2
C0001980,P003,S0022,D0007,2024-01-04 05:02:14.478525,9,57,7
C0001981,P003,S0022,D0029,2024-01-15 06:20:29.908439,28,12,13
C0001982,P003,S0022,D0002,2024-01-15 10:24:47.290692,23,7,1
C0001983,P003,S0022,D0022,2024-01-12 00:23:41.624743,36,11,7
C0001984,P003,S0022,D0048,2024-01-06 03:50:00.379292,33,103,1
C0001985,P003,S0022,D0012,2024-01-09 21:48:58.957158,42,36,5
C0001986,P003,S0022,D0002,2024-01-14 06:13:40.848966,15,7,1
C0001987,P003,S0022,D0007,2024-01-05 02:39:21.840115,15,6,1
C0001988,P003,S0022,D0048,2024-01-05 14:30:49.529370,35,56,1
C0001989,P003,S0022,D0007,2024-01-06 09:21:21.123719,-1,0,3
C0001990,P003,S0022,D0029,2024-01-03 01:42:51.579977,56,0,4
C0001991,P003,S0022,D0034,2024-01-04 16:31:19.596377,8,5,1
C0001992,P003,S0022,D0007,2024-01-12 07:36:16.285219,88,1,1
C0001993,P003,S0022,D0058,2024-01-15 00:48:27.337945,21,30,2
C0001994,P003,S0022,D0022,2024-01-13 15:55:12.556592,20,26,5
C0001995,P003,S0022,D0032,2024-01-16 13:20:06.614505,21,34,1
C0001996,P003,S0022,D0032,2024-01-14 12:08:25.449611,44,6,1
C0001997,P003,S0023,D0052,2024-01-29 10:04:30.942916,49,17,3
C0001998,P003,S0023,D0005,2024-01-21 15:37:04.456078,42,18,2
C0001999,P003,S0023,D0007,2024-01-25 06:46:47.803343,68,42,1
C0002000,P003,S0023,D0007,2024-01-22 08:59:08.343616,82,2,1
C0002001,P003,S0023,D0014,2024-01-29 03:06:49.702668,41,11,9
C0002002,P003,S0023,D0058,2024-01-19 22:45:15.052223,131,9,1
C0002003,P003,S0023,D0022,2024-01-18 17:44:11.487287,29,3,7
C0002004,P003,S0023,D0049,2024-01-20 15:57:33.682312,37,5,5
C0002005,P003,S0023,D0014,2024-01-27 03:41:34.357481,35,32,2
C0002006,P003,S0023,D0034,2024-01-21 05:14:38.677787,34,6,5
C0002007,P003,S0023,D0020,2024-01-21 10:36:36.035300,37,10,1
C0002008,P003,S0023,D0020,2024-01-19 06:56:32.608274,20,62,2
C0002009,P003,S0023,D0007,2024-01-24 16:10:28.034549,37,42,3
C0002010,P003,S0023,D0035,2024-01-23 15:40:25.233207,139,4,1
C0002011,P003,S0023,D0020,2024-01-21 23:06:35.977386,110,17,4
C0002012,P003,S0023,D0049,2024-01-23 01:26:56.226918,44,40,1
C0002013,P003,S0023,D0014,2024-01-29 08:02:59.924582,69,0,5
C0002014,P003,S0023,D0058,2024-01-24 05:49:25.615751,41,6,1
C0002015,P003,S0023,D0038,2024-01-28 13:27:00.071370,90,37,1
C0002016,P003,S0023,D0022,2024-01-18 23:16:38.457373,38,72,9
C0002017,P003,S0023,D0048,2024-01-24 01:11:27.722198,35,15,2
C0002018,P003,S0023,D0048,2024-01-17 23:36:51.301059,117,7,2
C0002019,P003,S0023,D0014,2024-01-23 00:13:03.866517,89,0,1
C0002020,P003,S0023,D0014,2024-01-28 06:23:16.115369,93,44,1
C0002021,P003,S0023,D0035,2024-01-22 06:59:21.887514,59,4,4
C0002022,P003,S0023,D0038,2024-01-26 11:27:51.908543,150,11,1
C0002023,P003,S0023,D0022,2024-01-29 16:24:53.698769,49,4,1
C0002024,P003,S0023,D0007,2024-01-26 08:02:55.632436,32,10,1
C0002025,P003,S0023,D0032,2024-01-20 15:24:40.675929,30,21,2
C0002026,P003,S0023,D0012,2024-01-22 16:33:28.088452,10,76,2
C0002027,P003,S0023,D0029,2024-01-25 15:37:43.420427,70,33,2
C0002028,P003,S0023,D0029,2024-01-22 18:20:17.322341,85,26,1
C0002029,P003,S0023,D0052,2024-01-23 02:10:03.346341,87,4,3
C0002030,P003,S0023,D0029,2024-01-22 20:53:04.663077,50,48,1
C0002031,P003,S0023,D0005,2024-01-18 10:31:21.281695,136,19,1
C0002032,P003,S0023,D0049,2024-01-28 09:14:53.093672,88,13,5
C0002033,P003,S0023,D0014,2024-01-26 20:54:15.772770,39,23,1
C0002034,P003,S0023,D0034,2024-01-30 07:29:37.580241,33,11,1
C0002035,P003,S0023,D0022,2024-01-19 05:08:08.671698,28,7,2
C0002036,P003,S0023,D0035,2024-01-19 18:33:58.403377,4,19,3
C0002037,P003,S0023,D0048,2024-01-23 19:52:46.305434,129,36,10
C0002038,P003,S0023,D0038,2024-01-20 13:11:19.357127,61,25,7
C0002039,P003,S0023,D0012,2024-01-29 21:48:46.376721,25,17,5
C0002040,P003,S0023,D0012,2024-01-26 12:58:26.792755,71,5,2
C0002041,P003,S0023,D0035,2024-01-30 09:37:12.360652,127,46,1
C0002042,P003,S0023,D0020,2024-01-22 22:14:26.977401,99,2,1
C0002043,P003,S0023,D0012,2024-01-18 18:08:49.182716,73,5,1
C0002044,P003,S0023,D0022,2024-01-23 04:36:19.279463,31,20,1
C0002045,P003,S0023,D0052,2024-01-29 07:44:02.057965,33,25,4
C0002046,P003,S0023,D0034,2024-01-18 13:09:42.943350,38,32,1
C0002047,P003,S0023,D0007,2024-01-28 18:39:47.316201,90,25,3
C0002048,P003,S0023,D0002,2024-01-27 18:11:14.194624,42,9,1
C0002049,P003,S0023,D0058,2024-01-24 13:01:32.574718,12,1,4
C0002050,P003,S0023,D0002,2024-01-27 22:23:16.153617,30,16,3
C0002051,P003,S0023,D0002,2024-01-30 14:49:16.354278,21,17,1
C0002052,P003,S0023,D0035,2024-01-29 12:03:30.814198,130,18,2
C0002053,P003,S0023,D0048,2024-01-20 10:27:33.236734,44,12,1
C0002054,P003,S0023,D0049,2024-01-21 18:35:51.597924,31,14,2
C0002055,P003,S0023,D0035,2024-01-27 15:43:11.305347,51,15,4
C0002056,P003,S0023,D0022,2024-01-21 19:25:45.702443,105,8,1
C0002057,P003,S0023,D0007,2024-01-28 23:30:49.372095,37,1,2
C0002058,P003,S0023,D0007,2024-01-21 05:25:49.904453,19,12,5
C0002059,P003,S0023,D0020,2024-01-23 16:24:34.615954,12,1,3
C0002060,P003,S0023,D0049,2024-01-27 04:59:47.170962,4,15,1
C0002061,P003,S0023,D0048,2024-01-19 23:38:52.251843,95,10,3
C0002062,P003,S0023,D0049,2024-01-19 12:05:03.363772,142,26,1
C0002063,P003,S0023,D0007,2024-01-26 12:05:05.444420,82,11,3
C0002064,P003,S0023,D0032,2024-01-25 06:26:53.643817,97,30,1
C0002065,P003,S0023,D0020,2024-01-23 13:55:30.385025,42,3,3
C0002066,P003,S0023,D0012,2024-01-26 10:09:40.164249,28,43,3
C0002067,P003,S0023,D0020,2024-01-28 06:46:05.746578,51,32,2
C0002068,P003,S0023,D0058,2024-01-18 13:15:27.791178,97,10,2
C0002069,P003,S0023,D0034,2024-01-26 03:42:57.615837,48,40,1
C0002070,P003,S0023,D0034,2024-01-29 08:35:01.682708,51,3,4
C0002071,P003,S0023,D0014,2024-01-24 08:14:10.773570,78,4,1
C0002072,P003,S0023,D0020,2024-01-27 17:07:50.035650,2,8,1
C0002073,P003,S0023,D0012,2024-01-17 12:13:16.251752,23,42,9
C0002074,P003,S0023,D0034,2024-01-29 05:08:51.218517,44,11,1
C0002075,P003,S0023,D0035,2024-01-22 10:51:11.538844,68,1,2
C0002076,P003,S0023,D0034,2024-01-19 11:14:25.133606,42,5,4
C0002077,P003,S0023,D0038,2024-01-21 22:37:50.844943,41,12,1
C0002078,P003,S0023,D0020,2024-01-22 08:53:40.471487,58,38,2
C0002079,P003,S0023,D0038,2024-01-23 10:50:09.559556,47,39,1
C0002080,P003,S0023,D0022,2024-01-26 02:51:30.966976,19,9,1
C0002081,P003,S0023,D0029,2024-01-24 10:00:58.878858,26,10,1
C0002082,P003,S0023,D0022,2024-01-22 06:06:27.259861,34,13,1
C0002083,P003,S0023,D0048,2024-01-26 12:10:55.967989,72,7,1
C0002084,P003,S0023,D0020,2024-01-30 11:55:36.576832,64,60,3
C0002085,P003,S0023,D0020,2024-01-29 00:30:58.703791,15,3,1
C0002086,P003,S0024,D0029,2024-02-09 18:11:27.549692,41,23,3
C0002087,P003,S0024,D0012,2024-02-04 00:46:45.828992,35,25,1
C0002088,P003,S0024,D0012,2024-02-02 05:34:58.366076,91,31,2
C0002089,P003,S0024,D0007,2024-02-07 08:36:35.594699,159,3,3
C0002090,P003,S0024,D0032,2024-02-08 05:19:15.088983,28,106,1
C0002091,P003,S0024,D0049,2024-02-10 01:14:22.846911,75,10,1
C0002092,P003,S0024,D0014,2024-02-02 12:36:41.906859,27,13,2
C0002093,P003,S0024,D0048,2024-02-01 03:35:32.148232,14,5,1
C0002094,P003,S0024,D0058,2024-02-04 01:04:36.272603,20,38,2
C0002095,P003,S0024,D0007,2024-02-02 20:52:43.686478,100,3,1
C0002096,P003,S0024,D0002,2024-02-02 09:54:54.028387,107,13,2
C0002097,P003,S0024,D0032,2024-02-08 13:38:27.781101,28,16,1
C0002098,P003,S0024,D0052,2024-02-12 06:48:25.996215,61,29,1
C0002099,P003,S0024,D0035,2024-02-03 03:49:09.146002,65,19,8
C0002100,P003,S0024,D0007,2024-02-08 19:35:22.542013,92,2,2
C0002101,P003,S0024,D0014,2024-02-11 15:47:27.027117,96,31,8
C0002102,P003,S0024,D0035,2024-02-06 07:03:23.190189,25,20,1
C0002103,P003,S0024,D0005,2024-02-06 10:08:48.134447,98,48,4
C0002104,P003,S0024,D0058,2024-02-11 20:59:26.202221,55,51,1
C0002105,P003,S0024,D0002,2024-01-31 19:56:09.411207,76,55,2
C0002106,P003,S0024,D0022,2024-02-10 04:51:00.769281,31,11,4
C0002107,P003,S0024,D0052,2024-02-02 06:39:45.981540,10,27,3
C0002108,P003,S0024,D0048,2024-02-05 17:58:31.422531,66,18,1
C0002109,P003,S0024,D0022,2024-02-03 15:26:08.397497,27,18,3
C0002110,P003,S0024,D0038,2024-02-01 17:45:33.464313,67,10,7
C0002111,P003,S0024,D0005,2024-02-08 15:59:09.241724,21,6,11
C0002112,P003,S0024,D0038,2024-02-03 11:56:46.043573,35,40,7
C0002113,P003,S0024,D0022,2024-02-08 20:45:52.594044,35,20,1
C0002114,P003,S0024,D0034,2024-02-13 06:50:10.550110,18,14,1
C0002115,P003,S0024,D0029,2024-02-10 20:17:19.302186,64,68,2
C0002116,P003,S0024,D0020,2024-02-03 17:07:57.596497,32,0,11
C0002117,P003,S0024,D0058,2024-02-10 23:54:39.920126,4,5,1
C0002118,P003,S0024,D0022,2024-02-07 08:25:34.662729,103,15,1
C0002119,P003,S0024,D0038,2024-02-03 15:50:49.891856,88,32,4
C0002120,P003,S0024,D0038,2024-02-08 11:58:24.144888,152,35,1
C0002121,P003,S0024,D0020,2024-02-02 17:40:48.807164,65,12,1
C0002122,P003,S0024,D0005,2024-02-03 04:47:34.494683,16,74,1
C0002123,P003,S0024,D0029,2024-02-04 07:51:39.212870,74,4,3
C0002124,P003,S0024,D0034,2024-02-08 08:57:55.531656,25,12,4
C0002125,P003,S0024,D0052,2024-02-10 07:37:16.594340,74,24,1
C0002126,P003,S0024,D0014,2024-02-04 06:26:54.938964,49,48,3
C0002127,P003,S0024,D0049,2024-02-13 04:46:42.094846,59,5,1
C0002128,P003,S0024,D0022,2024-02-04 21:54:12.142452,20,13,2
C0002129,P003,S0024,D0038,2024-01-31 03:39:50.154662,18,8,2
C0002130,P003,S0024,D0012,2024-02-02 23:23:38.316990,4,36,2
C0002131,P003,S0024,D0049,2024-02-08 12:08:24.926120,130,9,2
C0002132,P003,S0024,D0020,2024-02-02 21:37:18.984935,18,14,12
C0002133,P003,S0024,D0012,2024-02-05 12:30:57.197691,15,14,5
C0002134,P003,S0024,D0012,2024-02-08 20:38:18.488964,21,17,2
C0002135,P003,S0024,D0014,2024-02-13 10:09:08.024487,124,4,9
C0002136,P003,S0024,D0007,2024-02-02 08:44:02.344051,23,29,1
C0002137,P003,S0024,D0032,2024-02-06 01:00:43.270258,22,18,1
C0002138,P003,S0024,D0035,2024-02-08 04:14:51.330731,62,34,2
C0002139,P003,S0024,D0012,2024-02-06 15:31:55.899084,4,32,1
C0002140,P003,S0024,D0038,2024-01-31 18:48:31.474232,24,63,1
C0002141,P003,S0024,D0005,2024-02-09 12:05:39.886459,136,37,3
C0002142,P003,S0024,D0048,2024-02-08 15:24:20.815887,67,47,4
C0002143,P003,S0024,D0058,2024-02-05 07:13:17.993565,53,15,1
C0002144,P003,S0024,D0058,2024-02-11 10:14:40.394746,43,37,1
C0002145,P003,S0024,D0032,2024-02-12 07:53:37.196206,68,24,3
C0002146,P003,S0024,D0038,2024-02-09 03:42:44.082609,61,19,2
C0002147,P003,S0024,D0014,2024-02-05 21:50:34.783462,116,35,5
C0002148,P003,S0024,D0035,2024-02-04 09:44:15.765195,21,28,1
C0002149,P003,S0024,D0002,2024-02-05 02:32:36.967762,31,12,1
C0002150,P003,S0024,D0005,2024-02-09 11:14:44.641107,104,21,1
C0002151,P003,S0024,D0002,2024-02-10 02:49:05.751230,26,1,1
C0002152,P003,S0024,D0052,2024-02-03 13:52:23.964163,14,54,1
C0002153,P003,S0024,D0014,2024-02-06 00:54:14.960041,43,99,15
C0002154,P003,S0024,D0038,2024-02-06 02:32:45.907522,57,22,4
C0002155,P003,S0024,D0048,2024-02-08 06:45:20.568622,155,58,3
C0002156,P003,S0024,D0032,2024-02-09 23:32:19.533773,5,38,1
C0002157,P003,S0024,D0007,2024-02-02 20:21:36.634026,42,34,7
C0002158,P003,S0024,D0005,2024-02-10 08:18:09.427085,20,10,3
C0002159,P003,S0024,D0005,2024-02-06 07:02:33.254416,28,11,1
C0002160,P003,S0025,D0012,2024-02-26 00:43:50.474170,158,20,5
C0002161,P003,S0025,D0005,2024-02-22 23:40:37.205232,1,13,5
C0002162,P003,S0025,D0007,2024-02-16 05:56:21.342016,10,16,1
C0002163,P003,S0025,D0049,2024-02-19 01:19:42.967874,79,20,11
C0002164,P003,S0025,D0007,2024-02-24 07:01:29.651011,36,30,1
C0002165,P003,S0025,D0005,2024-02-17 16:43:16.382030,15,1,6
C0002166,P003,S0025,D0035,2024-02-22 00:22:11.054653,64,32,3
C0002167,P003,S0025,D0032,2024-02-14 22:33:25.315570,40,58,1
C0002168,P003,S0025,D0032,2024-02-19 19:05:17.333420,60,18,1
C0002169,P003,S0025,D0014,2024-02-26 16:59:12.063752,20,22,2
C0002170,P003,S0025,D0002,2024-02-16 11:37:12.272113,70,10,3
C0002171,P003,S0025,D0020,2024-02-23 17:00:56.777820,55,7,1
C0002172,P003,S0025,D0038,2024-02-18 19:00:12.148596,47,9,1
C0002173,P003,S0025,D0035,2024-02-17 23:30:45.276224,62,11,1
C0002174,P003,S0025,D0029,2024-02-26 05:53:05.575399,15,35,1
C0002175,P003,S0025,D0035,2024-02-15 06:51:27.378425,41,60,1
C0002176,P003,S0025,D0048,2024-02-15 11:41:13.005176,36,41,6
C0002177,P003,S0025,D0007,2024-02-22 17:31:00.923308,6,29,1
C0002178,P003,S0025,D0005,2024-02-21 02:52:37.603045,96,47,2
C0002179,P003,S0025,D0022,2024-02-27 10:06:46.890624,21,20,1
C0002180,P003,S0025,D0002,2024-02-17 03:22:29.495986,26,7,3
C0002181,P003,S0025,D0048,2024-02-16 13:36:31.206144,30,8,1
C0002182,P003,S0025,D0048,2024-02-23 12:08:52.945761,37,6,1
C0002183,P003,S0025,D0014,2024-02-22 16:07:51.684264,16,61,1
C0002184,P003,S0025,D0007,2024-02-16 06:50:31.391183,121,30,3
C0002185,P003,S0025,D0032,2024-02-23 23:16:24.064727,116,27,5
C0002186,P003,S0025,D0049,2024-02-24 04:50:25.965602,103,4,1
C0002187,P003,S0025,D0058,2024-02-27 01:18:53.803767,27,29,1
C0002188,P003,S0025,D0052,2024-02-17 23:29:05.216176,57,12,4
C0002189,P003,S0025,D0038,2024-02-15 16:47:35.390723,68,17,2
C0002190,P003,S0025,D0014,2024-02-16 07:35:24.549154,28,38,1
C0002191,P003,S0025,D0058,2024-02-19 03:31:06.513545,49,10,3
C0002192,P003,S0025,D0002,2024-02-14 22:08:44.374035,38,27,2
C0002193,P003,S0025,D0012,2024-02-24 14:31:16.928820,63,20,2
C0002194,P003,S0025,D0002,2024-02-18 03:33:35.997717,59,21,1
C0002195,P003,S0025,D0052,2024-02-17 00:01:32.877328,14,24,3
C0002196,P003,S0025,D0049,2024-02-22 07:29:39.844769,129,25,1
C0002197,P003,S0025,D0032,2024-02-24 05:34:07.482679,28,10,10
C0002198,P003,S0025,D0012,2024-02-14 20:47:57.436023,28,28,5
C0002199,P003,S0025,D0029,2024-02-19 06:58:12.181154,4,1,2
C0002200,P003,S0025,D0014,2024-02-20 22:37:40.472125,83,26,8
C0002201,P003,S0025,D0005,2024-02-14 21:26:43.194427,146,39,1
C0002202,P003,S0025,D0020,2024-02-24 23:34:26.223137,67,39,2
C0002203,P003,S0025,D0052,2024-02-21 03:39:35.497944,27,21,1
C0002204,P003,S0025,D0022,2024-02-15 05:22:36.946928,65,11,1
C0002205,P003,S0025,D0048,2024-02-16 06:05:05.067404,83,19,7
C0002206,P003,S0025,D0038,2024-02-26 23:38:27.586039,37,36,6
C0002207,P003,S0025,D0032,2024-02-24 00:33:06.920675,27,33,3
C0002208,P003,S0025,D0035,2024-02-21 15:30:18.541005,43,20,1
C0002209,P003,S0025,D0034,2024-02-15 03:26:10.714714,13,2,5
C0002210,P003,S0025,D0005,2024-02-15 01:20:57.543281,45,0,2
C0002211,P003,S0025,D0020,2024-02-24 21:58:59.045777,23,3,2
C0002212,P003,S0025,D0012,2024-02-18 06:34:41.249852,27,10,1
C0002213,P003,S0025,D0007,2024-02-15 20:04:50.129112,8,20,5
C0002214,P003,S0025,D0002,2024-02-20 00:09:27.754106,41,18,3
C0002215,P003,S0025,D0007,2024-02-15 19:18:15.634890,44,3,4
C0002216,P003,S0025,D0002,2024-02-25 08:43:54.106117,35,48,2
C0002217,P003,S0025,D0029,2024-02-23 21:11:32.449805,58,9,1
C0002218,P003,S0025,D0048,2024-02-18 16:10:46.382858,24,11,1
C0002219,P003,S0025,D0012,2024-02-19 09:41:46.195083,22,2,2
C0002220,P003,S0025,D0014,2024-02-22 10:34:33.105857,9,18,1
C0002221,P003,S0025,D0032,2024-02-24 09:55:28.079972,51,2,2
C0002222,P003,S0025,D0048,2024-02-20 10:02:01.771155,48,28,1
C0002223,P003,S0025,D0032,2024-02-22 06:32:40.458908,37,49,3
C0002224,P003,S0025,D0014,2024-02-19 11:26:09.988280,17,43,3
C0002225,P003,S0025,D0002,2024-02-18 11:53:16.226874,182,0,8
C0002226,P003,S0025,D0038,2024-02-24 03:00:18.400008,24,12,1
C0002227,P003,S0025,D0038,2024-02-22 22:26:16.460030,76,28,3
C0002228,P003,S0026,D0034,2024-03-08 02:42:48.112029,44,9,1
C0002229,P003,S0026,D0014,2024-03-04 22:41:39.744028,116,42,1
C0002230,P003,S0026,D0058,2024-03-11 02:17:20.812005,35,7,2
C0002231,P003,S0026,D0007,2024-02-29 17:03:28.397461,104,32,1
C0002232,P003,S0026,D0029,2024-03-06 06:08:34.889345,16,18,1
C0002233,P003,S0026,D0007,2024-03-11 05:04:31.861893,36,30,6
C0002234,P003,S0026,D0052,2024-03-11 12:19:47.018943,4,21,10
C0002235,P003,S0026,D0058,2024-02-29 11:38:14.137021,100,46,3
C0002236,P003,S0026,D0038,2024-03-03 11:08:33.366096,21,24,2
C0002237,P003,S0026,D0035,2024-03-05 09:01:39.047255,20,10,4
C0002238,P003,S0026,D0002,2024-03-10 07:52:35.088145,37,2,1
C0002239,P003,S0026,D0034,2024-03-11 02:03:29.924529,25,8,6
C0002240,P003,S0026,D0049,2024-03-10 10:09:39.681190,33,3,1
C0002241,P003,S0026,D0029,2024-03-02 02:46:46.339749,19,41,4
C0002242,P003,S0026,D0038,2024-03-04 03:05:59.544575,78,8,7
C0002243,P003,S0026,D0038,2024-03-07 13:27:10.071236,33,16,2
C0002244,P003,S0026,D0012,2024-02-29 22:51:13.735127,6,23,2
C0002245,P003,S0026,D0038,2024-03-06 15:46:02.138054,32,5,1
C0002246,P003,S0026,D0029,2024-03-07 20:53:05.831869,34,7,1
C0002247,P003,S0026,D0002,2024-03-03 00:16:53.826790,21,38,3
C0002248,P003,S0026,D0005,2024-03-08 18:38:09.626350,13,63,2
C0002249,P003,S0026,D0007,2024-03-11 21:11:44.795997,41,21,1
C0002250,P003,S0026,D0034,2024-02-29 18:43:37.884996,47,43,3
C0002251,P003,S0026,D0029,2024-03-08 17:18:25.677074,17,3,1
C0002252,P003,S0026,D0034,2024-03-09 23:03:48.943310,23,27,11
C0002253,P003,S0026,D0012,2024-03-04 16:51:14.739016,19,31,1
C0002254,P003,S0026,D0035,2024-03-10 07:10:01.726541,33,4,8
C0002255,P003,S0026,D0012,2024-02-28 21:37:36.366228,16,18,2
C0002256,P003,S0026,D0035,2024-03-06 06:19:03.695529,58,5,5
C0002257,P003,S0026,D0034,2024-03-02 03:49:20.565553,32,15,1
C0002258,P003,S0026,D0029,2024-02-28 20:14:42.456941,98,35,1
C0002259,P003,S0026,D0022,2024-03-03 06:37:05.683183,79,47,3
C0002260,P003,S0026,D0038,2024-03-09 03:17:00.416099,23,20,9
C0002261,P003,S0026,D0014,2024-03-06 16:49:07.726571,46,32,1
C0002262,P003,S0026,D0014,2024-03-08 13:32:16.078147,7,19,3
C0002263,P003,S0026,D0032,2024-03-03 04:07:26.909278,42,28,5
C0002264,P003,S0026,D0012,2024-03-01 19:14:07.385947,39,21,4
C0002265,P003,S0026,D0020,2024-03-09 21:56:48.778683,34,24,2
C0002266,P003,S0026,D0005,2024-03-01 03:00:53.718457,63,18,1
C0002267,P003,S0026,D0048,2024-03-11 18:39:19.002877,30,8,1
C0002268,P003,S0026,D0032,2024-02-29 14:06:38.719082,63,20,4
C0002269,P003,S0026,D0007,2024-03-05 00:52:14.328869,41,31,3
C0002270,P003,S0026,D0012,2024-03-03 06:53:30.285366,52,29,6
C0002271,P003,S0026,D0012,2024-03-03 08:46:10.585615,10,34,1
C0002272,P003,S0026,D0012,2024-02-29 03:54:12.753057,90,26,2
C0002273,P003,S0026,D0049,2024-03-01 18:19:57.881636,34,8,4
C0002274,P003,S0026,D0007,2024-03-10 06:11:20.826506,52,42,3
C0002275,P003,S0026,D0038,2024-03-01 12:35:35.870686,148,0,2
C0002276,P003,S0026,D0035,2024-03-03 02:27:14.600030,29,38,1
C0002277,P003,S0026,D0029,2024-02-28 05:56:13.907611,98,50,1
C0002278,P003,S0026,D0038,2024-03-10 08:37:14.748949,34,32,2
C0002279,P003,S0026,D0029,2024-03-08 17:55:23.955993,72,18,4
C0002280,P003,S0026,D0002,2024-03-07 20:39:23.243315,48,8,3
C0002281,P003,S0026,D0020,2024-03-05 14:49:05.204759,40,18,4
C0002282,P003,S0026,D0038,2024-03-10 04:32:45.869951,53,22,2
C0002283,P003,S0026,D0052,2024-03-09 12:16:38.620455,114,5,6
C0002284,P003,S0026,D0005,2024-03-08 00:39:31.410922,27,36,1
C0002285,P003,S0026,D0002,2024-03-05 19:41:48.278716,66,21,1
C0002286,P003,S0026,D0034,2024-03-10 18:16:45.247006,31,19,5
C0002287,P003,S0026,D0038,2024-03-04 16:16:12.822710,65,8,2
C0002288,P003,S0026,D0038,2024-03-08 19:29:23.952722,39,7,1
C0002289,P003,S0026,D0058,2024-03-01 05:52:42.441876,48,13,1
C0002290,P003,S0026,D0014,2024-03-08 16:25:59.600478,27,13,2
C0002291,P003,S0026,D0020,2024-03-08 18:20:44.162838,104,9,1
C0002292,P003,S0026,D0035,2024-03-09 13:50:35.226463,35,2,2
C0002293,P003,S0027,D0058,2024-03-22 20:16:55.122086,93,17,2
C0002294,P003,S0027,D0012,2024-03-19 17:25:52.659770,11,71,1
C0002295,P003,S0027,D0049,2024-03-21 05:54:35.016952,79,10,3
C0002296,P003,S0027,D0048,2024-03-22 17:09:30.801659,68,17,2
C0002297,P003,S0027,D0032,2024-03-19 12:52:48.807089,45,1,7
C0002298,P003,S0027,D0020,2024-03-25 01:50:52.505341,31,2,1
C0002299,P003,S0027,D0007,2024-03-20 13:16:54.103599,36,0,1
C0002300,P003,S0027,D0007,2024-03-14 22:32:48.121085,90,74,3
C0002301,P003,S0027,D0020,2024-03-14 12:42:28.323298,69,36,1
C0002302,P003,S0027,D0058,2024-03-20 17:25:13.548003,18,37,1
C0002303,P003,S0027,D0020,2024-03-22 08:41:15.017284,36,17,2
C0002304,P003,S0027,D0002,2024-03-18 08:49:39.360842,15,2,2
C0002305,P003,S0027,D0058,2024-03-14 02:31:54.440551,13,10,1
C0002306,P003,S0027,D0029,2024-03-15 03:06:05.644506,49,5,4
C0002307,P003,S0027,D0048,2024-03-24 09:40:28.952227,49,7,1
C0002308,P003,S0027,D0058,2024-03-21 06:26:23.243940,23,1,1
C0002309,P003,S0027,D0049,2024-03-15 07:46:32.849486,95,49,1
C0002310,P003,S0027,D0032,2024-03-17 07:47:16.971895,38,34,5
C0002311,P003,S0027,D0014,2024-03-21 15:03:52.373242,60,57,1
C0002312,P003,S0027,D0029,2024-03-26 06:17:45.715003,31,11,1
C0002313,P003,S0027,D0022,2024-03-25 23:50:06.133264,11,60,1
C0002314,P003,S0027,D0035,2024-03-17 21:06:36.431653,136,11,6
C0002315,P003,S0027,D0012,2024-03-16 05:11:37.003741,3,26,2
C0002316,P003,S0027,D0005,2024-03-21 09:04:49.514203,44,7,1
C0002317,P003,S0027,D0049,2024-03-25 23:03:36.980247,66,7,6
C0002318,P003,S0027,D0052,2024-03-21 09:11:37.114398,126,38,1
C0002319,P003,S0027,D0007,2024-03-22 03:50:00.142569,34,13,1
C0002320,P003,S0027,D0058,2024-03-19 19:01:46.094524,68,58,2
C0002321,P003,S0027,D0020,2024-03-19 19:42:10.760434,49,1,1
C0002322,P003,S0027,D0049,2024-03-22 08:52:31.919262,100,20,1
C0002323,P003,S0027,D0022,2024-03-19 07:27:34.154619,27,49,7
C0002324,P003,S0027,D0020,2024-03-23 05:52:57.072279,19,38,2
C0002325,P003,S0027,D0012,2024-03-17 05:35:26.844650,6,18,2
C0002326,P003,S0027,D0052,2024-03-15 18:29:03.282906,9,8,4
C0002327,P003,S0027,D0005,2024-03-23 14:02:54.637611,30,23,1
C0002328,P003,S0027,D0049,2024-03-15 07:13:45.022029,48,43,1
C0002329,P003,S0027,D0049,2024-03-24 18:29:19.611026,64,57,2
C0002330,P003,S0027,D0002,2024-03-26 12:45:03.525222,51,16,1
C0002331,P003,S0027,D0038,2024-03-25 22:00:29.643464,14,7,2
C0002332,P003,S0027,D0002,2024-03-22 05:00:19.528660,46,5,3
C0002333,P003,S0027,D0012,2024-03-22 17:03:41.414097,20,26,4
C0002334,P003,S0027,D0012,2024-03-20 12:00:02.358593,4,16,1
C0002335,P003,S0027,D0029,2024-03-21 20:07:08.998622,58,24,3
C0002336,P003,S0027,D0035,2024-03-16 21:21:41.966253,66,13,4
C0002337,P003,S0027,D0029,2024-03-24 04:51:58.019877,35,33,2
C0002338,P003,S0027,D0020,2024-03-15 13:05:54.698480,56,27,3
C0002339,P003,S0027,D0020,2024-03-17 19:01:49.871229,132,10,6
C0002340,P003,S0027,D0052,2024-03-21 09:02:52.329592,53,4,1
C0002341,P003,S0027,D0014,2024-03-14 12:39:26.084510,102,12,3
C0002342,P003,S0027,D0052,2024-03-18 16:41:45.991104,42,14,1
C0002343,P003,S0027,D0058,2024-03-16 22:07:53.160833,91,14,4
C0002344,P003,S0027,D0034,2024-03-24 22:35:46.352656,33,14,2
C0002345,P003,S0027,D0038,2024-03-23 12:58:56.461388,121,8,2
C0002346,P003,S0027,D0014,2024-03-16 14:29:14.143688,97,29,1
C0002347,P003,S0027,D0038,2024-03-16 13:02:41.889149,13,62,4
C0002348,P003,S0027,D0020,2024-03-16 01:50:36.153071,74,12,6
C0002349,P003,S0027,D0007,2024-03-23 17:45:33.956869,40,31,1
C0002350,P003,S0027,D0002,2024-03-25 17:37:29.942319,41,48,1
C0002351,P003,S0027,D0014,2024-03-19 00:08:20.801683,61,58,2
C0002352,P003,S0027,D0022,2024-03-20 13:23:19.099240,23,23,1
C0002353,P003,S0027,D0049,2024-03-14 19:11:01.777305,76,36,1
C0002354,P003,S0027,D0002,2024-03-24 07:14:41.713632,64,17,1
C0002355,P003,S0027,D0002,2024-03-23 15:13:18.307787,121,26,1
C0002356,P003,S0027,D0002,2024-03-13 19:26:00.621364,89,1,1
C0002357,P003,S0027,D0014,2024-03-24 21:53:56.019802,34,25,7
C0002358,P003,S0027,D0029,2024-03-24 16:45:06.208580,103,66,3
C0002359,P003,S0027,D0035,2024-03-14 19:52:59.775481,24,22,2
C0002360,P003,S0027,D0020,2024-03-22 14:56:19.029241,83,16,1
C0002361,P003,S0027,D0048,2024-03-19 21:49:35.451664,81,31,1
C0002362,P003,S0027,D0038,2024-03-16 00:06:14.708833,35,31,1
C0002363,P003,S0027,D0012,2024-03-21 08:39:04.518947,14,26,1
C0002364,P003,S0027,D0007,2024-03-22 16:18:49.673861,20,34,5
C0002365,P003,S0027,D0012,2024-03-13 22:36:37.023951,6,25,2
C0002366,P003,S0027,D0035,2024-03-23 16:30:07.349821,81,50,5
C0002367,P003,S0027,D0002,2024-03-22 01:59:28.734928,19,14,1
C0002368,P003,S0027,D0058,2024-03-21 05:59:15.978594,70,20,5
C0002369,P003,S0027,D0020,2024-03-19 14:49:19.472379,43,26,1
C0002370,P003,S0027,D0035,2024-03-17 14:28:56.975628,36,8,2
C0002371,P003,S0027,D0029,2024-03-17 00:36:46.345086,78,25,1
C0002372,P003,S0027,D0005,2024-03-24 11:10:52.260568,23,13,1
C0002373,P003,S0027,D0020,2024-03-26 12:33:11.103675,6,26,2
C0002374,P003,S0027,D0022,2024-03-20 14:01:23.081191,102,58,2
C0002375,P003,S0027,D0035,2024-03-22 11:35:24.967029,7,29,6
C0002376,P003,S0027,D0029,2024-03-22 14:16:07.002204,54,10,6
C0002377,P003,S0027,D0049,2024-03-25 00:54:39.938458,92,14,2
C0002378,P003,S0027,D0007,2024-03-19 19:26:19.332604,52,6,3
C0002379,P003,S0027,D0020,2024-03-16 23:17:28.164596,21,22,7
C0002380,P003,S0027,D0048,2024-03-26 13:45:44.287730,11,7,1
C0002381,P003,S0027,D0058,2024-03-18 04:58:52.327239,16,23,3
C0002382,P003,S0027,D0002,2024-03-22 01:47:43.163432,27,17,5
C0002383,P003,S0027,D0029,2024-03-16 08:39:36.155491,39,38,3
C0002384,P003,S0027,D0022,2024-03-25 03:31:05.161341,96,14,2
C0002385,P003,S0027,D0052,2024-03-19 09:23:30.516817,105,2,1
C0002386,P003,S0027,D0005,2024-03-13 22:08:56.565587,88,29,1
C0002387,P003,S0027,D0020,2024-03-15 09:57:58.361617,37,31,4
C0002388,P003,S0027,D0005,2024-03-16 10:31:27.569883,35,37,1
C0002389,P003,S0027,D0002,2024-03-23 08:52:06.777808,89,4,1
C0002390,P003,S0027,D0014,2024-03-19 01:01:08.005708,78,4,1
C0002391,P003,S0027,D0007,2024-03-20 16:51:17.938056,61,15,1
C0002392,P003,S0027,D0035,2024-03-26 02:26:07.492444,168,11,3
C0002393,P003,S0028,D0058,2024-03-29 16:50:26.586060,41,12,1
C0002394,P003,S0028,D0029,2024-03-29 06:07:50.430619,36,40,3
C0002395,P003,S0028,D0034,2024-04-02 04:52:07.767153,102,20,4
C0002396,P003,S0028,D0048,2024-04-05 15:21:27.638862,33,107,10
C0002397,P003,S0028,D0029,2024-04-04 17:03:47.600220,26,14,1
C0002398,P003,S0028,D0005,2024-04-06 00:21:16.137106,53,19,1
C0002399,P003,S0028,D0007,2024-03-31 05:47:53.385899,15,31,1
C0002400,P003,S0028,D0034,2024-03-29 13:12:29.250530,31,7,1
C0002401,P003,S0028,D0058,2024-03-29 06:00:06.796574,39,6,1
C0002402,P003,S0028,D0012,2024-03-30 09:46:32.214224,78,55,5
C0002403,P003,S0028,D0048,2024-04-04 18:45:50.336857,61,10,2
C0002404,P003,S0028,D0052,2024-04-06 00:40:44.095067,56,3,1
C0002405,P003,S0028,D0022,2024-04-08 21:15:18.938762,2,19,2
C0002406,P003,S0028,D0052,2024-03-29 21:37:42.847586,73,53,5
C0002407,P003,S0028,D0049,2024-03-28 03:20:33.198732,53,7,1
C0002408,P003,S0028,D0034,2024-03-31 21:13:41.712197,35,9,4
C0002409,P003,S0028,D0007,2024-03-31 08:36:52.811133,69,19,1
C0002410,P003,S0028,D0012,2024-04-02 11:25:05.257021,72,4,1
C0002411,P003,S0028,D0007,2024-03-28 23:11:06.046933,90,9,4
C0002412,P003,S0028,D0052,2024-04-03 12:25:36.920942,54,30,3
C0002413,P003,S0028,D0048,2024-04-02 23:55:35.497159,25,4,1
C0002414,P003,S0028,D0048,2024-03-28 20:43:48.906450,96,9,1
C0002415,P003,S0028,D0029,2024-04-03 21:25:54.527411,62,13,3
C0002416,P003,S0028,D0007,2024-03-29 20:47:04.924586,17,35,4
C0002417,P003,S0028,D0038,2024-04-04 18:37:12.114698,36,59,1
C0002418,P003,S0028,D0014,2024-04-04 19:12:18.000323,6,25,4
C0002419,P003,S0028,D0002,2024-03-28 02:35:42.836845,31,2,3
C0002420,P003,S0028,D0048,2024-04-06 02:44:40.685308,36,16,2
C0002421,P003,S0028,D0052,2024-03-29 04:27:02.261771,71,10,7
C0002422,P003,S0028,D0007,2024-04-02 13:24:02.481034,54,1,4
C0002423,P003,S0028,D0014,2024-04-01 19:25:30.852399,-1,51,1
C0002424,P003,S0028,D0038,2024-03-30 23:50:53.349392,105,7,6
C0002425,P003,S0028,D0005,2024-04-08 23:50:53.575175,27,8,6
C0002426,P003,S0028,D0020,2024-03-31 06:19:38.091843,15,12,1
C0002427,P003,S0028,D0014,2024-04-07 22:19:58.203696,64,6,1
C0002428,P003,S0028,D0002,2024-04-06 22:20:07.373634,18,11,3
C0002429,P003,S0028,D0007,2024-04-06 06:05:57.282315,52,5,8
C0002430,P003,S0028,D0029,2024-04-07 16:40:08.429328,25,32,3
C0002431,P003,S0028,D0022,2024-04-09 13:12:32.248342,66,34,1
C0002432,P003,S0028,D0034,2024-03-31 10:57:11.029716,60,31,1
C0002433,P003,S0028,D0014,2024-03-29 15:57:08.987961,25,1,3
C0002434,P003,S0028,D0020,2024-04-01 02:49:26.624265,38,2,1
C0002435,P003,S0028,D0034,2024-04-05 17:49:15.386169,27,14,2
C0002436,P003,S0028,D0052,2024-04-06 05:15:08.694835,60,12,1
C0002437,P003,S0028,D0029,2024-04-03 04:36:40.129874,23,48,2
C0002438,P003,S0028,D0012,2024-03-31 09:01:44.050080,43,23,6
C0002439,P003,S0028,D0032,2024-04-02 15:30:09.432976,66,4,2
C0002440,P003,S0028,D0002,2024-03-27 15:34:42.415359,24,11,3
C0002441,P003,S0028,D0058,2024-04-08 09:26:25.655303,47,4,5
C0002442,P003,S0028,D0014,2024-03-29 18:23:16.547952,70,34,3
C0002443,P003,S0028,D0012,2024-04-08 09:41:57.264041,30,32,1
C0002444,P003,S0028,D0035,2024-03-30 14:12:16.373046,32,14,1
C0002445,P003,S0028,D0002,2024-04-05 22:50:24.852431,42,1,1
C0002446,P003,S0028,D0058,2024-03-30 21:23:56.134669,72,68,1
C0002447,P003,S0028,D0048,2024-03-31 23:41:34.838116,47,35,3
C0002448,P003,S0028,D0012,2024-04-01 17:24:18.695579,52,2,2
C0002449,P003,S0028,D0048,2024-04-06 00:45:34.692053,29,28,1
C0002450,P003,S0028,D0002,2024-04-01 03:27:37.897230,38,31,1
C0002451,P003,S0028,D0032,2024-03-29 16:19:04.826427,10,50,1
C0002452,P003,S0028,D0052,2024-04-02 06:00:44.093741,73,4,1
C0002453,P003,S0028,D0049,2024-03-27 05:32:11.240915,42,26,1
C0002454,P003,S0028,D0022,2024-04-08 12:54:06.153759,4,16,6
C0002455,P003,S0028,D0005,2024-04-09 03:18:20.104624,76,24,7
C0002456,P003,S0028,D0007,2024-04-07 03:05:41.985559,74,13,1
C0002457,P003,S0028,D0002,2024-04-04 15:57:19.308079,24,22,4
C0002458,P003,S0028,D0007,2024-04-09 08:00:37.461691,50,2,8
C0002459,P003,S0028,D0007,2024-03-29 02:36:15.399269,17,3,1
C0002460,P003,S0028,D0048,2024-03-28 04:40:38.074613,45,8,1
C0002461,P003,S0028,D0049,2024-04-01 00:31:53.591720,20,48,1
C0002462,P003,S0028,D0038,2024-03-28 05:57:43.404835,63,6,1
C0002463,P003,S0028,D0005,2024-03-29 04:49:18.127470,16,25,4
C0002464,P003,S0028,D0005,2024-03-29 14:05:57.410618,20,22,2
C0002465,P003,S0028,D0029,2024-03-30 08:21:53.118138,49,49,3
C0002466,P003,S0028,D0038,2024-04-06 19:43:16.603469,62,17,1
C0002467,P003,S0028,D0035,2024-04-02 18:48:23.423437,89,20,1
C0002468,P003,S0028,D0014,2024-04-08 09:48:46.164407,9,68,6
C0002469,P003,S0028,D0058,2024-04-02 03:21:44.981443,53,15,1
C0002470,P003,S0028,D0007,2024-03-31 14:34:02.706670,184,5,1
C0002471,P003,S0028,D0012,2024-04-05 00:45:06.617571,22,20,3
C0002472,P003,S0028,D0007,2024-04-05 08:57:59.656451,73,7,2
C0002473,P003,S0028,D0032,2024-04-05 17:39:12.084855,94,22,1
C0002474,P003,S0028,D0007,2024-04-06 00:10:37.236326,9,28,1
C0002475,P003,S0028,D0035,2024-04-08 05:51:04.731865,34,8,1
C0002476,P003,S0028,D0038,2024-04-06 22:24:10.494895,118,16,2
C0002477,P003,S0028,D0032,2024-04-07 02:01:08.089595,41,18,2
C0002478,P003,S0028,D0049,2024-04-07 19:55:52.736741,8,105,7
C0002479,P003,S0028,D0038,2024-03-28 14:08:41.584302,12,5,1
C0002480,P003,S0028,D0002,2024-04-05 21:46:24.165834,25,60,2
C0002481,P003,S0028,D0048,2024-04-06 21:51:23.748343,15,8,1
C0002482,P003,S0028,D0020,2024-04-06 23:55:43.889555,8,6,5
C0002483,P003,S0028,D0032,2024-04-07 20:22:03.124776,32,6,2
C0002484,P003,S0028,D0007,2024-03-27 08:14:58.224073,33,18,2
C0002485,P003,S0028,D0029,2024-03-29 09:30:09.677225,89,1,1
C0002486,P003,S0028,D0058,2024-04-01 14:34:36.512409,85,25,1
C0002487,P003,S0028,D0034,2024-04-02 14:01:37.479978,30,9,1
C0002488,P003,S0028,D0012,2024-03-30 10:08:38.067095,119,3,2
C0002489,P003,S0028,D0038,2024-04-06 13:40:25.639542,16,43,1
C0002490,P003,S0028,D0014,2024-03-30 03:47:12.834279,99,42,8
C0002491,P003,S0028,D0048,2024-04-04 02:59:15.463131,74,124,2
C0002492,P003,S0028,D0014,2024-04-03 17:54:05.860681,10,11,1
C0002493,P003,S0028,D0049,2024-03-29 00:38:39.486720,46,13,1
C0002494,P003,S0028,D0007,2024-03-30 23:00:43.292411,26,3,1
C0002495,P003,S0028,D0014,2024-04-01 23:56:25.838588,42,14,1
C0002496,P003,S0028,D0014,2024-04-06 00:10:13.614018,9,38,1
C0002497,P003,S0028,D0012,2024-04-04 06:21:16.330369,23,47,1
C0002498,P003,S0028,D0014,2024-03-28 22:30:00.169050,21,27,1
C0002499,P003,S0028,D0052,2024-04-06 05:39:01.185076,48,18,7
C0002500,P003,S0028,D0032,2024-04-09 09:53:43.489164,93,28,2
C0002501,P003,S0028,D0014,2024-04-02 03:12:16.487742,11,17,1
C0002502,P003,S0028,D0035,2024-04-01 15:22:30.668157,153,7,2
C0002503,P003,S0028,D0002,2024-03-28 05:36:58.362931,5,19,1
C0002504,P003,S0028,D0058,2024-03-29 20:27:35.169714,42,43,2
C0002505,P003,S0028,D0034,2024-03-30 09:43:39.119102,15,29,5
C0002506,P003,S0028,D0012,2024-04-01 02:19:59.279926,40,0,1
C0002507,P003,S0028,D0029,2024-04-04 20:51:01.372424,73,11,3
C0002508,P003,S0028,D0032,2024-04-06 22:36:30.369197,39,2,1
C0002509,P003,S0028,D0020,2024-04-02 02:06:31.206918,108,2,13
C0002510,P003,S0028,D0022,2024-04-01 22:09:56.296242,49,15,1
C0002511,P003,S0028,D0038,2024-04-01 00:06:24.119407,4,14,1
C0002512,P003,S0028,D0048,2024-04-05 20:19:38.644499,51,46,1
C0002513,P003,S0028,D0034,2024-04-05 18:13:00.304935,63,5,1
C0002514,P003,S0028,D0035,2024-03-29 18:02:29.545374,54,13,4
C0002515,P003,S0028,D0035,2024-03-28 21:59:39.906028,24,31,1
C0002516,P003,S0028,D0012,2024-04-02 19:10:27.335283,86,4,1
C0002517,P003,S0028,D0014,2024-04-01 10:20:57.762691,18,18,4
C0002518,P003,S0028,D0014,2024-04-06 14:46:44.426760,83,15,1
C0002519,P003,S0028,D0002,2024-03-27 22:06:52.151588,39,4,4
C0002520,P003,S0028,D0049,2024-04-08 17:14:45.564158,10,8,4
C0002521,P003,S0029,D0058,2024-04-12 06:35:33.292212,61,47,1
C0002522,P003,S0029,D0020,2024-04-16 04:11:14.766486,59,51,1
C0002523,P003,S0029,D0029,2024-04-15 23:23:28.076419,70,5,1
C0002524,P003,S0029,D0005,2024-04-17 09:46:57.706839,24,27,1
C0002525,P003,S0029,D0058,2024-04-18 08:35:32.726456,23,3,1
C0002526,P003,S0029,D0007,2024-04-15 22:04:36.162600,99,14,1
C0002527,P003,S0029,D0035,2024-04-22 23:05:13.477656,49,9,1
C0002528,P003,S0029,D0032,2024-04-20 04:47:39.317793,12,33,6
C0002529,P003,S0029,D0048,2024-04-12 08:19:39.442122,60,54,1
C0002530,P003,S0029,D0034,2024-04-11 13:22:38.943666,204,10,1
C0002531,P003,S0029,D0029,2024-04-19 20:14:41.379842,21,12,4
C0002532,P003,S0029,D0020,2024-04-21 12:03:11.543654,34,11,3
C0002533,P003,S0029,D0012,2024-04-17 07:15:34.589264,46,23,1
C0002534,P003,S0029,D0058,2024-04-12 04:10:47.941264,62,18,5
C0002535,P003,S0029,D0005,2024-04-19 00:42:30.142738,87,10,1
C0002536,P003,S0029,D0049,2024-04-10 13:50:09.429304,28,7,1
C0002537,P003,S0029,D0034,2024-04-17 09:52:28.648848,21,13,1
C0002538,P003,S0029,D0002,2024-04-13 01:35:59.355020,30,3,1
C0002539,P003,S0029,D0034,2024-04-17 20:18:00.619531,45,4,4
C0002540,P003,S0029,D0005,2024-04-16 03:00:22.172282,111,5,1
C0002541,P003,S0029,D0035,2024-04-22 22:19:45.061675,62,21,1
C0002542,P003,S0029,D0034,2024-04-15 12:51:20.874925,61,1,2
C0002543,P003,S0029,D0034,2024-04-13 23:24:13.662595,34,32,1
C0002544,P003,S0029,D0038,2024-04-18 06:48:04.789960,44,19,5
C0002545,P003,S0029,D0038,2024-04-13 15:29:39.745866,111,57,4
C0002546,P003,S0029,D0022,2024-04-15 04:04:28.004690,16,22,3
C0002547,P003,S0029,D0014,2024-04-14 03:02:47.936101,5,23,2
C0002548,P003,S0029,D0058,2024-04-22 13:07:48.517616,60,26,2
C0002549,P003,S0029,D0005,2024-04-11 20:25:42.068832,7,24,1
C0002550,P003,S0029,D0038,2024-04-12 10:34:06.554737,41,52,1
C0002551,P003,S0029,D0022,2024-04-15 18:16:57.196901,82,22,1
C0002552,P003,S0029,D0012,2024-04-20 18:09:18.973054,54,44,1
C0002553,P003,S0029,D0032,2024-04-16 07:06:44.297239,19,5,2
C0002554,P003,S0029,D0048,2024-04-11 08:27:23.041211,94,29,1
C0002555,P003,S0029,D0048,2024-04-18 08:40:48.404245,112,23,1
C0002556,P003,S0029,D0058,2024-04-22 10:40:05.114431,91,13,1
C0002557,P003,S0029,D0058,2024-04-14 11:43:18.852035,21,57,2
C0002558,P003,S0029,D0052,2024-04-13 15:26:05.227844,157,33,1
C0002559,P003,S0029,D0005,2024-04-20 03:04:29.278934,79,41,1
C0002560,P003,S0029,D0007,2024-04-19 14:19:00.586953,101,23,5
C0002561,P003,S0029,D0058,2024-04-20 06:05:22.175361,52,9,1
C0002562,P003,S0029,D0014,2024-04-23 06:18:13.437633,44,19,4
C0002563,P003,S0029,D0058,2024-04-15 10:03:55.134263,35,3,2
C0002564,P003,S0029,D0034,2024-04-21 00:19:33.313265,24,15,3
C0002565,P003,S0029,D0007,2024-04-18 17:03:56.736863,59,1,1
C0002566,P003,S0029,D0035,2024-04-13 14:34:55.495925,32,21,3
C0002567,P003,S0029,D0020,2024-04-21 15:14:28.505605,21,38,1
C0002568,P003,S0029,D0032,2024-04-16 12:26:26.013541,93,0,1
C0002569,P003,S0029,D0022,2024-04-16 07:00:27.167818,94,16,12
C0002570,P003,S0029,D0049,2024-04-11 23:06:52.418774,34,24,1
C0002571,P003,S0029,D0022,2024-04-19 08:52:34.474297,19,0,1
C0002572,P003,S0029,D0048,2024-04-20 03:38:52.342442,66,11,6
C0002573,P003,S0029,D0007,2024-04-13 22:40:03.770375,30,13,1
C0002574,P003,S0029,D0034,2024-04-17 16:51:25.614384,62,7,4
C0002575,P003,S0029,D0035,2024-04-12 09:15:40.736816,128,21,6
C0002576,P003,S0029,D0038,2024-04-11 02:17:40.352716,93,4,7
C0002577,P003,S0029,D0048,2024-04-22 06:47:37.118512,62,24,1
C0002578,P003,S0029,D0002,2024-04-13 01:18:49.215370,99,64,1
C0002579,P003,S0029,D0002,2024-04-21 03:04:55.455306,37,49,1
C0002580,P003,S0029,D0032,2024-04-15 04:16:33.910591,25,11,1
C0002581,P003,S0029,D0048,2024-04-15 22:33:10.005423,69,25,7
C0002582,P003,S0029,D0038,2024-04-19 06:13:17.190215,92,4,1
C0002583,P003,S0029,D0012,2024-04-13 03:41:31.163386,36,37,5
C0002584,P003,S0029,D0014,2024-04-11 17:02:08.892339,25,14,1
C0002585,P003,S0029,D0049,2024-04-10 19:00:16.439446,36,9,1
C0002586,P003,S0029,D0029,2024-04-11 22:09:38.594667,49,18,7
C0002587,P003,S0029,D0058,2024-04-12 01:16:37.968463,108,41,3
C0002588,P003,S0029,D0048,2024-04-17 02:29:05.084435,40,27,2
C0002589,P003,S0029,D0029,2024-04-16 22:56:02.769610,27,47,1
C0002590,P003,S0029,D0035,2024-04-19 06:44:41.073009,233,13,9
C0002591,P003,S0029,D0022,2024-04-21 06:51:59.365864,53,25,2
C0002592,P003,S0029,D0049,2024-04-17 13:27:49.803194,24,19,1
C0002593,P003,S0029,D0052,2024-04-17 05:24:53.850200,87,19,2
C0002594,P003,S0029,D0029,2024-04-16 01:50:04.456688,70,10,5
C0002595,P003,S0029,D0048,2024-04-11 22:24:54.168375,88,5,4
C0002596,P003,S0029,D0058,2024-04-15 16:49:19.038720,6,55,1
C0002597,P003,S0029,D0052,2024-04-19 18:20:14.157347,108,38,2
C0002598,P003,S0029,D0007,2024-04-17 20:13:25.735950,23,0,2
C0002599,P003,S0029,D0014,2024-04-21 02:46:43.296908,2,9,1
C0002600,P003,S0029,D0032,2024-04-17 15:45:38.661218,99,8,1
C0002601,P003,S0029,D0005,2024-04-20 21:56:44.505497,18,37,2
C0002602,P003,S0029,D0007,2024-04-11 01:41:02.208101,45,10,3
C0002603,P003,S0029,D0020,2024-04-13 16:07:16.122386,42,35,4
C0002604,P003,S0029,D0034,2024-04-19 00:36:25.111711,38,11,4
C0002605,P003,S0029,D0049,2024-04-21 14:22:08.298593,81,15,3
C0002606,P003,S0029,D0005,2024-04-14 00:28:25.584677,99,15,1
C0002607,P003,S0029,D0058,2024-04-16 17:11:55.389785,25,27,2
C0002608,P003,S0029,D0002,2024-04-19 05:07:40.440161,48,24,1
C0002609,P003,S0029,D0002,2024-04-12 01:11:23.025708,46,16,1
C0002610,P003,S0029,D0048,2024-04-17 15:42:52.880375,15,43,1
C0002611,P003,S0029,D0032,2024-04-16 00:33:18.966630,82,14,3
C0002612,P003,S0029,D0035,2024-04-10 20:11:14.108329,15,2,6
C0002613,P003,S0029,D0005,2024-04-17 06:47:47.193980,7,5,12
C0002614,P003,S0029,D0058,2024-04-17 07:29:32.399341,73,7,10
C0002615,P003,S0029,D0029,2024-04-21 21:15:49.563808,144,10,7
C0002616,P003,S0029,D0035,2024-04-18 13:38:45.117509,47,30,6
C0002617,P003,S0029,D0052,2024-04-10 23:18:26.133724,109,48,1
C0002618,P003,S0029,D0032,2024-04-12 19:29:44.806692,42,102,2
C0002619,P003,S0029,D0029,2024-04-20 01:44:45.348939,56,69,1
C0002620,P003,S0029,D0032,2024-04-20 11:22:24.128292,25,136,2
C0002621,P003,S0029,D0012,2024-04-19 08:22:47.886870,32,1,1
C0002622,P003,S0029,D0005,2024-04-19 22:50:46.451317,155,11,1
C0002623,P003,S0029,D0020,2024-04-16 19:58:26.122458,43,7,2
C0002624,P003,S0029,D0058,2024-04-23 16:41:59.137965,33,51,1
C0002625,P003,S0029,D0058,2024-04-12 00:09:26.399394,61,4,1
C0002626,P003,S0029,D0032,2024-04-16 20:23:17.454873,17,46,2
C0002627,P003,S0029,D0049,2024-04-13 16:56:15.519095,1,30,1
C0002628,P003,S0029,D0048,2024-04-14 10:20:27.454170,8,22,1
C0002629,P003,S0029,D0052,2024-04-16 13:27:26.284279,67,28,2
C0002630,P003,S0029,D0022,2024-04-15 14:57:09.149016,108,38,2
C0002631,P003,S0029,D0012,2024-04-11 19:38:02.524923,77,13,1
C0002632,P003,S0029,D0038,2024-04-10 19:48:00.225840,107,8,2
C0002633,P003,S0029,D0007,2024-04-18 19:44:17.932065,34,13,1
C0002634,P003,S0029,D0032,2024-04-17 20:33:54.180974,114,11,4
C0002635,P003,S0029,D0048,2024-04-12 03:03:22.529670,18,7,5
C0002636,P003,S0029,D0022,2024-04-10 18:13:51.222253,64,31,1
C0002637,P003,S0029,D0029,2024-04-16 00:03:48.732854,16,35,3
C0002638,P003,S0029,D0032,2024-04-12 14:24:53.503616,31,28,1
C0002639,P003,S0029,D0058,2024-04-14 19:45:41.190828,22,15,2
C0002640,P003,S0029,D0014,2024-04-13 19:07:25.211320,70,20,4
C0002641,P003,S0029,D0035,2024-04-18 04:34:53.446725,116,31,3
C0002642,P003,S0029,D0014,2024-04-12 21:17:16.883105,83,14,1
C0002643,P003,S0029,D0035,2024-04-16 23:48:23.622772,39,7,6
C0002644,P003,S0029,D0034,2024-04-11 12:30:31.916384,50,40,6
C0002645,P003,S0029,D0002,2024-04-22 09:23:00.844568,75,31,1
C0002646,P003,S0029,D0048,2024-04-22 12:46:46.964811,52,32,1
C0002647,P003,S0029,D0012,2024-04-11 05:08:56.060648,45,74,1
C0002648,P003,S0029,D0005,2024-04-13 01:36:03.752988,41,2,2
C0002649,P003,S0029,D0058,2024-04-22 11:54:01.693955,27,44,1
C0002650,P003,S0029,D0029,2024-04-11 09:25:00.885529,32,57,2
C0002651,P003,S0029,D0034,2024-04-22 06:57:23.231224,9,10,3
C0002652,P003,S0030,D0048,2024-04-30 08:42:41.026015,30,21,3
C0002653,P003,S0030,D0058,2024-04-24 06:58:54.516636,105,13,1
C0002654,P003,S0030,D0032,2024-05-04 04:01:10.440390,82,2,1
C0002655,P003,S0030,D0049,2024-04-30 05:27:14.067484,32,14,2
C0002656,P003,S0030,D0052,2024-04-25 04:33:17.081433,77,5,5
C0002657,P003,S0030,D0014,2024-05-05 09:16:51.858317,70,20,4
C0002658,P003,S0030,D0029,2024-04-28 07:34:32.795638,48,13,1
C0002659,P003,S0030,D0002,2024-04-27 04:53:46.336472,120,48,1
C0002660,P003,S0030,D0035,2024-04-24 12:05:46.290492,22,26,3
C0002661,P003,S0030,D0029,2024-04-30 01:28:47.993985,4,55,1
C0002662,P003,S0030,D0005,2024-04-25 00:15:12.740644,78,10,1
C0002663,P003,S0030,D0048,2024-05-02 21:07:17.804878,29,8,2
C0002664,P003,S0030,D0022,2024-05-02 14:17:09.617085,22,13,2
C0002665,P003,S0030,D0058,2024-05-03 06:09:24.104394,25,40,6
C0002666,P003,S0030,D0022,2024-05-04 22:18:46.939802,40,52,1
C0002667,P003,S0030,D0007,2024-04-28 22:14:53.256159,116,12,3
C0002668,P003,S0030,D0020,2024-05-04 20:19:58.813614,25,17,4
C0002669,P003,S0030,D0052,2024-04-24 23:06:30.601424,11,48,9
C0002670,P003,S0030,D0012,2024-04-25 09:46:17.878709,7,53,1
C0002671,P003,S0030,D0020,2024-04-25 15:49:30.532746,49,20,3
C0002672,P003,S0030,D0007,2024-05-02 13:40:48.403508,56,10,1
C0002673,P003,S0030,D0005,2024-04-30 06:45:56.136445,56,20,2
C0002674,P003,S0030,D0048,2024-04-28 04:47:26.685087,47,27,3
C0002675,P003,S0030,D0012,2024-05-04 11:49:27.402027,56,12,2
C0002676,P003,S0030,D0049,2024-05-06 11:40:56.370173,105,24,2
C0002677,P003,S0030,D0007,2024-04-25 11:11:02.643739,21,25,1
C0002678,P003,S0030,D0049,2024-04-26 19:00:07.651107,69,34,1
C0002679,P003,S0030,D0032,2024-05-03 04:24:26.954977,77,21,2
C0002680,P003,S0030,D0048,2024-04-24 17:33:53.186906,79,10,1
C0002681,P003,S0030,D0034,2024-05-06 03:59:29.842577,59,18,1
C0002682,P003,S0030,D0020,2024-05-01 20:48:49.111426,7,7,1
C0002683,P003,S0030,D0002,2024-05-04 08:55:21.471655,53,10,1
C0002684,P003,S0030,D0007,2024-05-01 14:38:57.844530,18,34,1
C0002685,P003,S0030,D0048,2024-04-28 18:26:50.391728,44,8,3
C0002686,P003,S0030,D0022,2024-05-01 15:34:50.272553,46,16,6
C0002687,P003,S0030,D0058,2024-05-03 00:41:04.620429,1,21,1
C0002688,P003,S0030,D0038,2024-04-27 21:11:16.384522,47,4,1
C0002689,P003,S0030,D0007,2024-04-28 11:09:13.316451,81,28,2
C0002690,P003,S0030,D0035,2024-05-03 00:55:47.274022,24,22,3
C0002691,P003,S0030,D0048,2024-04-28 07:41:57.842715,63,1,8
C0002692,P003,S0030,D0052,2024-05-07 10:24:59.039014,65,9,3
C0002693,P003,S0030,D0034,2024-04-25 12:25:17.931527,46,22,3
C0002694,P003,S0030,D0007,2024-04-30 19:54:56.261909,43,35,5
C0002695,P003,S0030,D0049,2024-04-25 21:13:20.261127,15,4,1
C0002696,P003,S0030,D0029,2024-05-01 17:25:14.713518,91,61,1
C0002697,P003,S0030,D0049,2024-05-01 13:37:20.884344,64,7,1
C0002698,P003,S0030,D0038,2024-04-29 19:27:16.830326,9,26,2
C0002699,P003,S0030,D0048,2024-04-27 14:28:28.073705,38,11,1
C0002700,P003,S0030,D0029,2024-05-04 16:48:18.594385,28,25,2
C0002701,P003,S0030,D0029,2024-05-06 17:10:52.005623,9,80,1
C0002702,P003,S0030,D0014,2024-05-02 09:18:10.341047,5,58,1
C0002703,P003,S0030,D0020,2024-05-01 22:55:45.378399,115,3,7
C0002704,P003,S0030,D0038,2024-05-02 18:18:09.145060,20,4,1
C0002705,P003,S0030,D0029,2024-05-02 21:55:00.287470,42,16,9
C0002706,P003,S0030,D0012,2024-05-06 09:58:59.684270,18,48,3
C0002707,P003,S0030,D0049,2024-05-06 05:01:15.986551,28,8,1
C0002708,P003,S0030,D0032,2024-05-03 19:28:29.818229,17,45,4
C0002709,P003,S0030,D0005,2024-05-03 16:25:22.957944,204,33,2
C0002710,P003,S0030,D0032,2024-04-28 23:27:10.552436,25,24,5
C0002711,P003,S0030,D0012,2024-04-25 07:46:40.174820,40,9,2
C0002712,P003,S0030,D0032,2024-04-29 11:51:27.928704,25,23,1
C0002713,P003,S0030,D0049,2024-04-25 16:12:43.385469,26,64,1
C0002714,P003,S0030,D0020,2024-04-27 02:25:51.664418,50,19,4
C0002715,P003,S0030,D0022,2024-04-29 03:14:46.953083,71,8,1
C0002716,P003,S0030,D0029,2024-04-29 15:24:53.663667,46,15,1
C0002717,P003,S0030,D0052,2024-05-02 15:35:52.571949,25,82,4
C0002718,P003,S0030,D0014,2024-05-04 08:52:19.257893,79,0,1
C0002719,P003,S0030,D0014,2024-04-27 07:18:18.637951,18,15,1
C0002720,P003,S0030,D0002,2024-05-05 09:23:49.203828,42,26,12
C0002721,P003,S0030,D0005,2024-05-01 09:13:44.083377,60,1,2
C0002722,P003,S0030,D0022,2024-05-06 03:18:01.091160,51,4,4
C0002723,P003,S0030,D0058,2024-05-01 20:15:09.878319,65,30,1
C0002724,P003,S0030,D0007,2024-04-28 20:40:54.223628,38,9,2
C0002725,P003,S0030,D0032,2024-05-04 03:06:43.190836,9,35,3
C0002726,P003,S0030,D0049,2024-05-03 11:17:52.820126,5,28,2
C0002727,P003,S0030,D0035,2024-05-04 06:35:34.635280,30,2,3
C0002728,P003,S0030,D0049,2024-04-24 12:41:27.855233,13,17,1
C0002729,P003,S0030,D0014,2024-04-26 06:15:06.359409,42,38,5
C0002730,P003,S0030,D0058,2024-04-27 03:27:34.172783,60,23,3
C0002731,P003,S0030,D0058,2024-05-04 01:56:06.311411,42,3,1
C0002732,P003,S0030,D0007,2024-04-25 12:11:58.635486,13,28,2
C0002733,P003,S0030,D0002,2024-05-01 23:42:15.466861,51,36,1
C0002734,P003,S0030,D0002,2024-05-05 23:05:54.729824,87,0,3
C0002735,P003,S0030,D0032,2024-05-06 21:30:21.939729,31,20,1
C0002736,P003,S0030,D0007,2024-05-02 15:50:10.201645,66,12,1
C0002737,P003,S0030,D0020,2024-04-24 18:22:08.544144,51,6,6
C0002738,P003,S0030,D0020,2024-05-03 17:45:00.204449,58,0,2
C0002739,P003,S0030,D0034,2024-04-29 08:40:39.097401,72,13,1
C0002740,P003,S0030,D0034,2024-05-06 22:35:43.173483,30,10,3
C0002741,P004,S0031,D0019,2023-12-30 15:10:41.626914,33,15,2
C0002742,P004,S0031,D0050,2024-01-05 02:40:21.505812,8,8,1
C0002743,P004,S0031,D0050,2024-01-08 19:04:50.798473,79,2,1
C0002744,P004,S0031,D0042,2024-01-07 08:07:15.260742,26,25,4
C0002745,P004,S0031,D0030,2024-01-03 02:41:11.541149,46,59,5
C0002746,P004,S0031,D0050,2023-12-31 14:50:27.132764,94,5,1
C0002747,P004,S0031,D0030,2024-01-05 03:59:28.082708,22,7,6
C0002748,P004,S0031,D0006,2024-01-09 11:14:28.111569,56,22,1
C0002749,P004,S0031,D0004,2024-01-04 01:13:30.141067,88,21,4
C0002750,P004,S0031,D0030,2024-01-10 23:38:10.687210,120,44,4
C0002751,P004,S0031,D0030,2024-01-05 18:23:58.784316,54,12,1
C0002752,P004,S0031,D0004,2024-01-06 06:06:28.834750,69,10,4
C0002753,P004,S0031,D0019,2024-01-07 07:55:59.925552,61,25,1
C0002754,P004,S0031,D0006,2023-12-31 08:18:21.361910,115,14,1
C0002755,P004,S0031,D0042,2023-12-30 21:43:58.135224,53,18,1
C0002756,P004,S0031,D0050,2024-01-09 17:56:51.094112,18,19,4
C0002757,P004,S0031,D0042,2023-12-29 04:42:49.193311,47,36,4
C0002758,P004,S0031,D0004,2023-12-30 21:57:56.953779,11,8,1
C0002759,P004,S0031,D0042,2024-01-06 03:35:13.274950,14,33,1
C0002760,P004,S0031,D0004,2023-12-31 17:43:50.081496,36,13,1
C0002761,P004,S0031,D0042,2024-01-06 09:53:27.249062,72,25,1
C0002762,P004,S0031,D0042,2024-01-04 10:38:34.858802,43,20,7
C0002763,P004,S0031,D0042,2023-12-31 03:45:27.087471,17,5,7
C0002764,P004,S0031,D0050,2024-01-03 07:11:21.857823,47,23,2
C0002765,P004,S0031,D0026,2023-12-29 23:20:27.263453,52,30,2
C0002766,P004,S0031,D0030,2024-01-07 08:38:49.730915,72,60,1
C0002767,P004,S0031,D0006,2024-01-01 20:10:51.618186,54,12,1
C0002768,P004,S0031,D0030,2024-01-03 10:23:02.204486,25,23,1
C0002769,P004,S0031,D0026,2024-01-08 04:43:31.083603,36,8,1
C0002770,P004,S0031,D0006,2024-01-03 12:06:47.989280,89,3,3
C0002771,P004,S0031,D0050,2024-01-09 19:53:37.575423,109,41,2
C0002772,P004,S0031,D0050,2024-01-09 13:40:09.267948,80,31,3
C0002773,P004,S0031,D0030,2024-01-09 12:47:05.389129,75,12,3
C0002774,P004,S0031,D0042,2023-12-31 17:53:56.684501,35,41,4
C0002775,P004,S0031,D0042,2024-01-01 13:59:52.088275,21,39,2
C0002776,P004,S0031,D0042,2024-01-05 08:20:07.576846,22,39,3
C0002777,P004,S0031,D0004,2024-01-09 03:45:57.286402,15,8,1
C0002778,P004,S0031,D0019,2024-01-08 23:04:10.684128,5,12,2
C0002779,P004,S0031,D0004,2024-01-03 02:57:16.468934,29,16,2
C0002780,P004,S0031,D0030,2024-01-07 11:06:39.105921,23,36,3
C0002781,P004,S0031,D0026,2024-01-08 15:20:50.065177,76,11,1
C0002782,P004,S0031,D0004,2024-01-01 17:16:50.200762,103,49,2
C0002783,P004,S0031,D0006,2024-01-10 04:52:26.065970,43,31,1
C0002784,P004,S0031,D0006,2024-01-08 23:01:04.545771,92,24,1
C0002785,P004,S0031,D0019,2024-01-03 13:45:45.748272,97,7,6
C0002786,P004,S0031,D0042,2024-01-05 01:46:14.422257,55,4,2
C0002787,P004,S0031,D0026,2024-01-05 13:03:21.988360,35,23,1
C0002788,P004,S0031,D0019,2023-12-31 23:24:01.290604,99,7,1
C0002789,P004,S0031,D0030,2024-01-01 18:21:37.515237,107,51,4
C0002790,P004,S0031,D0019,2024-01-06 15:49:12.765281,93,4,3
C0002791,P004,S0031,D0042,2024-01-04 12:29:52.093863,85,14,6
C0002792,P004,S0031,D0030,2024-01-09 23:41:36.378253,38,24,3
C0002793,P004,S0031,D0026,2024-01-06 23:21:31.552485,88,14,2
C0002794,P004,S0031,D0030,2024-01-10 14:38:14.065877,62,9,1
C0002795,P004,S0031,D0004,2024-01-04 03:45:35.663030,18,14,2
C0002796,P004,S0031,D0026,2023-12-29 05:29:36.818558,29,26,1
C0002797,P004,S0031,D0004,2023-12-31 01:17:43.593967,44,19,1
C0002798,P004,S0031,D0006,2024-01-04 04:56:40.861871,4,22,10
C0002799,P004,S0031,D0030,2024-01-08 19:39:17.822932,197,26,2
C0002800,P004,S0031,D0030,2024-01-03 06:25:40.530164,23,17,1
C0002801,P004,S0031,D0042,2024-01-08 23:04:37.909829,35,4,1
C0002802,P004,S0031,D0030,2024-01-01 23:06:33.260532,46,6,1
C0002803,P004,S0031,D0030,2024-01-02 01:41:39.889281,38,11,1
C0002804,P004,S0031,D0004,2023-12-30 22:55:49.548350,47,6,1
C0002805,P004,S0031,D0050,2024-01-08 19:50:37.101210,31,8,1
C0002806,P004,S0031,D0042,2024-01-04 09:55:05.414738,28,23,3
C0002807,P004,S0031,D0050,2024-01-11 12:29:51.137931,23,36,3
C0002808,P004,S0031,D0004,2024-01-10 02:18:34.925633,49,6,1
C0002809,P004,S0031,D0004,2024-01-07 05:35:13.081845,33,14,1
C0002810,P004,S0031,D0019,2024-01-09 17:32:48.982919,13,22,6
C0002811,P004,S0031,D0030,2023-12-29 15:09:25.692582,1,9,1
C0002812,P004,S0031,D0019,2024-01-04 11:34:57.709069,56,8,3
C0002813,P004,S0031,D0042,2024-01-03 19:50:26.758297,48,14,2
C0002814,P004,S0031,D0050,2023-12-31 18:20:36.705098,22,57,1
C0002815,P004,S0031,D0006,2024-01-06 05:16:30.472477,86,35,2
C0002816,P004,S0031,D0006,2024-01-04 03:19:09.057177,28,39,1
C0002817,P004,S0031,D0050,2024-01-05 06:19:13.393104,30,36,1
C0002818,P004,S0031,D0026,2023-12-31 22:37:20.922949,132,22,4
C0002819,P004,S0031,D0026,2024-01-03 14:32:30.198079,58,17,1
C0002820,P004,S0031,D0006,2024-01-07 05:42:38.903178,40,9,1
C0002821,P004,S0031,D0019,2023-12-30 03:36:26.806851,127,6,4
C0002822,P004,S0031,D0004,2024-01-01 21:13:07.300347,163,3,1
C0002823,P004,S0031,D0004,2024-01-02 20:12:26.685165,37,26,1
C0002824,P004,S0031,D0004,2023-12-30 15:29:19.554587,49,2,1
C0002825,P004,S0031,D0006,2023-12-30 01:26:14.089908,28,55,1
C0002826,P004,S0031,D0050,2024-01-05 23:48:43.231763,119,26,1
C0002827,P004,S0031,D0019,2023-12-31 03:59:36.315342,66,6,8
C0002828,P004,S0031,D0019,2024-01-03 12:41:30.283947,56,30,7
C0002829,P004,S0031,D0050,2024-01-07 01:56:15.565870,63,6,1
C0002830,P004,S0031,D0026,2024-01-04 03:49:26.591872,156,33,6
C0002831,P004,S0031,D0026,2024-01-02 15:59:57.225285,49,12,3
C0002832,P004,S0031,D0006,2024-01-11 13:30:24.810486,84,21,6
C0002833,P004,S0031,D0019,2024-01-01 12:03:13.660982,79,60,1
C0002834,P004,S0031,D0006,2024-01-09 22:23:37.502949,28,35,1
C0002835,P004,S0031,D0030,2023-12-31 19:23:58.166645,24,18,1
C0002836,P004,S0031,D0050,2024-01-08 01:08:39.092380,44,33,3
C0002837,P004,S0031,D0004,2024-01-04 20:11:03.322499,52,39,2
C0002838,P004,S0031,D0004,2024-01-09 23:41:27.661740,83,3,2
C0002839,P004,S0031,D0026,2024-01-11 16:16:26.655443,65,3,2
C0002840,P004,S0032,D0019,2024-01-20 08:29:27.758139,53,23,6
C0002841,P004,S0032,D0026,2024-01-18 09:25:13.417112,20,39,1
C0002842,P004,S0032,D0004,2024-01-22 23:42:38.813768,53,15,1
C0002843,P004,S0032,D0006,2024-01-23 11:36:47.814056,8,8,8
C0002844,P004,S0032,D0019,2024-01-14 20:46:36.788966,16,12,1
C0002845,P004,S0032,D0042,2024-01-16 16:22:28.612978,23,2,4
C0002846,P004,S0032,D0026,2024-01-22 17:30:52.394212,25,10,2
C0002847,P004,S0032,D0030,2024-01-16 19:23:24.444526,75,21,1
C0002848,P004,S0032,D0004,2024-01-14 07:34:29.505993,39,7,3
C0002849,P004,S0032,D0006,2024-01-21 05:55:16.467948,57,43,5
C0002850,P004,S0032,D0004,2024-01-13 05:08:21.057638,9,43,2
C0002851,P004,S0032,D0030,2024-01-23 01:39:23.546355,90,49,5
C0002852,P004,S0032,D0004,2024-01-24 15:45:06.984457,4,31,10
C0002853,P004,S0032,D0030,2024-01-17 21:03:41.195842,5,9,1
C0002854,P004,S0032,D0026,2024-01-16 08:45:34.245567,37,52,3
C0002855,P004,S0032,D0042,2024-01-14 04:26:08.155840,68,9,1
C0002856,P004,S0032,D0004,2024-01-15 08:52:51.859209,18,11,4
C0002857,P004,S0032,D0026,2024-01-22 07:00:49.113819,17,32,1
C0002858,P004,S0032,D0006,2024-01-12 10:00:19.319389,40,43,1
C0002859,P004,S0032,D0004,2024-01-21 17:54:19.260663,76,15,2
C0002860,P004,S0032,D0050,2024-01-19 10:07:48.021168,28,34,1
C0002861,P004,S0032,D0042,2024-01-18 19:26:02.214717,67,10,1
C0002862,P004,S0032,D0006,2024-01-15 08:01:09.689826,83,24,1
C0002863,P004,S0032,D0006,2024-01-16 12:19:53.211937,104,12,1
C0002864,P004,S0032,D0004,2024-01-14 10:37:07.935065,57,23,1
C0002865,P004,S0032,D0006,2024-01-25 02:34:26.920788,25,20,1
C0002866,P004,S0032,D0042,2024-01-24 09:11:42.875438,15,8,6
C0002867,P004,S0032,D0006,2024-01-15 17:37:01.094349,17,38,3
C0002868,P004,S0032,D0030,2024-01-18 01:58:52.929290,86,5,1
C0002869,P004,S0032,D0004,2024-01-17 11:30:39.035862,55,9,1
C0002870,P004,S0032,D0006,2024-01-14 09:23:55.041493,78,50,1
C0002871,P004,S0032,D0030,2024-01-19 01:22:26.383638,15,3,1
C0002872,P004,S0032,D0042,2024-01-25 04:39:59.588016,30,46,5
C0002873,P004,S0032,D0004,2024-01-21 08:23:33.203324,12,24,1
C0002874,P004,S0032,D0030,2024-01-25 05:00:45.867746,14,22,1
C0002875,P004,S0032,D0019,2024-01-22 10:15:13.151908,38,35,6
C0002876,P004,S0032,D0042,2024-01-13 14:18:49.653867,44,20,1
C0002877,P004,S0032,D0004,2024-01-25 03:53:51.632640,31,40,1
C0002878,P004,S0032,D0004,2024-01-18 07:01:51.838801,32,20,1
C0002879,P004,S0032,D0026,2024-01-22 00:29:38.482685,27,17,1
C0002880,P004,S0032,D0026,2024-01-12 22:50:48.144477,15,14,5
C0002881,P004,S0032,D0030,2024-01-15 07:43:44.474117,17,22,1
C0002882,P004,S0032,D0004,2024-01-25 01:25:38.082622,22,17,2
C0002883,P004,S0032,D0019,2024-01-24 18:08:52.453371,38,14,2
C0002884,P004,S0032,D0006,2024-01-13 05:54:29.153855,17,7,4
C0002885,P004,S0032,D0030,2024-01-12 19:14:12.773493,18,21,6
C0002886,P004,S0032,D0050,2024-01-17 22:01:52.449443,53,22,4
C0002887,P004,S0032,D0026,2024-01-25 00:50:20.072142,19,23,3
C0002888,P004,S0032,D0006,2024-01-24 06:15:00.575276,28,9,14
C0002889,P004,S0032,D0030,2024-01-22 08:22:32.467412,61,7,1
C0002890,P004,S0032,D0042,2024-01-17 02:05:51.605396,40,3,1
C0002891,P004,S0032,D0004,2024-01-19 15:49:12.364625,19,4,1
C0002892,P004,S0032,D0050,2024-01-16 05:10:58.101270,92,13,3
C0002893,P004,S0032,D0042,2024-01-19 16:02:41.242355,26,4,4
C0002894,P004,S0032,D0006,2024-01-15 04:45:35.491445,53,3,2
C0002895,P004,S0032,D0042,2024-01-18 10:42:16.305354,48,36,3
C0002896,P004,S0032,D0050,2024-01-22 14:49:05.056364,63,62,1
C0002897,P004,S0032,D0050,2024-01-17 07:15:48.298511,27,18,1
C0002898,P004,S0032,D0006,2024-01-16 00:30:31.728987,9,25,3
C0002899,P004,S0032,D0006,2024-01-23 05:20:39.981997,109,3,1
C0002900,P004,S0032,D0050,2024-01-13 17:48:31.081796,127,68,1
C0002901,P004,S0032,D0004,2024-01-23 23:36:12.264039,97,58,4
C0002902,P004,S0032,D0030,2024-01-24 23:38:42.068214,147,41,1
C0002903,P004,S0032,D0026,2024-01-19 18:00:01.416083,46,12,12
C0002904,P004,S0032,D0042,2024-01-21 18:02:20.288376,18,15,1
C0002905,P004,S0032,D0050,2024-01-17 10:54:20.194429,99,1,1
C0002906,P004,S0032,D0042,2024-01-19 02:33:30.578159,29,32,1
C0002907,P004,S0032,D0004,2024-01-21 13:24:25.394788,148,18,3
C0002908,P004,S0032,D0030,2024-01-18 11:44:38.552298,65,8,1
C0002909,P004,S0032,D0026,2024-01-13 04:18:18.502374,72,59,1
C0002910,P004,S0032,D0006,2024-01-18 09:50:05.050829,17,27,4
C0002911,P004,S0032,D0042,2024-01-21 03:20:57.847774,73,26,3
C0002912,P004,S0032,D0026,2024-01-22 20:06:41.827733,30,5,3
C0002913,P004,S0032,D0006,2024-01-13 09:50:38.398527,51,2,1
C0002914,P004,S0032,D0004,2024-01-14 22:37:31.526703,60,73,9
C0002915,P004,S0032,D0004,2024-01-19 10:29:00.564438,15,38,1
C0002916,P004,S0032,D0030,2024-01-12 08:21:55.885580,39,17,1
C0002917,P004,S0032,D0006,2024-01-18 20:46:52.872053,45,28,1
C0002918,P004,S0032,D0026,2024-01-21 01:51:35.841605,26,0,4
C0002919,P004,S0032,D0026,2024-01-17 07:06:53.017054,86,32,6
C0002920,P004,S0032,D0026,2024-01-22 05:53:35.596766,16,20,4
C0002921,P004,S0032,D0004,2024-01-13 01:41:20.521347,13,85,1
C0002922,P004,S0032,D0006,2024-01-14 02:23:04.088747,58,16,1
C0002923,P004,S0032,D0019,2024-01-23 08:50:04.258991,54,5,5
C0002924,P004,S0032,D0050,2024-01-24 07:21:42.357227,48,12,3
C0002925,P004,S0032,D0050,2024-01-18 13:53:00.434832,9,13,1
C0002926,P004,S0032,D0030,2024-01-20 04:11:07.419151,19,7,3
C0002927,P004,S0032,D0030,2024-01-15 12:18:19.597215,61,11,6
C0002928,P004,S0032,D0004,2024-01-22 07:53:23.076387,36,3,6
C0002929,P004,S0032,D0042,2024-01-19 11:32:53.713406,81,9,1
C0002930,P004,S0032,D0019,2024-01-20 07:43:24.723313,138,39,3
C0002931,P004,S0032,D0004,2024-01-19 17:11:39.184616,31,15,1
C0002932,P004,S0032,D0004,2024-01-13 02:36:50.528262,11,6,1
C0002933,P004,S0032,D0004,2024-01-20 04:04:26.688125,35,4,6
C0002934,P004,S0032,D0030,2024-01-18 22:04:37.035650,12,81,1
C0002935,P004,S0032,D0042,2024-01-24 20:26:47.860311,28,26,1
C0002936,P004,S0032,D0042,2024-01-16 16:15:35.324615,75,43,2
C0002937,P004,S0032,D0026,2024-01-20 14:07:06.732844,27,25,3
C0002938,P004,S0032,D0042,2024-01-23 13:29:27.239834,154,38,2
C0002939,P004,S0032,D0026,2024-01-15 22:17:42.559917,38,49,2
C0002940,P004,S0032,D0030,2024-01-24 11:22:27.177271,47,14,2
C0002941,P004,S0032,D0050,2024-01-16 04:04:19.266821,82,60,1
C0002942,P004,S0032,D0042,2024-01-17 05:49:17.832772,109,44,2
C0002943,P004,S0032,D0004,2024-01-18 11:31:56.564136,99,5,4
C0002944,P004,S0032,D0030,2024-01-20 18:08:21.869475,23,4,1
C0002945,P004,S0032,D0042,2024-01-24 23:37:40.643040,65,9,1
C0002946,P004,S0032,D0042,2024-01-16 21:46:34.269807,58,4,3
C0002947,P004,S0032,D0030,2024-01-22 19:34:28.362365,14,24,3
C0002948,P004,S0032,D0019,2024-01-13 13:04:20.687121,84,18,3
C0002949,P004,S0032,D0006,2024-01-23 23:43:19.688922,95,12,1
C0002950,P004,S0032,D0030,2024-01-20 12:03:44.335993,74,32,1
C0002951,P004,S0032,D0050,2024-01-19 12:07:13.128514,41,19,1
C0002952,P004,S0032,D0050,2024-01-20 08:52:16.624845,48,5,4
C0002953,P004,S0032,D0004,2024-01-15 11:27:05.464173,24,21,1
C0002954,P004,S0032,D0006,2024-01-17 04:27:43.647021,46,17,1
C0002955,P004,S0032,D0030,2024-01-12 11:29:43.556025,76,52,1
C0002956,P004,S0032,D0042,2024-01-12 15:02:12.832620,78,3,2
C0002957,P004,S0032,D0006,2024-01-22 03:57:33.710562,79,25,1
C0002958,P004,S0032,D0042,2024-01-24 05:14:15.242900,61,13,3
C0002959,P004,S0032,D0042,2024-01-25 03:20:51.739832,39,11,1
C0002960,P004,S0032,D0019,2024-01-19 02:24:36.963896,56,22,1
C0002961,P004,S0032,D0042,2024-01-17 09:35:26.392683,51,8,3
C0002962,P004,S0032,D0004,2024-01-17 01:25:50.520219,40,73,1
C0002963,P004,S0032,D0026,2024-01-22 20:59:07.468202,36,0,2
C0002964,P004,S0032,D0004,2024-01-14 16:11:55.943355,34,10,2
C0002965,P004,S0032,D0050,2024-01-24 06:07:23.106742,31,14,1
C0002966,P004,S0032,D0042,2024-01-24 06:32:21.443199,102,14,1
C0002967,P004,S0032,D0030,2024-01-18 02:37:34.090344,37,15,1
C0002968,P004,S0032,D0026,2024-01-22 20:43:11.864066,69,2,4
C0002969,P004,S0032,D0026,2024-01-19 18:57:19.367441,30,11,9
C0002970,P004,S0032,D0019,2024-01-17 00:29:20.304286,9,1,1
C0002971,P004,S0032,D0019,2024-01-22 19:59:53.094824,14,11,6
C0002972,P004,S0032,D0004,2024-01-12 18:56:53.436686,26,42,3
C0002973,P004,S0032,D0004,2024-01-25 18:25:06.179031,51,9,6
C0002974,P004,S0032,D0026,2024-01-24 08:47:47.049392,18,18,3
C0002975,P004,S0032,D0004,2024-01-18 11:56:24.281340,90,6,1
C0002976,P004,S0033,D0004,2024-02-02 02:13:13.397476,22,44,1
C0002977,P004,S0033,D0050,2024-02-02 19:40:34.218738,37,12,3
C0002978,P004,S0033,D0026,2024-02-05 07:44:30.488325,96,16,1
C0002979,P004,S0033,D0050,2024-01-29 03:43:20.257429,32,14,1
C0002980,P004,S0033,D0019,2024-02-03 03:33:13.595603,57,106,5
C0002981,P004,S0033,D0004,2024-02-07 20:21:25.153912,72,15,1
C0002982,P004,S0033,D0006,2024-01-30 04:45:50.882710,60,13,1
C0002983,P004,S0033,D0026,2024-01-28 06:04:04.066276,91,29,1
C0002984,P004,S0033,D0004,2024-02-02 22:53:35.187634,81,22,3
C0002985,P004,S0033,D0006,2024-02-01 10:59:45.903651,85,49,11
C0002986,P004,S0033,D0019,2024-02-05 15:33:13.514337,61,14,1
C0002987,P004,S0033,D0042,2024-01-29 14:25:37.826322,89,6,3
C0002988,P004,S0033,D0050,2024-01-30 12:42:35.891444,19,14,5
C0002989,P004,S0033,D0026,2024-02-01 04:20:28.848230,40,15,7
C0002990,P004,S0033,D0019,2024-02-04 04:08:58.501254,66,28,6
C0002991,P004,S0033,D0004,2024-02-01 15:55:02.357753,48,13,5
C0002992,P004,S0033,D0042,2024-01-27 21:19:01.266612,43,61,1
C0002993,P004,S0033,D0042,2024-02-07 17:13:21.612305,62,22,3
C0002994,P004,S0033,D0030,2024-01-30 17:23:43.636025,41,4,1
C0002995,P004,S0033,D0030,2024-02-01 17:57:11.799461,13,1,3
C0002996,P004,S0033,D0019,2024-01-28 20:30:42.920991,52,38,1
C0002997,P004,S0033,D0006,2024-02-04 00:18:08.978787,38,13,3
C0002998,P004,S0033,D0004,2024-02-06 13:22:44.807490,60,22,1
C0002999,P004,S0033,D0004,2024-02-03 12:52:54.591123,43,20,1
C0003000,P004,S0033,D0050,2024-02-02 23:03:23.815073,44,47,1
C0003001,P004,S0033,D0006,2024-01-27 13:14:52.941601,56,35,1
C0003002,P004,S0033,D0006,2024-02-05 17:25:51.438703,29,12,4
C0003003,P004,S0033,D0030,2024-01-26 11:36:33.673017,140,20,2
C0003004,P004,S0033,D0026,2024-01-31 22:21:35.133695,21,44,1
C0003005,P004,S0033,D0030,2024-01-26 22:15:50.944832,30,55,1
C0003006,P004,S0033,D0004,2024-02-06 17:26:48.968909,74,9,1
C0003007,P004,S0033,D0050,2024-02-06 10:16:33.795226,72,8,1
C0003008,P004,S0033,D0006,2024-01-29 18:53:47.322090,57,116,1
C0003009,P004,S0033,D0006,2024-02-07 10:29:29.753470,6,35,2
C0003010,P004,S0033,D0030,2024-02-04 07:48:35.774697,110,12,7
C0003011,P004,S0033,D0019,2024-01-30 05:47:31.845071,31,3,3
C0003012,P004,S0033,D0050,2024-02-08 10:04:09.827095,30,57,1
C0003013,P004,S0033,D0019,2024-01-27 12:28:42.618998,77,12,1
C0003014,P004,S0033,D0026,2024-02-06 12:48:18.277091,86,8,5
C0003015,P004,S0033,D0050,2024-02-06 02:47:54.645298,32,6,3
C0003016,P004,S0033,D0050,2024-02-04 22:35:22.503773,29,30,1
C0003017,P004,S0033,D0006,2024-02-03 00:31:09.650643,119,52,1
C0003018,P004,S0033,D0026,2024-01-29 13:40:44.658460,46,14,3
C0003019,P004,S0033,D0026,2024-02-01 19:57:33.610455,69,16,5
C0003020,P004,S0034,D0004,2024-02-15 21:12:07.123057,47,29,2
C0003021,P004,S0034,D0026,2024-02-15 13:29:24.145456,17,9,1
C0003022,P004,S0034,D0030,2024-02-16 13:03:48.365573,106,13,7
C0003023,P004,S0034,D0050,2024-02-22 14:22:38.735538,44,4,4
C0003024,P004,S0034,D0042,2024-02-20 02:45:07.151855,25,16,2
C0003025,P004,S0034,D0026,2024-02-18 10:10:47.143524,31,27,2
C0003026,P004,S0034,D0026,2024-02-22 00:27:14.898150,10,29,2
C0003027,P004,S0034,D0026,2024-02-20 07:38:12.714472,61,17,1
C0003028,P004,S0034,D0019,2024-02-21 09:28:21.599395,25,23,3
C0003029,P004,S0034,D0019,2024-02-19 20:14:43.819680,38,11,3
C0003030,P004,S0034,D0019,2024-02-19 12:12:35.111113,116,6,10
C0003031,P004,S0034,D0026,2024-02-13 07:25:23.441492,18,6,2
C0003032,P004,S0034,D0050,2024-02-20 15:00:05.400005,43,12,1
C0003033,P004,S0034,D0042,2024-02-18 17:46:31.760055,41,14,6
C0003034,P004,S0034,D0026,2024-02-18 12:02:00.872312,12,7,3
C0003035,P004,S0034,D0030,2024-02-17 08:53:55.101214,46,32,2
C0003036,P004,S0034,D0019,2024-02-16 14:27:59.960833,46,19,2
C0003037,P004,S0034,D0019,2024-02-14 17:38:00.148710,50,57,8
C0003038,P004,S0034,D0042,2024-02-17 19:39:40.881516,65,7,1
C0003039,P004,S0034,D0019,2024-02-11 21:34:30.997734,84,28,4
C0003040,P004,S0034,D0030,2024-02-17 18:34:10.766982,44,9,4
C0003041,P004,S0034,D0030,2024-02-20 12:42:16.349922,78,25,2
C0003042,P004,S0034,D0030,2024-02-17 14:18:49.952642,43,11,1
C0003043,P004,S0034,D0006,2024-02-22 09:23:38.652369,48,57,3
C0003044,P004,S0034,D0042,2024-02-20 00:45:59.073165,23,28,2
C0003045,P004,S0034,D0030,2024-02-13 03:50:19.639581,7,17,5
C0003046,P004,S0034,D0019,2024-02-21 01:39:30.367958,35,44,2
C0003047,P004,S0034,D0042,2024-02-18 00:09:28.964937,46,19,1
C0003048,P004,S0034,D0050,2024-02-19 12:18:59.487234,58,37,1
C0003049,P004,S0034,D0042,2024-02-14 02:50:23.657374,45,37,2
C0003050,P004,S0034,D0019,2024-02-20 08:50:17.074153,161,29,6
C0003051,P004,S0034,D0030,2024-02-16 06:35:33.369232,67,4,1
C0003052,P004,S0034,D0050,2024-02-19 23:31:09.197912,17,10,1
C0003053,P004,S0034,D0026,2024-02-12 05:00:50.507526,23,34,2
C0003054,P004,S0034,D0030,2024-02-11 18:20:43.598045,32,17,1
C0003055,P004,S0034,D0026,2024-02-15 21:20:15.889289,11,0,2
C0003056,P004,S0034,D0006,2024-02-11 09:36:55.697926,112,13,5
C0003057,P004,S0034,D0019,2024-02-22 19:42:30.693935,27,67,1
C0003058,P004,S0034,D0026,2024-02-14 22:30:55.467361,44,14,3
C0003059,P004,S0034,D0004,2024-02-21 21:08:03.704538,47,30,7
C0003060,P004,S0034,D0050,2024-02-14 03:23:56.441779,42,23,2
C0003061,P004,S0034,D0006,2024-02-09 09:39:23.701361,78,14,4
C0003062,P004,S0034,D0050,2024-02-16 04:45:03.643239,80,34,9
C0003063,P004,S0034,D0042,2024-02-20 05:11:35.240072,56,23,4
C0003064,P004,S0034,D0006,2024-02-11 22:08:05.195444,14,45,1
C0003065,P004,S0034,D0026,2024-02-17 00:46:35.791374,39,20,7
C0003066,P004,S0034,D0004,2024-02-20 14:43:47.151406,25,9,3
C0003067,P004,S0034,D0042,2024-02-11 05:51:16.553054,28,9,1
C0003068,P004,S0034,D0004,2024-02-11 12:32:53.971000,16,3,1
C0003069,P004,S0034,D0006,2024-02-12 11:58:22.599507,75,5,3
C0003070,P004,S0034,D0050,2024-02-19 18:47:45.662597,19,13,2
C0003071,P004,S0034,D0042,2024-02-20 15:46:04.823864,43,33,7
C0003072,P004,S0034,D0050,2024-02-15 09:13:43.543875,42,9,8
C0003073,P004,S0034,D0042,2024-02-19 20:50:28.898429,13,2,4
C0003074,P004,S0034,D0050,2024-02-20 04:59:19.316888,85,1,12
C0003075,P004,S0034,D0030,2024-02-11 13:27:36.925080,12,13,3
C0003076,P004,S0034,D0006,2024-02-16 13:32:17.433084,51,3,5
C0003077,P004,S0034,D0030,2024-02-19 08:29:38.086343,25,64,1
C0003078,P004,S0034,D0004,2024-02-22 13:20:32.349484,7,27,4
C0003079,P004,S0034,D0019,2024-02-14 06:47:41.355791,48,17,1
C0003080,P004,S0034,D0050,2024-02-21 20:41:46.444746,16,31,2
C0003081,P004,S0034,D0030,2024-02-15 08:54:03.782108,74,8,1
C0003082,P004,S0034,D0030,2024-02-14 18:35:29.192811,31,2,1
C0003083,P004,S0034,D0050,2024-02-13 20:24:10.609717,24,0,1
C0003084,P004,S0034,D0019,2024-02-16 05:21:23.454267,119,47,6
C0003085,P004,S0034,D0042,2024-02-13 00:04:09.428723,27,8,2
C0003086,P004,S0034,D0026,2024-02-18 18:05:43.220516,38,4,3
C0003087,P004,S0034,D0004,2024-02-19 22:02:39.178937,15,4,1
C0003088,P004,S0034,D0019,2024-02-20 04:28:37.607444,147,12,1
C0003089,P004,S0034,D0042,2024-02-17 12:46:14.863846,144,69,1
C0003090,P004,S0034,D0026,2024-02-10 01:46:15.837304,61,27,5
C0003091,P004,S0034,D0042,2024-02-21 21:20:12.293701,123,14,1
C0003092,P004,S0034,D0006,2024-02-16 14:14:55.338535,43,4,5
C0003093,P004,S0034,D0006,2024-02-19 08:59:58.906213,31,19,1
C0003094,P004,S0034,D0006,2024-02-16 05:36:54.620807,40,27,1
C0003095,P004,S0034,D0006,2024-02-22 04:38:55.454822,30,0,1
C0003096,P004,S0034,D0042,2024-02-10 09:16:21.021415,10,48,3
C0003097,P004,S0034,D0019,2024-02-11 06:21:25.730318,72,15,1
C0003098,P004,S0034,D0042,2024-02-14 20:13:19.711518,122,9,1
C0003099,P004,S0034,D0050,2024-02-17 21:22:45.222704,88,7,3
C0003100,P004,S0034,D0004,2024-02-17 18:54:59.176358,35,14,2
C0003101,P004,S0034,D0042,2024-02-11 15:32:16.302053,120,30,1
C0003102,P004,S0034,D0026,2024-02-17 23:12:34.001394,86,13,3
C0003103,P004,S0034,D0004,2024-02-13 10:36:18.303996,109,6,1
C0003104,P004,S0034,D0030,2024-02-20 10:29:13.635817,61,33,3
C0003105,P004,S0034,D0004,2024-02-12 11:13:06.598788,81,14,1
C0003106,P004,S0034,D0050,2024-02-12 07:46:31.922073,86,13,3
C0003107,P004,S0034,D0004,2024-02-13 15:05:03.801039,91,5,2
C0003108,P004,S0034,D0042,2024-02-16 02:45:01.742900,50,10,2
C0003109,P004,S0034,D0026,2024-02-16 07:49:18.552196,52,16,2
C0003110,P004,S0034,D0026,2024-02-17 17:12:40.378931,62,2,1
C0003111,P004,S0034,D0050,2024-02-10 20:26:15.801389,29,30,7
C0003112,P004,S0034,D0050,2024-02-17 00:57:19.641368,25,5,2
C0003113,P004,S0034,D0004,2024-02-19 11:56:47.518958,39,52,2
C0003114,P004,S0034,D0019,2024-02-09 07:07:17.823859,17,29,1
C0003115,P004,S0034,D0006,2024-02-21 00:32:34.574472,27,23,1
C0003116,P004,S0034,D0050,2024-02-14 09:37:28.672575,79,17,6
C0003117,P004,S0034,D0006,2024-02-21 06:27:42.670828,26,69,1
C0003118,P004,S0034,D0019,2024-02-17 15:25:42.455275,30,15,2
C0003119,P004,S0034,D0042,2024-02-13 09:23:31.410213,28,5,1
C0003120,P004,S0034,D0050,2024-02-13 01:33:56.479571,53,17,5
C0003121,P004,S0034,D0030,2024-02-13 04:48:48.132977,51,7,1
C0003122,P004,S0034,D0030,2024-02-17 07:58:56.712624,48,22,2
C0003123,P004,S0034,D0019,2024-02-10 09:11:46.446564,26,23,3
C0003124,P004,S0034,D0050,2024-02-10 05:21:32.273694,34,11,2
C0003125,P004,S0034,D0004,2024-02-09 19:09:08.251212,61,27,2
C0003126,P004,S0034,D0042,2024-02-20 04:00:47.453508,8,31,1
C0003127,P004,S0034,D0006,2024-02-19 09:00:07.821659,11,13,5
C0003128,P004,S0034,D0019,2024-02-22 04:43:01.154947,58,14,1
C0003129,P004,S0035,D0050,2024-02-25 20:16:19.207235,70,4,4
C0003130,P004,S0035,D0030,2024-02-26 19:54:26.094323,86,23,5
C0003131,P004,S0035,D0026,2024-02-28 08:41:28.469891,121,24,3
C0003132,P004,S0035,D0006,2024-03-01 18:56:12.571519,50,10,8
C0003133,P004,S0035,D0026,2024-03-03 04:59:24.906080,54,30,2
C0003134,P004,S0035,D0006,2024-02-24 04:24:59.216696,53,8,2
C0003135,P004,S0035,D0004,2024-03-04 07:01:16.626389,48,10,1
C0003136,P004,S0035,D0006,2024-03-06 11:09:52.831705,47,24,1
C0003137,P004,S0035,D0050,2024-03-05 01:43:49.200600,46,0,2
C0003138,P004,S0035,D0042,2024-03-05 07:34:29.986907,12,16,5
C0003139,P004,S0035,D0042,2024-02-29 10:01:22.300906,91,20,9
C0003140,P004,S0035,D0004,2024-02-28 01:16:56.338099,46,4,12
C0003141,P004,S0035,D0004,2024-03-04 04:35:16.022538,62,22,6
C0003142,P004,S0035,D0030,2024-03-06 13:31:09.027078,37,15,3
C0003143,P004,S0035,D0004,2024-03-05 11:20:35.185864,9,31,6
C0003144,P004,S0035,D0004,2024-02-29 12:04:31.616911,4,2,2
C0003145,P004,S0035,D0006,2024-02-25 20:17:45.527325,2,14,1
C0003146,P004,S0035,D0026,2024-03-03 08:05:44.028190,73,14,1
C0003147,P004,S0035,D0004,2024-02-26 13:50:36.256388,62,34,1
C0003148,P004,S0035,D0026,2024-03-06 12:05:37.203016,4,30,1
C0003149,P004,S0035,D0019,2024-03-02 19:22:49.014727,10,38,1
C0003150,P004,S0035,D0042,2024-03-03 06:26:54.306160,78,22,1
C0003151,P004,S0035,D0030,2024-03-03 07:40:56.733716,8,9,1
C0003152,P004,S0035,D0019,2024-02-24 01:34:33.433124,11,6,3
C0003153,P004,S0035,D0050,2024-02-27 03:14:45.865403,75,8,1
C0003154,P004,S0035,D0026,2024-03-01 03:56:37.908584,5,31,4
C0003155,P004,S0035,D0006,2024-03-01 10:09:22.352839,37,26,1
C0003156,P004,S0035,D0042,2024-03-01 22:03:59.464532,1,36,2
C0003157,P004,S0035,D0006,2024-03-01 22:39:10.194648,28,32,3
C0003158,P004,S0035,D0004,2024-02-24 08:18:03.952611,42,2,4
C0003159,P004,S0035,D0006,2024-03-06 20:24:08.471077,43,12,6
C0003160,P004,S0035,D0050,2024-02-29 03:14:59.191332,46,28,2
C0003161,P004,S0035,D0030,2024-02-27 22:50:55.601442,34,83,8
C0003162,P004,S0035,D0030,2024-02-25 06:02:46.767168,59,35,2
C0003163,P004,S0035,D0030,2024-03-01 01:27:30.869822,1,22,1
C0003164,P004,S0035,D0006,2024-03-01 00:08:45.427659,43,14,8
C0003165,P004,S0035,D0042,2024-03-07 11:07:50.533244,66,30,1
C0003166,P004,S0035,D0030,2024-02-25 03:28:36.017372,29,50,7
C0003167,P004,S0035,D0026,2024-03-01 22:09:16.427502,36,50,2
C0003168,P004,S0035,D0050,2024-03-04 17:33:30.116435,14,13,4
C0003169,P004,S0035,D0026,2024-03-06 16:51:12.401286,55,12,3
C0003170,P004,S0035,D0026,2024-03-06 09:03:17.115933,82,74,12
C0003171,P004,S0035,D0030,2024-02-25 13:17:11.164439,46,3,1
C0003172,P004,S0035,D0006,2024-03-04 05:21:41.177433,107,18,1
C0003173,P004,S0035,D0019,2024-02-28 19:31:08.832585,35,9,2
C0003174,P004,S0035,D0019,2024-03-04 10:18:14.042414,32,14,6
C0003175,P004,S0035,D0030,2024-02-26 00:51:06.063080,41,3,8
C0003176,P004,S0035,D0006,2024-02-28 08:11:57.320918,44,45,3
C0003177,P004,S0035,D0004,2024-02-26 17:16:16.576155,54,10,2
C0003178,P004,S0035,D0042,2024-03-03 17:10:57.586984,37,51,4
C0003179,P004,S0035,D0006,2024-03-02 01:52:51.176907,224,20,1
C0003180,P004,S0035,D0042,2024-02-26 09:45:55.548657,40,15,6
C0003181,P004,S0035,D0050,2024-03-03 21:11:34.104673,137,6,2
C0003182,P004,S0035,D0050,2024-02-28 16:07:51.316230,46,43,6
C0003183,P004,S0035,D0019,2024-03-01 08:11:42.797526,74,33,1
C0003184,P004,S0035,D0006,2024-03-05 15:52:11.609329,51,35,3
C0003185,P004,S0035,D0019,2024-03-02 02:19:12.910781,26,20,1
C0003186,P004,S0035,D0026,2024-02-25 19:04:03.872086,87,12,1
C0003187,P004,S0035,D0030,2024-03-05 06:02:23.433664,29,22,1
C0003188,P004,S0035,D0030,2024-02-24 17:23:04.107197,28,9,1
C0003189,P004,S0035,D0019,2024-03-05 22:49:58.008723,37,13,5
C0003190,P004,S0035,D0042,2024-02-24 19:06:13.735768,45,16,1
C0003191,P004,S0035,D0006,2024-02-24 00:06:42.742332,107,0,1
C0003192,P004,S0035,D0026,2024-03-04 16:14:54.628590,31,31,3
C0003193,P004,S0035,D0026,2024-03-02 21:45:06.702811,60,18,3
C0003194,P004,S0035,D0042,2024-02-23 10:05:27.738188,22,16,1
C0003195,P004,S0035,D0026,2024-02-28 21:52:38.778538,48,55,1
C0003196,P004,S0035,D0030,2024-03-02 00:43:42.764682,59,18,1
C0003197,P004,S0035,D0019,2024-03-06 18:43:22.741655,123,41,3
C0003198,P004,S0035,D0004,2024-03-07 04:25:39.770580,13,5,7
C0003199,P004,S0035,D0006,2024-03-04 16:30:07.487219,55,4,15
C0003200,P004,S0035,D0006,2024-03-02 06:14:20.830510,36,14,6
C0003201,P004,S0035,D0050,2024-02-27 06:40:53.257560,38,19,4
C0003202,P004,S0035,D0019,2024-02-27 22:37:32.212626,7,8,2
C0003203,P004,S0035,D0030,2024-02-24 22:33:54.360305,13,35,3
C0003204,P004,S0035,D0042,2024-02-25 11:25:42.615016,22,22,6
C0003205,P004,S0035,D0050,2024-03-02 22:44:03.413115,43,22,10
C0003206,P004,S0035,D0004,2024-02-28 09:07:01.401420,85,2,3
C0003207,P004,S0035,D0030,2024-02-27 17:09:02.812392,167,17,3
C0003208,P004,S0035,D0042,2024-02-29 15:19:23.440556,16,28,2
C0003209,P004,S0035,D0050,2024-02-27 06:12:57.756090,94,18,6
C0003210,P004,S0035,D0026,2024-03-05 11:21:22.732861,45,9,7
C0003211,P004,S0035,D0026,2024-02-27 13:42:25.189605,20,6,4
C0003212,P004,S0035,D0030,2024-03-01 06:29:55.860977,14,21,4
C0003213,P004,S0035,D0019,2024-03-03 13:01:50.779564,62,10,1
C0003214,P004,S0035,D0019,2024-03-05 14:15:42.024680,5,40,1
C0003215,P004,S0035,D0006,2024-02-28 03:26:15.484617,24,7,3
C0003216,P004,S0035,D0006,2024-03-04 19:03:21.017824,58,43,7
C0003217,P004,S0035,D0006,2024-02-24 10:16:58.226384,1,7,1
C0003218,P004,S0035,D0042,2024-02-26 08:38:58.650198,77,7,8
C0003219,P004,S0035,D0030,2024-03-03 07:56:16.614294,25,33,3
C0003220,P004,S0035,D0004,2024-02-29 19:49:43.997023,34,25,3
C0003221,P004,S0035,D0006,2024-03-03 20:25:56.284175,55,4,1
C0003222,P004,S0035,D0030,2024-03-05 05:31:56.742004,47,24,1
C0003223,P004,S0035,D0004,2024-03-05 22:18:32.803633,77,10,1
C0003224,P004,S0035,D0019,2024-02-27 01:52:18.047849,31,11,2
C0003225,P004,S0035,D0030,2024-02-23 06:25:04.450734,46,34,1
C0003226,P004,S0035,D0026,2024-03-01 12:40:43.327082,108,25,1
C0003227,P004,S0035,D0030,2024-03-02 09:40:02.081140,78,31,1
C0003228,P004,S0035,D0026,2024-02-25 15:17:19.567164,135,45,2
C0003229,P004,S0035,D0026,2024-03-07 07:45:53.009686,19,8,2
C0003230,P004,S0035,D0050,2024-02-25 14:32:41.871687,21,3,1
C0003231,P004,S0035,D0030,2024-03-05 09:14:32.466473,63,10,2
C0003232,P004,S0035,D0004,2024-03-01 05:08:13.576543,50,27,5
C0003233,P004,S0035,D0026,2024-02-25 15:28:51.614978,52,33,2
C0003234,P004,S0035,D0050,2024-02-25 21:06:37.431892,169,6,3
C0003235,P004,S0035,D0030,2024-03-07 13:31:55.191009,87,4,2
C0003236,P004,S0035,D0019,2024-02-29 21:55:05.471966,24,18,6
C0003237,P004,S0035,D0006,2024-02-25 02:27:59.578380,20,38,1
C0003238,P004,S0035,D0050,2024-03-03 17:29:54.982304,81,10,2
C0003239,P004,S0035,D0042,2024-02-26 18:59:50.538350,30,37,1
C0003240,P004,S0035,D0050,2024-03-01 11:38:23.204572,58,10,1
C0003241,P004,S0035,D0026,2024-03-07 20:18:35.119036,154,49,2
C0003242,P004,S0035,D0006,2024-02-29 04:03:54.356054,109,38,1
C0003243,P004,S0035,D0019,2024-03-07 10:31:22.063279,92,29,3
C0003244,P004,S0035,D0004,2024-02-27 10:49:44.179053,50,25,1
C0003245,P004,S0035,D0050,2024-03-01 11:50:24.578731,88,44,8
C0003246,P004,S0035,D0006,2024-03-05 19:56:26.840172,8,25,1
C0003247,P004,S0035,D0004,2024-02-28 01:47:39.935529,118,56,5
C0003248,P004,S0035,D0019,2024-03-05 23:22:07.665701,2,28,1
C0003249,P004,S0035,D0006,2024-02-25 10:15:20.027395,2,47,2
C0003250,P004,S0035,D0042,2024-03-03 15:55:38.217826,31,48,2
C0003251,P004,S0035,D0004,2024-03-02 05:30:40.079241,14,22,1
C0003252,P004,S0035,D0042,2024-03-03 22:23:08.072973,19,18,3
C0003253,P004,S0035,D0006,2024-02-26 08:23:07.300238,53,11,1
C0003254,P004,S0035,D0026,2024-02-27 21:22:28.472781,56,8,8
C0003255,P004,S0035,D0030,2024-03-01 09:40:29.971196,18,23,3
C0003256,P004,S0035,D0050,2024-03-01 14:32:17.596608,54,5,3
C0003257,P004,S0035,D0026,2024-02-26 05:04:30.885279,45,18,1
C0003258,P004,S0036,D0006,2024-03-18 06:26:46.281925,104,15,1
C0003259,P004,S0036,D0006,2024-03-20 18:48:42.196941,4,24,1
C0003260,P004,S0036,D0004,2024-03-10 13:46:20.288771,27,38,1
C0003261,P004,S0036,D0042,2024-03-09 10:17:32.555198,69,14,3
C0003262,P004,S0036,D0026,2024-03-17 17:48:57.273096,112,62,1
C0003263,P004,S0036,D0006,2024-03-14 03:19:16.647904,11,26,8
C0003264,P004,S0036,D0030,2024-03-15 03:07:42.529849,19,57,1
C0003265,P004,S0036,D0026,2024-03-10 10:56:32.785346,75,6,2
C0003266,P004,S0036,D0030,2024-03-10 14:50:24.928926,17,1,2
C0003267,P004,S0036,D0050,2024-03-09 22:06:08.022850,58,15,2
C0003268,P004,S0036,D0042,2024-03-09 20:43:21.693022,17,29,3
C0003269,P004,S0036,D0042,2024-03-14 08:48:38.179946,38,7,2
C0003270,P004,S0036,D0004,2024-03-18 23:08:27.657906,41,41,2
C0003271,P004,S0036,D0030,2024-03-16 05:37:48.172506,25,7,4
C0003272,P004,S0036,D0004,2024-03-13 10:22:56.103054,56,26,1
C0003273,P004,S0036,D0004,2024-03-14 06:08:15.472604,83,24,6
C0003274,P004,S0036,D0019,2024-03-17 09:24:13.990009,23,1,1
C0003275,P004,S0036,D0030,2024-03-09 17:08:34.831477,27,4,1
C0003276,P004,S0036,D0006,2024-03-16 20:12:15.698299,6,20,6
C0003277,P004,S0036,D0019,2024-03-11 07:07:30.600827,38,14,3
C0003278,P004,S0036,D0019,2024-03-19 10:03:46.094527,6,33,1
C0003279,P004,S0036,D0030,2024-03-20 01:29:35.968795,27,24,1
C0003280,P004,S0036,D0042,2024-03-11 18:11:35.904399,8,30,2
C0003281,P004,S0036,D0050,2024-03-19 15:43:35.041630,32,19,4
C0003282,P004,S0036,D0004,2024-03-16 12:55:51.301622,50,27,3
C0003283,P004,S0036,D0019,2024-03-11 04:08:47.511353,65,18,1
C0003284,P004,S0036,D0004,2024-03-14 04:00:36.393439,62,12,3
C0003285,P004,S0036,D0006,2024-03-19 02:22:05.853143,35,34,2
C0003286,P004,S0036,D0050,2024-03-19 11:18:20.200222,52,24,6
C0003287,P004,S0036,D0050,2024-03-18 09:18:29.140018,100,16,2
C0003288,P004,S0036,D0006,2024-03-18 15:04:47.223043,71,36,1
C0003289,P004,S0036,D0030,2024-03-20 04:04:04.535502,63,27,4
C0003290,P004,S0036,D0030,2024-03-12 13:56:30.279400,15,13,5
C0003291,P004,S0036,D0026,2024-03-20 03:21:21.197753,50,14,13
C0003292,P004,S0036,D0019,2024-03-14 22:37:13.732532,29,7,2
C0003293,P004,S0036,D0006,2024-03-16 06:58:54.316631,86,1,7
C0003294,P004,S0036,D0006,2024-03-14 04:00:39.509991,77,22,1
C0003295,P004,S0036,D0050,2024-03-16 16:40:05.926881,148,16,1
C0003296,P004,S0036,D0030,2024-03-10 14:49:24.271066,41,9,1
C0003297,P004,S0036,D0026,2024-03-14 04:36:45.249785,78,10,10
C0003298,P004,S0036,D0030,2024-03-16 13:18:13.961265,39,46,5
C0003299,P004,S0036,D0004,2024-03-19 08:09:13.076324,23,71,4
C0003300,P004,S0036,D0042,2024-03-10 18:43:57.910767,60,23,1
C0003301,P004,S0036,D0050,2024-03-17 16:59:56.449620,18,18,6
C0003302,P004,S0036,D0050,2024-03-18 16:44:12.410617,58,17,4
C0003303,P004,S0036,D0019,2024-03-15 11:37:22.739084,47,8,1
C0003304,P004,S0036,D0030,2024-03-18 10:11:33.847208,33,10,3
C0003305,P004,S0036,D0006,2024-03-16 02:27:36.344568,26,64,5
C0003306,P004,S0036,D0019,2024-03-16 13:34:23.685347,87,38,3
C0003307,P004,S0036,D0042,2024-03-15 06:34:33.951251,41,23,3
C0003308,P004,S0036,D0004,2024-03-12 11:49:28.166517,28,4,8
C0003309,P004,S0036,D0026,2024-03-10 00:56:33.823546,173,23,5
C0003310,P004,S0036,D0019,2024-03-14 22:39:02.186385,68,9,2
C0003311,P004,S0036,D0004,2024-03-19 19:53:14.952898,42,21,1
C0003312,P004,S0036,D0019,2024-03-20 16:33:46.689222,36,8,9
C0003313,P004,S0036,D0030,2024-03-17 09:16:13.610297,41,15,3
C0003314,P004,S0036,D0004,2024-03-19 14:35:26.112722,17,10,6
C0003315,P004,S0036,D0019,2024-03-09 22:34:18.572113,10,75,1
C0003316,P004,S0036,D0019,2024-03-09 05:30:32.447759,37,21,2
C0003317,P004,S0036,D0042,2024-03-14 12:50:06.539697,32,20,2
C0003318,P004,S0036,D0042,2024-03-09 14:50:59.324765,56,11,5
C0003319,P004,S0036,D0042,2024-03-16 21:34:44.790801,24,17,2
C0003320,P004,S0036,D0030,2024-03-15 12:23:17.490307,126,23,3
C0003321,P004,S0036,D0026,2024-03-12 22:54:59.838654,94,27,2
C0003322,P004,S0036,D0019,2024-03-09 20:53:46.341223,48,11,4
C0003323,P004,S0036,D0019,2024-03-16 14:20:27.803347,67,5,1
C0003324,P004,S0036,D0030,2024-03-21 05:47:41.284808,24,1,1
C0003325,P004,S0036,D0050,2024-03-08 23:37:20.281231,33,5,10
C0003326,P004,S0036,D0026,2024-03-18 07:22:51.186300,67,16,1
C0003327,P004,S0036,D0050,2024-03-19 00:32:35.179855,59,35,1
C0003328,P004,S0036,D0030,2024-03-12 10:35:11.618165,30,3,1
C0003329,P004,S0036,D0004,2024-03-17 01:14:16.261966,89,32,2
C0003330,P004,S0036,D0026,2024-03-09 04:52:35.004438,70,42,3
C0003331,P004,S0036,D0030,2024-03-10 20:48:25.349730,12,4,7
C0003332,P004,S0036,D0030,2024-03-12 00:00:53.238211,84,21,4
C0003333,P004,S0036,D0026,2024-03-20 20:50:47.949688,106,11,4
C0003334,P004,S0036,D0050,2024-03-20 16:50:20.844152,33,32,6
C0003335,P004,S0036,D0042,2024-03-12 19:47:22.741526,83,26,2
C0003336,P004,S0036,D0050,2024-03-12 22:38:39.542551,24,2,1
C0003337,P004,S0036,D0019,2024-03-18 17:53:05.434346,36,28,1
C0003338,P004,S0036,D0030,2024-03-21 10:21:19.206865,34,26,2
C0003339,P004,S0036,D0004,2024-03-15 06:47:12.341851,34,8,3
C0003340,P004,S0036,D0026,2024-03-20 10:58:47.569436,54,17,15
C0003341,P004,S0036,D0026,2024-03-17 17:27:51.240859,26,37,1
C0003342,P004,S0036,D0050,2024-03-20 21:29:09.174832,33,3,2
C0003343,P004,S0036,D0030,2024-03-17 20:48:26.311706,31,16,3
C0003344,P004,S0036,D0042,2024-03-09 03:39:25.726152,96,12,5
C0003345,P004,S0036,D0006,2024-03-08 19:37:19.326337,29,11,2
C0003346,P004,S0036,D0004,2024-03-20 06:27:31.993861,80,19,9
C0003347,P004,S0036,D0042,2024-03-10 19:18:33.778447,13,14,1
C0003348,P004,S0036,D0042,2024-03-17 02:51:49.864767,40,37,14
C0003349,P004,S0036,D0050,2024-03-10 12:55:45.672147,21,22,1
C0003350,P004,S0036,D0030,2024-03-11 08:46:24.312299,45,59,1
C0003351,P004,S0036,D0006,2024-03-11 01:31:35.762397,58,21,2
C0003352,P004,S0036,D0004,2024-03-21 05:36:02.579545,103,25,6
C0003353,P004,S0036,D0006,2024-03-13 23:50:05.537582,55,4,1
C0003354,P004,S0036,D0026,2024-03-15 20:24:10.167403,63,30,3
C0003355,P004,S0036,D0019,2024-03-20 17:14:35.370791,34,16,1
C0003356,P004,S0036,D0050,2024-03-12 19:03:05.592697,17,11,2
C0003357,P004,S0036,D0004,2024-03-09 15:30:57.891268,50,1,8
C0003358,P004,S0036,D0004,2024-03-15 06:02:49.844565,35,31,1
C0003359,P004,S0036,D0006,2024-03-13 15:20:31.969380,113,6,5
C0003360,P004,S0036,D0019,2024-03-13 21:23:57.328768,67,11,7
C0003361,P004,S0036,D0050,2024-03-13 07:47:45.165057,50,14,1
C0003362,P004,S0036,D0030,2024-03-12 22:40:01.256597,15,23,1
C0003363,P004,S0036,D0042,2024-03-19 14:12:25.923852,67,13,1
C0003364,P004,S0036,D0019,2024-03-19 01:05:18.084633,72,0,4
C0003365,P004,S0036,D0030,2024-03-18 13:35:06.252128,22,5,2
C0003366,P004,S0036,D0004,2024-03-12 05:06:33.224728,84,5,3
C0003367,P004,S0036,D0042,2024-03-09 16:46:33.081243,110,11,3
C0003368,P004,S0036,D0019,2024-03-09 17:43:33.688910,36,11,3
C0003369,P004,S0036,D0026,2024-03-13 10:54:37.856408,38,0,1
C0003370,P004,S0036,D0006,2024-03-20 05:08:16.137869,26,7,3
C0003371,P004,S0036,D0042,2024-03-08 10:07:27.811578,84,25,5
C0003372,P004,S0036,D0019,2024-03-10 14:59:23.976262,75,15,1
C0003373,P004,S0036,D0050,2024-03-09 15:13:31.664532,59,13,3
C0003374,P004,S0036,D0030,2024-03-17 19:58:27.738326,20,16,1
C0003375,P004,S0036,D0042,2024-03-15 01:58:18.875634,31,55,2
C0003376,P004,S0036,D0006,2024-03-09 16:30:51.613541,14,8,4
C0003377,P004,S0036,D0004,2024-03-11 13:45:05.371250,22,23,2
C0003378,P004,S0036,D0006,2024-03-21 03:00:03.904863,21,31,1
C0003379,P004,S0036,D0019,2024-03-16 06:10:56.800147,42,31,3
C0003380,P004,S0036,D0042,2024-03-08 23:47:50.324554,28,27,3
C0003381,P004,S0036,D0042,2024-03-19 01:49:12.713050,44,51,3
C0003382,P004,S0036,D0030,2024-03-14 06:58:00.530631,78,41,1
C0003383,P004,S0036,D0019,2024-03-21 04:49:18.850491,95,48,1
C0003384,P004,S0036,D0026,2024-03-17 22:29:41.884206,13,9,2
C0003385,P004,S0036,D0026,2024-03-21 01:43:03.579788,119,5,4
C0003386,P004,S0036,D0042,2024-03-10 08:15:24.347545,78,91,1
C0003387,P004,S0036,D0042,2024-03-18 14:40:06.348647,46,13,2
C0003388,P004,S0036,D0026,2024-03-20 18:52:10.014178,42,42,3
C0003389,P004,S0036,D0050,2024-03-20 09:05:38.581724,47,21,1
C0003390,P004,S0036,D0004,2024-03-15 04:03:46.025425,130,2,5
C0003391,P004,S0036,D0026,2024-03-13 10:18:12.461348,79,2,11
C0003392,P004,S0036,D0030,2024-03-16 20:02:00.011264,65,29,1
C0003393,P004,S0036,D0030,2024-03-12 22:32:48.275388,41,3,4
C0003394,P004,S0036,D0030,2024-03-17 22:18:31.844426,58,19,5
C0003395,P004,S0036,D0042,2024-03-11 01:59:18.366487,40,17,7
C0003396,P004,S0036,D0030,2024-03-09 12:12:32.601553,40,17,1
C0003397,P004,S0037,D0019,2024-03-28 23:03:44.584506,98,10,2
C0003398,P004,S0037,D0004,2024-03-29 22:38:59.136135,51,22,1
C0003399,P004,S0037,D0042,2024-03-28 20:47:55.712422,106,42,1
C0003400,P004,S0037,D0050,2024-03-24 13:23:01.734927,47,3,1
C0003401,P004,S0037,D0050,2024-03-25 09:35:59.537913,83,101,5
C0003402,P004,S0037,D0042,2024-03-27 04:42:31.224262,29,11,3
C0003403,P004,S0037,D0030,2024-03-29 15:22:58.308158,100,35,4
C0003404,P004,S0037,D0030,2024-03-26 04:51:10.551297,137,22,2
C0003405,P004,S0037,D0042,2024-03-25 03:23:21.088111,2,18,3
C0003406,P004,S0037,D0026,2024-04-03 00:28:44.088752,59,6,1
C0003407,P004,S0037,D0006,2024-03-31 05:46:51.646774,112,31,5
C0003408,P004,S0037,D0006,2024-03-27 19:47:46.469782,15,5,1
C0003409,P004,S0037,D0019,2024-03-24 15:59:17.921181,74,23,1
C0003410,P004,S0037,D0004,2024-04-04 13:11:28.865320,25,3,3
C0003411,P004,S0037,D0030,2024-03-24 12:28:40.592004,23,4,6
C0003412,P004,S0037,D0006,2024-03-22 11:38:57.582302,106,49,2
C0003413,P004,S0037,D0030,2024-03-27 07:19:27.150855,106,27,1
C0003414,P004,S0037,D0050,2024-03-27 11:49:42.915574,42,12,1
C0003415,P004,S0037,D0026,2024-03-23 13:46:02.555779,56,33,4
C0003416,P004,S0037,D0004,2024-03-28 17:15:09.814391,43,26,2
C0003417,P004,S0037,D0030,2024-04-03 00:23:49.642459,60,24,2
C0003418,P004,S0037,D0004,2024-03-23 15:26:50.090702,66,44,8
C0003419,P004,S0037,D0030,2024-04-04 00:47:55.493761,60,45,1
C0003420,P004,S0037,D0019,2024-03-28 23:41:48.719725,53,49,2
C0003421,P004,S0037,D0019,2024-03-30 21:23:22.497169,52,11,1
C0003422,P004,S0037,D0050,2024-03-27 14:20:26.791185,28,11,6
C0003423,P004,S0037,D0042,2024-03-30 12:33:07.282576,244,60,1
C0003424,P004,S0037,D0006,2024-03-25 11:57:33.887140,17,5,1
C0003425,P004,S0037,D0050,2024-03-26 14:48:44.007019,63,19,3
C0003426,P004,S0037,D0030,2024-03-24 05:46:34.509248,47,22,1
C0003427,P004,S0037,D0004,2024-03-27 00:53:39.578740,66,53,8
C0003428,P004,S0037,D0004,2024-03-27 14:50:28.729824,34,12,4
C0003429,P004,S0037,D0042,2024-04-02 05:06:35.350899,35,25,2
C0003430,P004,S0037,D0019,2024-03-29 00:23:17.792809,34,9,3
C0003431,P004,S0037,D0030,2024-03-27 16:05:26.797130,42,19,2
C0003432,P004,S0037,D0030,2024-03-29 06:35:16.595148,35,8,1
C0003433,P004,S0037,D0006,2024-03-24 15:59:00.680952,19,11,1
C0003434,P004,S0037,D0004,2024-03-22 01:36:48.948733,45,1,1
C0003435,P004,S0037,D0006,2024-03-26 10:44:17.668398,43,3,1
C0003436,P004,S0037,D0006,2024-03-26 01:24:43.619303,92,54,4
C0003437,P004,S0037,D0019,2024-03-28 10:29:02.764977,7,60,4
C0003438,P004,S0037,D0042,2024-03-29 14:51:55.437603,151,16,7
C0003439,P004,S0037,D0030,2024-03-27 13:35:46.535418,33,24,2
C0003440,P004,S0037,D0042,2024-03-22 19:31:32.426513,20,54,1
C0003441,P004,S0037,D0006,2024-03-29 20:45:07.805100,59,50,2
C0003442,P004,S0037,D0026,2024-03-30 10:25:15.267493,20,10,2
C0003443,P004,S0037,D0006,2024-03-25 22:16:47.896478,4,24,1
C0003444,P004,S0037,D0019,2024-04-02 07:02:13.730850,42,10,1
C0003445,P004,S0037,D0030,2024-04-04 01:54:22.844752,42,24,1
C0003446,P004,S0037,D0042,2024-03-22 14:41:54.595531,60,24,2
C0003447,P004,S0037,D0042,2024-03-27 12:51:59.441941,131,5,1
C0003448,P004,S0037,D0004,2024-04-04 11:19:13.652011,11,10,2
C0003449,P004,S0037,D0019,2024-03-27 15:35:33.008469,44,3,1
C0003450,P004,S0037,D0006,2024-03-28 21:28:18.357863,56,46,4
C0003451,P004,S0037,D0050,2024-03-23 22:25:53.031470,57,14,1
C0003452,P004,S0037,D0042,2024-03-25 21:28:44.282456,52,7,1
C0003453,P004,S0037,D0006,2024-03-28 08:39:34.272585,6,4,1
C0003454,P004,S0037,D0019,2024-03-25 00:36:57.311183,37,27,1
C0003455,P004,S0038,D0050,2024-04-12 06:20:04.745790,15,7,1
C0003456,P004,S0038,D0026,2024-04-07 05:18:02.361952,19,37,4
C0003457,P004,S0038,D0026,2024-04-18 06:54:15.946535,148,39,4
C0003458,P004,S0038,D0050,2024-04-14 12:01:18.398023,49,15,1
C0003459,P004,S0038,D0026,2024-04-07 02:32:36.923189,47,13,2
C0003460,P004,S0038,D0004,2024-04-09 12:05:21.216939,21,39,2
C0003461,P004,S0038,D0004,2024-04-13 01:38:02.534957,28,5,1
C0003462,P004,S0038,D0004,2024-04-09 11:28:46.527211,16,18,6
C0003463,P004,S0038,D0006,2024-04-11 08:24:17.601749,57,15,1
C0003464,P004,S0038,D0050,2024-04-11 05:16:21.300611,123,5,4
C0003465,P004,S0038,D0019,2024-04-07 10:48:59.699171,7,1,2
C0003466,P004,S0038,D0026,2024-04-05 19:28:26.244459,110,11,1
C0003467,P004,S0038,D0019,2024-04-18 13:16:35.111923,25,27,3
C0003468,P004,S0038,D0026,2024-04-07 11:53:10.572671,150,21,1
C0003469,P004,S0038,D0042,2024-04-16 18:05:24.001496,28,15,2
C0003470,P004,S0038,D0019,2024-04-10 07:17:31.895534,34,13,4
C0003471,P004,S0038,D0050,2024-04-16 01:51:14.920948,31,17,1
C0003472,P004,S0038,D0004,2024-04-07 01:16:31.250279,49,17,5
C0003473,P004,S0038,D0019,2024-04-15 02:25:24.382141,30,50,5
C0003474,P004,S0038,D0030,2024-04-13 06:34:57.229915,11,36,3
C0003475,P004,S0038,D0030,2024-04-14 09:33:15.088105,61,13,1
C0003476,P004,S0038,D0030,2024-04-07 00:51:34.639279,111,15,2
C0003477,P004,S0038,D0030,2024-04-15 18:42:48.747210,37,20,4
C0003478,P004,S0038,D0030,2024-04-17 01:29:05.796273,17,9,2
C0003479,P004,S0038,D0050,2024-04-13 03:06:02.326102,54,37,4
C0003480,P004,S0038,D0026,2024-04-08 21:45:59.463015,9,7,4
C0003481,P004,S0038,D0050,2024-04-13 23:08:35.087344,56,30,4
C0003482,P004,S0038,D0026,2024-04-17 09:13:58.540412,36,23,3
C0003483,P004,S0038,D0006,2024-04-08 07:25:53.822860,67,108,9
C0003484,P004,S0038,D0006,2024-04-05 18:11:12.809076,55,76,1
C0003485,P004,S0038,D0006,2024-04-09 02:25:51.854860,38,5,5
C0003486,P004,S0038,D0026,2024-04-08 01:46:40.582742,39,19,1
C0003487,P004,S0038,D0050,2024-04-07 22:30:19.519780,41,21,1
C0003488,P004,S0038,D0019,2024-04-16 05:29:58.774378,35,34,3
C0003489,P004,S0038,D0019,2024-04-09 20:33:17.502181,115,5,1
C0003490,P004,S0038,D0006,2024-04-16 15:27:56.739036,91,36,2
C0003491,P004,S0038,D0026,2024-04-16 02:51:49.225226,35,24,4
C0003492,P004,S0038,D0030,2024-04-17 03:14:41.809632,20,37,3
C0003493,P004,S0038,D0004,2024-04-14 06:27:07.278527,33,4,3
C0003494,P004,S0038,D0026,2024-04-16 15:40:34.421491,25,21,1
C0003495,P004,S0038,D0006,2024-04-15 00:39:44.220653,14,44,2
C0003496,P004,S0038,D0042,2024-04-05 15:18:51.027990,32,10,3
C0003497,P004,S0038,D0006,2024-04-11 14:49:00.849842,31,32,1
C0003498,P004,S0038,D0026,2024-04-16 11:26:01.759897,38,9,1
C0003499,P004,S0038,D0042,2024-04-15 00:32:57.900544,26,9,1
C0003500,P004,S0038,D0030,2024-04-09 10:46:22.492253,28,13,2
C0003501,P004,S0038,D0006,2024-04-11 03:19:12.187732,87,30,4
C0003502,P004,S0038,D0004,2024-04-08 20:24:37.675240,21,13,2
C0003503,P004,S0038,D0004,2024-04-16 08:29:06.825443,35,5,4
C0003504,P004,S0038,D0042,2024-04-13 15:31:38.461661,22,16,5
C0003505,P004,S0038,D0004,2024-04-10 03:55:10.526817,11,11,1
C0003506,P004,S0038,D0030,2024-04-14 05:05:54.500030,36,19,4
C0003507,P004,S0038,D0004,2024-04-05 20:11:19.092357,114,18,1
C0003508,P004,S0038,D0050,2024-04-08 01:37:15.299175,6,17,2
C0003509,P004,S0038,D0004,2024-04-11 11:52:39.037902,48,35,1
C0003510,P004,S0038,D0006,2024-04-08 19:02:03.432889,35,6,3
C0003511,P004,S0038,D0006,2024-04-14 00:48:35.758175,31,51,1
C0003512,P004,S0038,D0026,2024-04-11 10:48:29.587473,9,9,5
C0003513,P004,S0038,D0006,2024-04-14 11:13:12.352409,47,33,2
C0003514,P004,S0038,D0006,2024-04-16 23:16:54.737915,48,12,1
C0003515,P004,S0038,D0019,2024-04-10 17:53:09.639359,25,16,2
C0003516,P004,S0038,D0050,2024-04-10 06:06:15.871343,14,22,1
C0003517,P004,S0038,D0042,2024-04-10 15:21:59.555399,92,46,1
C0003518,P004,S0038,D0042,2024-04-16 06:47:46.199423,16,36,4
C0003519,P004,S0038,D0004,2024-04-17 09:20:50.069319,17,17,3
C0003520,P004,S0038,D0004,2024-04-06 06:31:51.853389,35,33,1
C0003521,P004,S0038,D0050,2024-04-18 12:21:30.744854,61,24,8
C0003522,P004,S0038,D0042,2024-04-14 21:56:38.059945,9,64,1
C0003523,P004,S0038,D0030,2024-04-14 20:29:20.045561,29,1,1
C0003524,P004,S0038,D0006,2024-04-05 15:12:01.205143,25,23,1
C0003525,P004,S0038,D0030,2024-04-14 19:20:50.331761,18,30,2
C0003526,P004,S0038,D0006,2024-04-09 14:26:41.685471,202,10,1
C0003527,P004,S0039,D0019,2024-04-24 08:32:58.587688,72,4,5
C0003528,P004,S0039,D0019,2024-04-19 14:03:02.160798,143,37,1
C0003529,P004,S0039,D0006,2024-04-29 03:42:40.344661,41,34,2
C0003530,P004,S0039,D0050,2024-05-01 17:42:08.295035,11,20,1
C0003531,P004,S0039,D0019,2024-04-29 06:37:32.897473,18,31,3
C0003532,P004,S0039,D0042,2024-04-24 11:52:46.181908,15,5,1
C0003533,P004,S0039,D0026,2024-05-01 21:01:54.614464,8,51,4
C0003534,P004,S0039,D0026,2024-04-29 11:19:45.996205,71,40,1
C0003535,P004,S0039,D0026,2024-04-19 23:53:20.792154,10,13,1
C0003536,P004,S0039,D0006,2024-04-23 08:53:06.538873,117,16,5
C0003537,P004,S0039,D0050,2024-04-26 01:47:00.671199,19,36,2
C0003538,P004,S0039,D0004,2024-04-26 16:35:59.549537,19,7,1
C0003539,P004,S0039,D0050,2024-04-28 12:06:01.214583,29,9,4
C0003540,P004,S0039,D0026,2024-04-24 03:27:23.236613,44,37,3
C0003541,P004,S0039,D0006,2024-04-29 19:58:57.133476,53,7,1
C0003542,P004,S0039,D0030,2024-04-28 13:07:18.308093,42,29,2
C0003543,P004,S0039,D0004,2024-05-01 08:58:19.739531,26,5,1
C0003544,P004,S0039,D0006,2024-04-28 06:02:29.156602,7,24,2
C0003545,P004,S0039,D0030,2024-04-24 16:37:41.705289,12,3,2
C0003546,P004,S0039,D0050,2024-04-27 00:36:16.328198,44,11,1
C0003547,P004,S0039,D0006,2024-04-25 21:27:15.088948,49,33,4
C0003548,P004,S0039,D0026,2024-04-19 18:18:31.913759,53,2,1
C0003549,P004,S0039,D0026,2024-04-27 04:46:31.137054,30,21,1
C0003550,P004,S0039,D0006,2024-04-25 12:29:08.769575,43,9,6
C0003551,P004,S0039,D0042,2024-04-30 10:11:53.802930,23,7,3
C0003552,P004,S0039,D0030,2024-05-01 03:16:36.037999,88,16,1
C0003553,P004,S0039,D0006,2024-04-20 10:04:34.292936,7,7,1
C0003554,P004,S0039,D0030,2024-04-27 17:48:15.115838,102,15,1
C0003555,P004,S0039,D0006,2024-04-26 11:07:03.402830,32,2,1
C0003556,P004,S0039,D0004,2024-05-01 13:01:13.028548,97,36,3
C0003557,P004,S0039,D0006,2024-04-21 22:54:11.988790,72,44,3
C0003558,P004,S0039,D0026,2024-05-01 21:51:41.633526,22,111,6
C0003559,P004,S0039,D0019,2024-04-29 10:24:28.121731,48,7,2
C0003560,P004,S0039,D0042,2024-04-22 10:48:15.598147,24,46,1
C0003561,P004,S0039,D0026,2024-04-22 09:02:35.000420,92,2,1
C0003562,P004,S0039,D0006,2024-04-19 18:31:49.560160,29,25,1
C0003563,P004,S0039,D0042,2024-04-23 09:38:34.417314,59,2,4
C0003564,P004,S0039,D0030,2024-04-22 22:29:30.135321,48,24,2
C0003565,P004,S0039,D0019,2024-04-29 15:19:28.214544,70,13,2
C0003566,P004,S0039,D0004,2024-04-23 23:37:51.807430,96,34,7
C0003567,P004,S0039,D0026,2024-04-22 23:39:19.538937,65,23,7
C0003568,P004,S0039,D0019,2024-04-24 23:13:25.728088,64,37,1
C0003569,P004,S0039,D0026,2024-04-19 20:49:09.906384,94,10,1
C0003570,P004,S0039,D0004,2024-04-25 04:20:51.571100,61,60,1
C0003571,P004,S0039,D0006,2024-04-30 11:21:55.075842,51,40,5
C0003572,P004,S0039,D0042,2024-05-01 10:26:28.230055,91,3,7
C0003573,P004,S0039,D0004,2024-04-26 02:22:25.245879,40,34,1
C0003574,P004,S0039,D0026,2024-04-21 20:53:11.996019,58,10,10
C0003575,P004,S0039,D0050,2024-05-02 06:52:08.336835,91,37,7
C0003576,P004,S0039,D0050,2024-04-23 17:19:42.834640,49,14,4
C0003577,P004,S0039,D0006,2024-04-25 14:46:23.637145,52,35,2
C0003578,P004,S0039,D0030,2024-04-29 23:07:10.898039,126,20,1
C0003579,P004,S0039,D0030,2024-04-30 04:43:30.716492,13,21,2
C0003580,P004,S0039,D0004,2024-04-24 06:26:42.926963,75,20,1
C0003581,P004,S0039,D0006,2024-04-29 09:39:03.817976,42,24,2
C0003582,P004,S0039,D0026,2024-04-24 21:58:09.060016,25,5,5
C0003583,P004,S0039,D0026,2024-04-22 23:54:38.494808,46,7,1
C0003584,P004,S0039,D0019,2024-04-24 17:40:29.948492,20,25,8
C0003585,P004,S0039,D0006,2024-04-26 04:54:31.777887,27,83,1
C0003586,P004,S0039,D0050,2024-04-25 21:55:44.784883,7,44,1
C0003587,P004,S0039,D0026,2024-04-30 05:20:32.260498,119,9,1
C0003588,P004,S0039,D0026,2024-04-23 08:31:03.961362,14,9,1
C0003589,P004,S0039,D0026,2024-04-21 23:45:58.395516,68,23,5
C0003590,P004,S0039,D0050,2024-04-30 01:39:19.717905,24,7,10
C0003591,P004,S0039,D0042,2024-04-20 17:12:38.808171,17,12,3
C0003592,P004,S0039,D0004,2024-04-21 01:57:49.034105,39,9,1
C0003593,P004,S0039,D0026,2024-04-25 02:06:15.067575,47,30,6
C0003594,P004,S0039,D0042,2024-04-30 10:22:48.972878,29,14,5
C0003595,P004,S0039,D0026,2024-04-23 12:48:49.093472,2,15,3
C0003596,P004,S0039,D0019,2024-04-30 18:19:55.927990,58,12,1
C0003597,P004,S0039,D0026,2024-04-21 08:46:28.746105,153,34,1
C0003598,P004,S0039,D0030,2024-04-22 07:39:54.184722,57,37,2
C0003599,P004,S0039,D0030,2024-04-24 11:24:23.062616,48,16,4
C0003600,P004,S0039,D0004,2024-04-26 23:57:58.354903,84,38,4
C0003601,P004,S0039,D0004,2024-05-01 21:39:23.703620,24,12,1
C0003602,P004,S0039,D0026,2024-04-26 03:48:58.588379,19,7,3
C0003603,P004,S0039,D0026,2024-04-26 21:38:28.698008,34,2,3
C0003604,P004,S0039,D0019,2024-04-28 23:46:30.183031,15,39,1
C0003605,P004,S0039,D0050,2024-04-19 07:41:51.656035,9,34,2
C0003606,P004,S0039,D0006,2024-04-21 16:36:24.755165,85,31,4
C0003607,P004,S0039,D0026,2024-04-29 01:34:05.741858,58,21,4
C0003608,P004,S0039,D0006,2024-04-27 00:54:47.383090,122,16,1
C0003609,P004,S0039,D0004,2024-04-20 02:19:30.319140,34,25,1
C0003610,P004,S0039,D0026,2024-04-22 19:02:32.973102,22,6,4
C0003611,P004,S0039,D0004,2024-04-26 15:23:52.385279,29,22,1
C0003612,P004,S0039,D0030,2024-04-29 10:20:57.007185,51,16,5
C0003613,P004,S0039,D0042,2024-04-20 09:50:40.001241,63,24,1
C0003614,P004,S0039,D0026,2024-04-22 17:14:15.319248,36,35,3
C0003615,P004,S0039,D0030,2024-04-26 11:57:56.265990,36,9,1
C0003616,P004,S0039,D0019,2024-04-30 00:36:08.076378,39,11,5
C0003617,P004,S0039,D0026,2024-04-21 17:15:26.461813,73,12,4
C0003618,P004,S0039,D0050,2024-04-20 19:19:57.232646,28,10,2
C0003619,P004,S0039,D0030,2024-04-19 15:30:29.053394,19,0,1
C0003620,P004,S0039,D0026,2024-04-29 23:11:27.776444,56,41,1
C0003621,P004,S0039,D0019,2024-05-02 04:07:06.362006,115,41,11
C0003622,P004,S0039,D0030,2024-04-23 23:35:50.224429,75,23,2
C0003623,P004,S0039,D0042,2024-04-28 01:49:58.855494,39,19,1
C0003624,P004,S0039,D0030,2024-04-27 04:51:13.500831,17,33,3
C0003625,P004,S0039,D0019,2024-04-20 18:03:37.642444,5,28,1
C0003626,P004,S0039,D0050,2024-04-28 01:48:52.721368,53,6,3
C0003627,P004,S0039,D0042,2024-04-21 08:50:32.065786,59,17,3
C0003628,P004,S0039,D0004,2024-04-28 18:27:46.970334,70,10,3
C0003629,P004,S0039,D0019,2024-05-01 22:06:01.513320,40,136,3
C0003630,P004,S0039,D0050,2024-04-29 14:16:18.724092,44,25,5
C0003631,P004,S0039,D0004,2024-04-21 15:34:04.025524,62,72,2
C0003632,P004,S0039,D0004,2024-04-25 23:54:03.325532,121,13,3
C0003633,P004,S0039,D0004,2024-04-30 20:53:40.020115,22,5,1
C0003634,P004,S0039,D0030,2024-04-21 13:22:48.932243,28,39,4
C0003635,P004,S0039,D0026,2024-04-26 18:12:03.251756,45,2,4
C0003636,P004,S0039,D0026,2024-04-19 15:29:00.091575,93,55,3
C0003637,P004,S0039,D0050,2024-04-19 01:27:49.875235,84,12,1
C0003638,P004,S0039,D0004,2024-04-24 19:24:39.798435,17,22,2
C0003639,P004,S0039,D0004,2024-04-24 13:10:34.490787,11,8,1
C0003640,P004,S0039,D0050,2024-04-25 04:11:12.207818,12,23,3
C0003641,P004,S0040,D0030,2024-05-11 06:27:40.046852,15,28,4
C0003642,P004,S0040,D0006,2024-05-14 09:00:45.763551,29,3,1
C0003643,P004,S0040,D0050,2024-05-10 07:07:33.525648,51,37,5
C0003644,P004,S0040,D0030,2024-05-10 13:23:12.979637,48,9,1
C0003645,P004,S0040,D0019,2024-05-13 01:54:15.974385,41,22,1
C0003646,P004,S0040,D0006,2024-05-06 01:27:41.161078,61,36,1
C0003647,P004,S0040,D0030,2024-05-15 10:42:26.598779,48,31,1
C0003648,P004,S0040,D0004,2024-05-03 17:13:48.167228,39,18,1
C0003649,P004,S0040,D0006,2024-05-11 19:02:22.512336,19,14,1
C0003650,P004,S0040,D0006,2024-05-12 10:16:10.094713,11,15,3
C0003651,P004,S0040,D0050,2024-05-07 05:29:38.426427,44,24,1
C0003652,P004,S0040,D0006,2024-05-14 02:27:39.896480,79,7,2
C0003653,P004,S0040,D0026,2024-05-14 21:46:45.391062,46,12,1
C0003654,P004,S0040,D0050,2024-05-05 01:45:22.098411,18,26,3
C0003655,P004,S0040,D0050,2024-05-13 17:47:01.012166,72,21,2
C0003656,P004,S0040,D0042,2024-05-08 09:01:40.261158,11,4,3
C0003657,P004,S0040,D0042,2024-05-13 16:18:08.747148,6,8,5
C0003658,P004,S0040,D0019,2024-05-14 14:17:34.615362,52,7,4
C0003659,P004,S0040,D0050,2024-05-06 22:20:16.983385,12,3,4
C0003660,P004,S0040,D0030,2024-05-13 19:11:00.697310,55,11,1
C0003661,P004,S0040,D0026,2024-05-07 20:13:20.579216,25,23,6
C0003662,P004,S0040,D0006,2024-05-08 07:44:04.631629,48,3,2
C0003663,P004,S0040,D0050,2024-05-05 04:19:45.041515,3,5,1
C0003664,P004,S0040,D0019,2024-05-09 04:59:10.583490,35,5,1
C0003665,P004,S0040,D0006,2024-05-08 06:39:16.154214,69,14,1
C0003666,P004,S0040,D0050,2024-05-16 00:30:28.354711,24,34,1
C0003667,P004,S0040,D0042,2024-05-09 12:50:06.839480,53,23,2
C0003668,P004,S0040,D0050,2024-05-09 11:39:54.094141,86,2,5
C0003669,P004,S0040,D0042,2024-05-07 13:21:16.749097,43,6,1
C0003670,P004,S0040,D0050,2024-05-09 23:41:02.925733,17,39,2
C0003671,P004,S0040,D0004,2024-05-09 04:18:30.583793,55,18,2
C0003672,P004,S0040,D0042,2024-05-08 13:15:26.550519,62,41,3
C0003673,P004,S0040,D0006,2024-05-08 19:34:59.751944,19,16,5
C0003674,P004,S0040,D0006,2024-05-08 19:23:29.527513,33,12,1
C0003675,P004,S0040,D0042,2024-05-08 13:40:26.508734,7,36,1
C0003676,P004,S0040,D0042,2024-05-16 08:56:05.710841,53,32,12
C0003677,P004,S0040,D0026,2024-05-14 09:15:57.868877,46,26,1
C0003678,P004,S0040,D0050,2024-05-13 19:54:08.453862,44,3,3
C0003679,P004,S0040,D0026,2024-05-11 18:32:25.847076,49,42,5
C0003680,P004,S0040,D0019,2024-05-11 14:57:00.448984,82,5,2
C0003681,P004,S0040,D0004,2024-05-08 10:50:47.351550,38,13,2
C0003682,P004,S0040,D0026,2024-05-08 21:14:28.357314,57,13,1
C0003683,P004,S0040,D0042,2024-05-13 19:49:47.901508,24,15,1
C0003684,P004,S0040,D0030,2024-05-13 22:03:59.246708,77,5,3
C0003685,P004,S0040,D0030,2024-05-06 19:05:36.176850,97,18,1
C0003686,P004,S0040,D0042,2024-05-10 13:44:17.112360,39,32,4
C0003687,P004,S0040,D0019,2024-05-16 02:31:08.344478,128,7,2
C0003688,P004,S0040,D0006,2024-05-12 12:25:44.125542,9,8,6
C0003689,P004,S0040,D0026,2024-05-05 11:05:40.898500,61,15,1
C0003690,P004,S0040,D0004,2024-05-07 20:17:04.011091,31,32,2
C0003691,P004,S0040,D0006,2024-05-12 23:05:11.211080,161,5,3
C0003692,P004,S0040,D0030,2024-05-11 23:23:37.791017,213,23,1
C0003693,P004,S0040,D0019,2024-05-07 14:17:30.728842,43,28,1
C0003694,P004,S0040,D0042,2024-05-09 08:27:49.282500,70,30,1
C0003695,P004,S0040,D0006,2024-05-10 16:01:28.069770,33,17,6
C0003696,P004,S0040,D0030,2024-05-08 15:54:24.573611,100,57,1
C0003697,P004,S0040,D0026,2024-05-16 10:31:14.435675,56,16,1
C0003698,P004,S0040,D0042,2024-05-07 15:12:46.882492,34,10,3
C0003699,P004,S0040,D0042,2024-05-09 07:04:36.619257,52,4,8
C0003700,P004,S0040,D0050,2024-05-11 13:27:59.754049,24,16,5
C0003701,P004,S0040,D0006,2024-05-05 21:11:49.239544,17,3,4
C0003702,P004,S0040,D0019,2024-05-16 03:57:44.129970,50,9,3
C0003703,P004,S0040,D0030,2024-05-12 04:48:30.850142,37,24,1
C0003704,P004,S0040,D0019,2024-05-16 05:26:47.191402,15,35,1
C0003705,P004,S0040,D0042,2024-05-05 20:22:00.357259,6,23,4
C0003706,P004,S0040,D0030,2024-05-11 13:09:23.931789,57,148,6
C0003707,P004,S0040,D0030,2024-05-10 23:00:36.775037,8,13,1
C0003708,P004,S0040,D0050,2024-05-13 19:40:07.382999,57,2,5
C0003709,P004,S0040,D0026,2024-05-09 18:11:43.299583,55,9,1
C0003710,P004,S0040,D0050,2024-05-06 12:22:30.990315,125,5,5
C0003711,P004,S0040,D0006,2024-05-05 22:30:58.212572,42,11,1
C0003712,P004,S0040,D0006,2024-05-09 00:06:56.338139,55,39,2
C0003713,P004,S0040,D0030,2024-05-10 01:41:02.727488,46,104,5
C0003714,P004,S0040,D0026,2024-05-09 11:53:24.763993,109,33,3
C0003715,P005,S0041,D0023,2024-01-04 20:33:40.743095,52,24,1
C0003716,P005,S0041,D0055,2023-12-31 07:08:38.120596,64,33,1
C0003717,P005,S0041,D0031,2023-12-31 10:18:36.910413,75,35,2
C0003718,P005,S0041,D0055,2023-12-31 02:26:57.651498,48,22,2
C0003719,P005,S0041,D0031,2023-12-26 03:17:00.513461,15,21,1
C0003720,P005,S0041,D0055,2023-12-30 08:50:37.224159,26,9,1
C0003721,P005,S0041,D0055,2023-12-28 08:02:28.359419,76,11,4
C0003722,P005,S0041,D0018,2024-01-02 12:54:01.785684,125,30,1
C0003723,P005,S0041,D0023,2023-12-31 08:58:05.442172,38,20,4
C0003724,P005,S0041,D0023,2023-12-31 03:46:19.872153,19,15,9
C0003725,P005,S0041,D0003,2023-12-31 15:26:32.550016,26,22,2
C0003726,P005,S0041,D0055,2024-01-02 10:05:44.822603,63,23,1
C0003727,P005,S0041,D0003,2023-12-27 01:52:25.124486,68,33,1
C0003728,P005,S0041,D0023,2023-12-25 06:01:04.103384,155,30,1
C0003729,P005,S0041,D0031,2023-12-29 14:52:43.549013,13,64,1
C0003730,P005,S0041,D0003,2024-01-04 16:21:29.613599,32,24,2
C0003731,P005,S0041,D0031,2024-01-05 00:45:35.491114,140,10,1
C0003732,P005,S0041,D0023,2023-12-31 10:53:45.095034,83,8,2
C0003733,P005,S0041,D0003,2024-01-01 07:03:56.303751,99,16,7
C0003734,P005,S0041,D0055,2023-12-30 09:05:41.946021,55,60,2
C0003735,P005,S0041,D0031,2023-12-31 03:22:37.797767,48,62,3
C0003736,P005,S0041,D0018,2024-01-06 03:12:44.677827,33,27,1
C0003737,P005,S0041,D0018,2023-12-25 15:48:59.391188,79,23,2
C0003738,P005,S0041,D0031,2023-12-27 17:44:21.052077,37,19,6
C0003739,P005,S0041,D0023,2023-12-28 12:27:13.021038,96,18,1
C0003740,P005,S0041,D0018,2024-01-03 18:37:35.107254,51,4,1
C0003741,P005,S0041,D0003,2024-01-03 21:09:48.186245,32,11,6
C0003742,P005,S0041,D0003,2023-12-27 11:15:07.013865,198,34,1
C0003743,P005,S0041,D0023,2023-12-25 03:18:38.130865,56,33,1
C0003744,P005,S0041,D0003,2023-12-27 00:51:41.874980,36,10,4
C0003745,P005,S0041,D0055,2023-12-31 19:29:48.447840,52,15,4
C0003746,P005,S0041,D0018,2024-01-02 11:03:48.903156,63,62,7
C0003747,P005,S0041,D0003,2024-01-02 08:12:19.654886,32,45,2
C0003748,P005,S0041,D0018,2024-01-03 06:13:02.599178,30,36,6
C0003749,P005,S0041,D0055,2023-12-29 08:48:54.871415,71,22,5
C0003750,P005,S0041,D0023,2023-12-29 03:41:51.696431,24,7,1
C0003751,P005,S0041,D0031,2023-12-31 12:30:55.597795,17,21,4
C0003752,P005,S0041,D0018,2023-12-28 12:51:53.251496,25,11,1
C0003753,P005,S0041,D0023,2023-12-27 06:44:06.841017,18,16,2
C0003754,P005,S0041,D0031,2024-01-02 02:31:04.336421,20,1,5
C0003755,P005,S0041,D0031,2023-12-26 20:31:29.102691,69,0,3
C0003756,P005,S0041,D0031,2023-12-24 11:52:51.027627,33,16,1
C0003757,P005,S0041,D0055,2023-12-29 10:06:03.963427,55,4,1
C0003758,P005,S0041,D0003,2023-12-25 11:08:31.484233,78,52,1
C0003759,P005,S0041,D0023,2023-12-29 04:34:44.147044,38,29,1
C0003760,P005,S0041,D0055,2023-12-26 18:52:25.991915,40,36,4
C0003761,P005,S0041,D0023,2023-12-30 09:32:57.740293,21,12,6
C0003762,P005,S0041,D0055,2024-01-04 22:04:18.077670,3,71,1
C0003763,P005,S0041,D0031,2023-12-27 05:42:16.591458,20,23,6
C0003764,P005,S0041,D0031,2024-01-02 10:54:55.708791,12,23,4
C0003765,P005,S0041,D0031,2023-12-29 08:49:55.319816,100,19,2
C0003766,P005,S0041,D0031,2024-01-05 22:48:21.652250,11,22,1
C0003767,P005,S0041,D0018,2023-12-30 15:11:37.005315,10,43,1
C0003768,P005,S0041,D0018,2023-12-31 21:43:30.398434,11,7,8
C0003769,P005,S0041,D0055,2023-12-31 05:18:33.895938,46,32,1
C0003770,P005,S0041,D0018,2023-12-26 20:33:54.400844,53,43,1
C0003771,P005,S0041,D0018,2023-12-29 09:14:58.672924,54,6,1
C0003772,P005,S0041,D0023,2023-12-26 02:17:18.292189,13,28,1
C0003773,P005,S0041,D0003,2024-01-01 06:15:12.639294,47,29,2
C0003774,P005,S0041,D0023,2024-01-04 17:57:26.292761,37,21,1
C0003775,P005,S0041,D0055,2023-12-25 10:03:48.276367,60,37,1
C0003776,P005,S0041,D0018,2024-01-03 05:39:47.393177,21,10,8
C0003777,P005,S0041,D0003,2024-01-01 18:08:52.197235,49,6,3
C0003778,P005,S0042,D0003,2024-01-17 04:36:41.443426,47,16,1
C0003779,P005,S0042,D0031,2024-01-13 23:16:12.544677,34,27,4
C0003780,P005,S0042,D0055,2024-01-11 02:00:07.542051,48,4,3
C0003781,P005,S0042,D0031,2024-01-15 16:26:30.773208,91,15,3
C0003782,P005,S0042,D0055,2024-01-08 04:06:21.943953,30,24,6
C0003783,P005,S0042,D0023,2024-01-19 15:57:06.124062,93,34,4
C0003784,P005,S0042,D0018,2024-01-09 00:59:54.178266,86,36,1
C0003785,P005,S0042,D0055,2024-01-18 13:43:06.632567,43,14,1
C0003786,P005,S0042,D0055,2024-01-11 16:11:24.025875,24,8,3
C0003787,P005,S0042,D0055,2024-01-13 01:36:11.775799,24,5,9
C0003788,P005,S0042,D0031,2024-01-14 14:22:12.645130,75,8,1
C0003789,P005,S0042,D0018,2024-01-09 10:56:51.719361,18,15,1
C0003790,P005,S0042,D0003,2024-01-14 18:29:39.162711,23,18,3
C0003791,P005,S0042,D0003,2024-01-07 19:23:17.794433,5,30,1
C0003792,P005,S0042,D0031,2024-01-14 08:16:37.854842,50,13,2
C0003793,P005,S0042,D0003,2024-01-18 00:50:32.700904,46,24,4
C0003794,P005,S0042,D0031,2024-01-08 15:24:32.012692,48,6,5
C0003795,P005,S0042,D0003,2024-01-12 14:01:19.231181,11,42,4
C0003796,P005,S0042,D0018,2024-01-10 06:47:00.586632,26,4,3
C0003797,P005,S0042,D0003,2024-01-16 03:17:50.103791,58,27,5
C0003798,P005,S0042,D0055,2024-01-09 15:36:58.714255,52,8,3
C0003799,P005,S0042,D0003,2024-01-14 12:31:50.469584,12,12,1
C0003800,P005,S0042,D0023,2024-01-15 21:17:05.691063,29,27,1
C0003801,P005,S0042,D0003,2024-01-12 21:12:29.482417,52,28,5
C0003802,P005,S0042,D0018,2024-01-19 09:12:21.621198,6,9,1
C0003803,P005,S0042,D0018,2024-01-18 04:03:40.018221,44,5,1
C0003804,P005,S0042,D0023,2024-01-19 20:47:57.983188,66,10,6
C0003805,P005,S0042,D0018,2024-01-13 11:09:47.535295,69,1,1
C0003806,P005,S0042,D0003,2024-01-19 14:27:53.646764,47,59,1
C0003807,P005,S0042,D0018,2024-01-18 11:17:07.412023,27,15,2
C0003808,P005,S0042,D0018,2024-01-13 10:28:14.248293,21,15,1
C0003809,P005,S0042,D0018,2024-01-15 07:13:54.180703,40,23,4
C0003810,P005,S0042,D0018,2024-01-10 01:19:30.797828,81,28,6
C0003811,P005,S0042,D0055,2024-01-08 18:49:12.402275,85,5,3
C0003812,P005,S0042,D0018,2024-01-20 04:52:35.013047,94,13,1
C0003813,P005,S0042,D0003,2024-01-17 14:05:07.206715,67,11,3
C0003814,P005,S0042,D0003,2024-01-07 12:47:28.693116,36,24,5
C0003815,P005,S0042,D0023,2024-01-12 04:18:23.890786,24,6,1
C0003816,P005,S0042,D0023,2024-01-08 01:54:06.605036,57,1,1
C0003817,P005,S0042,D0031,2024-01-08 20:20:36.479468,39,1,1
C0003818,P005,S0042,D0023,2024-01-12 09:24:59.676226,10,9,1
C0003819,P005,S0042,D0055,2024-01-15 08:01:32.903227,7,19,2
C0003820,P005,S0042,D0055,2024-01-10 15:36:55.229715,70,25,1
C0003821,P005,S0042,D0031,2024-01-18 07:46:25.179751,56,9,1
C0003822,P005,S0042,D0031,2024-01-16 09:26:34.053572,46,9,3
C0003823,P005,S0042,D0055,2024-01-19 19:13:33.986930,55,14,3
C0003824,P005,S0042,D0055,2024-01-17 23:17:05.320313,44,13,1
C0003825,P005,S0042,D0031,2024-01-15 11:23:51.865560,72,37,2
C0003826,P005,S0042,D0018,2024-01-18 03:05:59.809601,67,65,1
C0003827,P005,S0042,D0055,2024-01-12 01:41:28.597102,55,54,3
C0003828,P005,S0042,D0055,2024-01-10 17:57:52.470622,39,10,1
C0003829,P005,S0042,D0018,2024-01-08 01:10:49.239621,31,10,4
C0003830,P005,S0042,D0003,2024-01-18 17:15:09.017836,23,13,5
C0003831,P005,S0042,D0003,2024-01-10 11:15:52.819672,5,15,1
C0003832,P005,S0042,D0031,2024-01-13 18:46:09.762653,79,14,1
C0003833,P005,S0042,D0055,2024-01-13 06:41:32.004379,17,26,1
C0003834,P005,S0042,D0031,2024-01-12 03:02:08.822491,118,7,1
C0003835,P005,S0042,D0018,2024-01-20 19:33:06.016906,6,31,1
C0003836,P005,S0042,D0023,2024-01-18 09:34:03.588389,70,28,3
C0003837,P005,S0042,D0031,2024-01-15 18:59:38.701802,65,25,2
C0003838,P005,S0042,D0003,2024-01-18 00:36:35.391492,72,42,1
C0003839,P005,S0042,D0003,2024-01-18 00:01:45.509207,49,7,1
C0003840,P005,S0042,D0031,2024-01-08 15:02:48.511777,13,13,4
C0003841,P005,S0042,D0003,2024-01-16 18:33:04.267102,38,36,3
C0003842,P005,S0042,D0055,2024-01-07 19:12:05.825169,112,12,3
C0003843,P005,S0042,D0031,2024-01-14 16:40:33.967679,123,25,4
C0003844,P005,S0042,D0018,2024-01-15 09:01:34.424223,24,13,6
C0003845,P005,S0042,D0003,2024-01-09 21:51:31.021051,99,9,1
C0003846,P005,S0042,D0031,2024-01-16 16:37:39.752430,74,9,4
C0003847,P005,S0042,D0023,2024-01-11 15:28:59.870627,19,27,10
C0003848,P005,S0042,D0018,2024-01-15 17:38:11.162188,42,1,3
C0003849,P005,S0042,D0031,2024-01-15 03:08:55.940388,39,30,6
C0003850,P005,S0042,D0031,2024-01-15 15:48:49.530084,17,19,2
C0003851,P005,S0042,D0031,2024-01-19 01:04:45.060535,30,14,3
C0003852,P005,S0042,D0018,2024-01-20 06:43:39.872561,21,31,1
C0003853,P005,S0042,D0031,2024-01-17 22:06:39.443218,91,67,3
C0003854,P005,S0042,D0018,2024-01-13 11:24:27.020621,20,6,4
C0003855,P005,S0042,D0018,2024-01-12 18:51:00.588964,75,7,1
C0003856,P005,S0042,D0031,2024-01-09 23:08:24.693003,26,23,1
C0003857,P005,S0042,D0018,2024-01-09 20:44:40.463144,11,31,7
C0003858,P005,S0042,D0003,2024-01-18 15:36:08.784844,210,11,1
C0003859,P005,S0042,D0018,2024-01-16 19:10:55.442180,42,9,2
C0003860,P005,S0042,D0003,2024-01-20 09:59:10.252210,2,7,9
C0003861,P005,S0042,D0031,2024-01-08 03:18:32.304718,58,29,4
C0003862,P005,S0042,D0003,2024-01-09 02:36:42.188062,76,46,3
C0003863,P005,S0042,D0031,2024-01-10 07:13:17.893023,51,12,7
C0003864,P005,S0042,D0031,2024-01-11 15:06:59.074332,75,9,1
C0003865,P005,S0042,D0055,2024-01-18 09:08:15.469054,12,25,1
C0003866,P005,S0042,D0031,2024-01-08 21:37:25.934483,23,22,1
C0003867,P005,S0042,D0055,2024-01-15 17:46:22.209702,122,21,5
C0003868,P005,S0042,D0003,2024-01-13 04:34:58.316754,45,4,6
C0003869,P005,S0042,D0031,2024-01-16 23:49:36.047513,49,4,1
C0003870,P005,S0042,D0055,2024-01-13 12:01:52.673797,18,9,2
C0003871,P005,S0042,D0018,2024-01-15 21:26:20.369134,102,17,5
C0003872,P005,S0042,D0055,2024-01-09 04:40:05.609752,45,20,1
C0003873,P005,S0042,D0018,2024-01-13 12:19:57.982284,60,54,3
C0003874,P005,S0042,D0003,2024-01-09 15:44:04.622686,12,57,1
C0003875,P005,S0042,D0003,2024-01-13 14:44:52.843744,84,16,6
C0003876,P005,S0042,D0023,2024-01-16 18:27:33.475678,43,24,1
C0003877,P005,S0042,D0031,2024-01-20 07:14:21.232497,43,15,1
C0003878,P005,S0042,D0031,2024-01-14 02:10:37.296140,37,22,4
C0003879,P005,S0042,D0003,2024-01-09 00:41:18.756256,22,30,4
C0003880,P005,S0042,D0003,2024-01-16 04:36:27.394517,83,8,2
C0003881,P005,S0042,D0031,2024-01-11 11:28:07.871765,5,63,2
C0003882,P005,S0042,D0055,2024-01-12 15:30:59.554696,76,15,1
C0003883,P005,S0042,D0031,2024-01-17 08:39:52.483887,65,28,1
C0003884,P005,S0042,D0031,2024-01-09 05:15:23.427867,28,32,3
C0003885,P005,S0042,D0018,2024-01-16 15:29:27.763951,23,19,4
C0003886,P005,S0042,D0003,2024-01-11 21:50:37.354345,26,24,6
C0003887,P005,S0042,D0023,2024-01-11 16:12:23.714060,105,31,3
C0003888,P005,S0042,D0031,2024-01-08 15:31:51.377275,31,32,2
C0003889,P005,S0042,D0055,2024-01-16 21:08:50.817645,60,19,6
C0003890,P005,S0042,D0055,2024-01-17 15:55:16.250348,62,5,2
C0003891,P005,S0042,D0031,2024-01-16 02:50:29.400021,33,49,1
C0003892,P005,S0042,D0023,2024-01-17 03:43:17.389869,123,20,7
C0003893,P005,S0042,D0055,2024-01-08 17:54:30.772713,36,23,5
C0003894,P005,S0042,D0023,2024-01-19 10:41:09.812850,54,4,1
C0003895,P005,S0043,D0055,2024-02-01 12:19:56.330337,25,1,1
C0003896,P005,S0043,D0018,2024-01-29 21:55:31.287597,39,11,2
C0003897,P005,S0043,D0003,2024-01-25 15:45:45.845080,8,38,3
C0003898,P005,S0043,D0023,2024-01-29 21:45:47.748989,29,16,2
C0003899,P005,S0043,D0018,2024-01-28 14:20:22.463191,55,13,3
C0003900,P005,S0043,D0055,2024-01-22 19:18:00.482011,45,42,1
C0003901,P005,S0043,D0055,2024-02-01 19:21:52.197631,17,22,3
C0003902,P005,S0043,D0003,2024-01-22 14:10:03.187175,62,29,1
C0003903,P005,S0043,D0018,2024-01-28 21:30:43.963275,66,8,3
C0003904,P005,S0043,D0031,2024-01-30 23:59:31.930895,54,41,4
C0003905,P005,S0043,D0003,2024-01-25 04:37:47.705036,32,75,2
C0003906,P005,S0043,D0003,2024-02-03 04:35:26.124471,22,4,1
C0003907,P005,S0043,D0018,2024-01-22 03:08:03.084905,33,12,6
C0003908,P005,S0043,D0023,2024-01-23 19:50:58.996328,8,9,2
C0003909,P005,S0043,D0003,2024-01-29 04:20:32.477223,55,25,1
C0003910,P005,S0043,D0003,2024-02-01 13:41:24.882911,54,42,5
C0003911,P005,S0043,D0003,2024-02-02 14:50:35.319789,28,50,2
C0003912,P005,S0043,D0031,2024-01-27 14:47:58.104871,43,13,2
C0003913,P005,S0043,D0003,2024-01-27 00:23:31.129139,36,16,2
C0003914,P005,S0043,D0018,2024-01-26 12:47:02.514068,50,27,1
C0003915,P005,S0043,D0003,2024-02-01 04:59:13.757988,50,2,9
C0003916,P005,S0043,D0055,2024-01-30 00:26:52.935739,109,10,6
C0003917,P005,S0043,D0023,2024-01-22 00:18:26.121038,45,8,7
C0003918,P005,S0043,D0023,2024-01-22 10:18:06.338733,52,20,2
C0003919,P005,S0043,D0031,2024-01-29 21:57:31.193384,84,42,1
C0003920,P005,S0043,D0003,2024-01-22 20:49:56.058442,19,11,1
C0003921,P005,S0043,D0023,2024-01-24 17:36:46.726893,42,23,3
C0003922,P005,S0043,D0018,2024-01-27 07:31:38.404979,38,57,4
C0003923,P005,S0043,D0031,2024-01-24 23:39:11.509258,61,50,1
C0003924,P005,S0043,D0055,2024-01-25 05:02:49.727207,61,17,8
C0003925,P005,S0043,D0003,2024-01-28 12:58:38.046088,54,9,4
C0003926,P005,S0043,D0023,2024-01-26 13:22:52.957026,23,9,7
C0003927,P005,S0043,D0031,2024-01-23 22:41:31.717897,54,24,6
C0003928,P005,S0043,D0031,2024-02-02 14:11:24.477690,62,41,1
C0003929,P005,S0043,D0055,2024-01-24 21:15:25.113165,52,11,4
C0003930,P005,S0043,D0023,2024-01-31 05:58:53.620157,67,6,8
C0003931,P005,S0043,D0055,2024-01-29 09:00:28.335678,14,7,4
C0003932,P005,S0043,D0023,2024-01-29 09:40:13.930142,61,58,1
C0003933,P005,S0043,D0023,2024-02-02 09:16:53.874730,48,1,4
C0003934,P005,S0043,D0023,2024-02-01 19:54:26.138477,32,56,2
C0003935,P005,S0043,D0023,2024-01-31 14:55:49.589670,5,11,1
C0003936,P005,S0043,D0055,2024-01-23 05:26:11.438594,36,23,4
C0003937,P005,S0043,D0018,2024-01-30 12:32:06.270478,57,36,2
C0003938,P005,S0043,D0018,2024-01-24 00:30:15.531629,61,43,5
C0003939,P005,S0043,D0023,2024-02-02 11:54:08.083135,15,13,1
C0003940,P005,S0043,D0031,2024-02-02 14:37:40.597563,25,8,1
C0003941,P005,S0043,D0018,2024-01-24 05:48:53.080289,30,22,1
C0003942,P005,S0043,D0003,2024-02-02 16:43:59.069866,76,44,3
C0003943,P005,S0043,D0023,2024-01-22 11:12:39.378292,8,35,3
C0003944,P005,S0043,D0055,2024-01-23 04:04:06.837451,10,10,2
C0003945,P005,S0043,D0018,2024-02-02 01:04:57.582605,15,13,1
C0003946,P005,S0043,D0055,2024-01-21 14:48:46.086131,74,31,3
C0003947,P005,S0043,D0031,2024-01-30 13:40:47.761002,85,3,3
C0003948,P005,S0043,D0018,2024-02-03 10:51:35.994649,30,6,4
C0003949,P005,S0043,D0023,2024-02-01 04:15:57.695188,32,55,8
C0003950,P005,S0043,D0055,2024-02-02 10:58:21.002215,8,7,1
C0003951,P005,S0043,D0018,2024-01-31 07:22:57.629464,83,16,1
C0003952,P005,S0043,D0023,2024-01-24 08:19:20.681202,24,12,1
C0003953,P005,S0043,D0031,2024-01-28 19:58:50.321288,19,34,2
C0003954,P005,S0043,D0018,2024-01-30 21:27:12.417268,76,8,2
C0003955,P005,S0043,D0031,2024-01-21 14:37:07.920585,7,23,1
C0003956,P005,S0043,D0003,2024-01-27 17:32:23.614438,20,20,1
C0003957,P005,S0043,D0055,2024-01-30 22:16:35.590970,50,49,1
C0003958,P005,S0043,D0018,2024-01-23 08:05:07.862629,35,24,1
C0003959,P005,S0044,D0031,2024-02-10 04:47:11.605717,38,46,1
C0003960,P005,S0044,D0055,2024-02-08 07:19:29.929094,85,9,5
C0003961,P005,S0044,D0055,2024-02-08 22:09:56.837055,28,11,9
C0003962,P005,S0044,D0018,2024-02-16 02:41:56.891721,4,52,3
C0003963,P005,S0044,D0023,2024-02-12 06:39:11.367460,178,16,4
C0003964,P005,S0044,D0003,2024-02-13 19:50:30.298030,22,25,2
C0003965,P005,S0044,D0055,2024-02-14 10:30:28.387501,49,33,1
C0003966,P005,S0044,D0003,2024-02-13 04:53:22.524821,37,25,2
C0003967,P005,S0044,D0055,2024-02-08 14:03:12.443858,184,51,1
C0003968,P005,S0044,D0031,2024-02-07 15:59:35.446419,51,29,2
C0003969,P005,S0044,D0023,2024-02-08 13:46:01.372572,23,73,6
C0003970,P005,S0044,D0018,2024-02-06 22:29:31.643230,37,12,1
C0003971,P005,S0044,D0018,2024-02-16 19:00:25.065711,40,6,8
C0003972,P005,S0044,D0003,2024-02-15 19:13:35.038690,46,21,1
C0003973,P005,S0044,D0018,2024-02-16 21:07:33.507995,90,58,8
C0003974,P005,S0044,D0018,2024-02-05 10:39:28.688799,12,20,1
C0003975,P005,S0044,D0031,2024-02-11 23:06:48.885628,42,11,10
C0003976,P005,S0044,D0018,2024-02-05 18:59:06.150505,57,9,5
C0003977,P005,S0044,D0055,2024-02-09 15:45:58.918025,124,24,2
C0003978,P005,S0044,D0018,2024-02-09 15:52:14.338555,17,18,1
C0003979,P005,S0044,D0023,2024-02-05 02:45:54.253826,86,16,3
C0003980,P005,S0044,D0003,2024-02-06 23:37:55.638777,38,26,1
C0003981,P005,S0044,D0055,2024-02-08 08:00:03.979271,42,1,3
C0003982,P005,S0044,D0023,2024-02-14 17:11:33.397262,55,7,2
C0003983,P005,S0044,D0031,2024-02-11 20:02:00.972834,21,35,5
C0003984,P005,S0044,D0023,2024-02-11 13:13:25.985365,20,58,7
C0003985,P005,S0044,D0003,2024-02-04 21:35:17.635296,59,17,2
C0003986,P005,S0044,D0003,2024-02-08 17:25:24.112135,5,7,2
C0003987,P005,S0044,D0031,2024-02-15 17:04:26.225065,163,9,2
C0003988,P005,S0044,D0003,2024-02-13 15:18:05.956082,99,19,3
C0003989,P005,S0044,D0003,2024-02-17 04:24:17.106289,19,12,3
C0003990,P005,S0044,D0023,2024-02-06 04:48:43.349293,11,24,1
C0003991,P005,S0044,D0023,2024-02-07 13:35:26.625411,19,29,1
C0003992,P005,S0044,D0018,2024-02-11 02:47:16.167332,12,15,2
C0003993,P005,S0044,D0023,2024-02-14 06:24:53.001878,42,13,8
C0003994,P005,S0044,D0031,2024-02-10 09:31:43.225889,40,31,7
C0003995,P005,S0044,D0003,2024-02-11 20:27:20.379603,59,12,1
C0003996,P005,S0044,D0031,2024-02-04 22:03:41.963433,7,4,5
C0003997,P005,S0044,D0031,2024-02-05 14:24:34.053927,26,105,1
C0003998,P005,S0044,D0018,2024-02-11 18:36:49.524355,48,7,2
C0003999,P005,S0044,D0055,2024-02-04 21:18:17.127524,31,42,3
C0004000,P005,S0044,D0018,2024-02-10 11:36:13.691319,37,0,2
C0004001,P005,S0044,D0018,2024-02-12 02:27:09.477651,23,8,3
C0004002,P005,S0044,D0018,2024-02-16 01:12:43.384073,37,6,1
C0004003,P005,S0044,D0031,2024-02-13 12:48:26.185579,20,0,1
C0004004,P005,S0044,D0023,2024-02-12 00:18:11.223516,39,20,1
C0004005,P005,S0044,D0031,2024-02-06 01:28:31.670682,2,4,3
C0004006,P005,S0044,D0003,2024-02-10 16:54:35.096786,16,61,1
C0004007,P005,S0044,D0023,2024-02-11 04:50:44.540938,13,16,5
C0004008,P005,S0044,D0018,2024-02-07 23:32:03.243298,89,50,5
C0004009,P005,S0044,D0018,2024-02-17 06:49:49.239684,28,21,1
C0004010,P005,S0044,D0031,2024-02-08 04:01:20.851491,105,41,2
C0004011,P005,S0044,D0003,2024-02-14 00:33:35.694547,62,11,1
C0004012,P005,S0044,D0023,2024-02-06 08:26:47.984027,71,31,2
C0004013,P005,S0044,D0055,2024-02-11 10:20:18.010297,56,2,1
C0004014,P005,S0044,D0003,2024-02-11 19:51:33.596481,34,32,1
C0004015,P005,S0044,D0018,2024-02-17 03:51:47.868979,60,17,1
C0004016,P005,S0044,D0023,2024-02-13 03:17:20.055647,5,46,1
C0004017,P005,S0044,D0018,2024-02-09 23:37:04.183477,76,51,1
C0004018,P005,S0044,D0031,2024-02-11 13:02:38.992580,43,16,3
C0004019,P005,S0044,D0018,2024-02-10 06:25:52.543035,89,54,1
C0004020,P005,S0044,D0055,2024-02-14 10:10:40.504367,148,62,1
C0004021,P005,S0044,D0003,2024-02-13 07:46:54.382698,17,34,4
C0004022,P005,S0044,D0031,2024-02-07 01:17:43.936479,41,10,1
C0004023,P005,S0044,D0003,2024-02-07 05:54:20.834756,26,10,1
C0004024,P005,S0044,D0031,2024-02-05 02:42:01.520466,96,14,2
C0004025,P005,S0044,D0023,2024-02-12 14:40:22.332369,38,10,2
C0004026,P005,S0044,D0031,2024-02-14 01:53:06.294430,175,47,2
C0004027,P005,S0044,D0055,2024-02-15 19:23:15.770489,66,27,1
C0004028,P005,S0044,D0055,2024-02-08 15:10:20.286120,7,56,2
C0004029,P005,S0044,D0031,2024-02-11 15:10:14.985040,71,8,3
C0004030,P005,S0044,D0031,2024-02-15 03:39:31.354919,53,25,1
C0004031,P005,S0044,D0031,2024-02-15 23:34:21.486158,54,13,1
C0004032,P005,S0044,D0023,2024-02-12 18:30:50.735081,35,19,1
C0004033,P005,S0044,D0055,2024-02-17 04:37:57.992974,42,1,2
C0004034,P005,S0044,D0018,2024-02-17 14:18:37.019829,8,11,1
C0004035,P005,S0044,D0003,2024-02-16 21:53:01.133730,37,23,2
C0004036,P005,S0044,D0031,2024-02-15 04:35:45.170057,22,16,1
C0004037,P005,S0044,D0023,2024-02-15 04:08:39.896163,38,11,1
C0004038,P005,S0044,D0055,2024-02-07 04:11:43.298917,11,12,1
C0004039,P005,S0044,D0055,2024-02-12 08:50:38.968656,42,18,1
C0004040,P005,S0044,D0031,2024-02-13 00:23:31.740431,47,28,1
C0004041,P005,S0044,D0031,2024-02-10 03:34:56.765731,54,21,12
C0004042,P005,S0044,D0023,2024-02-15 04:59:28.086594,33,12,2
C0004043,P005,S0044,D0018,2024-02-04 08:52:10.046192,37,15,3
C0004044,P005,S0044,D0031,2024-02-11 12:02:24.067417,71,28,1
C0004045,P005,S0044,D0023,2024-02-17 12:28:11.574181,27,19,1
C0004046,P005,S0044,D0031,2024-02-14 17:24:29.370883,201,84,4
C0004047,P005,S0044,D0031,2024-02-08 04:03:48.936512,41,22,3
C0004048,P005,S0044,D0003,2024-02-06 03:55:18.870456,85,43,4
C0004049,P005,S0044,D0003,2024-02-13 17:27:44.523639,38,1,2
C0004050,P005,S0044,D0018,2024-02-12 11:39:31.421093,3,20,1
C0004051,P005,S0044,D0055,2024-02-12 01:19:46.345735,37,58,1
C0004052,P005,S0044,D0031,2024-02-08 03:12:20.597383,32,69,1
C0004053,P005,S0044,D0023,2024-02-11 10:40:19.956712,22,8,1
C0004054,P005,S0044,D0055,2024-02-11 06:10:13.049227,67,4,3
C0004055,P005,S0044,D0031,2024-02-06 02:54:53.672343,47,26,3
C0004056,P005,S0044,D0055,2024-02-13 04:33:15.508026,31,13,1
C0004057,P005,S0044,D0018,2024-02-10 02:05:17.349766,19,26,1
C0004058,P005,S0044,D0031,2024-02-13 08:47:31.569025,38,4,1
C0004059,P005,S0044,D0023,2024-02-05 14:34:49.323917,11,28,2
C0004060,P005,S0045,D0055,2024-02-25 02:12:47.009819,67,62,1
C0004061,P005,S0045,D0018,2024-03-01 09:58:04.779421,109,25,6
C0004062,P005,S0045,D0018,2024-02-20 20:28:42.389718,16,30,1
C0004063,P005,S0045,D0055,2024-02-28 22:41:31.959143,10,27,7
C0004064,P005,S0045,D0031,2024-02-19 20:09:19.225646,115,45,3
C0004065,P005,S0045,D0055,2024-02-18 21:01:55.975659,33,11,2
C0004066,P005,S0045,D0018,2024-02-29 01:17:30.040234,30,14,1
C0004067,P005,S0045,D0031,2024-02-19 11:04:08.518001,6,11,1
C0004068,P005,S0045,D0003,2024-02-22 15:43:45.868972,37,36,2
C0004069,P005,S0045,D0055,2024-03-01 08:29:51.737567,64,60,1
C0004070,P005,S0045,D0003,2024-02-19 19:44:07.367855,49,30,1
C0004071,P005,S0045,D0031,2024-02-22 16:51:51.796400,53,32,1
C0004072,P005,S0045,D0055,2024-02-23 16:16:25.584365,20,2,2
C0004073,P005,S0045,D0018,2024-02-27 07:10:59.393589,58,38,1
C0004074,P005,S0045,D0031,2024-02-28 18:46:23.896091,46,2,1
C0004075,P005,S0045,D0055,2024-03-02 11:45:25.730272,21,21,2
C0004076,P005,S0045,D0018,2024-03-02 02:17:06.165267,32,30,4
C0004077,P005,S0045,D0055,2024-02-20 15:54:24.474505,20,14,7
C0004078,P005,S0045,D0055,2024-02-24 09:53:18.829065,107,28,1
C0004079,P005,S0045,D0018,2024-02-26 14:36:56.331941,48,20,1
C0004080,P005,S0045,D0031,2024-02-26 01:55:24.704019,84,66,4
C0004081,P005,S0045,D0023,2024-02-29 09:21:04.846851,28,35,3
C0004082,P005,S0045,D0003,2024-03-01 09:43:57.295604,6,8,3
C0004083,P005,S0045,D0018,2024-02-19 09:44:05.862448,59,25,1
C0004084,P005,S0045,D0023,2024-02-22 21:31:44.459873,33,6,1
C0004085,P005,S0045,D0003,2024-02-21 12:37:44.641745,45,1,1
C0004086,P005,S0045,D0018,2024-02-26 19:41:01.878029,44,7,2
C0004087,P005,S0045,D0023,2024-02-24 14:01:54.631471,60,16,1
C0004088,P005,S0045,D0003,2024-02-28 04:57:25.365111,38,20,1
C0004089,P005,S0045,D0003,2024-02-21 20:40:37.212274,136,25,1
C0004090,P005,S0045,D0018,2024-02-28 18:31:34.457984,13,8,2
C0004091,P005,S0045,D0031,2024-02-26 14:17:28.894312,60,24,2
C0004092,P005,S0045,D0023,2024-02-26 15:43:03.316965,37,21,6
C0004093,P005,S0045,D0018,2024-02-28 18:16:36.751863,54,15,1
C0004094,P005,S0045,D0018,2024-02-22 09:58:19.117405,44,9,3
C0004095,P005,S0045,D0018,2024-03-01 08:06:43.890469,12,46,9
C0004096,P005,S0045,D0031,2024-02-22 02:16:14.518077,26,16,3
C0004097,P005,S0045,D0023,2024-02-27 16:38:32.262029,28,3,1
C0004098,P005,S0045,D0003,2024-02-27 07:57:04.104900,49,17,3
C0004099,P005,S0045,D0055,2024-02-21 07:34:46.194290,66,2,5
C0004100,P005,S0045,D0055,2024-02-27 12:05:23.105733,14,7,2
C0004101,P005,S0045,D0018,2024-02-24 01:10:11.030098,20,43,1
C0004102,P005,S0045,D0031,2024-02-27 23:25:49.964064,57,37,3
C0004103,P005,S0045,D0031,2024-02-23 18:42:18.281090,26,4,2
C0004104,P005,S0045,D0003,2024-02-18 16:08:10.527285,22,12,2
C0004105,P005,S0045,D0018,2024-02-20 05:56:38.683564,54,14,1
C0004106,P005,S0045,D0031,2024-02-20 20:03:04.821048,104,29,1
C0004107,P005,S0045,D0031,2024-02-28 16:05:49.907804,24,23,1
C0004108,P005,S0045,D0055,2024-02-26 18:19:03.929229,27,33,2
C0004109,P005,S0045,D0055,2024-02-19 06:17:23.981805,26,8,1
C0004110,P005,S0045,D0018,2024-02-22 16:56:47.495415,66,1,1
C0004111,P005,S0045,D0055,2024-02-24 15:29:30.069322,28,1,4
C0004112,P005,S0045,D0003,2024-02-28 08:27:57.927378,18,43,5
C0004113,P005,S0045,D0003,2024-02-29 20:00:58.724492,95,4,2
C0004114,P005,S0045,D0031,2024-02-19 01:56:58.918366,91,18,5
C0004115,P005,S0045,D0031,2024-02-29 19:48:46.235003,49,10,3
C0004116,P005,S0045,D0018,2024-02-25 00:13:14.575764,44,45,2
C0004117,P005,S0045,D0003,2024-02-22 23:20:33.934935,12,6,2
C0004118,P005,S0045,D0031,2024-02-24 09:46:16.919090,7,24,1
C0004119,P005,S0045,D0003,2024-03-02 11:05:52.458464,14,54,2
C0004120,P005,S0045,D0031,2024-02-28 09:38:02.905052,45,29,2
C0004121,P005,S0045,D0023,2024-02-22 04:21:16.274856,59,4,7
C0004122,P005,S0045,D0003,2024-02-20 18:03:42.070127,12,4,3
C0004123,P005,S0045,D0031,2024-03-02 10:37:44.853706,63,1,1
C0004124,P005,S0045,D0055,2024-03-02 11:08:58.206384,62,21,5
C0004125,P005,S0045,D0055,2024-02-19 02:50:16.946456,14,35,2
C0004126,P005,S0045,D0031,2024-02-27 01:49:56.895581,60,13,1
C0004127,P005,S0045,D0023,2024-02-27 10:26:31.291371,45,49,7
C0004128,P005,S0045,D0018,2024-02-28 14:31:09.184253,38,11,6
C0004129,P005,S0045,D0023,2024-02-22 19:14:17.847096,164,44,3
C0004130,P005,S0045,D0018,2024-02-26 10:24:28.543499,70,79,9
C0004131,P005,S0045,D0031,2024-02-20 19:14:04.199184,30,27,1
C0004132,P005,S0045,D0018,2024-02-20 06:21:49.702922,14,12,1
C0004133,P005,S0045,D0018,2024-02-21 15:20:46.639293,44,35,3
C0004134,P005,S0045,D0023,2024-03-01 09:20:54.359640,53,46,3
C0004135,P005,S0045,D0031,2024-02-19 12:38:47.064351,17,17,3
C0004136,P005,S0045,D0055,2024-02-22 12:21:24.646313,33,38,3
C0004137,P005,S0045,D0018,2024-02-26 14:38:20.449155,54,11,2
C0004138,P005,S0045,D0023,2024-02-26 04:04:28.791381,36,67,3
C0004139,P005,S0045,D0023,2024-02-18 15:46:45.632558,38,16,5
C0004140,P005,S0045,D0018,2024-03-01 22:53:02.225245,29,81,12
C0004141,P005,S0045,D0055,2024-03-02 06:11:41.757494,14,39,1
C0004142,P005,S0045,D0055,2024-03-02 05:00:59.727139,8,9,2
C0004143,P005,S0045,D0031,2024-02-19 10:59:32.407156,109,3,2
C0004144,P005,S0045,D0055,2024-02-21 05:04:37.473065,211,23,2
C0004145,P005,S0045,D0003,2024-02-25 21:55:48.730455,34,17,3
C0004146,P005,S0045,D0055,2024-02-24 09:42:02.049261,59,48,3
C0004147,P005,S0045,D0003,2024-02-24 02:31:45.611948,42,2,1
C0004148,P005,S0045,D0023,2024-02-29 14:42:06.867414,28,22,2
C0004149,P005,S0045,D0018,2024-02-18 13:55:45.021756,50,33,6
C0004150,P005,S0045,D0018,2024-02-18 22:40:11.170590,29,30,2
C0004151,P005,S0045,D0018,2024-02-24 18:29:57.314544,63,21,2
C0004152,P005,S0045,D0018,2024-02-26 06:05:23.291431,14,6,2
C0004153,P005,S0045,D0031,2024-02-21 23:38:22.644192,26,12,1
C0004154,P005,S0045,D0031,2024-02-25 16:14:48.213717,83,19,5
C0004155,P005,S0045,D0003,2024-02-29 07:18:54.703162,60,3,1
C0004156,P005,S0045,D0018,2024-03-01 07:54:39.322965,25,4,1
C0004157,P005,S0045,D0003,2024-02-26 16:16:10.828670,86,15,2
C0004158,P005,S0045,D0023,2024-02-24 19:48:08.664567,69,28,1
C0004159,P005,S0045,D0055,2024-02-29 03:55:31.629451,48,62,1
C0004160,P005,S0045,D0003,2024-02-24 03:01:10.072901,50,31,2
C0004161,P005,S0045,D0023,2024-02-28 12:08:30.437079,60,31,4
C0004162,P005,S0046,D0055,2024-03-09 10:46:29.463969,24,5,2
C0004163,P005,S0046,D0031,2024-03-13 07:25:20.137766,17,57,3
C0004164,P005,S0046,D0055,2024-03-04 18:50:10.169751,114,4,3
C0004165,P005,S0046,D0031,2024-03-15 06:48:36.083636,8,34,3
C0004166,P005,S0046,D0023,2024-03-03 11:30:27.570093,28,51,1
C0004167,P005,S0046,D0031,2024-03-16 11:01:24.759608,45,22,1
C0004168,P005,S0046,D0018,2024-03-06 07:17:07.847303,25,30,1
C0004169,P005,S0046,D0055,2024-03-14 04:14:17.137603,83,12,1
C0004170,P005,S0046,D0023,2024-03-08 21:06:28.750272,44,54,2
C0004171,P005,S0046,D0031,2024-03-15 20:35:30.577206,16,5,3
C0004172,P005,S0046,D0003,2024-03-13 21:52:38.210510,34,20,3
C0004173,P005,S0046,D0018,2024-03-04 15:57:04.616941,134,12,5
C0004174,P005,S0046,D0031,2024-03-15 19:19:27.079445,16,33,2
C0004175,P005,S0046,D0018,2024-03-11 19:30:56.716970,49,13,1
C0004176,P005,S0046,D0003,2024-03-05 07:28:36.013147,27,22,2
C0004177,P005,S0046,D0031,2024-03-08 22:35:42.040756,57,9,1
C0004178,P005,S0046,D0031,2024-03-09 03:31:05.109216,22,39,4
C0004179,P005,S0046,D0031,2024-03-10 11:44:04.388968,107,47,1
C0004180,P005,S0046,D0055,2024-03-15 14:01:00.819447,26,1,3
C0004181,P005,S0046,D0055,2024-03-08 01:29:26.562155,37,72,7
C0004182,P005,S0046,D0031,2024-03-11 02:55:10.647892,20,8,3
C0004183,P005,S0046,D0031,2024-03-13 05:02:34.898253,47,13,1
C0004184,P005,S0046,D0018,2024-03-06 16:58:15.021571,10,21,2
C0004185,P005,S0046,D0031,2024-03-03 21:53:08.891896,25,20,2
C0004186,P005,S0046,D0023,2024-03-12 08:57:01.978763,54,26,3
C0004187,P005,S0046,D0023,2024-03-15 13:33:00.229252,18,4,4
C0004188,P005,S0046,D0023,2024-03-10 21:33:42.959983,34,27,3
C0004189,P005,S0046,D0055,2024-03-09 13:43:48.551243,64,20,2
C0004190,P005,S0046,D0003,2024-03-15 03:19:15.748059,66,23,3
C0004191,P005,S0046,D0023,2024-03-06 05:27:05.591428,100,16,1
C0004192,P005,S0046,D0031,2024-03-13 22:29:58.994681,19,16,1
C0004193,P005,S0046,D0023,2024-03-14 04:04:44.843398,24,20,3
C0004194,P005,S0046,D0031,2024-03-14 12:21:05.378433,21,17,5
C0004195,P005,S0046,D0055,2024-03-13 04:47:06.337698,7,7,6
C0004196,P005,S0046,D0023,2024-03-05 08:26:35.897539,71,7,3
C0004197,P005,S0046,D0003,2024-03-14 22:14:45.592256,134,0,2
C0004198,P005,S0046,D0018,2024-03-04 12:43:00.968563,41,30,1
C0004199,P005,S0046,D0023,2024-03-14 21:00:20.155549,28,15,1
C0004200,P005,S0046,D0003,2024-03-08 14:46:31.929452,28,3,1
C0004201,P005,S0046,D0023,2024-03-08 20:27:45.198208,73,26,3
C0004202,P005,S0046,D0003,2024-03-09 16:22:55.630298,39,8,4
C0004203,P005,S0046,D0018,2024-03-09 04:50:00.731215,70,68,1
C0004204,P005,S0046,D0031,2024-03-11 01:12:06.902820,23,22,1
C0004205,P005,S0046,D0023,2024-03-05 08:31:31.774311,41,40,5
C0004206,P005,S0046,D0023,2024-03-08 20:19:41.423360,31,5,1
C0004207,P005,S0046,D0031,2024-03-05 00:02:48.327573,52,28,4
C0004208,P005,S0046,D0018,2024-03-09 22:29:50.658413,40,1,6
C0004209,P005,S0046,D0055,2024-03-04 05:06:36.391491,11,5,1
C0004210,P005,S0046,D0055,2024-03-07 06:16:20.384947,167,1,1
C0004211,P005,S0046,D0003,2024-03-08 01:20:00.137633,94,36,8
C0004212,P005,S0046,D0055,2024-03-10 10:45:30.507581,18,15,2
C0004213,P005,S0046,D0055,2024-03-07 09:31:49.057412,81,12,4
C0004214,P005,S0046,D0018,2024-03-05 15:30:14.842596,22,12,1
C0004215,P005,S0046,D0055,2024-03-08 21:51:24.582553,29,10,1
C0004216,P005,S0046,D0003,2024-03-09 12:39:40.012844,47,3,1
C0004217,P005,S0046,D0023,2024-03-14 05:49:22.020838,30,16,2
C0004218,P005,S0046,D0023,2024-03-13 02:33:52.124106,58,1,1
C0004219,P005,S0046,D0003,2024-03-13 16:53:41.894953,45,21,4
C0004220,P005,S0046,D0031,2024-03-05 05:10:49.041109,50,7,2
C0004221,P005,S0046,D0003,2024-03-16 03:42:30.905953,36,9,1
C0004222,P005,S0046,D0023,2024-03-09 14:08:37.513868,56,0,9
C0004223,P005,S0046,D0055,2024-03-11 07:29:22.723998,17,1,1
C0004224,P005,S0046,D0055,2024-03-13 11:50:17.494549,53,18,3
C0004225,P005,S0046,D0003,2024-03-09 02:36:24.448728,21,26,1
C0004226,P005,S0046,D0018,2024-03-10 05:58:37.609650,33,9,1
C0004227,P005,S0046,D0018,2024-03-11 01:09:29.149732,68,45,4
C0004228,P005,S0046,D0003,2024-03-13 16:05:34.143901,18,5,3
C0004229,P005,S0046,D0031,2024-03-14 18:33:33.502751,28,81,1
C0004230,P005,S0046,D0055,2024-03-04 02:35:33.229234,48,4,1
C0004231,P005,S0046,D0023,2024-03-09 06:47:37.279907,14,14,1
C0004232,P005,S0046,D0018,2024-03-07 14:04:40.697952,72,43,2
C0004233,P005,S0046,D0003,2024-03-08 14:29:03.845053,33,11,3
C0004234,P005,S0047,D0031,2024-03-23 17:27:15.773367,51,56,11
C0004235,P005,S0047,D0018,2024-03-21 19:20:51.181687,38,10,5
C0004236,P005,S0047,D0055,2024-03-23 14:10:19.197465,27,32,4
C0004237,P005,S0047,D0023,2024-03-27 09:50:16.190701,5,15,1
C0004238,P005,S0047,D0003,2024-03-21 17:12:44.391488,12,8,1
C0004239,P005,S0047,D0055,2024-03-18 12:54:20.388246,48,11,1
C0004240,P005,S0047,D0018,2024-03-23 09:06:28.757319,55,10,1
C0004241,P005,S0047,D0003,2024-03-25 16:07:05.942722,42,22,2
C0004242,P005,S0047,D0018,2024-03-28 10:09:21.540046,6,13,4
C0004243,P005,S0047,D0055,2024-03-29 04:20:23.626157,75,9,1
C0004244,P005,S0047,D0018,2024-03-29 08:40:24.966903,57,15,1
C0004245,P005,S0047,D0023,2024-03-19 14:53:10.217943,151,14,1
C0004246,P005,S0047,D0031,2024-03-29 16:38:01.706612,9,18,3
C0004247,P005,S0047,D0018,2024-03-28 09:57:57.445154,51,9,5
C0004248,P005,S0047,D0055,2024-03-17 22:30:01.782411,49,27,1
C0004249,P005,S0047,D0018,2024-03-24 17:09:11.527626,3,45,5
C0004250,P005,S0047,D0055,2024-03-23 15:38:06.917280,6,25,2
C0004251,P005,S0047,D0023,2024-03-21 13:09:01.541497,7,14,9
C0004252,P005,S0047,D0023,2024-03-19 15:37:04.375742,20,6,1
C0004253,P005,S0047,D0023,2024-03-27 00:57:19.035138,60,28,2
C0004254,P005,S0047,D0003,2024-03-28 07:37:32.638958,17,4,2
C0004255,P005,S0047,D0055,2024-03-17 09:38:03.615891,28,13,1
C0004256,P005,S0047,D0003,2024-03-23 16:48:42.785524,85,4,3
C0004257,P005,S0047,D0023,2024-03-19 22:37:01.758148,60,17,2
C0004258,P005,S0047,D0023,2024-03-22 21:45:29.785253,22,35,1
C0004259,P005,S0047,D0018,2024-03-27 15:33:38.469444,23,6,2
C0004260,P005,S0047,D0023,2024-03-18 17:49:28.619463,119,2,2
C0004261,P005,S0047,D0055,2024-03-27 12:16:49.911877,38,28,1
C0004262,P005,S0047,D0018,2024-03-19 09:06:26.513579,27,22,3
C0004263,P005,S0047,D0031,2024-03-27 17:50:24.512714,93,47,1
C0004264,P005,S0047,D0031,2024-03-27 12:56:21.929508,94,11,2
C0004265,P005,S0047,D0031,2024-03-19 21:09:34.731847,41,1,2
C0004266,P005,S0047,D0003,2024-03-20 08:31:18.865940,48,37,1
C0004267,P005,S0047,D0003,2024-03-23 10:13:09.585926,30,11,1
C0004268,P005,S0047,D0055,2024-03-28 15:11:59.886933,21,37,1
C0004269,P005,S0047,D0018,2024-03-21 14:59:24.052651,96,38,7
C0004270,P005,S0047,D0031,2024-03-26 12:02:01.252211,45,16,1
C0004271,P005,S0047,D0018,2024-03-26 22:34:49.288307,109,12,2
C0004272,P005,S0047,D0018,2024-03-25 00:49:24.448798,74,33,2
C0004273,P005,S0047,D0023,2024-03-24 19:24:04.459396,77,57,2
C0004274,P005,S0047,D0018,2024-03-24 02:11:05.742530,29,9,3
C0004275,P005,S0047,D0018,2024-03-24 04:02:20.552923,68,16,4
C0004276,P005,S0047,D0018,2024-03-30 14:40:59.851643,29,40,1
C0004277,P005,S0047,D0031,2024-03-27 04:45:25.447581,74,0,1
C0004278,P005,S0047,D0055,2024-03-23 09:32:01.452709,32,7,3
C0004279,P005,S0047,D0023,2024-03-24 03:32:32.771789,5,8,3
C0004280,P005,S0047,D0023,2024-03-23 16:35:31.726055,22,11,1
C0004281,P005,S0047,D0023,2024-03-25 12:11:37.051481,34,18,2
C0004282,P005,S0047,D0003,2024-03-19 08:27:49.013333,22,16,6
C0004283,P005,S0047,D0031,2024-03-27 13:50:02.393109,29,14,4
C0004284,P005,S0047,D0003,2024-03-29 21:08:40.308162,17,17,1
C0004285,P005,S0047,D0031,2024-03-28 03:43:03.929890,35,24,5
C0004286,P005,S0047,D0055,2024-03-22 19:38:17.503221,5,21,1
C0004287,P005,S0047,D0018,2024-03-22 10:22:25.982574,65,45,1
C0004288,P005,S0047,D0031,2024-03-19 22:14:59.944725,14,35,3
C0004289,P005,S0048,D0018,2024-04-08 03:13:50.014489,92,8,1
C0004290,P005,S0048,D0003,2024-04-08 21:37:53.700134,20,10,1
C0004291,P005,S0048,D0031,2024-04-12 13:55:45.780324,42,60,1
C0004292,P005,S0048,D0018,2024-04-07 15:20:19.628447,5,2,8
C0004293,P005,S0048,D0018,2024-04-12 23:46:04.139876,77,28,1
C0004294,P005,S0048,D0031,2024-04-10 03:27:19.151013,71,26,1
C0004295,P005,S0048,D0023,2024-04-11 14:17:37.898457,73,16,3
C0004296,P005,S0048,D0055,2024-04-13 00:36:21.013940,89,20,8
C0004297,P005,S0048,D0003,2024-04-06 09:45:55.012122,11,24,1
C0004298,P005,S0048,D0003,2024-04-07 23:16:12.318678,24,35,8
C0004299,P005,S0048,D0018,2024-04-03 12:40:21.123444,26,46,1
C0004300,P005,S0048,D0018,2024-04-02 20:02:55.908906,64,10,4
C0004301,P005,S0048,D0031,2024-04-09 11:17:59.992260,33,8,5
C0004302,P005,S0048,D0023,2024-04-01 14:24:05.720455,20,21,1
C0004303,P005,S0048,D0018,2024-04-12 16:07:07.208285,19,19,2
C0004304,P005,S0048,D0018,2024-04-12 23:54:22.319394,61,54,1
C0004305,P005,S0048,D0031,2024-04-10 16:50:20.276585,94,5,1
C0004306,P005,S0048,D0031,2024-04-08 22:07:02.751869,70,10,9
C0004307,P005,S0048,D0018,2024-04-05 15:49:50.197268,18,25,2
C0004308,P005,S0048,D0018,2024-04-02 16:34:48.845143,19,14,1
C0004309,P005,S0048,D0031,2024-04-10 05:13:12.914050,37,5,1
C0004310,P005,S0048,D0003,2024-04-01 16:38:16.238177,62,23,2
C0004311,P005,S0048,D0003,2024-04-03 04:27:08.521046,90,34,1
C0004312,P005,S0048,D0055,2024-04-11 00:36:32.985710,32,22,1
C0004313,P005,S0048,D0018,2024-04-03 18:02:10.161853,30,44,5
C0004314,P005,S0048,D0031,2024-03-31 10:14:15.872460,49,8,1
C0004315,P005,S0048,D0055,2024-04-13 01:58:05.946423,76,15,8
C0004316,P005,S0048,D0055,2024-04-08 02:09:17.546373,11,2,4
C0004317,P005,S0048,D0055,2024-04-01 21:53:20.984318,95,12,1
C0004318,P005,S0048,D0003,2024-04-10 07:41:02.057697,73,10,2
C0004319,P005,S0048,D0055,2024-04-05 12:25:17.800905,20,30,6
C0004320,P005,S0048,D0031,2024-04-06 15:58:13.792869,52,0,7
C0004321,P005,S0048,D0023,2024-04-09 10:49:22.443518,42,47,8
C0004322,P005,S0048,D0023,2024-04-02 20:23:30.361622,50,46,1
C0004323,P005,S0048,D0031,2024-04-10 19:27:45.995658,149,25,4
C0004324,P005,S0048,D0003,2024-04-05 19:31:34.045420,44,12,4
C0004325,P005,S0048,D0055,2024-04-13 15:23:21.784870,39,8,5
C0004326,P005,S0048,D0055,2024-04-13 00:07:57.480722,50,4,2
C0004327,P005,S0048,D0023,2024-04-07 20:30:59.264006,62,2,5
C0004328,P005,S0048,D0055,2024-04-12 16:50:57.438115,48,22,1
C0004329,P005,S0048,D0055,2024-04-04 22:37:31.612550,57,17,2
C0004330,P005,S0048,D0003,2024-04-09 12:13:14.174823,21,35,7
C0004331,P005,S0048,D0055,2024-04-07 12:21:14.159851,34,18,3
C0004332,P005,S0048,D0023,2024-04-09 07:24:12.651857,27,46,3
C0004333,P005,S0048,D0018,2024-04-01 05:52:14.913461,122,24,3
C0004334,P005,S0048,D0003,2024-04-08 09:05:21.987791,28,0,1
C0004335,P005,S0048,D0055,2024-04-08 04:50:55.464314,60,1,1
C0004336,P005,S0048,D0018,2024-04-11 17:23:08.752386,19,21,3
C0004337,P005,S0048,D0003,2024-04-10 16:15:53.521771,40,37,1
C0004338,P005,S0048,D0018,2024-04-09 22:07:12.337010,18,38,14
C0004339,P005,S0048,D0003,2024-04-10 23:56:25.868798,30,19,1
C0004340,P005,S0048,D0055,2024-04-03 23:36:08.488537,56,15,7
C0004341,P005,S0048,D0018,2024-04-12 18:51:56.608820,18,9,2
C0004342,P005,S0048,D0003,2024-04-07 18:35:00.499533,21,41,1
C0004343,P005,S0048,D0018,2024-04-03 00:46:44.428891,24,53,1
C0004344,P005,S0048,D0031,2024-04-07 13:18:03.153993,78,25,1
C0004345,P005,S0048,D0031,2024-04-07 22:33:08.563753,38,14,1
C0004346,P005,S0048,D0031,2024-04-02 14:08:24.567008,203,26,1
C0004347,P005,S0048,D0003,2024-04-06 02:04:15.767307,19,32,2
C0004348,P005,S0048,D0018,2024-04-07 21:42:51.666003,25,22,5
C0004349,P005,S0048,D0018,2024-04-07 13:39:04.915385,21,14,1
C0004350,P005,S0048,D0031,2024-04-09 05:34:13.671408,12,1,1
C0004351,P005,S0048,D0055,2024-04-09 18:24:01.089318,20,6,1
C0004352,P005,S0048,D0003,2024-04-12 03:34:08.431083,54,19,1
C0004353,P005,S0048,D0055,2024-04-06 10:45:01.243225,57,43,2
C0004354,P005,S0048,D0031,2024-04-09 07:53:56.757796,23,14,1
C0004355,P005,S0048,D0018,2024-04-02 16:29:31.684977,6,7,2
C0004356,P005,S0048,D0023,2024-04-08 11:07:16.035810,34,8,8
C0004357,P005,S0048,D0023,2024-04-05 11:41:57.174102,119,27,1
C0004358,P005,S0048,D0031,2024-04-05 00:47:58.489048,125,0,10
C0004359,P005,S0048,D0018,2024-04-10 13:16:25.012697,15,21,6
C0004360,P005,S0048,D0023,2024-04-07 03:00:04.836186,27,45,2
C0004361,P005,S0048,D0023,2024-04-10 22:27:15.417004,48,17,1
C0004362,P005,S0048,D0023,2024-04-05 20:19:56.742962,57,20,1
C0004363,P005,S0048,D0018,2024-04-06 03:36:58.470014,32,13,1
C0004364,P005,S0048,D0055,2024-04-08 20:53:50.562576,87,9,5
C0004365,P005,S0048,D0003,2024-04-05 16:21:56.214105,29,14,2
C0004366,P005,S0048,D0023,2024-04-11 00:47:19.026993,26,7,1
C0004367,P005,S0048,D0023,2024-04-12 23:25:58.133922,14,29,3
C0004368,P005,S0048,D0031,2024-04-12 17:44:27.058504,56,5,2
C0004369,P005,S0048,D0031,2024-04-03 08:46:14.577366,96,11,3
C0004370,P005,S0048,D0031,2024-04-10 03:13:22.167398,50,18,3
C0004371,P005,S0048,D0031,2024-03-31 02:33:19.265268,10,11,1
C0004372,P005,S0048,D0055,2024-04-05 11:06:01.400063,26,9,1
C0004373,P005,S0048,D0055,2024-04-06 12:04:17.221464,165,31,1
C0004374,P005,S0048,D0003,2024-04-09 18:15:42.466210,19,6,1
C0004375,P005,S0048,D0023,2024-04-07 18:02:07.201472,52,19,2
C0004376,P005,S0048,D0018,2024-04-05 17:56:33.551106,51,11,4
C0004377,P005,S0048,D0018,2024-04-09 13:51:44.287093,101,7,3
C0004378,P005,S0048,D0018,2024-04-10 00:15:13.741262,28,38,1
C0004379,P005,S0048,D0018,2024-04-04 03:04:51.636761,117,14,1
C0004380,P005,S0048,D0003,2024-04-04 08:58:50.527405,79,23,1
C0004381,P005,S0048,D0018,2024-04-03 13:23:24.901626,5,14,3
C0004382,P005,S0048,D0023,2024-04-12 02:23:41.312900,98,48,2
C0004383,P005,S0048,D0031,2024-04-02 17:59:12.761318,174,6,16
C0004384,P005,S0048,D0023,2024-04-04 01:51:06.707592,36,9,2
C0004385,P005,S0048,D0003,2024-04-10 05:05:12.437050,65,7,3
C0004386,P005,S0048,D0003,2024-04-02 09:39:47.942228,7,10,4
C0004387,P005,S0048,D0018,2024-04-06 12:47:10.053954,14,37,1
C0004388,P005,S0048,D0055,2024-04-07 12:13:04.810757,47,12,4
C0004389,P005,S0048,D0018,2024-04-08 18:14:00.030866,40,44,4
C0004390,P005,S0048,D0018,2024-04-01 00:14:30.566511,43,32,2
C0004391,P005,S0048,D0003,2024-04-09 04:25:52.964719,80,4,1
C0004392,P005,S0048,D0055,2024-03-31 11:34:30.411337,91,38,2
C0004393,P005,S0048,D0055,2024-04-08 15:56:33.751264,76,24,6
C0004394,P005,S0048,D0055,2024-04-10 05:23:15.845195,106,4,7
C0004395,P005,S0048,D0031,2024-04-08 15:19:40.700235,63,37,1
C0004396,P005,S0048,D0003,2024-04-03 09:29:30.168833,14,27,1
C0004397,P005,S0048,D0003,2024-04-06 13:20:52.032538,67,6,2
C0004398,P005,S0048,D0055,2024-04-08 17:53:05.991062,20,5,1
C0004399,P005,S0048,D0023,2024-04-03 04:38:49.354591,62,4,2
C0004400,P005,S0048,D0018,2024-04-10 21:24:05.749786,126,27,1
C0004401,P005,S0048,D0003,2024-04-02 15:15:47.246358,19,14,2
C0004402,P005,S0049,D0055,2024-04-17 09:03:17.218214,40,29,9
C0004403,P005,S0049,D0055,2024-04-26 16:34:52.814263,114,14,2
C0004404,P005,S0049,D0003,2024-04-16 04:35:25.083933,31,37,2
C0004405,P005,S0049,D0023,2024-04-15 02:36:00.342782,31,21,3
C0004406,P005,S0049,D0031,2024-04-15 01:27:09.266482,64,7,3
C0004407,P005,S0049,D0055,2024-04-16 20:25:53.300140,85,3,8
C0004408,P005,S0049,D0018,2024-04-26 20:53:25.645029,7,38,1
C0004409,P005,S0049,D0055,2024-04-19 11:47:48.112003,100,41,2
C0004410,P005,S0049,D0023,2024-04-23 18:28:08.910716,21,91,3
C0004411,P005,S0049,D0031,2024-04-22 08:00:16.223667,19,9,2
C0004412,P005,S0049,D0031,2024-04-16 21:12:13.970846,107,45,1
C0004413,P005,S0049,D0031,2024-04-21 06:36:06.774264,134,12,1
C0004414,P005,S0049,D0031,2024-04-15 00:24:06.483163,14,29,6
C0004415,P005,S0049,D0023,2024-04-18 11:28:45.518344,101,17,4
C0004416,P005,S0049,D0023,2024-04-18 01:53:23.247591,50,52,2
C0004417,P005,S0049,D0023,2024-04-25 14:56:08.117105,79,28,1
C0004418,P005,S0049,D0031,2024-04-21 20:52:18.137476,19,17,1
C0004419,P005,S0049,D0003,2024-04-15 10:42:13.041744,52,3,2
C0004420,P005,S0049,D0018,2024-04-17 18:35:54.245084,103,21,4
C0004421,P005,S0049,D0055,2024-04-18 09:50:39.727425,20,31,3
C0004422,P005,S0049,D0023,2024-04-18 21:45:46.512076,44,15,2
C0004423,P005,S0049,D0023,2024-04-21 01:30:47.383997,18,36,4
C0004424,P005,S0049,D0031,2024-04-14 16:25:40.784970,60,22,1
C0004425,P005,S0049,D0023,2024-04-20 02:36:17.635475,77,61,1
C0004426,P005,S0049,D0031,2024-04-21 20:42:52.436448,6,10,3
C0004427,P005,S0049,D0023,2024-04-22 03:48:08.437936,66,24,1
C0004428,P005,S0049,D0031,2024-04-24 18:52:34.294626,74,8,2
C0004429,P005,S0049,D0023,2024-04-21 20:10:36.294832,113,50,3
C0004430,P005,S0049,D0055,2024-04-22 11:26:54.388760,20,9,1
C0004431,P005,S0049,D0003,2024-04-26 13:05:08.947911,69,33,1
C0004432,P005,S0049,D0023,2024-04-22 08:29:58.175709,29,25,4
C0004433,P005,S0049,D0003,2024-04-26 18:14:39.526106,55,14,3
C0004434,P005,S0049,D0003,2024-04-20 19:34:09.849260,11,5,1
C0004435,P005,S0049,D0018,2024-04-22 00:42:17.829364,47,2,4
C0004436,P005,S0049,D0023,2024-04-23 19:23:49.334598,42,13,1
C0004437,P005,S0049,D0003,2024-04-22 11:10:18.499885,57,45,11
C0004438,P005,S0049,D0018,2024-04-24 02:10:41.059046,45,4,3
C0004439,P005,S0049,D0018,2024-04-19 16:27:32.961534,46,19,1
C0004440,P005,S0049,D0023,2024-04-15 18:56:42.764369,36,66,1
C0004441,P005,S0049,D0031,2024-04-23 09:25:11.924430,31,19,1
C0004442,P005,S0049,D0031,2024-04-19 05:19:06.706190,30,5,1
C0004443,P005,S0049,D0055,2024-04-17 01:17:04.715460,55,50,3
C0004444,P005,S0049,D0023,2024-04-15 03:48:22.190311,31,5,1
C0004445,P005,S0049,D0023,2024-04-17 22:07:26.659804,22,82,7
C0004446,P005,S0049,D0031,2024-04-25 13:42:58.620894,31,22,1
C0004447,P005,S0049,D0018,2024-04-21 23:07:49.906711,57,69,4
C0004448,P005,S0049,D0018,2024-04-18 01:38:14.757641,48,51,3
C0004449,P005,S0049,D0003,2024-04-19 00:37:21.690077,154,39,3
C0004450,P005,S0049,D0031,2024-04-16 05:46:04.757079,9,0,3
C0004451,P005,S0049,D0055,2024-04-24 08:49:48.396709,9,53,4
C0004452,P005,S0049,D0018,2024-04-22 13:21:33.423926,25,7,6
C0004453,P005,S0049,D0003,2024-04-21 09:51:50.057918,56,30,1
C0004454,P005,S0049,D0018,2024-04-25 11:55:35.873663,49,3,1
C0004455,P005,S0049,D0003,2024-04-18 19:26:08.704311,73,9,1
C0004456,P005,S0049,D0018,2024-04-25 18:23:14.838900,21,8,3
C0004457,P005,S0049,D0023,2024-04-23 20:07:39.210633,30,51,5
C0004458,P005,S0049,D0003,2024-04-15 03:22:03.183717,59,43,6
C0004459,P005,S0049,D0003,2024-04-23 04:08:01.126774,99,30,1
C0004460,P005,S0049,D0055,2024-04-21 12:37:49.537580,108,13,3
C0004461,P005,S0049,D0003,2024-04-26 10:34:09.996877,37,20,3
C0004462,P005,S0049,D0031,2024-04-16 05:12:53.726412,65,22,3
C0004463,P005,S0049,D0003,2024-04-15 11:25:13.574198,100,23,1
C0004464,P005,S0049,D0018,2024-04-16 02:34:47.728293,35,21,7
C0004465,P005,S0049,D0023,2024-04-22 22:53:50.115478,35,20,8
C0004466,P005,S0049,D0018,2024-04-17 03:43:08.076680,23,8,6
C0004467,P005,S0049,D0023,2024-04-22 06:16:51.501361,96,4,1
C0004468,P005,S0049,D0031,2024-04-18 02:49:11.497759,13,11,3
C0004469,P005,S0049,D0023,2024-04-18 18:21:36.060274,58,12,2
C0004470,P005,S0049,D0018,2024-04-14 07:04:22.061779,23,1,3
C0004471,P005,S0049,D0055,2024-04-23 05:36:28.817862,44,14,2
C0004472,P005,S0049,D0031,2024-04-15 01:35:40.541316,13,9,2
C0004473,P005,S0049,D0018,2024-04-24 03:05:36.488974,51,5,1
C0004474,P005,S0049,D0018,2024-04-21 10:06:43.967115,30,9,3
C0004475,P005,S0049,D0018,2024-04-23 15:30:32.365043,6,52,7
C0004476,P005,S0049,D0003,2024-04-24 20:10:47.869457,22,41,2
C0004477,P005,S0049,D0031,2024-04-18 14:50:18.288190,33,39,4
C0004478,P005,S0049,D0018,2024-04-21 18:54:28.436910,27,50,1
C0004479,P005,S0049,D0023,2024-04-21 04:10:57.853953,41,1,5
C0004480,P005,S0049,D0055,2024-04-16 23:52:45.195787,39,2,1
C0004481,P005,S0049,D0023,2024-04-19 18:13:55.460279,3,31,3
C0004482,P005,S0049,D0031,2024-04-20 16:06:29.242670,45,8,2
C0004483,P005,S0049,D0031,2024-04-19 05:04:40.160934,80,6,1
C0004484,P005,S0049,D0018,2024-04-20 23:39:57.495026,63,5,3
C0004485,P005,S0049,D0055,2024-04-21 10:58:47.560254,27,44,4
C0004486,P005,S0049,D0003,2024-04-23 04:56:36.820766,16,43,8
C0004487,P005,S0049,D0031,2024-04-25 10:50:33.646340,35,3,3
C0004488,P005,S0049,D0003,2024-04-25 07:24:23.515398,80,18,1
C0004489,P005,S0049,D0018,2024-04-18 04:07:36.416775,59,21,1
C0004490,P005,S0049,D0031,2024-04-16 19:23:02.605736,41,2,5
C0004491,P005,S0049,D0031,2024-04-16 02:14:31.479911,46,15,2
C0004492,P005,S0049,D0023,2024-04-22 09:43:27.084783,97,29,3
C0004493,P005,S0050,D0003,2024-05-10 03:30:25.377498,16,44,1
C0004494,P005,S0050,D0003,2024-05-06 02:19:14.458288,28,2,1
C0004495,P005,S0050,D0003,2024-05-11 02:30:45.020790,53,12,3
C0004496,P005,S0050,D0018,2024-05-07 15:53:22.643667,57,22,3
C0004497,P005,S0050,D0031,2024-05-04 17:05:56.409056,114,31,2
C0004498,P005,S0050,D0031,2024-05-06 20:04:03.370569,50,56,1
C0004499,P005,S0050,D0018,2024-05-01 07:49:50.288031,96,29,5
C0004500,P005,S0050,D0003,2024-05-11 18:22:42.362005,38,0,6
C0004501,P005,S0050,D0055,2024-05-11 06:01:20.995628,12,79,4
C0004502,P005,S0050,D0003,2024-05-07 20:55:19.103056,163,10,2
C0004503,P005,S0050,D0055,2024-05-07 21:31:49.012847,9,34,4
C0004504,P005,S0050,D0055,2024-04-30 15:51:30.296791,38,24,3
C0004505,P005,S0050,D0003,2024-04-30 16:48:06.596934,7,15,1
C0004506,P005,S0050,D0023,2024-05-04 13:12:01.790381,19,46,4
C0004507,P005,S0050,D0055,2024-05-04 00:39:29.792186,25,63,7
C0004508,P005,S0050,D0018,2024-05-02 03:41:17.778134,39,41,1
C0004509,P005,S0050,D0031,2024-05-09 23:39:10.105826,63,4,1
C0004510,P005,S0050,D0023,2024-05-11 10:33:55.998464,84,15,1
C0004511,P005,S0050,D0023,2024-05-11 10:11:16.989491,55,15,5
C0004512,P005,S0050,D0055,2024-05-07 22:52:42.466967,50,0,5
C0004513,P005,S0050,D0018,2024-05-09 18:07:24.274154,44,10,1
C0004514,P005,S0050,D0031,2024-05-07 06:33:07.341131,49,15,1
C0004515,P005,S0050,D0023,2024-05-01 16:07:56.479522,103,49,1
C0004516,P005,S0050,D0031,2024-05-10 05:11:37.794807,21,9,1
C0004517,P005,S0050,D0023,2024-05-05 19:00:58.911933,6,33,1
C0004518,P005,S0050,D0018,2024-05-01 23:44:17.752832,30,25,1
C0004519,P005,S0050,D0055,2024-05-04 07:08:22.495809,35,10,1
C0004520,P005,S0050,D0003,2024-05-01 23:28:51.609897,119,22,5
C0004521,P005,S0050,D0018,2024-05-04 12:54:21.498245,181,36,1
C0004522,P005,S0050,D0018,2024-05-04 22:36:57.325603,55,14,1
C0004523,P005,S0050,D0031,2024-04-29 08:24:08.227286,33,37,1
C0004524,P005,S0050,D0018,2024-05-02 06:27:38.019953,34,20,4
C0004525,P005,S0050,D0018,2024-05-01 19:13:53.749625,6,17,2
C0004526,P005,S0050,D0055,2024-05-05 15:24:33.802733,2,32,6
C0004527,P005,S0050,D0055,2024-05-03 16:05:23.190573,27,17,1
C0004528,P005,S0050,D0003,2024-05-08 05:26:26.852151,44,7,4
C0004529,P005,S0050,D0031,2024-04-29 08:15:19.445736,66,21,2
C0004530,P005,S0050,D0031,2024-05-06 15:37:02.826060,23,8,5
C0004531,P005,S0050,D0023,2024-05-10 14:00:55.011844,33,10,1
C0004532,P005,S0050,D0031,2024-05-06 20:51:30.095283,135,27,4
C0004533,P005,S0050,D0003,2024-05-08 12:41:30.842508,45,35,2
C0004534,P005,S0050,D0031,2024-05-08 20:34:48.646202,32,25,2
C0004535,P005,S0050,D0031,2024-04-29 11:08:35.478638,29,9,1
C0004536,P005,S0050,D0055,2024-04-30 01:20:27.611114,64,9,1
C0004537,P005,S0050,D0018,2024-05-02 05:55:08.515279,53,85,6
C0004538,P005,S0050,D0023,2024-05-03 08:08:03.330325,18,11,1
C0004539,P005,S0050,D0055,2024-05-09 17:46:49.497895,19,9,5
C0004540,P005,S0050,D0003,2024-05-09 09:52:50.862684,151,20,9
C0004541,P005,S0050,D0003,2024-04-30 10:51:52.236589,47,23,8
C0004542,P005,S0050,D0023,2024-05-02 16:58:30.634586,88,12,1
C0004543,P005,S0050,D0055,2024-05-10 22:01:59.706069,97,38,3
C0004544,P005,S0050,D0031,2024-04-29 22:39:45.173323,67,14,5
C0004545,P005,S0050,D0031,2024-04-30 18:05:47.700766,43,15,1
C0004546,P005,S0050,D0018,2024-05-06 10:29:15.864255,57,7,4
C0004547,P005,S0050,D0018,2024-05-03 16:46:41.474036,76,2,3
C0004548,P005,S0050,D0018,2024-05-10 03:05:32.595916,16,9,1
C0004549,P005,S0050,D0055,2024-05-01 06:21:35.151498,65,32,2
C0004550,P005,S0050,D0003,2024-05-08 11:25:12.017159,44,10,3
C0004551,P005,S0050,D0023,2024-05-10 13:41:34.492627,32,55,1
C0004552,P005,S0050,D0023,2024-04-29 21:57:19.341170,52,36,3
C0004553,P005,S0050,D0055,2024-05-09 14:31:46.606955,87,10,3
C0004554,P005,S0050,D0018,2024-05-08 21:00:32.332053,86,3,5
C0004555,P005,S0050,D0055,2024-05-03 10:15:56.713726,70,24,2
C0004556,P005,S0050,D0031,2024-05-05 07:18:55.305135,21,20,5
C0004557,P005,S0050,D0003,2024-05-04 11:26:23.757814,49,18,6
C0004558,P005,S0050,D0018,2024-05-11 05:25:54.982748,5,27,4
C0004559,P005,S0050,D0055,2024-05-09 09:42:51.172599,12,13,4
C0004560,P005,S0050,D0055,2024-04-29 07:12:56.289748,32,36,1
C0004561,P005,S0050,D0023,2024-05-08 02:59:44.977870,45,58,1
C0004562,P005,S0050,D0018,2024-05-07 19:51:40.015142,58,25,1
C0004563,P005,S0050,D0031,2024-05-04 05:47:15.482362,59,25,5
C0004564,P005,S0050,D0023,2024-05-02 23:51:05.543623,80,19,2
C0004565,P005,S0050,D0031,2024-05-06 01:59:13.841221,85,25,1
C0004566,P005,S0050,D0018,2024-05-09 09:21:33.336556,50,11,1
C0004567,P005,S0050,D0055,2024-05-01 18:03:50.119566,70,25,3
C0004568,P005,S0050,D0018,2024-05-06 09:22:51.099446,200,12,1
C0004569,P005,S0050,D0018,2024-05-06 17:43:48.486330,72,36,1
C0004570,P005,S0050,D0055,2024-04-30 18:42:09.900188,21,11,5
C0004571,P005,S0050,D0055,2024-05-02 16:24:18.706998,13,7,5
C0004572,P005,S0050,D0018,2024-05-07 12:25:29.841362,58,7,1
C0004573,P005,S0050,D0055,2024-04-28 20:33:52.281883,56,9,1
C0004574,P005,S0050,D0055,2024-05-09 16:51:13.411844,97,44,1
C0004575,P005,S0050,D0018,2024-05-08 19:15:22.314468,98,9,5
C0004576,P005,S0050,D0003,2024-05-05 02:31:44.375413,91,36,4
C0004577,P005,S0050,D0023,2024-05-06 06:17:32.026528,124,16,1
C0004578,P005,S0050,D0023,2024-04-29 07:59:44.598291,44,97,1
C0004579,P005,S0050,D0031,2024-05-02 00:08:23.484789,10,7,2
C0004580,P005,S0050,D0003,2024-05-07 05:49:37.941641,36,24,1
C0004581,P005,S0050,D0055,2024-05-05 06:56:13.883783,40,60,1
C0004582,P005,S0050,D0055,2024-05-02 18:42:36.859150,53,5,1
C0004583,P005,S0050,D0018,2024-04-29 05:26:15.560871,96,13,2
C0004584,P005,S0050,D0031,2024-05-04 20:03:38.579216,45,34,10
C0004585,P005,S0050,D0031,2024-05-07 02:54:23.771912,113,83,11
C0004586,P005,S0050,D0023,2024-05-07 07:44:57.240680,27,27,4
C0004587,P005,S0050,D0018,2024-05-03 03:17:38.707603,81,52,6
C0004588,P005,S0050,D0031,2024-04-30 15:08:46.865769,7,27,3
C0004589,P005,S0050,D0023,2024-05-06 03:29:19.415183,63,45,16
C0004590,P005,S0050,D0055,2024-05-05 10:28:18.488606,117,22,9
C0004591,P005,S0050,D0003,2024-05-09 14:46:23.263043,12,29,5
C0004592,P005,S0050,D0055,2024-04-30 08:27:49.612569,43,36,1
C0004593,P005,S0050,D0023,2024-05-05 15:42:46.374198,11,55,1
C0004594,P005,S0050,D0031,2024-05-06 11:53:55.935914,69,25,5
C0004595,P005,S0050,D0018,2024-05-09 20:43:21.081462,166,39,1
C0004596,P005,S0050,D0055,2024-05-04 14:50:31.974876,22,16,1
C0004597,P005,S0050,D0031,2024-04-30 21:34:46.598805,29,8,1
C0004598,P005,S0050,D0055,2024-04-30 20:21:42.374810,125,7,3
C0004599,P005,S0050,D0031,2024-05-08 23:43:22.994242,49,40,1
C0004600,P005,S0050,D0003,2024-05-10 08:20:46.578468,72,17,1
C0004601,P005,S0050,D0003,2024-04-30 04:15:16.122550,55,3,1
C0004602,P005,S0050,D0031,2024-04-29 18:28:01.625337,79,4,2
C0004603,P005,S0050,D0003,2024-04-29 20:38:18.470461,33,12,1
C0004604,P005,S0050,D0018,2024-05-06 10:35:31.419412,49,18,6
C0004605,P005,S0050,D0031,2024-05-03 21:48:05.566981,10,37,5
C0004606,P005,S0050,D0055,2024-05-03 09:50:22.637249,33,28,2
C0004607,P005,S0050,D0055,2024-05-01 09:09:18.296249,17,2,2
C0004608,P005,S0050,D0023,2024-05-09 02:23:05.700010,36,19,1
C0004609,P005,S0050,D0003,2024-05-10 05:20:48.019515,25,21,3
C0004610,P006,S0051,D0052,2023-12-01 21:37:51.838727,143,13,5
C0004611,P006,S0051,D0038,2023-11-25 11:01:44.487807,45,7,1
C0004612,P006,S0051,D0038,2023-11-28 14:12:30.718993,144,8,3
C0004613,P006,S0051,D0049,2023-11-30 05:14:22.981857,96,9,3
C0004614,P006,S0051,D0038,2023-11-24 21:25:50.008158,148,14,1
C0004615,P006,S0051,D0007,2023-11-30 17:06:12.186864,14,42,8
C0004616,P006,S0051,D0049,2023-11-25 04:39:33.474738,59,27,1
C0004617,P006,S0051,D0029,2023-11-26 23:33:30.924519,95,7,6
C0004618,P006,S0051,D0032,2023-11-27 23:59:46.551337,231,21,2
C0004619,P006,S0051,D0012,2023-11-26 05:43:30.428747,193,10,1
C0004620,P006,S0051,D0052,2023-12-03 13:06:03.694925,133,28,4
C0004621,P006,S0051,D0020,2023-12-02 20:33:15.194369,0,26,2
C0004622,P006,S0051,D0012,2023-11-22 23:40:40.597422,108,6,5
C0004623,P006,S0051,D0035,2023-11-28 14:31:24.055277,34,40,2
C0004624,P006,S0051,D0058,2023-11-27 16:40:06.852396,162,60,3
C0004625,P006,S0051,D0038,2023-11-26 10:34:49.005190,24,27,1
C0004626,P006,S0051,D0052,2023-12-01 13:24:30.406165,70,26,4
C0004627,P006,S0051,D0058,2023-11-30 12:56:14.166668,49,16,3
C0004628,P006,S0051,D0014,2023-11-23 09:35:27.210528,36,45,1
C0004629,P006,S0051,D0035,2023-12-01 08:56:59.512322,1,6,3
C0004630,P006,S0051,D0035,2023-12-03 06:13:00.541542,53,15,6
C0004631,P006,S0051,D0038,2023-11-26 20:13:26.294837,83,8,3
C0004632,P006,S0051,D0034,2023-11-25 04:36:28.667879,7,28,1
C0004633,P006,S0051,D0032,2023-11-30 21:36:04.088908,83,25,2
C0004634,P006,S0051,D0014,2023-12-01 14:52:53.159661,35,41,3
C0004635,P006,S0051,D0032,2023-11-23 07:55:30.458425,55,2,3
C0004636,P006,S0051,D0034,2023-12-02 22:10:24.985886,101,12,1
C0004637,P006,S0051,D0005,2023-12-02 13:18:03.137573,88,26,5
C0004638,P006,S0051,D0038,2023-11-29 12:44:27.449655,43,11,5
C0004639,P006,S0051,D0007,2023-11-23 01:47:38.332262,71,31,1
C0004640,P006,S0051,D0035,2023-12-03 01:10:43.239128,62,4,1
C0004641,P006,S0051,D0035,2023-11-29 03:27:07.800960,51,15,4
C0004642,P006,S0051,D0048,2023-11-27 06:06:41.649302,46,23,1
C0004643,P006,S0051,D0007,2023-11-28 19:38:10.811532,17,10,1
C0004644,P006,S0051,D0052,2023-11-21 02:54:35.472915,16,19,2
C0004645,P006,S0051,D0022,2023-11-22 06:45:51.354691,56,16,5
C0004646,P006,S0051,D0012,2023-11-24 04:28:32.938372,56,28,2
C0004647,P006,S0051,D0029,2023-11-23 07:26:41.350692,91,31,10
C0004648,P006,S0051,D0048,2023-11-23 08:05:20.448105,49,4,2
C0004649,P006,S0051,D0005,2023-11-23 12:23:32.599528,154,31,9
C0004650,P006,S0051,D0022,2023-11-29 02:33:21.601221,33,4,2
C0004651,P006,S0051,D0048,2023-11-30 22:56:25.646785,47,11,1
C0004652,P006,S0051,D0058,2023-11-27 14:48:56.896406,13,15,4
C0004653,P006,S0051,D0029,2023-11-28 05:55:38.852627,14,49,1
C0004654,P006,S0051,D0020,2023-12-03 05:48:01.874354,28,13,2
C0004655,P006,S0051,D0002,2023-12-01 09:04:20.888012,7,9,8
C0004656,P006,S0051,D0007,2023-11-29 15:51:26.792166,23,8,8
C0004657,P006,S0051,D0012,2023-11-22 15:38:39.493041,28,7,1
C0004658,P006,S0051,D0002,2023-11-20 19:31:00.573186,9,133,1
C0004659,P006,S0051,D0049,2023-11-29 11:41:21.588264,61,28,3
C0004660,P006,S0051,D0005,2023-11-20 20:48:02.795794,18,4,1
C0004661,P006,S0051,D0058,2023-11-23 07:45:03.209808,79,16,6
C0004662,P006,S0051,D0038,2023-12-01 02:39:36.104993,49,24,6
C0004663,P006,S0051,D0022,2023-11-25 23:37:01.544153,4,28,1
C0004664,P006,S0051,D0048,2023-11-21 11:19:46.739377,28,31,2
C0004665,P006,S0051,D0014,2023-11-27 20:41:53.824745,44,25,3
C0004666,P006,S0051,D0007,2023-11-23 09:47:15.633603,17,5,3
C0004667,P006,S0051,D0058,2023-11-30 16:08:05.273602,56,23,2
C0004668,P006,S0051,D0029,2023-12-01 02:10:06.293027,27,25,3
C0004669,P006,S0051,D0034,2023-11-26 20:25:38.852971,72,15,2
C0004670,P006,S0051,D0049,2023-11-29 00:18:57.557788,52,4,1
C0004671,P006,S0051,D0034,2023-11-25 16:05:43.910519,26,14,4
C0004672,P006,S0051,D0012,2023-11-20 19:13:21.790532,12,26,1
C0004673,P006,S0051,D0012,2023-11-30 13:25:45.459071,66,40,2
C0004674,P006,S0051,D0048,2023-11-28 21:39:28.054676,57,16,6
C0004675,P006,S0051,D0012,2023-11-23 20:32:26.790643,89,7,1
C0004676,P006,S0051,D0058,2023-11-30 15:58:22.339286,15,37,1
C0004677,P006,S0051,D0007,2023-11-28 13:25:19.776873,17,29,6
C0004678,P006,S0051,D0038,2023-11-29 12:27:26.236212,12,39,1
C0004679,P006,S0051,D0002,2023-11-23 20:05:40.099250,30,7,1
C0004680,P006,S0051,D0022,2023-11-28 21:08:20.300951,77,13,2
C0004681,P006,S0051,D0002,2023-11-30 00:32:26.490451,43,30,1
C0004682,P006,S0051,D0052,2023-12-02 10:34:52.396993,45,2,2
C0004683,P006,S0051,D0048,2023-11-21 04:10:45.665819,11,38,4
C0004684,P006,S0051,D0029,2023-12-03 09:34:34.399377,114,24,2
C0004685,P006,S0051,D0012,2023-11-25 01:29:59.644561,37,19,2
C0004686,P006,S0051,D0014,2023-12-02 00:12:05.010069,31,10,4
C0004687,P006,S0051,D0005,2023-12-01 20:37:15.383725,7,17,1
C0004688,P006,S0051,D0048,2023-11-22 07:40:36.493880,14,48,3
C0004689,P006,S0051,D0012,2023-11-23 04:17:51.998807,17,22,2
C0004690,P006,S0051,D0052,2023-12-03 04:29:23.304298,22,33,1
C0004691,P006,S0051,D0048,2023-12-01 02:10:24.635924,115,16,1
C0004692,P006,S0051,D0020,2023-11-25 01:34:52.903211,46,16,2
C0004693,P006,S0051,D0014,2023-11-25 07:17:07.541459,11,37,7
C0004694,P006,S0051,D0049,2023-11-26 07:17:22.593839,48,17,1
C0004695,P006,S0051,D0014,2023-11-26 05:00:17.268568,59,21,1
C0004696,P006,S0051,D0020,2023-11-22 11:41:01.843354,19,17,1
C0004697,P006,S0051,D0022,2023-11-26 14:53:55.350839,9,62,3
C0004698,P006,S0051,D0035,2023-11-21 06:55:29.030912,27,5,1
C0004699,P006,S0051,D0012,2023-11-20 12:09:33.037403,75,2,3
C0004700,P006,S0051,D0005,2023-11-28 23:57:56.918461,64,1,1
C0004701,P006,S0051,D0035,2023-11-23 01:50:48.402835,38,10,1
C0004702,P006,S0051,D0048,2023-11-22 08:35:25.028183,10,52,4
C0004703,P006,S0051,D0014,2023-11-30 21:54:12.943909,30,38,1
C0004704,P006,S0051,D0049,2023-11-30 02:16:48.211355,61,32,2
C0004705,P006,S0051,D0038,2023-12-01 20:15:43.121766,26,9,2
C0004706,P006,S0051,D0052,2023-12-01 16:40:12.550194,72,8,4
C0004707,P006,S0051,D0052,2023-11-25 05:12:02.614985,50,12,4
C0004708,P006,S0051,D0022,2023-11-28 21:22:04.009462,37,6,6
C0004709,P006,S0051,D0007,2023-11-30 23:56:55.844145,33,17,2
C0004710,P006,S0051,D0049,2023-12-02 09:17:15.371144,10,11,1
C0004711,P006,S0051,D0035,2023-11-30 15:34:31.795857,11,2,2
C0004712,P006,S0051,D0014,2023-11-26 21:49:36.695715,65,1,4
C0004713,P006,S0051,D0034,2023-11-24 11:24:07.378207,25,22,2
C0004714,P006,S0051,D0032,2023-11-21 07:08:50.663635,16,11,1
C0004715,P006,S0051,D0022,2023-11-27 20:58:19.828030,77,19,1
C0004716,P006,S0051,D0012,2023-11-28 20:26:39.927222,18,21,4
C0004717,P006,S0051,D0020,2023-11-24 22:27:19.189661,53,33,4
C0004718,P006,S0051,D0005,2023-11-23 16:45:52.827048,8,8,2
C0004719,P006,S0051,D0005,2023-11-29 20:11:26.791370,140,36,1
C0004720,P006,S0051,D0022,2023-11-29 16:17:21.818935,151,30,2
C0004721,P006,S0051,D0049,2023-11-22 14:25:29.958042,3,16,1
C0004722,P006,S0051,D0014,2023-11-26 22:02:20.953022,55,55,1
C0004723,P006,S0051,D0007,2023-11-30 19:25:37.254636,-1,8,2
C0004724,P006,S0051,D0002,2023-11-21 02:52:56.723535,110,3,1
C0004725,P006,S0051,D0032,2023-12-01 06:26:27.127223,12,0,10
C0004726,P006,S0051,D0034,2023-11-23 15:05:17.355870,48,9,1
C0004727,P006,S0051,D0002,2023-12-01 10:56:34.332242,12,47,2
C0004728,P006,S0051,D0052,2023-12-01 23:24:18.486532,70,23,8
C0004729,P006,S0051,D0049,2023-12-02 11:05:51.371651,53,11,2
C0004730,P006,S0051,D0049,2023-11-22 03:00:06.306454,43,60,4
C0004731,P006,S0051,D0007,2023-12-01 17:48:53.054575,46,6,1
C0004732,P006,S0051,D0048,2023-11-21 21:28:26.156949,15,38,2
C0004733,P006,S0051,D0035,2023-11-30 17:11:43.087581,95,34,2
C0004734,P006,S0051,D0005,2023-12-03 14:32:33.243660,19,2,1
C0004735,P006,S0051,D0012,2023-11-24 14:29:18.456245,33,7,5
C0004736,P006,S0051,D0005,2023-11-25 09:21:13.935627,24,57,11
C0004737,P006,S0051,D0022,2023-11-30 16:58:38.822302,25,19,1
C0004738,P006,S0051,D0012,2023-11-24 13:43:28.528179,26,27,3
C0004739,P006,S0051,D0029,2023-11-30 22:19:37.062055,56,28,2
C0004740,P006,S0051,D0048,2023-11-22 17:33:04.223610,119,26,2
C0004741,P006,S0051,D0014,2023-11-27 02:52:06.750705,42,15,5
C0004742,P006,S0051,D0058,2023-11-23 02:44:54.725076,10,56,1
C0004743,P006,S0051,D0052,2023-11-22 23:01:53.099934,22,5,1
C0004744,P006,S0052,D0020,2023-12-09 21:14:30.225293,26,92,5
C0004745,P006,S0052,D0005,2023-12-14 10:48:34.971598,17,57,6
C0004746,P006,S0052,D0002,2023-12-09 18:21:00.022044,34,21,2
C0004747,P006,S0052,D0035,2023-12-14 12:17:44.647758,6,46,1
C0004748,P006,S0052,D0032,2023-12-13 19:09:16.960140,65,10,1
C0004749,P006,S0052,D0038,2023-12-15 08:34:33.994799,78,17,1
C0004750,P006,S0052,D0052,2023-12-14 21:31:45.137761,21,8,13
C0004751,P006,S0052,D0012,2023-12-10 11:29:30.042910,34,44,5
C0004752,P006,S0052,D0038,2023-12-05 13:21:07.545211,94,18,3
C0004753,P006,S0052,D0032,2023-12-10 20:57:10.296423,47,22,4
C0004754,P006,S0052,D0002,2023-12-12 19:08:53.628069,39,6,4
C0004755,P006,S0052,D0058,2023-12-08 04:50:11.206455,36,32,6
C0004756,P006,S0052,D0035,2023-12-06 11:23:30.101687,59,22,3
C0004757,P006,S0052,D0022,2023-12-13 23:56:31.283455,30,54,2
C0004758,P006,S0052,D0048,2023-12-10 07:53:25.870820,78,22,1
C0004759,P006,S0052,D0002,2023-12-13 09:17:16.924367,48,34,2
C0004760,P006,S0052,D0049,2023-12-15 20:19:49.201396,51,7,1
C0004761,P006,S0052,D0052,2023-12-11 06:01:48.617978,43,17,1
C0004762,P006,S0052,D0002,2023-12-15 23:48:37.971481,69,31,3
C0004763,P006,S0052,D0049,2023-12-05 00:52:08.151793,21,64,2
C0004764,P006,S0052,D0022,2023-12-11 02:44:18.648516,65,28,4
C0004765,P006,S0052,D0029,2023-12-08 07:57:46.746260,48,18,1
C0004766,P006,S0052,D0005,2023-12-14 09:31:40.105555,84,13,1
C0004767,P006,S0052,D0035,2023-12-05 02:41:06.959036,35,21,3
C0004768,P006,S0052,D0058,2023-12-06 13:33:03.129765,16,9,1
C0004769,P006,S0052,D0012,2023-12-12 15:51:52.879592,30,29,4
C0004770,P006,S0052,D0007,2023-12-04 23:09:56.646648,18,8,1
C0004771,P006,S0052,D0032,2023-12-15 05:04:10.155046,52,71,1
C0004772,P006,S0052,D0014,2023-12-15 05:32:59.816299,82,14,1
C0004773,P006,S0052,D0034,2023-12-14 06:59:44.977452,60,66,2
C0004774,P006,S0052,D0002,2023-12-16 04:04:39.531786,37,25,11
C0004775,P006,S0052,D0049,2023-12-17 04:04:25.713517,46,10,2
C0004776,P006,S0052,D0014,2023-12-14 20:13:48.270687,14,14,1
C0004777,P006,S0052,D0020,2023-12-14 02:21:22.706476,29,6,1
C0004778,P006,S0052,D0012,2023-12-05 21:39:26.393540,23,15,1
C0004779,P006,S0052,D0032,2023-12-06 08:42:21.525190,9,4,2
C0004780,P006,S0052,D0038,2023-12-16 21:17:04.882429,14,5,1
C0004781,P006,S0052,D0034,2023-12-12 15:17:54.983963,10,7,5
C0004782,P006,S0052,D0007,2023-12-07 16:50:41.265839,156,17,1
C0004783,P006,S0052,D0022,2023-12-09 16:26:50.203495,39,6,1
C0004784,P006,S0052,D0005,2023-12-08 00:27:51.821786,19,16,1
C0004785,P006,S0052,D0007,2023-12-14 07:20:15.672001,107,22,4
C0004786,P006,S0052,D0007,2023-12-04 15:20:34.397192,21,3,1
C0004787,P006,S0052,D0038,2023-12-11 17:37:08.513317,18,8,7
C0004788,P006,S0052,D0029,2023-12-15 11:36:23.812164,47,5,1
C0004789,P006,S0052,D0032,2023-12-09 13:00:56.593591,62,30,1
C0004790,P006,S0052,D0032,2023-12-08 02:44:13.792117,26,23,3
C0004791,P006,S0052,D0020,2023-12-09 16:53:52.289426,23,14,3
C0004792,P006,S0052,D0038,2023-12-16 23:02:56.293097,22,7,11
C0004793,P006,S0052,D0038,2023-12-15 09:02:54.419198,38,12,11
C0004794,P006,S0052,D0032,2023-12-08 19:09:49.027575,69,11,1
C0004795,P006,S0052,D0038,2023-12-12 20:27:33.048246,15,6,3
C0004796,P006,S0052,D0038,2023-12-10 03:48:03.691002,23,36,2
C0004797,P006,S0052,D0052,2023-12-04 22:17:59.923159,21,29,1
C0004798,P006,S0052,D0052,2023-12-07 18:08:42.384873,38,53,2
C0004799,P006,S0052,D0005,2023-12-07 05:19:06.112123,39,1,1
C0004800,P006,S0052,D0029,2023-12-16 18:08:00.325033,53,16,5
C0004801,P006,S0052,D0007,2023-12-16 13:03:49.465178,37,3,1
C0004802,P006,S0052,D0014,2023-12-06 14:36:28.273270,13,13,2
C0004803,P006,S0052,D0012,2023-12-09 04:01:47.585531,11,20,1
C0004804,P006,S0052,D0014,2023-12-10 09:45:42.288605,16,26,7
C0004805,P006,S0052,D0022,2023-12-15 01:35:36.023687,114,70,1
C0004806,P006,S0052,D0005,2023-12-10 23:49:34.270470,79,9,4
C0004807,P006,S0052,D0032,2023-12-05 06:12:26.620713,17,12,2
C0004808,P006,S0052,D0049,2023-12-08 04:56:08.757141,15,37,3
C0004809,P006,S0052,D0058,2023-12-05 23:33:33.883056,30,14,2
C0004810,P006,S0052,D0020,2023-12-09 09:18:19.169458,52,12,1
C0004811,P006,S0052,D0020,2023-12-09 17:21:15.741915,22,21,1
C0004812,P006,S0052,D0022,2023-12-09 17:36:13.473152,31,12,1
C0004813,P006,S0052,D0020,2023-12-10 07:24:43.493227,7,17,1
C0004814,P006,S0052,D0022,2023-12-09 09:09:26.168860,39,17,2
C0004815,P006,S0052,D0035,2023-12-07 18:58:06.634667,16,3,3
C0004816,P006,S0052,D0014,2023-12-13 19:10:15.835665,19,3,2
C0004817,P006,S0052,D0012,2023-12-11 19:05:04.607744,20,3,1
C0004818,P006,S0052,D0038,2023-12-10 08:06:01.110945,15,8,1
C0004819,P006,S0052,D0049,2023-12-05 10:08:17.952155,104,96,1
C0004820,P006,S0052,D0032,2023-12-05 05:48:22.958533,15,45,1
C0004821,P006,S0052,D0032,2023-12-15 21:06:10.496907,12,33,7
C0004822,P006,S0052,D0034,2023-12-11 03:07:15.513879,20,4,4
C0004823,P006,S0052,D0048,2023-12-10 20:01:16.732101,34,28,2
C0004824,P006,S0052,D0005,2023-12-07 20:41:46.047900,47,43,1
C0004825,P006,S0052,D0038,2023-12-14 10:58:09.741070,38,7,2
C0004826,P006,S0052,D0002,2023-12-10 08:07:22.891612,10,7,1
C0004827,P006,S0052,D0012,2023-12-12 23:13:19.425938,26,61,2
C0004828,P006,S0052,D0058,2023-12-05 05:52:15.840459,26,8,1
C0004829,P006,S0052,D0032,2023-12-05 13:14:37.510401,66,32,5
C0004830,P006,S0052,D0052,2023-12-12 16:00:42.094412,11,4,3
C0004831,P006,S0052,D0038,2023-12-12 07:21:28.815660,49,49,2
C0004832,P006,S0052,D0049,2023-12-10 12:40:56.674718,5,27,1
C0004833,P006,S0053,D0049,2023-12-21 04:51:08.919743,12,4,1
C0004834,P006,S0053,D0007,2023-12-29 15:33:29.942884,21,11,1
C0004835,P006,S0053,D0002,2023-12-24 20:37:20.934450,59,10,3
C0004836,P006,S0053,D0007,2023-12-23 21:30:21.942574,55,26,5
C0004837,P006,S0053,D0007,2023-12-26 22:26:16.894917,30,16,6
C0004838,P006,S0053,D0052,2023-12-22 17:57:00.527753,37,8,3
C0004839,P006,S0053,D0052,2023-12-22 14:00:00.543212,76,54,7
C0004840,P006,S0053,D0032,2023-12-29 12:45:36.181510,28,1,3
C0004841,P006,S0053,D0012,2023-12-28 01:51:25.328044,29,9,5
C0004842,P006,S0053,D0048,2023-12-26 17:35:29.509074,26,10,1
C0004843,P006,S0053,D0007,2023-12-26 04:29:54.700182,72,15,1
C0004844,P006,S0053,D0022,2023-12-20 22:47:05.105342,18,33,2
C0004845,P006,S0053,D0022,2023-12-20 12:15:22.529270,51,68,1
C0004846,P006,S0053,D0032,2023-12-29 11:10:55.451928,41,56,1
C0004847,P006,S0053,D0005,2023-12-22 07:53:43.311764,59,21,1
C0004848,P006,S0053,D0048,2023-12-29 02:27:23.564551,18,9,1
C0004849,P006,S0053,D0022,2023-12-22 07:14:01.575944,41,14,2
C0004850,P006,S0053,D0002,2023-12-28 05:28:05.751067,40,7,4
C0004851,P006,S0053,D0049,2023-12-22 09:01:42.345927,21,51,4
C0004852,P006,S0053,D0058,2023-12-25 09:24:02.270534,41,2,2
C0004853,P006,S0053,D0052,2023-12-29 10:39:42.558719,58,12,3
C0004854,P006,S0053,D0035,2023-12-29 04:37:14.096523,10,49,1
C0004855,P006,S0053,D0038,2023-12-24 12:56:30.603866,13,51,3
C0004856,P006,S0053,D0022,2023-12-19 02:19:37.255406,116,16,3
C0004857,P006,S0053,D0032,2023-12-19 09:56:15.675805,93,6,1
C0004858,P006,S0053,D0012,2023-12-21 23:22:39.820009,18,17,4
C0004859,P006,S0053,D0005,2023-12-24 16:40:55.856554,35,14,4
C0004860,P006,S0053,D0002,2023-12-19 22:27:58.143043,47,8,2
C0004861,P006,S0053,D0048,2023-12-28 06:31:17.084651,19,45,7
C0004862,P006,S0053,D0005,2023-12-18 12:14:51.717386,23,5,1
C0004863,P006,S0053,D0052,2023-12-21 07:59:37.971347,68,25,2
C0004864,P006,S0053,D0035,2023-12-27 19:32:24.545007,139,68,3
C0004865,P006,S0053,D0007,2023-12-24 12:52:34.450789,31,24,4
C0004866,P006,S0053,D0034,2023-12-27 06:18:44.784812,39,46,6
C0004867,P006,S0053,D0014,2023-12-24 10:22:34.007030,73,33,2
C0004868,P006,S0053,D0034,2023-12-30 23:17:00.956800,29,52,5
C0004869,P006,S0053,D0048,2023-12-31 03:36:35.017757,23,17,2
C0004870,P006,S0053,D0007,2023-12-19 02:47:29.288414,17,5,1
C0004871,P006,S0053,D0007,2023-12-25 16:53:57.393970,16,53,1
C0004872,P006,S0053,D0002,2023-12-25 22:57:11.515254,18,20,1
C0004873,P006,S0053,D0035,2023-12-30 17:03:39.155263,18,7,1
C0004874,P006,S0053,D0007,2023-12-30 00:30:08.175193,34,17,3
C0004875,P006,S0053,D0005,2023-12-27 07:24:03.056624,30,1,3
C0004876,P006,S0053,D0007,2023-12-25 09:51:12.997104,14,20,1
C0004877,P006,S0053,D0002,2023-12-27 12:45:26.820018,17,28,1
C0004878,P006,S0053,D0034,2023-12-24 02:20:05.960793,52,18,4
C0004879,P006,S0053,D0034,2023-12-21 17:37:18.940780,67,3,2
C0004880,P006,S0053,D0007,2023-12-20 21:52:12.533146,29,40,7
C0004881,P006,S0053,D0058,2023-12-20 07:24:11.559719,40,2,8
C0004882,P006,S0053,D0012,2023-12-28 20:09:31.926028,13,27,1
C0004883,P006,S0053,D0049,2023-12-28 01:21:19.877743,106,14,1
C0004884,P006,S0053,D0035,2023-12-19 23:57:09.620980,20,12,4
C0004885,P006,S0053,D0022,2023-12-23 03:16:30.202731,42,12,3
C0004886,P006,S0053,D0038,2023-12-30 12:43:53.087592,2,25,2
C0004887,P006,S0053,D0014,2023-12-29 02:00:46.276190,7,4,1
C0004888,P006,S0053,D0048,2023-12-23 22:29:20.522199,131,27,1
C0004889,P006,S0053,D0049,2023-12-28 05:36:38.268868,36,6,2
C0004890,P006,S0053,D0002,2023-12-31 03:44:28.469706,38,3,1
C0004891,P006,S0053,D0022,2023-12-23 15:39:31.127831,18,26,9
C0004892,P006,S0053,D0029,2023-12-21 23:26:35.845594,17,61,8
C0004893,P006,S0053,D0020,2023-12-27 16:47:00.742645,74,7,1
C0004894,P006,S0053,D0002,2023-12-26 20:28:27.301371,24,47,5
C0004895,P006,S0053,D0052,2023-12-22 23:08:36.225482,46,19,1
C0004896,P006,S0053,D0052,2023-12-19 21:50:37.970802,140,1,1
C0004897,P006,S0053,D0014,2023-12-27 03:37:57.371461,20,7,2
C0004898,P006,S0053,D0022,2023-12-30 11:50:43.343158,43,18,2
C0004899,P006,S0053,D0048,2023-12-21 12:52:06.271212,14,5,1
C0004900,P006,S0053,D0058,2023-12-24 05:16:40.712818,31,34,2
C0004901,P006,S0053,D0005,2023-12-28 23:00:15.795292,69,12,7
C0004902,P006,S0053,D0035,2023-12-24 16:20:18.977174,6,74,3
C0004903,P006,S0054,D0035,2024-01-06 13:17:15.586847,75,67,1
C0004904,P006,S0054,D0032,2024-01-02 07:21:08.728130,31,4,6
C0004905,P006,S0054,D0032,2024-01-14 17:32:42.077342,46,49,1
C0004906,P006,S0054,D0048,2024-01-12 23:38:06.920523,84,5,4
C0004907,P006,S0054,D0048,2024-01-10 21:33:06.680057,30,7,1
C0004908,P006,S0054,D0058,2024-01-05 19:26:11.571058,46,2,1
C0004909,P006,S0054,D0035,2024-01-04 19:56:34.229983,48,49,6
C0004910,P006,S0054,D0034,2024-01-07 06:50:16.946629,27,7,1
C0004911,P006,S0054,D0034,2024-01-12 12:29:37.501462,32,56,4
C0004912,P006,S0054,D0007,2024-01-02 17:21:13.650352,13,46,1
C0004913,P006,S0054,D0038,2024-01-10 09:36:07.918496,130,30,1
C0004914,P006,S0054,D0058,2024-01-02 13:15:11.693916,26,35,3
C0004915,P006,S0054,D0035,2024-01-05 20:20:29.308082,47,28,9
C0004916,P006,S0054,D0038,2024-01-04 01:00:19.960586,201,11,4
C0004917,P006,S0054,D0049,2024-01-06 12:32:08.830643,20,24,10
C0004918,P006,S0054,D0048,2024-01-06 23:49:57.136220,65,1,3
C0004919,P006,S0054,D0058,2024-01-14 05:30:07.334146,6,19,3
C0004920,P006,S0054,D0032,2024-01-04 01:19:45.193798,42,24,4
C0004921,P006,S0054,D0002,2024-01-03 21:56:32.868989,140,40,1
C0004922,P006,S0054,D0022,2024-01-05 22:15:21.716455,152,7,2
C0004923,P006,S0054,D0022,2024-01-05 22:06:37.477741,22,41,1
C0004924,P006,S0054,D0035,2024-01-09 14:45:19.554894,81,36,5
C0004925,P006,S0054,D0002,2024-01-04 19:46:04.178790,79,29,1
C0004926,P006,S0054,D0034,2024-01-03 17:59:06.416219,90,42,5
C0004927,P006,S0054,D0034,2024-01-06 22:08:58.939559,29,15,1
C0004928,P006,S0054,D0029,2024-01-06 16:42:00.444729,108,21,3
C0004929,P006,S0054,D0002,2024-01-04 16:30:59.397741,38,28,2
C0004930,P006,S0054,D0020,2024-01-10 03:06:17.687577,84,2,10
C0004931,P006,S0054,D0052,2024-01-05 13:42:50.228440,2,23,1
C0004932,P006,S0054,D0029,2024-01-10 16:54:05.784178,20,3,6
C0004933,P006,S0054,D0035,2024-01-03 11:49:08.438580,157,27,3
C0004934,P006,S0054,D0035,2024-01-03 13:42:02.850769,14,5,2
C0004935,P006,S0054,D0049,2024-01-09 06:12:49.991530,79,22,4
C0004936,P006,S0054,D0007,2024-01-09 14:10:57.592285,57,21,10
C0004937,P006,S0054,D0022,2024-01-03 14:52:10.863438,30,25,2
C0004938,P006,S0054,D0020,2024-01-05 20:15:31.510736,32,51,4
C0004939,P006,S0054,D0038,2024-01-10 08:35:01.097313,16,14,4
C0004940,P006,S0054,D0014,2024-01-07 06:43:24.343029,51,24,1
C0004941,P006,S0054,D0005,2024-01-04 20:40:15.506869,70,7,1
C0004942,P006,S0054,D0034,2024-01-08 07:19:56.353655,100,6,1
C0004943,P006,S0054,D0014,2024-01-11 17:47:38.736277,35,16,3
C0004944,P006,S0054,D0022,2024-01-06 21:47:46.375065,67,35,2
C0004945,P006,S0054,D0020,2024-01-12 03:42:28.177557,68,27,2
C0004946,P006,S0054,D0012,2024-01-02 16:54:19.174395,47,12,5
C0004947,P006,S0054,D0022,2024-01-14 14:40:24.899835,27,1,4
C0004948,P006,S0054,D0034,2024-01-07 16:09:55.288359,6,46,2
C0004949,P006,S0054,D0029,2024-01-09 00:10:47.254503,12,34,1
C0004950,P006,S0054,D0022,2024-01-07 03:02:43.421379,35,41,3
C0004951,P006,S0054,D0020,2024-01-12 14:03:27.113214,48,26,2
C0004952,P006,S0054,D0035,2024-01-07 01:42:06.892091,48,5,1
C0004953,P006,S0054,D0058,2024-01-06 15:56:31.248603,32,12,1
C0004954,P006,S0054,D0049,2024-01-07 06:28:07.977829,28,7,11
C0004955,P006,S0054,D0048,2024-01-08 20:45:47.974593,54,19,15
C0004956,P006,S0054,D0020,2024-01-03 09:03:58.164775,16,68,3
C0004957,P006,S0054,D0029,2024-01-09 02:31:05.230325,70,15,1
C0004958,P006,S0054,D0002,2024-01-05 08:23:53.251108,14,10,3
C0004959,P006,S0054,D0049,2024-01-12 12:54:58.465041,32,73,10
C0004960,P006,S0054,D0007,2024-01-13 10:34:52.187558,124,12,2
C0004961,P006,S0055,D0007,2024-01-19 11:50:43.530298,17,33,5
C0004962,P006,S0055,D0020,2024-01-23 19:11:13.566978,47,12,1
C0004963,P006,S0055,D0038,2024-01-25 18:13:36.586707,12,3,1
C0004964,P006,S0055,D0052,2024-01-18 20:19:27.858113,48,31,1
C0004965,P006,S0055,D0012,2024-01-27 22:35:03.039566,9,11,7
C0004966,P006,S0055,D0048,2024-01-24 01:55:07.112085,47,24,3
C0004967,P006,S0055,D0014,2024-01-18 22:18:28.902047,49,31,1
C0004968,P006,S0055,D0049,2024-01-17 12:41:41.014010,40,8,1
C0004969,P006,S0055,D0048,2024-01-24 22:13:04.927012,16,4,10
C0004970,P006,S0055,D0035,2024-01-25 22:09:34.615174,5,34,2
C0004971,P006,S0055,D0052,2024-01-20 12:34:16.489176,40,3,2
C0004972,P006,S0055,D0005,2024-01-23 16:17:25.884065,81,29,3
C0004973,P006,S0055,D0058,2024-01-23 09:11:04.788725,65,17,2
C0004974,P006,S0055,D0035,2024-01-15 03:01:28.807505,95,7,2
C0004975,P006,S0055,D0029,2024-01-24 21:16:56.363865,4,25,1
C0004976,P006,S0055,D0048,2024-01-24 03:01:27.227447,28,8,2
C0004977,P006,S0055,D0058,2024-01-20 12:32:35.262162,29,9,1
C0004978,P006,S0055,D0048,2024-01-26 19:15:59.422933,11,12,3
C0004979,P006,S0055,D0058,2024-01-28 01:12:38.233065,40,6,2
C0004980,P006,S0055,D0012,2024-01-17 16:16:24.565706,91,8,3
C0004981,P006,S0055,D0005,2024-01-17 10:42:26.019037,46,26,1
C0004982,P006,S0055,D0034,2024-01-17 09:56:06.003085,10,10,1
C0004983,P006,S0055,D0049,2024-01-22 11:53:53.880665,32,23,2
C0004984,P006,S0055,D0049,2024-01-16 20:36:55.050404,75,21,1
C0004985,P006,S0055,D0049,2024-01-26 16:08:51.460780,23,10,2
C0004986,P006,S0055,D0002,2024-01-28 06:39:41.652055,12,24,1
C0004987,P006,S0055,D0012,2024-01-27 20:20:31.811839,59,45,2
C0004988,P006,S0055,D0034,2024-01-20 17:03:17.123236,30,27,1
C0004989,P006,S0055,D0007,2024-01-26 14:16:40.549675,17,14,3
C0004990,P006,S0055,D0034,2024-01-25 07:52:34.375044,30,73,10
C0004991,P006,S0055,D0034,2024-01-27 11:17:00.165202,59,2,1
C0004992,P006,S0055,D0005,2024-01-27 23:57:05.839340,29,4,5
C0004993,P006,S0055,D0048,2024-01-24 22:11:35.878061,59,5,7
C0004994,P006,S0055,D0020,2024-01-22 14:11:33.216768,98,25,1
C0004995,P006,S0055,D0032,2024-01-25 09:05:50.399666,64,23,3
C0004996,P006,S0055,D0002,2024-01-18 18:07:23.610081,51,7,1
C0004997,P006,S0055,D0052,2024-01-25 00:27:59.610027,70,102,1
C0004998,P006,S0055,D0022,2024-01-16 06:13:41.959422,9,15,1
C0004999,P006,S0055,D0049,2024-01-28 14:31:33.108296,53,13,2
C0005000,P006,S0055,D0014,2024-01-23 17:55:29.866063,112,11,1
C0005001,P006,S0055,D0007,2024-01-24 21:51:52.575793,30,31,2
C0005002,P006,S0055,D0032,2024-01-24 10:35:58.678284,131,17,1
C0005003,P006,S0055,D0002,2024-01-20 14:59:04.696208,15,3,1
C0005004,P006,S0055,D0052,2024-01-17 08:01:07.383140,47,21,2
C0005005,P006,S0055,D0007,2024-01-21 09:17:08.948881,68,2,1
C0005006,P006,S0055,D0038,2024-01-16 15:49:11.434088,33,12,5
C0005007,P006,S0055,D0038,2024-01-19 14:24:40.759195,65,30,2
C0005008,P006,S0055,D0032,2024-01-25 01:42:23.904072,31,27,2
C0005009,P006,S0055,D0012,2024-01-16 15:40:43.544332,73,14,1
C0005010,P006,S0055,D0002,2024-01-20 01:43:15.894609,14,28,1
C0005011,P006,S0055,D0049,2024-01-23 23:29:31.639213,29,35,2
C0005012,P006,S0055,D0034,2024-01-25 01:47:52.893416,16,10,1
C0005013,P006,S0055,D0012,2024-01-24 22:03:46.139435,4,4,1
C0005014,P006,S0055,D0020,2024-01-17 05:36:22.113125,48,4,3
C0005015,P006,S0055,D0014,2024-01-25 05:21:11.073609,73,61,1
C0005016,P006,S0055,D0029,2024-01-24 00:18:51.395446,48,23,3
C0005017,P006,S0055,D0005,2024-01-25 13:45:06.632366,55,3,2
C0005018,P006,S0055,D0007,2024-01-17 08:19:57.792290,149,18,2
C0005019,P006,S0055,D0034,2024-01-17 01:49:57.304319,69,17,1
C0005020,P006,S0055,D0014,2024-01-24 09:19:16.202275,6,21,2
C0005021,P006,S0055,D0022,2024-01-27 22:00:51.442362,17,42,3
C0005022,P006,S0055,D0012,2024-01-20 13:30:24.340288,93,46,2
C0005023,P006,S0055,D0052,2024-01-27 19:11:21.530836,13,31,8
C0005024,P006,S0055,D0048,2024-01-21 01:38:18.226149,11,7,5
C0005025,P006,S0055,D0007,2024-01-21 15:31:15.393337,99,33,6
C0005026,P006,S0055,D0032,2024-01-27 17:03:43.566641,17,15,5
C0005027,P006,S0055,D0029,2024-01-24 20:02:38.796265,19,13,5
C0005028,P006,S0055,D0014,2024-01-17 14:08:20.265592,5,8,2
C0005029,P006,S0055,D0020,2024-01-18 00:15:02.398734,42,17,5
C0005030,P006,S0055,D0032,2024-01-16 18:53:33.499568,147,9,1
C0005031,P006,S0055,D0058,2024-01-16 03:37:48.206245,70,0,5
C0005032,P006,S0055,D0048,2024-01-26 07:28:54.774705,46,23,1
C0005033,P006,S0055,D0058,2024-01-22 06:45:47.465032,93,10,1
C0005034,P006,S0055,D0038,2024-01-25 16:21:16.875153,133,32,1
C0005035,P006,S0055,D0058,2024-01-27 12:30:49.902135,7,16,1
C0005036,P006,S0055,D0020,2024-01-27 15:31:47.843980,78,25,1
C0005037,P006,S0055,D0012,2024-01-16 11:25:46.415847,103,0,1
C0005038,P006,S0055,D0014,2024-01-18 09:21:28.490095,89,4,3
C0005039,P006,S0055,D0052,2024-01-21 08:47:16.316892,79,35,3
C0005040,P006,S0055,D0002,2024-01-26 11:21:40.574067,61,8,1
C0005041,P006,S0055,D0022,2024-01-27 15:09:24.928485,7,25,2
C0005042,P006,S0055,D0035,2024-01-15 19:37:10.779991,51,33,3
C0005043,P006,S0055,D0035,2024-01-22 23:51:10.630418,87,26,4
C0005044,P006,S0055,D0029,2024-01-17 12:11:31.215470,22,51,1
C0005045,P006,S0055,D0005,2024-01-28 06:00:03.614781,39,42,3
C0005046,P006,S0055,D0032,2024-01-21 00:21:17.738321,14,13,1
C0005047,P006,S0055,D0035,2024-01-16 19:03:57.452008,156,20,2
C0005048,P006,S0055,D0007,2024-01-24 12:34:15.736610,39,6,1
C0005049,P006,S0055,D0022,2024-01-21 14:28:16.468432,44,2,6
C0005050,P006,S0055,D0020,2024-01-18 20:42:11.418867,55,47,7
C0005051,P006,S0055,D0032,2024-01-18 05:12:14.049356,43,8,1
C0005052,P006,S0055,D0038,2024-01-18 16:32:11.685555,59,26,1
C0005053,P006,S0055,D0032,2024-01-15 11:32:02.122579,38,11,2
C0005054,P006,S0055,D0007,2024-01-18 07:43:10.465294,61,11,3
C0005055,P006,S0056,D0002,2024-02-01 16:27:54.810251,9,19,2
C0005056,P006,S0056,D0038,2024-02-08 17:25:15.181914,77,47,1
C0005057,P006,S0056,D0002,2024-02-10 07:36:08.928498,22,9,1
C0005058,P006,S0056,D0012,2024-02-03 07:13:36.945381,31,4,1
C0005059,P006,S0056,D0049,2024-02-03 23:53:32.498223,100,32,1
C0005060,P006,S0056,D0002,2024-02-01 03:04:23.522243,53,10,1
C0005061,P006,S0056,D0049,2024-02-07 00:36:16.277474,13,10,1
C0005062,P006,S0056,D0029,2024-02-06 14:12:39.998432,70,39,4
C0005063,P006,S0056,D0020,2024-02-09 22:41:02.825017,23,8,2
C0005064,P006,S0056,D0035,2024-02-04 15:13:10.465235,158,44,6
C0005065,P006,S0056,D0005,2024-01-31 06:04:28.283533,97,11,5
C0005066,P006,S0056,D0048,2024-02-02 03:13:52.877895,48,38,2
C0005067,P006,S0056,D0022,2024-01-29 22:08:00.155627,45,89,1
C0005068,P006,S0056,D0052,2024-02-03 07:44:56.942088,49,2,4
C0005069,P006,S0056,D0032,2024-01-29 08:15:56.529201,5,1,1
C0005070,P006,S0056,D0002,2024-02-05 23:52:01.066086,37,31,1
C0005071,P006,S0056,D0034,2024-02-07 02:32:26.512219,135,25,1
C0005072,P006,S0056,D0022,2024-02-01 12:34:46.384621,24,8,1
C0005073,P006,S0056,D0022,2024-02-03 10:16:04.280080,38,43,1
C0005074,P006,S0056,D0022,2024-02-08 22:28:08.048607,46,4,1
C0005075,P006,S0056,D0048,2024-02-06 19:12:30.622706,23,25,3
C0005076,P006,S0056,D0035,2024-02-02 16:38:02.275836,68,14,1
C0005077,P006,S0056,D0022,2024-02-06 20:36:36.157674,25,41,1
C0005078,P006,S0056,D0038,2024-02-07 09:33:26.990611,45,8,1
C0005079,P006,S0056,D0049,2024-02-04 22:41:52.970313,38,15,1
C0005080,P006,S0056,D0029,2024-02-05 18:03:01.531138,34,10,1
C0005081,P006,S0056,D0058,2024-02-04 02:12:25.211625,92,28,1
C0005082,P006,S0056,D0038,2024-02-02 10:40:58.306606,71,15,3
C0005083,P006,S0056,D0048,2024-02-06 04:32:31.588707,10,33,2
C0005084,P006,S0056,D0035,2024-01-31 13:30:33.370220,37,15,1
C0005085,P006,S0056,D0005,2024-02-07 18:22:04.686143,89,4,2
C0005086,P006,S0056,D0035,2024-01-30 23:27:10.482494,21,10,2
C0005087,P006,S0056,D0014,2024-02-07 20:31:45.085709,63,11,5
C0005088,P006,S0056,D0007,2024-02-02 19:26:25.099430,20,31,4
C0005089,P006,S0056,D0032,2024-01-31 20:40:13.442288,45,27,1
C0005090,P006,S0056,D0007,2024-02-04 05:05:03.425816,54,12,3
C0005091,P006,S0056,D0005,2024-02-07 07:13:33.620747,20,38,1
C0005092,P006,S0056,D0020,2024-02-10 22:48:51.147024,4,8,4
C0005093,P006,S0056,D0052,2024-01-30 08:57:59.518839,20,20,1
C0005094,P006,S0056,D0058,2024-01-31 19:07:09.594280,110,13,3
C0005095,P006,S0056,D0052,2024-01-30 10:54:09.974662,54,5,2
C0005096,P006,S0056,D0038,2024-02-11 14:43:54.152576,46,3,1
C0005097,P006,S0056,D0038,2024-01-31 18:30:36.833578,13,15,1
C0005098,P006,S0056,D0002,2024-02-09 11:27:36.581896,37,3,1
C0005099,P006,S0056,D0002,2024-01-29 21:04:37.473641,42,17,1
C0005100,P006,S0056,D0005,2024-02-11 04:02:05.226552,47,16,1
C0005101,P006,S0056,D0014,2024-01-31 11:16:34.811442,65,35,1
C0005102,P006,S0056,D0002,2024-02-02 16:45:39.481351,75,26,1
C0005103,P006,S0056,D0005,2024-02-04 04:23:15.555609,7,36,3
C0005104,P006,S0056,D0052,2024-02-02 14:22:12.717854,31,26,1
C0005105,P006,S0056,D0052,2024-02-09 01:52:12.948439,32,21,1
C0005106,P006,S0056,D0034,2024-02-10 13:54:49.786870,129,28,5
C0005107,P006,S0056,D0058,2024-02-06 00:24:32.686479,29,1,9
C0005108,P006,S0056,D0049,2024-01-30 09:41:36.154863,46,14,5
C0005109,P006,S0056,D0034,2024-02-10 13:03:21.376232,44,13,5
C0005110,P006,S0056,D0020,2024-02-07 17:12:24.115512,23,19,4
C0005111,P006,S0056,D0014,2024-02-01 06:25:51.626894,106,69,3
C0005112,P006,S0056,D0058,2024-02-10 10:26:11.724599,112,6,2
C0005113,P006,S0056,D0007,2024-02-01 18:12:14.798587,10,8,7
C0005114,P006,S0056,D0034,2024-02-02 12:37:34.794953,57,14,5
C0005115,P006,S0056,D0002,2024-02-01 12:30:24.535966,34,5,1
C0005116,P006,S0056,D0022,2024-02-09 13:07:59.067797,24,42,7
C0005117,P006,S0056,D0005,2024-01-30 15:21:16.172645,47,42,6
C0005118,P006,S0056,D0032,2024-02-04 15:04:28.269368,92,5,3
C0005119,P006,S0056,D0058,2024-02-11 03:27:31.197113,86,10,1
C0005120,P006,S0056,D0052,2024-02-09 02:55:33.856840,61,16,3
C0005121,P006,S0056,D0032,2024-02-07 08:26:42.586070,54,33,6
C0005122,P006,S0056,D0020,2024-01-30 03:37:43.366312,4,0,4
C0005123,P006,S0056,D0014,2024-02-02 02:21:19.408362,38,26,8
C0005124,P006,S0056,D0049,2024-02-03 04:10:38.244168,33,31,1
C0005125,P006,S0056,D0032,2024-01-31 18:37:19.063576,26,15,1
C0005126,P006,S0056,D0014,2024-02-09 01:47:58.357677,75,13,3
C0005127,P006,S0056,D0007,2024-02-01 06:18:18.511296,115,39,3
C0005128,P006,S0056,D0029,2024-02-07 22:26:26.249926,31,7,1
C0005129,P006,S0056,D0049,2024-02-08 11:04:23.894047,26,23,4
C0005130,P006,S0056,D0052,2024-02-02 08:52:44.056914,70,18,1
C0005131,P006,S0056,D0005,2024-02-08 17:00:19.211519,124,9,4
C0005132,P006,S0056,D0032,2024-01-31 00:24:36.246940,63,12,1
C0005133,P006,S0056,D0012,2024-02-07 06:53:12.635907,140,33,3
C0005134,P006,S0056,D0029,2024-01-29 01:38:38.245878,54,0,1
C0005135,P006,S0057,D0012,2024-02-16 17:37:07.660532,35,7,3
C0005136,P006,S0057,D0048,2024-02-25 00:24:59.597601,31,21,1
C0005137,P006,S0057,D0020,2024-02-16 05:32:12.062160,29,2,3
C0005138,P006,S0057,D0022,2024-02-22 04:51:38.317941,26,5,3
C0005139,P006,S0057,D0048,2024-02-22 18:38:54.676794,25,4,6
C0005140,P006,S0057,D0012,2024-02-23 21:00:30.269856,2,4,5
C0005141,P006,S0057,D0058,2024-02-15 22:38:19.758465,50,5,5
C0005142,P006,S0057,D0014,2024-02-24 09:07:34.333262,16,26,1
C0005143,P006,S0057,D0048,2024-02-21 16:52:08.118778,126,16,1
C0005144,P006,S0057,D0058,2024-02-21 17:08:07.535373,14,3,2
C0005145,P006,S0057,D0012,2024-02-14 09:46:34.085886,43,6,1
C0005146,P006,S0057,D0007,2024-02-21 10:31:59.436791,34,1,3
C0005147,P006,S0057,D0032,2024-02-24 09:41:04.984849,37,41,1
C0005148,P006,S0057,D0034,2024-02-21 18:54:03.305831,131,39,1
C0005149,P006,S0057,D0052,2024-02-19 10:14:06.480430,58,25,1
C0005150,P006,S0057,D0022,2024-02-24 13:19:38.610190,12,7,2
C0005151,P006,S0057,D0049,2024-02-22 19:30:30.341751,18,58,4
C0005152,P006,S0057,D0035,2024-02-20 00:43:01.098577,34,20,6
C0005153,P006,S0057,D0007,2024-02-17 21:02:01.749859,73,10,3
C0005154,P006,S0057,D0002,2024-02-21 14:26:53.359915,65,20,2
C0005155,P006,S0057,D0020,2024-02-18 17:25:50.565832,18,20,4
C0005156,P006,S0057,D0048,2024-02-13 05:38:30.456403,70,10,1
C0005157,P006,S0057,D0029,2024-02-21 01:40:21.817194,22,10,1
C0005158,P006,S0057,D0002,2024-02-24 02:33:07.363067,66,23,4
C0005159,P006,S0057,D0012,2024-02-24 02:53:29.497322,38,24,1
C0005160,P006,S0057,D0052,2024-02-17 15:27:26.385784,43,19,1
C0005161,P006,S0057,D0020,2024-02-20 22:28:56.641899,27,14,6
C0005162,P006,S0057,D0022,2024-02-18 03:18:18.371407,24,47,1
C0005163,P006,S0057,D0032,2024-02-19 17:04:55.927438,28,13,1
C0005164,P006,S0057,D0012,2024-02-21 08:28:33.094860,28,11,1
C0005165,P006,S0057,D0014,2024-02-20 08:09:26.761137,86,8,2
C0005166,P006,S0057,D0007,2024-02-16 04:15:21.245430,55,32,1
C0005167,P006,S0057,D0007,2024-02-12 20:37:41.380443,127,62,1
C0005168,P006,S0057,D0014,2024-02-24 10:45:17.638354,94,9,1
C0005169,P006,S0057,D0034,2024-02-25 00:25:28.890590,27,18,3
C0005170,P006,S0057,D0034,2024-02-15 20:43:58.577478,82,6,5
C0005171,P006,S0057,D0029,2024-02-13 20:46:46.146765,31,3,8
C0005172,P006,S0057,D0034,2024-02-25 11:22:51.503793,14,16,2
C0005173,P006,S0057,D0058,2024-02-19 17:41:59.570781,18,44,6
C0005174,P006,S0057,D0002,2024-02-20 03:56:56.400151,116,14,6
C0005175,P006,S0057,D0049,2024-02-15 03:37:23.628858,19,24,6
C0005176,P006,S0058,D0012,2024-03-03 03:34:18.229936,26,38,1
C0005177,P006,S0058,D0005,2024-03-06 06:19:30.680975,88,29,13
C0005178,P006,S0058,D0002,2024-03-02 20:52:14.565883,31,12,1
C0005179,P006,S0058,D0052,2024-03-08 12:43:29.249531,71,3,5
C0005180,P006,S0058,D0038,2024-02-27 08:16:04.128710,2,10,8
C0005181,P006,S0058,D0002,2024-02-28 09:18:18.033771,48,10,3
C0005182,P006,S0058,D0034,2024-02-29 16:43:14.012601,61,11,7
C0005183,P006,S0058,D0049,2024-03-01 19:38:50.947878,52,34,5
C0005184,P006,S0058,D0005,2024-03-01 05:59:29.869725,78,57,1
C0005185,P006,S0058,D0032,2024-03-08 15:52:58.256838,24,36,12
C0005186,P006,S0058,D0032,2024-03-10 03:58:29.748772,160,33,1
C0005187,P006,S0058,D0034,2024-02-26 17:06:33.380779,9,34,2
C0005188,P006,S0058,D0058,2024-02-28 03:26:00.716913,104,33,6
C0005189,P006,S0058,D0014,2024-02-28 08:17:46.043448,9,4,4
C0005190,P006,S0058,D0002,2024-02-26 20:25:46.051029,5,13,1
C0005191,P006,S0058,D0035,2024-02-28 14:29:33.608946,67,16,1
C0005192,P006,S0058,D0049,2024-03-08 16:10:41.192926,57,5,1
C0005193,P006,S0058,D0048,2024-02-28 02:24:14.727223,8,2,1
C0005194,P006,S0058,D0048,2024-02-29 02:50:15.404597,46,5,1
C0005195,P006,S0058,D0020,2024-03-06 14:28:33.853693,18,18,7
C0005196,P006,S0058,D0048,2024-03-03 09:32:03.041376,31,39,10
C0005197,P006,S0058,D0038,2024-02-29 17:53:50.583178,39,33,2
C0005198,P006,S0058,D0038,2024-03-09 03:10:24.866441,108,3,2
C0005199,P006,S0058,D0034,2024-03-08 15:33:46.928046,51,13,1
C0005200,P006,S0058,D0048,2024-03-04 03:36:28.058397,50,22,2
C0005201,P006,S0058,D0022,2024-02-28 17:44:48.276764,7,10,4
C0005202,P006,S0058,D0007,2024-02-28 13:45:46.492066,10,18,1
C0005203,P006,S0058,D0032,2024-03-01 18:37:26.795307,46,16,3
C0005204,P006,S0058,D0029,2024-03-01 21:48:39.279883,60,21,4
C0005205,P006,S0058,D0022,2024-03-08 06:29:54.157819,78,75,1
C0005206,P006,S0058,D0048,2024-03-02 16:13:54.528878,65,9,1
C0005207,P006,S0058,D0049,2024-03-04 20:26:34.843019,21,10,4
C0005208,P006,S0058,D0049,2024-03-08 18:46:55.778047,35,102,3
C0005209,P006,S0058,D0002,2024-03-02 05:00:30.437362,29,75,8
C0005210,P006,S0058,D0007,2024-03-08 01:33:43.759624,47,31,1
C0005211,P006,S0058,D0029,2024-03-07 05:17:04.378125,35,32,5
C0005212,P006,S0058,D0005,2024-02-29 01:20:50.514775,77,45,3
C0005213,P006,S0058,D0058,2024-02-26 22:13:10.399979,46,14,1
C0005214,P006,S0058,D0029,2024-03-01 11:15:16.019840,15,26,1
C0005215,P006,S0058,D0034,2024-03-05 02:15:24.582439,31,10,6
C0005216,P006,S0058,D0058,2024-03-05 20:26:19.922800,68,15,1
C0005217,P006,S0058,D0034,2024-03-04 11:07:40.800958,66,4,2
C0005218,P006,S0058,D0007,2024-03-09 09:52:22.041787,78,19,2
C0005219,P006,S0058,D0038,2024-03-09 13:48:23.542011,4,14,2
C0005220,P006,S0058,D0049,2024-03-09 09:36:13.777009,12,5,1
C0005221,P006,S0058,D0012,2024-03-01 12:47:48.935318,40,14,3
C0005222,P006,S0058,D0058,2024-03-07 04:25:20.457117,16,12,1
C0005223,P006,S0058,D0022,2024-03-02 03:22:32.530766,25,18,6
C0005224,P006,S0059,D0052,2024-03-19 01:28:50.586926,52,7,2
C0005225,P006,S0059,D0029,2024-03-15 00:54:39.175534,126,16,7
C0005226,P006,S0059,D0022,2024-03-18 08:13:19.229726,109,5,7
C0005227,P006,S0059,D0012,2024-03-21 03:22:08.783760,24,26,1
C0005228,P006,S0059,D0034,2024-03-14 15:29:12.068049,25,21,3
C0005229,P006,S0059,D0020,2024-03-20 13:35:29.310449,67,4,1
C0005230,P006,S0059,D0002,2024-03-18 18:22:48.180050,105,20,1
C0005231,P006,S0059,D0029,2024-03-15 17:45:34.029926,70,13,1
C0005232,P006,S0059,D0007,2024-03-22 10:37:51.779688,28,61,3
C0005233,P006,S0059,D0029,2024-03-18 16:48:51.384917,75,6,2
C0005234,P006,S0059,D0052,2024-03-14 17:43:15.785332,19,34,1
C0005235,P006,S0059,D0012,2024-03-20 06:26:53.395745,58,22,1
C0005236,P006,S0059,D0020,2024-03-16 04:03:48.381322,12,21,1
C0005237,P006,S0059,D0035,2024-03-16 08:55:46.259950,52,63,1
C0005238,P006,S0059,D0002,2024-03-16 01:53:47.034113,58,6,1
C0005239,P006,S0059,D0034,2024-03-19 17:54:33.339356,51,11,1
C0005240,P006,S0059,D0035,2024-03-23 22:38:36.348441,29,17,2
C0005241,P006,S0059,D0049,2024-03-23 05:45:50.314992,15,14,6
C0005242,P006,S0059,D0029,2024-03-13 08:54:01.302359,64,55,2
C0005243,P006,S0059,D0035,2024-03-20 09:43:34.069442,21,12,4
C0005244,P006,S0059,D0058,2024-03-12 07:17:04.067049,6,26,2
C0005245,P006,S0059,D0002,2024-03-15 20:18:32.115990,52,35,1
C0005246,P006,S0059,D0038,2024-03-17 19:20:52.451508,58,32,1
C0005247,P006,S0059,D0022,2024-03-13 12:51:25.041634,15,76,3
C0005248,P006,S0059,D0029,2024-03-11 17:31:32.315930,47,35,4
C0005249,P006,S0059,D0038,2024-03-20 00:26:59.286158,21,17,3
C0005250,P006,S0059,D0052,2024-03-14 12:57:26.573962,109,29,1
C0005251,P006,S0059,D0038,2024-03-24 12:40:40.602678,41,10,1
C0005252,P006,S0059,D0052,2024-03-22 12:55:31.491839,91,20,1
C0005253,P006,S0059,D0058,2024-03-14 07:46:42.606739,61,34,1
C0005254,P006,S0059,D0007,2024-03-17 13:35:29.454770,30,9,1
C0005255,P006,S0059,D0032,2024-03-11 08:12:47.544414,20,24,2
C0005256,P006,S0059,D0048,2024-03-17 00:16:24.278388,35,14,3
C0005257,P006,S0059,D0058,2024-03-23 14:44:53.337273,31,37,7
C0005258,P006,S0059,D0052,2024-03-14 20:53:11.686101,61,20,8
C0005259,P006,S0059,D0035,2024-03-11 11:35:18.642668,53,4,3
C0005260,P006,S0059,D0020,2024-03-16 14:48:43.504809,89,1,1
C0005261,P006,S0059,D0012,2024-03-13 03:19:47.741051,77,9,5
C0005262,P006,S0059,D0007,2024-03-11 18:17:59.829257,53,8,1
C0005263,P006,S0059,D0029,2024-03-20 19:36:42.478670,145,5,1
C0005264,P006,S0059,D0029,2024-03-21 13:58:10.173914,59,4,5
C0005265,P006,S0059,D0048,2024-03-22 08:36:10.959635,21,31,9
C0005266,P006,S0060,D0048,2024-03-31 14:32:27.563070,41,9,1
C0005267,P006,S0060,D0005,2024-04-02 16:01:48.173561,5,4,1
C0005268,P006,S0060,D0058,2024-03-27 21:01:55.785404,16,6,3
C0005269,P006,S0060,D0002,2024-03-27 15:16:07.639871,96,5,1
C0005270,P006,S0060,D0048,2024-03-27 11:35:18.426319,23,49,2
C0005271,P006,S0060,D0002,2024-04-04 12:01:40.601829,43,19,1
C0005272,P006,S0060,D0007,2024-03-31 02:17:54.840847,34,5,1
C0005273,P006,S0060,D0038,2024-03-31 22:59:57.404253,110,14,1
C0005274,P006,S0060,D0032,2024-03-27 19:08:02.971831,27,14,2
C0005275,P006,S0060,D0005,2024-03-26 14:43:37.056200,27,8,3
C0005276,P006,S0060,D0020,2024-03-30 04:08:24.527750,26,21,2
C0005277,P006,S0060,D0002,2024-04-06 08:16:22.473213,13,51,2
C0005278,P006,S0060,D0058,2024-04-05 18:56:15.522746,41,12,4
C0005279,P006,S0060,D0029,2024-04-07 16:00:24.311675,37,22,1
C0005280,P006,S0060,D0049,2024-03-26 13:00:53.933389,53,14,1
C0005281,P006,S0060,D0014,2024-03-26 09:06:06.307076,9,15,2
C0005282,P006,S0060,D0020,2024-03-30 17:30:30.164200,93,17,1
C0005283,P006,S0060,D0048,2024-03-31 12:57:55.395284,39,30,1
C0005284,P006,S0060,D0002,2024-03-30 18:42:43.660760,61,14,3
C0005285,P006,S0060,D0058,2024-03-29 20:44:38.331500,34,24,1
C0005286,P006,S0060,D0005,2024-03-29 20:42:36.768658,106,33,1
C0005287,P006,S0060,D0005,2024-04-01 10:10:42.240195,20,20,11
C0005288,P006,S0060,D0034,2024-04-01 05:31:01.618494,122,17,3
C0005289,P006,S0060,D0034,2024-04-03 23:45:22.538302,17,18,1
C0005290,P006,S0060,D0034,2024-04-01 02:26:43.767226,90,13,1
C0005291,P006,S0060,D0029,2024-04-01 18:59:53.310143,121,22,3
C0005292,P006,S0060,D0020,2024-03-30 00:04:39.549759,39,17,1
C0005293,P006,S0060,D0038,2024-03-29 07:13:11.576834,35,18,1
C0005294,P006,S0060,D0058,2024-03-28 13:47:38.550688,128,25,1
C0005295,P006,S0060,D0002,2024-04-05 05:53:55.298973,27,4,1
C0005296,P006,S0060,D0034,2024-03-31 11:10:43.232929,32,2,2
C0005297,P006,S0060,D0022,2024-03-27 17:44:49.866730,32,48,3
C0005298,P006,S0060,D0022,2024-03-31 22:55:34.134100,66,12,1
C0005299,P006,S0060,D0052,2024-04-04 05:23:53.520055,16,3,2
C0005300,P006,S0060,D0034,2024-03-26 11:59:56.664604,49,41,5
C0005301,P006,S0060,D0058,2024-04-06 07:45:35.694846,58,14,7
C0005302,P006,S0060,D0029,2024-03-27 23:22:57.569163,71,27,3
C0005303,P006,S0060,D0002,2024-03-26 12:08:56.579665,40,78,2
C0005304,P006,S0060,D0029,2024-04-07 10:41:22.206483,62,14,8
C0005305,P006,S0060,D0014,2024-04-02 10:59:51.807320,39,7,1
C0005306,P006,S0060,D0048,2024-04-03 04:16:22.018938,84,12,1
C0005307,P006,S0060,D0022,2024-03-31 21:41:08.432970,32,1,1
C0005308,P006,S0060,D0035,2024-04-01 03:31:43.042028,16,5,1
C0005309,P006,S0060,D0002,2024-03-30 00:32:59.344663,52,37,1
C0005310,P006,S0060,D0020,2024-03-28 08:35:22.545417,29,20,1
C0005311,P006,S0060,D0058,2024-03-26 12:20:13.163900,40,38,6
C0005312,P006,S0060,D0049,2024-03-29 07:40:17.549751,81,9,1
C0005313,P006,S0060,D0035,2024-04-07 09:29:45.621685,15,13,3
C0005314,P007,S0061,D0022,2023-11-25 11:43:26.486823,113,10,1
C0005315,P007,S0061,D0048,2023-11-21 06:48:31.868158,31,11,9
C0005316,P007,S0061,D0014,2023-12-01 06:31:45.336874,11,9,3
C0005317,P007,S0061,D0038,2023-11-25 22:54:04.703529,89,1,4
C0005318,P007,S0061,D0038,2023-11-19 00:20:02.542690,40,35,2
C0005319,P007,S0061,D0022,2023-11-30 01:52:55.799571,71,23,2
C0005320,P007,S0061,D0012,2023-11-30 07:18:27.044029,47,3,7
C0005321,P007,S0061,D0002,2023-11-27 01:33:54.208040,55,44,1
C0005322,P007,S0061,D0029,2023-11-30 22:41:01.038666,87,1,2
C0005323,P007,S0061,D0052,2023-11-30 23:13:30.550559,19,2,2
C0005324,P007,S0061,D0052,2023-11-30 18:04:56.704847,78,29,5
C0005325,P007,S0061,D0048,2023-11-29 11:48:51.866809,69,4,4
C0005326,P007,S0061,D0049,2023-11-28 15:18:38.086483,64,15,1
C0005327,P007,S0061,D0014,2023-12-01 15:16:15.429650,16,83,5
C0005328,P007,S0061,D0002,2023-11-21 13:35:17.525553,22,12,6
C0005329,P007,S0061,D0029,2023-11-24 12:47:12.880106,82,11,2
C0005330,P007,S0061,D0022,2023-11-18 19:01:04.855781,55,7,1
C0005331,P007,S0061,D0049,2023-11-27 14:33:20.859991,60,6,1
C0005332,P007,S0061,D0007,2023-11-18 23:39:25.853919,49,43,5
C0005333,P007,S0061,D0022,2023-11-26 17:53:46.472446,61,42,1
C0005334,P007,S0061,D0007,2023-11-22 05:51:10.197211,20,19,1
C0005335,P007,S0061,D0029,2023-11-25 13:23:35.527659,38,14,5
C0005336,P007,S0061,D0052,2023-11-19 16:58:15.458458,154,2,1
C0005337,P007,S0061,D0032,2023-11-28 11:46:04.982677,8,19,1
C0005338,P007,S0061,D0007,2023-11-23 17:06:03.070017,31,25,1
C0005339,P007,S0061,D0002,2023-11-29 17:31:19.656172,82,24,1
C0005340,P007,S0061,D0052,2023-11-23 21:44:23.247212,179,0,7
C0005341,P007,S0061,D0029,2023-11-27 15:17:25.568200,61,28,2
C0005342,P007,S0061,D0032,2023-11-20 09:52:02.008363,2,15,5
C0005343,P007,S0061,D0007,2023-11-30 04:18:45.338046,51,4,1
C0005344,P007,S0061,D0029,2023-12-01 06:39:52.865926,17,4,1
C0005345,P007,S0061,D0005,2023-11-25 19:00:12.664314,16,25,1
C0005346,P007,S0061,D0034,2023-11-29 21:39:40.463006,49,5,3
C0005347,P007,S0061,D0048,2023-11-19 19:34:47.668463,22,68,1
C0005348,P007,S0061,D0020,2023-11-20 06:47:19.708062,26,3,1
C0005349,P007,S0061,D0038,2023-11-25 14:16:16.767822,35,25,3
C0005350,P007,S0061,D0032,2023-11-25 15:12:38.443460,112,33,2
C0005351,P007,S0061,D0049,2023-11-29 13:37:50.734846,28,17,7
C0005352,P007,S0061,D0007,2023-11-20 20:17:22.792223,22,7,1
C0005353,P007,S0061,D0052,2023-11-24 12:15:12.094381,21,13,2
C0005354,P007,S0061,D0012,2023-11-25 01:26:54.355144,75,6,1
C0005355,P007,S0061,D0007,2023-11-26 21:02:48.275678,9,7,1
C0005356,P007,S0061,D0007,2023-11-27 22:38:59.024882,17,41,1
C0005357,P007,S0061,D0005,2023-11-19 06:23:05.586934,202,26,1
C0005358,P007,S0061,D0012,2023-11-20 19:58:13.742294,43,50,3
C0005359,P007,S0061,D0034,2023-11-29 14:32:15.758329,48,8,1
C0005360,P007,S0061,D0058,2023-11-19 04:17:10.715950,29,21,3
C0005361,P007,S0061,D0058,2023-11-19 07:54:20.360515,54,27,4
C0005362,P007,S0061,D0020,2023-11-28 17:11:26.485728,26,46,4
C0005363,P007,S0061,D0029,2023-11-20 12:20:14.201724,70,15,1
C0005364,P007,S0061,D0035,2023-11-29 05:44:40.365670,47,46,1
C0005365,P007,S0061,D0022,2023-11-24 06:29:51.331273,48,67,1
C0005366,P007,S0061,D0049,2023-11-20 19:43:48.556043,30,8,2
C0005367,P007,S0061,D0002,2023-11-19 09:37:49.829946,25,10,4
C0005368,P007,S0061,D0032,2023-11-23 22:09:50.344351,43,10,4
C0005369,P007,S0062,D0034,2023-12-11 02:10:52.316662,7,22,1
C0005370,P007,S0062,D0020,2023-12-11 17:04:14.929421,26,1,3
C0005371,P007,S0062,D0048,2023-12-06 03:57:42.027148,40,42,1
C0005372,P007,S0062,D0032,2023-12-07 17:59:33.666542,30,6,2
C0005373,P007,S0062,D0034,2023-12-13 03:05:50.392940,22,11,1
C0005374,P007,S0062,D0035,2023-12-14 21:47:28.679712,94,18,2
C0005375,P007,S0062,D0014,2023-12-03 08:45:55.346028,53,38,1
C0005376,P007,S0062,D0052,2023-12-08 23:14:13.784029,66,26,1
C0005377,P007,S0062,D0034,2023-12-02 18:07:24.204123,11,17,1
C0005378,P007,S0062,D0020,2023-12-13 17:37:26.716849,27,32,6
C0005379,P007,S0062,D0002,2023-12-11 06:51:12.532313,69,33,1
C0005380,P007,S0062,D0022,2023-12-07 03:02:11.497480,31,9,7
C0005381,P007,S0062,D0035,2023-12-11 12:17:05.024605,102,90,9
C0005382,P007,S0062,D0005,2023-12-02 15:57:46.435955,39,1,1
C0005383,P007,S0062,D0058,2023-12-04 10:43:13.354558,67,3,1
C0005384,P007,S0062,D0012,2023-12-10 16:10:16.088295,51,30,6
C0005385,P007,S0062,D0038,2023-12-12 02:40:44.605240,24,15,2
C0005386,P007,S0062,D0058,2023-12-10 10:08:52.745908,74,15,1
C0005387,P007,S0062,D0005,2023-12-06 05:13:11.370797,7,30,3
C0005388,P007,S0062,D0005,2023-12-13 18:57:57.027897,20,24,3
C0005389,P007,S0062,D0002,2023-12-11 12:04:04.779601,25,6,2
C0005390,P007,S0062,D0035,2023-12-12 05:46:09.683404,44,10,4
C0005391,P007,S0062,D0014,2023-12-10 20:34:01.202957,18,60,9
C0005392,P007,S0062,D0035,2023-12-04 05:21:14.091885,15,7,5
C0005393,P007,S0062,D0022,2023-12-06 06:26:17.416366,15,27,4
C0005394,P007,S0062,D0038,2023-12-13 17:12:58.643878,15,0,1
C0005395,P007,S0062,D0002,2023-12-14 04:08:49.664566,105,29,5
C0005396,P007,S0062,D0048,2023-12-07 00:57:04.219423,69,43,1
C0005397,P007,S0062,D0035,2023-12-04 10:46:29.640253,74,30,1
C0005398,P007,S0062,D0052,2023-12-15 09:01:43.464753,24,22,1
C0005399,P007,S0062,D0012,2023-12-07 06:05:25.672324,56,15,1
C0005400,P007,S0062,D0022,2023-12-07 02:13:09.477613,29,38,4
C0005401,P007,S0062,D0014,2023-12-11 11:57:33.739764,45,1,1
C0005402,P007,S0062,D0038,2023-12-12 19:44:52.648401,66,18,3
C0005403,P007,S0062,D0058,2023-12-13 22:49:50.343597,41,7,1
C0005404,P007,S0062,D0007,2023-12-04 12:25:02.901792,32,9,1
C0005405,P007,S0062,D0002,2023-12-06 04:03:30.743808,55,23,3
C0005406,P007,S0062,D0022,2023-12-09 06:02:12.948009,12,8,3
C0005407,P007,S0062,D0035,2023-12-06 12:40:05.426925,72,22,1
C0005408,P007,S0062,D0049,2023-12-06 22:35:50.746043,106,22,1
C0005409,P007,S0062,D0035,2023-12-10 09:04:02.161333,11,28,3
C0005410,P007,S0062,D0029,2023-12-06 23:56:40.477893,26,28,2
C0005411,P007,S0062,D0007,2023-12-14 11:50:15.300612,98,4,2
C0005412,P007,S0062,D0049,2023-12-12 16:42:09.550252,102,36,6
C0005413,P007,S0062,D0014,2023-12-04 00:06:32.962546,21,11,1
C0005414,P007,S0062,D0029,2023-12-15 03:22:09.763083,35,28,2
C0005415,P007,S0062,D0002,2023-12-02 23:47:32.719125,41,25,1
C0005416,P007,S0062,D0038,2023-12-02 22:53:29.065780,51,24,3
C0005417,P007,S0062,D0038,2023-12-13 15:43:09.109340,64,4,1
C0005418,P007,S0062,D0005,2023-12-04 20:09:20.577181,26,20,2
C0005419,P007,S0062,D0058,2023-12-15 09:24:36.332734,26,47,1
C0005420,P007,S0062,D0002,2023-12-13 04:25:52.575463,105,10,5
C0005421,P007,S0062,D0048,2023-12-14 12:21:48.740916,46,5,6
C0005422,P007,S0062,D0007,2023-12-13 01:19:17.907445,13,63,1
C0005423,P007,S0062,D0058,2023-12-14 18:52:45.481963,37,8,2
C0005424,P007,S0062,D0007,2023-12-10 09:44:39.797450,30,5,14
C0005425,P007,S0062,D0002,2023-12-06 09:58:08.698176,77,24,1
C0005426,P007,S0062,D0038,2023-12-12 23:00:29.619561,95,45,4
C0005427,P007,S0062,D0002,2023-12-05 21:18:20.040327,33,37,2
C0005428,P007,S0062,D0012,2023-12-07 08:26:03.922299,104,28,1
C0005429,P007,S0062,D0058,2023-12-04 07:10:04.186769,155,16,2
C0005430,P007,S0062,D0049,2023-12-13 14:46:48.486897,3,30,6
C0005431,P007,S0062,D0058,2023-12-03 16:35:09.954911,25,28,1
C0005432,P007,S0062,D0012,2023-12-12 14:39:08.099229,32,51,2
C0005433,P007,S0062,D0052,2023-12-14 18:08:22.291427,68,12,3
C0005434,P007,S0062,D0035,2023-12-14 10:49:32.702161,85,13,1
C0005435,P007,S0062,D0048,2023-12-14 20:44:20.492585,87,75,1
C0005436,P007,S0062,D0049,2023-12-06 12:36:41.167324,7,14,1
C0005437,P007,S0062,D0034,2023-12-04 01:20:26.813088,74,3,3
C0005438,P007,S0062,D0014,2023-12-06 03:52:57.434024,64,11,1
C0005439,P007,S0062,D0020,2023-12-03 21:22:54.791224,59,43,1
C0005440,P007,S0062,D0035,2023-12-06 03:21:55.464429,52,13,3
C0005441,P007,S0062,D0005,2023-12-05 18:32:22.281375,54,41,7
C0005442,P007,S0062,D0005,2023-12-08 04:05:00.638916,80,18,5
C0005443,P007,S0062,D0014,2023-12-08 18:29:08.023100,12,39,2
C0005444,P007,S0062,D0014,2023-12-10 09:31:49.341379,25,37,2
C0005445,P007,S0062,D0038,2023-12-05 03:41:04.351943,66,2,1
C0005446,P007,S0062,D0048,2023-12-08 19:25:27.448995,57,38,5
C0005447,P007,S0062,D0014,2023-12-08 19:53:24.088796,13,33,6
C0005448,P007,S0062,D0022,2023-12-06 17:18:45.794379,58,7,1
C0005449,P007,S0062,D0012,2023-12-04 17:00:36.112375,12,16,16
C0005450,P007,S0062,D0007,2023-12-03 11:38:29.044247,107,22,1
C0005451,P007,S0062,D0020,2023-12-02 20:48:48.956531,8,13,2
C0005452,P007,S0062,D0005,2023-12-12 06:35:12.377697,62,20,9
C0005453,P007,S0062,D0049,2023-12-10 04:30:58.471147,68,3,4
C0005454,P007,S0062,D0049,2023-12-07 13:53:05.769408,30,22,1
C0005455,P007,S0062,D0012,2023-12-03 19:31:49.468874,12,33,8
C0005456,P007,S0062,D0029,2023-12-05 03:17:08.432276,33,31,7
C0005457,P007,S0062,D0029,2023-12-11 13:22:56.400829,38,2,1
C0005458,P007,S0062,D0020,2023-12-06 10:23:50.311827,53,13,2
C0005459,P007,S0062,D0038,2023-12-12 06:48:37.088073,113,4,3
C0005460,P007,S0062,D0014,2023-12-08 00:49:55.964290,109,28,9
C0005461,P007,S0062,D0002,2023-12-06 13:53:49.210890,42,29,1
C0005462,P007,S0063,D0052,2023-12-25 18:30:38.115985,55,28,2
C0005463,P007,S0063,D0049,2023-12-26 12:58:14.090434,110,7,3
C0005464,P007,S0063,D0014,2023-12-26 13:37:45.479080,40,21,1
C0005465,P007,S0063,D0022,2023-12-22 07:54:45.535305,70,32,5
C0005466,P007,S0063,D0022,2023-12-19 21:56:05.121404,22,34,2
C0005467,P007,S0063,D0014,2023-12-28 14:05:43.381024,52,20,1
C0005468,P007,S0063,D0038,2023-12-18 01:08:42.736625,30,4,1
C0005469,P007,S0063,D0020,2023-12-19 01:03:51.332482,14,10,2
C0005470,P007,S0063,D0022,2023-12-27 12:57:20.651877,5,5,1
C0005471,P007,S0063,D0058,2023-12-26 22:54:09.280138,101,18,3
C0005472,P007,S0063,D0020,2023-12-27 01:52:59.710522,117,3,1
C0005473,P007,S0063,D0012,2023-12-29 04:42:56.550714,37,26,4
C0005474,P007,S0063,D0038,2023-12-21 09:53:12.269532,113,20,2
C0005475,P007,S0063,D0012,2023-12-21 06:23:19.187305,80,16,2
C0005476,P007,S0063,D0022,2023-12-22 00:27:22.463118,91,63,1
C0005477,P007,S0063,D0035,2023-12-17 03:34:39.071618,42,26,7
C0005478,P007,S0063,D0038,2023-12-17 17:00:15.686536,34,13,4
C0005479,P007,S0063,D0014,2023-12-19 06:32:23.458623,50,11,1
C0005480,P007,S0063,D0020,2023-12-26 13:08:28.476056,43,65,2
C0005481,P007,S0063,D0002,2023-12-18 03:30:41.600507,29,27,4
C0005482,P007,S0063,D0022,2023-12-22 18:40:48.950823,62,21,4
C0005483,P007,S0063,D0049,2023-12-25 15:37:01.641230,16,27,11
C0005484,P007,S0063,D0052,2023-12-16 19:03:28.546149,149,15,2
C0005485,P007,S0063,D0038,2023-12-26 14:58:13.059394,25,4,2
C0005486,P007,S0063,D0038,2023-12-28 10:16:42.677274,59,22,1
C0005487,P007,S0063,D0032,2023-12-20 18:22:43.371348,76,18,1
C0005488,P007,S0063,D0007,2023-12-25 22:21:29.867482,22,18,1
C0005489,P007,S0063,D0012,2023-12-17 16:56:24.035177,56,10,3
C0005490,P007,S0063,D0034,2023-12-22 09:58:49.484106,29,27,1
C0005491,P007,S0063,D0048,2023-12-24 15:05:36.854069,101,6,1
C0005492,P007,S0063,D0052,2023-12-22 11:15:04.116223,40,4,1
C0005493,P007,S0063,D0049,2023-12-18 15:11:02.664156,98,53,3
C0005494,P007,S0063,D0058,2023-12-26 23:59:35.692626,112,16,3
C0005495,P007,S0063,D0012,2023-12-19 17:35:05.384458,26,1,1
C0005496,P007,S0063,D0034,2023-12-26 14:23:58.326906,45,19,3
C0005497,P007,S0063,D0038,2023-12-28 09:22:05.718380,51,9,1
C0005498,P007,S0063,D0035,2023-12-18 08:36:08.767531,34,16,4
C0005499,P007,S0063,D0035,2023-12-23 14:50:24.123683,69,9,1
C0005500,P007,S0063,D0034,2023-12-20 11:26:11.567484,9,17,4
C0005501,P007,S0063,D0052,2023-12-18 17:53:40.513737,19,17,1
C0005502,P007,S0063,D0029,2023-12-28 09:28:21.249877,121,32,1
C0005503,P007,S0063,D0007,2023-12-23 13:33:36.396799,34,12,1
C0005504,P007,S0063,D0035,2023-12-22 10:34:09.991201,24,12,2
C0005505,P007,S0063,D0049,2023-12-19 20:19:20.857825,44,14,1
C0005506,P007,S0063,D0035,2023-12-20 16:32:54.613779,84,2,4
C0005507,P007,S0063,D0052,2023-12-16 21:57:42.937488,105,28,4
C0005508,P007,S0063,D0032,2023-12-19 20:49:38.891605,9,14,1
C0005509,P007,S0063,D0022,2023-12-22 09:27:59.724890,47,27,3
C0005510,P007,S0063,D0038,2023-12-20 20:18:58.752953,82,28,5
C0005511,P007,S0063,D0058,2023-12-18 09:19:37.085015,105,62,1
C0005512,P007,S0063,D0002,2023-12-17 08:45:30.794822,33,5,1
C0005513,P007,S0063,D0005,2023-12-22 08:14:05.954057,85,8,1
C0005514,P007,S0063,D0052,2023-12-23 08:51:34.115146,33,28,4
C0005515,P007,S0063,D0005,2023-12-25 07:45:57.086638,118,45,3
C0005516,P007,S0063,D0048,2023-12-21 20:39:20.153599,52,26,1
C0005517,P007,S0063,D0038,2023-12-28 22:28:28.202763,22,8,1
C0005518,P007,S0063,D0058,2023-12-29 10:29:53.189475,26,6,2
C0005519,P007,S0063,D0002,2023-12-21 09:18:14.255083,40,5,10
C0005520,P007,S0063,D0035,2023-12-27 04:44:19.530561,0,5,5
C0005521,P007,S0063,D0014,2023-12-18 02:05:39.267123,65,25,6
C0005522,P007,S0063,D0052,2023-12-17 17:02:23.708127,61,16,1
C0005523,P007,S0063,D0007,2023-12-24 13:56:34.361917,65,4,1
C0005524,P007,S0063,D0032,2023-12-25 15:29:55.849044,27,38,13
C0005525,P007,S0063,D0058,2023-12-28 05:43:05.519965,20,37,3
C0005526,P007,S0063,D0034,2023-12-26 05:38:26.443573,31,11,1
C0005527,P007,S0063,D0012,2023-12-22 09:02:38.625189,19,22,2
C0005528,P007,S0063,D0005,2023-12-27 14:59:13.225567,33,3,3
C0005529,P007,S0063,D0032,2023-12-18 06:12:58.491967,28,25,4
C0005530,P007,S0063,D0029,2023-12-20 05:56:49.174071,98,4,4
C0005531,P007,S0063,D0029,2023-12-22 23:49:41.775069,48,14,1
C0005532,P007,S0063,D0012,2023-12-23 17:21:05.964456,13,19,6
C0005533,P007,S0063,D0032,2023-12-17 03:42:04.117452,19,1,3
C0005534,P007,S0063,D0014,2023-12-23 02:10:36.962060,94,10,1
C0005535,P007,S0063,D0052,2023-12-25 10:27:18.243519,73,23,2
C0005536,P007,S0063,D0048,2023-12-21 03:50:55.518055,93,13,3
C0005537,P007,S0063,D0058,2023-12-21 02:08:40.203716,34,21,3
C0005538,P007,S0063,D0035,2023-12-17 12:33:02.065076,17,25,1
C0005539,P007,S0063,D0005,2023-12-22 23:15:36.290255,54,31,4
C0005540,P007,S0063,D0049,2023-12-26 23:46:18.706948,44,22,4
C0005541,P007,S0063,D0012,2023-12-16 11:11:48.025259,17,38,6
C0005542,P007,S0063,D0022,2023-12-24 13:44:56.468745,65,18,1
C0005543,P007,S0063,D0005,2023-12-29 01:33:38.459186,45,26,1
C0005544,P007,S0063,D0058,2023-12-26 06:19:32.531846,41,33,3
C0005545,P007,S0063,D0022,2023-12-18 18:06:23.958042,24,12,3
C0005546,P007,S0063,D0029,2023-12-21 12:07:42.109214,31,37,1
C0005547,P007,S0063,D0035,2023-12-21 09:14:25.279877,28,20,2
C0005548,P007,S0063,D0052,2023-12-26 15:59:09.226993,45,3,3
C0005549,P007,S0063,D0022,2023-12-26 00:57:11.986984,67,29,1
C0005550,P007,S0063,D0038,2023-12-22 02:41:10.100024,41,3,1
C0005551,P007,S0063,D0035,2023-12-18 04:10:57.366208,93,22,1
C0005552,P007,S0063,D0034,2023-12-20 11:37:07.677015,119,8,2
C0005553,P007,S0063,D0002,2023-12-19 10:58:55.989175,84,33,1
C0005554,P007,S0063,D0049,2023-12-29 06:17:56.900789,38,45,1
C0005555,P007,S0063,D0032,2023-12-24 14:09:14.388830,58,37,1
C0005556,P007,S0063,D0007,2023-12-29 15:28:03.068967,43,29,2
C0005557,P007,S0063,D0007,2023-12-19 03:30:58.714628,37,2,3
C0005558,P007,S0063,D0022,2023-12-24 08:19:12.331143,11,7,1
C0005559,P007,S0063,D0049,2023-12-23 22:23:16.210851,16,22,1
C0005560,P007,S0063,D0022,2023-12-23 00:56:19.698333,55,0,4
C0005561,P007,S0063,D0012,2023-12-27 23:06:24.636854,151,29,3
C0005562,P007,S0063,D0032,2023-12-27 04:48:22.824681,84,32,6
C0005563,P007,S0063,D0034,2023-12-23 11:32:32.390820,11,23,2
C0005564,P007,S0063,D0014,2023-12-22 04:34:18.231881,67,20,1
C0005565,P007,S0063,D0049,2023-12-25 22:01:50.613322,21,8,1
C0005566,P007,S0063,D0007,2023-12-22 03:58:39.063229,45,0,4
C0005567,P007,S0063,D0035,2023-12-25 01:56:24.178359,7,10,5
C0005568,P007,S0063,D0012,2023-12-26 18:21:55.861941,42,51,6
C0005569,P007,S0063,D0049,2023-12-27 08:37:22.421772,47,25,2
C0005570,P007,S0063,D0052,2023-12-25 17:26:27.261843,69,26,3
C0005571,P007,S0063,D0022,2023-12-16 04:45:45.292602,64,12,1
C0005572,P007,S0063,D0052,2023-12-17 13:58:45.765639,46,10,2
C0005573,P007,S0064,D0035,2024-01-05 18:57:14.882783,65,0,1
C0005574,P007,S0064,D0029,2023-12-30 17:10:40.644458,22,41,8
C0005575,P007,S0064,D0014,2024-01-06 03:25:19.058039,69,5,4
C0005576,P007,S0064,D0012,2024-01-01 22:19:49.120968,40,2,5
C0005577,P007,S0064,D0020,2024-01-08 04:40:17.951144,64,24,1
C0005578,P007,S0064,D0002,2024-01-10 20:19:08.915856,42,27,12
C0005579,P007,S0064,D0049,2024-01-04 08:14:27.155151,113,26,2
C0005580,P007,S0064,D0048,2024-01-10 09:34:44.463875,94,16,2
C0005581,P007,S0064,D0020,2023-12-31 08:41:19.438381,8,24,1
C0005582,P007,S0064,D0029,2024-01-06 04:30:47.669114,43,28,1
C0005583,P007,S0064,D0034,2024-01-10 05:29:55.866181,14,5,1
C0005584,P007,S0064,D0038,2024-01-08 18:27:09.558678,50,12,3
C0005585,P007,S0064,D0058,2024-01-11 06:22:04.214994,35,68,2
C0005586,P007,S0064,D0052,2024-01-04 17:32:42.142971,75,15,3
C0005587,P007,S0064,D0052,2024-01-02 02:12:55.192919,44,4,3
C0005588,P007,S0064,D0020,2024-01-09 16:36:28.556198,11,41,1
C0005589,P007,S0064,D0052,2024-01-05 08:08:44.941746,102,12,2
C0005590,P007,S0064,D0034,2024-01-05 02:32:00.160916,34,11,1
C0005591,P007,S0064,D0007,2024-01-06 01:55:48.044461,96,16,3
C0005592,P007,S0064,D0012,2024-01-10 21:24:01.847557,9,19,1
C0005593,P007,S0064,D0035,2024-01-05 11:01:37.079256,31,37,1
C0005594,P007,S0064,D0014,2024-01-07 21:42:51.805317,25,33,7
C0005595,P007,S0064,D0005,2024-01-01 06:57:09.235622,45,9,5
C0005596,P007,S0064,D0014,2024-01-06 12:32:39.126054,13,14,2
C0005597,P007,S0064,D0034,2023-12-31 09:14:36.857243,101,42,3
C0005598,P007,S0064,D0035,2024-01-11 02:54:46.698524,160,96,1
C0005599,P007,S0064,D0038,2024-01-03 23:00:54.082092,58,54,3
C0005600,P007,S0064,D0022,2024-01-04 05:14:54.753414,142,7,3
C0005601,P007,S0064,D0022,2024-01-06 05:19:13.738544,50,55,1
C0005602,P007,S0064,D0005,2024-01-07 16:16:16.284238,54,1,1
C0005603,P007,S0064,D0029,2024-01-11 09:20:59.946997,78,26,4
C0005604,P007,S0064,D0048,2023-12-30 10:10:37.914560,20,6,4
C0005605,P007,S0064,D0007,2024-01-09 20:56:41.647164,0,29,4
C0005606,P007,S0064,D0035,2024-01-07 11:06:28.313561,59,13,3
C0005607,P007,S0064,D0012,2024-01-02 03:28:52.395057,27,17,5
C0005608,P007,S0064,D0032,2024-01-09 21:30:28.937066,51,26,4
C0005609,P007,S0064,D0049,2024-01-11 05:42:36.414886,50,25,1
C0005610,P007,S0064,D0038,2024-01-04 12:52:48.000986,53,14,4
C0005611,P007,S0064,D0020,2024-01-06 05:09:34.144173,18,10,1
C0005612,P007,S0064,D0007,2024-01-03 00:37:56.712222,52,5,3
C0005613,P007,S0064,D0014,2024-01-02 15:38:41.061445,46,12,4
C0005614,P007,S0064,D0049,2024-01-03 04:26:27.241851,97,78,1
C0005615,P007,S0064,D0034,2023-12-30 07:50:46.651587,33,19,2
C0005616,P007,S0064,D0002,2024-01-04 12:24:03.077031,52,2,2
C0005617,P007,S0064,D0052,2024-01-09 14:05:04.907208,64,5,3
C0005618,P007,S0065,D0048,2024-01-16 06:20:39.709240,78,57,2
C0005619,P007,S0065,D0012,2024-01-24 08:06:22.284824,15,3,5
C0005620,P007,S0065,D0052,2024-01-13 20:17:50.717040,69,31,5
C0005621,P007,S0065,D0052,2024-01-16 05:58:07.744376,32,32,1
C0005622,P007,S0065,D0002,2024-01-25 08:47:09.333963,22,1,1
C0005623,P007,S0065,D0007,2024-01-16 19:07:53.180867,71,15,1
C0005624,P007,S0065,D0034,2024-01-25 21:25:11.038517,22,7,4
C0005625,P007,S0065,D0014,2024-01-25 01:10:07.488933,40,35,1
C0005626,P007,S0065,D0048,2024-01-19 16:01:11.834779,57,13,6
C0005627,P007,S0065,D0020,2024-01-17 05:36:08.651911,17,40,1
C0005628,P007,S0065,D0014,2024-01-15 07:52:35.597198,27,15,7
C0005629,P007,S0065,D0005,2024-01-16 23:39:40.885160,116,21,1
C0005630,P007,S0065,D0034,2024-01-17 17:50:08.821425,44,18,1
C0005631,P007,S0065,D0007,2024-01-22 00:22:12.473348,105,8,1
C0005632,P007,S0065,D0002,2024-01-24 03:50:15.425832,73,18,2
C0005633,P007,S0065,D0022,2024-01-13 18:14:36.305043,64,6,2
C0005634,P007,S0065,D0014,2024-01-25 14:46:54.367675,47,59,5
C0005635,P007,S0065,D0038,2024-01-17 17:14:57.710336,112,34,1
C0005636,P007,S0065,D0002,2024-01-26 18:15:49.707792,75,1,1
C0005637,P007,S0065,D0035,2024-01-19 02:44:03.230584,52,7,1
C0005638,P007,S0065,D0038,2024-01-13 15:28:02.631697,18,44,3
C0005639,P007,S0065,D0005,2024-01-21 02:10:08.353184,22,2,4
C0005640,P007,S0065,D0035,2024-01-25 04:19:02.179656,41,21,3
C0005641,P007,S0065,D0012,2024-01-24 21:44:04.893974,24,42,2
C0005642,P007,S0065,D0052,2024-01-17 22:12:51.981231,88,20,3
C0005643,P007,S0065,D0052,2024-01-23 19:15:08.275384,32,137,4
C0005644,P007,S0065,D0038,2024-01-24 11:54:03.032519,30,24,4
C0005645,P007,S0065,D0034,2024-01-22 16:08:54.765505,77,1,6
C0005646,P007,S0065,D0034,2024-01-22 09:52:48.215600,75,51,1
C0005647,P007,S0065,D0007,2024-01-25 06:12:26.053109,15,14,2
C0005648,P007,S0065,D0002,2024-01-20 06:36:12.348505,70,13,1
C0005649,P007,S0065,D0012,2024-01-22 12:36:14.774117,37,4,6
C0005650,P007,S0065,D0014,2024-01-26 05:45:55.722761,24,26,2
C0005651,P007,S0065,D0049,2024-01-19 09:09:46.579014,74,34,1
C0005652,P007,S0065,D0005,2024-01-24 10:15:26.816555,74,35,5
C0005653,P007,S0065,D0012,2024-01-15 01:15:10.882173,25,33,8
C0005654,P007,S0065,D0014,2024-01-16 19:10:51.226841,29,91,6
C0005655,P007,S0065,D0012,2024-01-18 16:09:53.284741,57,35,1
C0005656,P007,S0065,D0032,2024-01-16 16:54:00.383929,22,65,6
C0005657,P007,S0065,D0035,2024-01-18 20:22:23.337657,96,13,4
C0005658,P007,S0065,D0049,2024-01-14 18:36:13.761870,12,31,3
C0005659,P007,S0065,D0058,2024-01-24 16:17:31.175715,75,17,1
C0005660,P007,S0065,D0048,2024-01-18 21:16:56.502981,58,74,7
C0005661,P007,S0065,D0005,2024-01-23 01:30:36.208360,108,14,1
C0005662,P007,S0065,D0014,2024-01-17 03:03:48.010122,13,11,1
C0005663,P007,S0065,D0052,2024-01-18 18:18:05.041975,18,7,3
C0005664,P007,S0065,D0049,2024-01-16 20:37:56.904125,67,16,8
C0005665,P007,S0065,D0020,2024-01-15 22:09:17.410073,38,68,1
C0005666,P007,S0065,D0034,2024-01-24 03:18:29.595848,34,8,1
C0005667,P007,S0065,D0020,2024-01-15 18:27:24.506837,23,44,4
C0005668,P007,S0065,D0032,2024-01-18 12:34:35.906542,26,7,1
C0005669,P007,S0065,D0022,2024-01-26 08:11:09.003943,181,47,4
C0005670,P007,S0065,D0038,2024-01-22 13:59:43.775983,75,54,1
C0005671,P007,S0065,D0002,2024-01-15 12:24:31.611915,91,1,1
C0005672,P007,S0065,D0038,2024-01-24 10:21:06.463554,8,21,1
C0005673,P007,S0066,D0007,2024-02-02 19:07:42.325011,40,4,2
C0005674,P007,S0066,D0014,2024-01-30 03:37:15.790526,42,27,8
C0005675,P007,S0066,D0032,2024-02-06 23:27:21.409502,25,10,1
C0005676,P007,S0066,D0038,2024-02-03 18:41:42.794971,67,9,3
C0005677,P007,S0066,D0022,2024-01-31 00:20:38.292361,29,1,1
C0005678,P007,S0066,D0020,2024-01-30 20:41:28.362080,16,22,5
C0005679,P007,S0066,D0032,2024-02-02 04:53:30.418605,69,12,1
C0005680,P007,S0066,D0038,2024-01-30 10:24:45.004428,94,8,4
C0005681,P007,S0066,D0005,2024-02-07 12:04:35.989142,89,41,7
C0005682,P007,S0066,D0052,2024-01-28 18:51:54.641363,83,16,1
C0005683,P007,S0066,D0002,2024-02-06 03:11:36.020762,90,41,3
C0005684,P007,S0066,D0038,2024-01-31 10:02:37.672897,80,27,1
C0005685,P007,S0066,D0012,2024-01-30 06:40:24.552607,47,24,2
C0005686,P007,S0066,D0049,2024-02-08 07:13:04.127271,68,3,4
C0005687,P007,S0066,D0014,2024-02-02 07:29:18.505519,27,23,4
C0005688,P007,S0066,D0048,2024-02-07 19:10:37.341792,36,4,2
C0005689,P007,S0066,D0038,2024-02-07 18:45:46.904768,21,12,2
C0005690,P007,S0066,D0020,2024-02-05 01:48:33.453266,-1,2,7
C0005691,P007,S0066,D0020,2024-02-03 04:34:12.019539,95,14,3
C0005692,P007,S0066,D0032,2024-01-29 11:50:06.539564,18,32,4
C0005693,P007,S0066,D0029,2024-02-03 23:16:15.536708,76,1,4
C0005694,P007,S0066,D0048,2024-01-30 00:00:32.452239,30,22,11
C0005695,P007,S0066,D0035,2024-02-03 11:43:43.586266,38,16,6
C0005696,P007,S0066,D0038,2024-02-07 13:50:10.354839,105,11,2
C0005697,P007,S0066,D0012,2024-02-06 10:06:08.470946,19,22,2
C0005698,P007,S0066,D0034,2024-02-01 19:33:42.155427,55,6,2
C0005699,P007,S0066,D0038,2024-02-04 18:05:35.366880,25,17,1
C0005700,P007,S0066,D0048,2024-02-07 18:49:33.430254,106,24,1
C0005701,P007,S0066,D0029,2024-02-04 00:53:27.336416,50,50,2
C0005702,P007,S0066,D0035,2024-02-09 02:44:15.933596,30,11,2
C0005703,P007,S0066,D0058,2024-02-04 20:52:18.343707,48,10,7
C0005704,P007,S0066,D0020,2024-02-02 15:42:30.714371,5,5,3
C0005705,P007,S0066,D0014,2024-02-08 09:16:25.638123,23,33,2
C0005706,P007,S0066,D0014,2024-02-06 04:51:07.485890,22,10,2
C0005707,P007,S0066,D0007,2024-01-31 22:00:31.907816,20,12,1
C0005708,P007,S0066,D0002,2024-02-06 11:31:59.219577,103,30,2
C0005709,P007,S0066,D0052,2024-01-27 01:02:20.916066,57,5,5
C0005710,P007,S0066,D0029,2024-01-28 23:12:24.036909,34,41,9
C0005711,P007,S0066,D0052,2024-02-08 17:14:59.245591,52,23,1
C0005712,P007,S0066,D0058,2024-01-27 21:33:59.922399,54,84,5
C0005713,P007,S0066,D0012,2024-01-29 08:20:02.632318,13,18,1
C0005714,P007,S0066,D0029,2024-01-29 17:08:56.878920,73,30,1
C0005715,P007,S0066,D0058,2024-02-02 19:33:06.274303,32,7,1
C0005716,P007,S0066,D0035,2024-02-02 15:35:18.868292,42,18,1
C0005717,P007,S0066,D0038,2024-02-05 18:59:24.184718,39,34,1
C0005718,P007,S0066,D0002,2024-02-05 19:19:06.721557,117,26,1
C0005719,P007,S0066,D0002,2024-02-07 20:18:07.867277,10,7,1
C0005720,P007,S0066,D0007,2024-01-30 13:35:18.074610,136,13,2
C0005721,P007,S0066,D0049,2024-02-03 19:52:47.198981,90,9,1
C0005722,P007,S0066,D0020,2024-01-29 03:49:24.929882,36,12,2
C0005723,P007,S0066,D0029,2024-02-04 01:02:51.657586,50,7,10
C0005724,P007,S0066,D0029,2024-01-31 03:34:20.238563,118,13,4
C0005725,P007,S0066,D0035,2024-02-02 22:24:31.687706,45,4,5
C0005726,P007,S0066,D0012,2024-02-05 22:05:13.563464,99,23,6
C0005727,P007,S0066,D0012,2024-02-08 10:51:28.785119,37,5,1
C0005728,P007,S0066,D0002,2024-02-08 13:35:38.812464,82,22,2
C0005729,P007,S0066,D0014,2024-01-29 19:04:52.303892,11,19,4
C0005730,P007,S0066,D0014,2024-02-06 01:40:36.379337,52,45,4
C0005731,P007,S0066,D0022,2024-02-02 09:53:45.621704,15,10,2
C0005732,P007,S0066,D0012,2024-02-08 11:45:25.990938,7,22,3
C0005733,P007,S0066,D0034,2024-02-04 15:22:17.789152,70,30,1
C0005734,P007,S0066,D0052,2024-01-27 21:52:29.589624,48,6,2
C0005735,P007,S0066,D0022,2024-01-31 18:47:28.120751,42,18,2
C0005736,P007,S0066,D0029,2024-02-04 05:54:17.521146,39,7,1
C0005737,P007,S0066,D0038,2024-02-09 04:24:42.337087,18,20,1
C0005738,P007,S0066,D0012,2024-01-30 05:23:40.046791,65,55,6
C0005739,P007,S0066,D0012,2024-01-28 18:41:02.618270,62,8,2
C0005740,P007,S0066,D0048,2024-01-31 07:41:44.628341,136,25,3
C0005741,P007,S0066,D0029,2024-02-07 07:15:31.440265,3,18,1
C0005742,P007,S0066,D0012,2024-02-07 12:28:08.830873,103,28,5
C0005743,P007,S0066,D0005,2024-02-03 15:34:55.282517,28,16,5
C0005744,P007,S0066,D0012,2024-02-01 04:59:14.593168,22,34,6
C0005745,P007,S0066,D0002,2024-02-08 06:12:59.596933,86,48,1
C0005746,P007,S0066,D0007,2024-02-08 15:53:19.340444,17,4,1
C0005747,P007,S0066,D0052,2024-01-29 14:09:18.866132,41,22,13
C0005748,P007,S0066,D0020,2024-02-03 16:37:59.004138,32,42,1
C0005749,P007,S0066,D0035,2024-02-04 00:37:22.043961,69,3,2
C0005750,P007,S0066,D0020,2024-02-05 07:27:17.705421,7,57,2
C0005751,P007,S0066,D0058,2024-02-07 20:16:51.715376,26,9,2
C0005752,P007,S0066,D0020,2024-02-04 14:10:32.217851,5,14,1
C0005753,P007,S0066,D0005,2024-01-28 22:16:26.777880,44,4,8
C0005754,P007,S0066,D0020,2024-01-28 22:03:16.255717,38,3,2
C0005755,P007,S0066,D0005,2024-02-06 09:01:50.335128,34,28,1
C0005756,P007,S0066,D0002,2024-02-01 03:41:09.919835,18,24,9
C0005757,P007,S0066,D0022,2024-02-03 09:10:45.555287,27,7,3
C0005758,P007,S0066,D0020,2024-02-04 06:25:33.767393,82,25,2
C0005759,P007,S0066,D0022,2024-02-01 20:54:17.967547,97,12,1
C0005760,P007,S0066,D0058,2024-02-06 10:42:11.784729,83,18,1
C0005761,P007,S0066,D0058,2024-02-03 20:59:43.242708,62,21,2
C0005762,P007,S0066,D0005,2024-02-06 01:41:32.220904,79,16,2
C0005763,P007,S0066,D0014,2024-01-30 05:07:38.021387,79,11,1
C0005764,P007,S0066,D0035,2024-02-05 10:09:34.621169,56,23,6
C0005765,P007,S0066,D0012,2024-01-31 04:05:49.295070,81,9,1
C0005766,P007,S0066,D0020,2024-01-31 03:35:57.168805,16,6,1
C0005767,P007,S0066,D0058,2024-02-03 16:52:46.344445,52,5,1
C0005768,P007,S0066,D0035,2024-02-05 11:27:40.070572,24,5,1
C0005769,P007,S0066,D0014,2024-01-27 23:20:15.211416,87,82,3
C0005770,P007,S0066,D0038,2024-02-02 07:57:29.510076,102,27,1
C0005771,P007,S0066,D0035,2024-01-30 22:58:37.799785,32,7,3
C0005772,P007,S0066,D0014,2024-02-06 06:15:21.899898,61,1,5
C0005773,P007,S0066,D0038,2024-02-07 12:09:21.657256,25,22,2
C0005774,P007,S0066,D0022,2024-02-01 10:53:22.552176,29,15,1
C0005775,P007,S0066,D0007,2024-02-03 23:19:59.060364,70,42,7
C0005776,P007,S0066,D0032,2024-02-07 04:39:01.586825,154,4,4
C0005777,P007,S0066,D0005,2024-02-01 18:36:26.185295,30,3,1
C0005778,P007,S0066,D0038,2024-02-09 02:49:01.620590,20,17,1
C0005779,P007,S0066,D0049,2024-02-04 02:44:14.053117,39,96,2
C0005780,P007,S0066,D0014,2024-01-29 00:46:57.065853,104,43,2
C0005781,P007,S0066,D0048,2024-01-27 07:27:07.472828,33,19,4
C0005782,P007,S0066,D0012,2024-02-09 16:01:23.397205,48,9,6
C0005783,P007,S0066,D0002,2024-01-30 17:36:42.167456,76,9,1
C0005784,P007,S0066,D0005,2024-02-06 08:59:11.899202,43,8,3
C0005785,P007,S0066,D0035,2024-02-01 04:41:09.609221,10,12,1
C0005786,P007,S0066,D0049,2024-02-01 04:59:32.570331,57,7,4
C0005787,P007,S0066,D0020,2024-01-31 07:56:56.771167,31,2,4
C0005788,P007,S0066,D0034,2024-01-29 18:51:00.066807,34,3,3
C0005789,P007,S0066,D0014,2024-02-01 17:14:42.248929,51,30,4
C0005790,P007,S0066,D0032,2024-01-30 00:30:43.768906,176,37,1
C0005791,P007,S0066,D0032,2024-02-04 03:38:25.525678,39,5,1
C0005792,P007,S0066,D0032,2024-02-07 19:04:12.669406,61,29,1
C0005793,P007,S0066,D0005,2024-02-01 08:44:16.980642,53,10,1
C0005794,P007,S0066,D0049,2024-02-08 02:05:29.644513,46,37,5
C0005795,P007,S0066,D0002,2024-02-01 01:15:16.085748,71,3,2
C0005796,P007,S0066,D0007,2024-02-06 12:00:17.271789,35,27,1
C0005797,P007,S0066,D0058,2024-01-30 16:31:41.628692,92,21,2
C0005798,P007,S0066,D0005,2024-02-09 10:13:44.907108,88,24,5
C0005799,P007,S0066,D0058,2024-02-04 12:51:23.858204,35,16,2
C0005800,P007,S0066,D0022,2024-02-04 20:10:02.850557,59,42,1
C0005801,P007,S0066,D0034,2024-02-08 06:48:09.945730,29,21,4
C0005802,P007,S0066,D0048,2024-01-29 15:44:41.301742,29,8,4
C0005803,P007,S0066,D0002,2024-01-29 06:41:16.747031,49,9,4
C0005804,P007,S0066,D0032,2024-02-08 22:56:28.422714,79,11,1
C0005805,P007,S0066,D0029,2024-01-31 07:54:28.212405,59,28,1
C0005806,P007,S0066,D0014,2024-02-05 08:38:13.078600,26,29,3
C0005807,P007,S0066,D0002,2024-02-03 18:41:16.796850,99,2,7
C0005808,P007,S0067,D0020,2024-02-18 03:38:48.224343,38,38,3
C0005809,P007,S0067,D0049,2024-02-14 16:37:45.330434,49,5,1
C0005810,P007,S0067,D0007,2024-02-18 16:28:31.209893,127,2,7
C0005811,P007,S0067,D0020,2024-02-17 14:40:35.386027,50,16,2
C0005812,P007,S0067,D0035,2024-02-15 16:08:14.863153,33,18,4
C0005813,P007,S0067,D0022,2024-02-21 21:02:46.056398,134,23,3
C0005814,P007,S0067,D0038,2024-02-12 09:40:54.368820,33,15,2
C0005815,P007,S0067,D0014,2024-02-12 03:31:16.246248,72,8,5
C0005816,P007,S0067,D0020,2024-02-17 18:59:45.163194,6,33,6
C0005817,P007,S0067,D0022,2024-02-21 08:55:06.688782,88,4,3
C0005818,P007,S0067,D0038,2024-02-12 00:44:40.944503,8,28,5
C0005819,P007,S0067,D0020,2024-02-12 01:36:01.347314,78,28,5
C0005820,P007,S0067,D0032,2024-02-18 22:41:19.836953,73,13,1
C0005821,P007,S0067,D0005,2024-02-22 22:55:27.711189,24,25,5
C0005822,P007,S0067,D0058,2024-02-16 05:17:56.631113,9,11,1
C0005823,P007,S0067,D0020,2024-02-20 16:03:11.824979,20,44,4
C0005824,P007,S0067,D0034,2024-02-19 14:59:41.198868,11,26,1
C0005825,P007,S0067,D0038,2024-02-17 03:28:57.049228,82,14,1
C0005826,P007,S0067,D0014,2024-02-16 18:05:57.920815,43,1,7
C0005827,P007,S0067,D0005,2024-02-13 00:15:46.228303,73,3,4
C0005828,P007,S0067,D0020,2024-02-15 08:20:55.627742,74,24,5
C0005829,P007,S0067,D0034,2024-02-13 14:54:37.612297,171,50,1
C0005830,P007,S0067,D0020,2024-02-10 15:17:54.705311,11,55,6
C0005831,P007,S0067,D0032,2024-02-17 00:05:38.917690,93,9,1
C0005832,P007,S0067,D0012,2024-02-21 00:01:45.520133,5,37,1
C0005833,P007,S0067,D0012,2024-02-18 15:43:14.887681,33,20,4
C0005834,P007,S0067,D0035,2024-02-22 22:15:19.990507,14,24,3
C0005835,P007,S0067,D0049,2024-02-21 12:43:56.258184,94,4,4
C0005836,P007,S0067,D0049,2024-02-13 22:33:03.511200,131,11,6
C0005837,P007,S0067,D0012,2024-02-19 11:07:42.619219,71,23,7
C0005838,P007,S0067,D0058,2024-02-15 12:57:37.438441,69,12,1
C0005839,P007,S0067,D0048,2024-02-11 20:23:59.184610,69,18,2
C0005840,P007,S0067,D0038,2024-02-21 07:47:01.382146,25,28,1
C0005841,P007,S0067,D0014,2024-02-22 02:06:55.623764,70,12,1
C0005842,P007,S0067,D0029,2024-02-18 19:26:33.291532,28,25,2
C0005843,P007,S0067,D0032,2024-02-22 18:37:29.094397,36,8,2
C0005844,P007,S0067,D0005,2024-02-18 08:45:55.748097,79,5,2
C0005845,P007,S0067,D0002,2024-02-22 02:08:02.553186,1,5,1
C0005846,P007,S0067,D0007,2024-02-14 00:58:49.448294,56,31,1
C0005847,P007,S0067,D0034,2024-02-17 20:28:04.733240,61,6,4
C0005848,P007,S0067,D0048,2024-02-20 14:03:47.268899,121,90,9
C0005849,P007,S0067,D0002,2024-02-14 08:15:17.592652,18,18,1
C0005850,P007,S0067,D0034,2024-02-23 00:47:18.031603,73,8,3
C0005851,P007,S0067,D0035,2024-02-21 15:51:41.891481,55,14,4
C0005852,P007,S0067,D0048,2024-02-18 12:09:17.821320,96,8,3
C0005853,P007,S0067,D0049,2024-02-12 14:35:18.263114,126,20,1
C0005854,P007,S0067,D0034,2024-02-20 11:03:51.794186,65,7,2
C0005855,P007,S0067,D0014,2024-02-14 19:47:04.254041,22,51,3
C0005856,P007,S0067,D0035,2024-02-22 11:10:35.310164,30,15,1
C0005857,P007,S0067,D0049,2024-02-16 09:04:42.778689,30,10,1
C0005858,P007,S0067,D0038,2024-02-23 00:23:31.769104,54,4,1
C0005859,P007,S0067,D0058,2024-02-17 06:59:04.593539,42,1,3
C0005860,P007,S0067,D0005,2024-02-20 01:06:21.658167,8,9,1
C0005861,P007,S0067,D0052,2024-02-21 00:12:00.503630,38,113,1
C0005862,P007,S0067,D0002,2024-02-14 01:58:07.549440,48,66,1
C0005863,P007,S0067,D0020,2024-02-21 19:52:16.407001,72,7,2
C0005864,P007,S0067,D0014,2024-02-16 22:51:18.537934,60,28,1
C0005865,P007,S0067,D0014,2024-02-15 04:14:50.794497,25,16,1
C0005866,P007,S0067,D0029,2024-02-11 04:26:54.540010,44,38,4
C0005867,P007,S0067,D0014,2024-02-17 22:17:15.697125,66,5,6
C0005868,P007,S0067,D0007,2024-02-16 22:16:17.851835,42,9,2
C0005869,P007,S0067,D0007,2024-02-23 00:29:25.086047,26,5,2
C0005870,P007,S0067,D0022,2024-02-21 10:37:24.993759,129,14,5
C0005871,P007,S0067,D0005,2024-02-21 11:43:41.632743,19,21,1
C0005872,P007,S0067,D0052,2024-02-12 10:23:29.905260,91,12,1
C0005873,P007,S0067,D0012,2024-02-21 05:51:57.122775,112,31,1
C0005874,P007,S0067,D0058,2024-02-12 12:15:32.971549,58,62,3
C0005875,P007,S0067,D0032,2024-02-11 16:38:00.789358,86,5,1
C0005876,P007,S0067,D0035,2024-02-22 01:21:32.176851,44,65,1
C0005877,P007,S0067,D0002,2024-02-14 23:08:08.450553,59,3,5
C0005878,P007,S0067,D0049,2024-02-18 19:22:26.789751,5,38,3
C0005879,P007,S0067,D0007,2024-02-18 01:31:43.626534,12,21,6
C0005880,P007,S0067,D0035,2024-02-19 12:04:49.483167,35,41,2
C0005881,P007,S0067,D0034,2024-02-22 00:26:54.435479,23,59,2
C0005882,P007,S0067,D0038,2024-02-13 07:45:04.129357,48,29,4
C0005883,P007,S0067,D0005,2024-02-11 05:06:00.892138,144,28,2
C0005884,P007,S0067,D0032,2024-02-16 01:31:19.288835,56,20,5
C0005885,P007,S0067,D0034,2024-02-17 02:39:19.833961,5,11,11
C0005886,P007,S0067,D0038,2024-02-15 16:44:28.522426,2,23,6
C0005887,P007,S0067,D0012,2024-02-14 04:13:23.753926,7,7,1
C0005888,P007,S0067,D0049,2024-02-20 19:05:18.362515,41,23,5
C0005889,P007,S0067,D0049,2024-02-18 03:12:58.587324,8,55,2
C0005890,P007,S0067,D0020,2024-02-12 01:33:02.508364,35,30,2
C0005891,P007,S0067,D0002,2024-02-23 08:04:18.125886,40,25,4
C0005892,P007,S0067,D0058,2024-02-10 21:06:17.775493,61,3,5
C0005893,P007,S0067,D0012,2024-02-12 00:23:18.278675,43,3,4
C0005894,P007,S0067,D0005,2024-02-18 12:36:26.677851,106,23,1
C0005895,P007,S0067,D0035,2024-02-22 17:04:20.997993,24,9,1
C0005896,P007,S0067,D0029,2024-02-15 02:11:52.896721,30,34,1
C0005897,P007,S0067,D0007,2024-02-12 10:28:55.214261,34,20,2
C0005898,P007,S0067,D0020,2024-02-18 01:22:03.497113,31,2,1
C0005899,P007,S0067,D0058,2024-02-18 10:37:55.511059,55,6,1
C0005900,P007,S0067,D0014,2024-02-17 21:30:20.013119,45,116,2
C0005901,P007,S0067,D0035,2024-02-10 07:58:25.063490,59,30,2
C0005902,P007,S0067,D0052,2024-02-12 05:21:33.534867,48,127,7
C0005903,P007,S0067,D0035,2024-02-17 06:59:58.561491,1,16,1
C0005904,P007,S0067,D0005,2024-02-14 13:52:40.754276,16,26,2
C0005905,P007,S0067,D0032,2024-02-10 19:24:29.830363,28,20,1
C0005906,P007,S0067,D0035,2024-02-11 22:34:35.093052,108,57,5
C0005907,P007,S0067,D0012,2024-02-20 08:54:48.143314,15,36,2
C0005908,P007,S0067,D0032,2024-02-22 19:25:43.634135,38,13,6
C0005909,P007,S0067,D0029,2024-02-13 22:54:17.073044,48,41,4
C0005910,P007,S0067,D0035,2024-02-16 18:48:45.685691,9,23,2
C0005911,P007,S0067,D0038,2024-02-21 02:52:32.820180,151,3,4
C0005912,P007,S0067,D0022,2024-02-20 21:35:52.937160,29,18,2
C0005913,P007,S0067,D0022,2024-02-22 00:06:10.169829,38,33,3
C0005914,P007,S0067,D0034,2024-02-16 00:14:53.483169,58,7,3
C0005915,P007,S0067,D0058,2024-02-18 19:38:23.498642,20,14,4
C0005916,P007,S0067,D0058,2024-02-17 13:52:40.291276,24,72,2
C0005917,P007,S0067,D0035,2024-02-20 16:14:37.263302,65,10,1
C0005918,P007,S0067,D0048,2024-02-13 07:19:28.595936,20,14,1
C0005919,P007,S0067,D0012,2024-02-20 14:39:39.518245,30,29,1
C0005920,P007,S0067,D0007,2024-02-22 21:52:10.116321,20,32,1
C0005921,P007,S0067,D0022,2024-02-22 15:56:24.835550,79,24,5
C0005922,P007,S0067,D0052,2024-02-19 08:15:38.540395,82,1,3
C0005923,P007,S0067,D0049,2024-02-10 12:32:44.780933,74,3,1
C0005924,P007,S0067,D0049,2024-02-18 06:49:51.827047,19,22,3
C0005925,P007,S0067,D0005,2024-02-19 14:29:25.217684,41,20,1
C0005926,P007,S0067,D0048,2024-02-14 17:24:48.909182,44,30,1
C0005927,P007,S0067,D0048,2024-02-23 15:23:58.204634,1,12,1
C0005928,P007,S0067,D0048,2024-02-13 11:19:54.082182,40,4,1
C0005929,P007,S0067,D0034,2024-02-21 00:22:05.039445,54,3,6
C0005930,P007,S0067,D0052,2024-02-22 02:42:55.164316,33,23,2
C0005931,P007,S0067,D0052,2024-02-14 00:37:48.830050,11,48,5
C0005932,P007,S0067,D0049,2024-02-17 08:35:36.983805,76,19,4
C0005933,P007,S0068,D0022,2024-03-05 09:20:26.900040,14,25,7
C0005934,P007,S0068,D0032,2024-03-02 11:26:05.699954,9,12,4
C0005935,P007,S0068,D0007,2024-02-28 03:16:44.043153,113,12,7
C0005936,P007,S0068,D0049,2024-02-24 22:50:54.626076,14,14,3
C0005937,P007,S0068,D0048,2024-03-08 06:22:37.558943,23,108,4
C0005938,P007,S0068,D0035,2024-02-26 22:05:28.023055,52,22,1
C0005939,P007,S0068,D0052,2024-03-07 07:49:20.496233,23,39,3
C0005940,P007,S0068,D0029,2024-03-03 23:24:50.775231,26,25,1
C0005941,P007,S0068,D0058,2024-02-29 15:10:08.485790,23,6,4
C0005942,P007,S0068,D0038,2024-03-08 09:16:46.576140,61,14,1
C0005943,P007,S0068,D0014,2024-03-06 17:34:48.753719,91,12,2
C0005944,P007,S0068,D0020,2024-02-27 23:41:19.791368,31,18,1
C0005945,P007,S0068,D0014,2024-03-01 02:06:53.381059,-1,17,4
C0005946,P007,S0068,D0049,2024-03-07 07:48:11.424392,20,8,1
C0005947,P007,S0068,D0012,2024-03-07 11:32:03.407881,85,26,3
C0005948,P007,S0068,D0029,2024-02-28 06:46:22.877905,38,42,1
C0005949,P007,S0068,D0052,2024-03-04 04:39:39.432209,61,2,4
C0005950,P007,S0068,D0012,2024-02-25 13:29:09.601784,116,24,4
C0005951,P007,S0068,D0034,2024-03-02 00:48:30.264037,25,19,1
C0005952,P007,S0068,D0058,2024-02-24 13:49:14.473405,14,18,1
C0005953,P007,S0068,D0005,2024-02-28 22:52:29.984518,63,1,1
C0005954,P007,S0068,D0052,2024-02-28 05:59:31.053263,14,14,1
C0005955,P007,S0068,D0020,2024-03-03 18:49:15.443059,104,46,1
C0005956,P007,S0068,D0048,2024-03-06 19:36:47.868146,19,3,2
C0005957,P007,S0068,D0052,2024-03-06 23:15:04.482822,9,15,2
C0005958,P007,S0068,D0014,2024-02-29 21:31:22.276792,25,24,1
C0005959,P007,S0068,D0007,2024-03-07 09:02:49.134991,18,11,2
C0005960,P007,S0068,D0005,2024-02-25 13:58:11.382711,23,10,1
C0005961,P007,S0068,D0020,2024-03-06 12:56:03.430122,20,15,1
C0005962,P007,S0068,D0034,2024-02-25 21:33:50.498860,19,10,1
C0005963,P007,S0068,D0029,2024-02-25 18:42:08.802187,36,59,7
C0005964,P007,S0068,D0022,2024-03-03 09:19:26.844586,44,19,4
C0005965,P007,S0068,D0034,2024-02-28 15:00:20.294581,57,17,1
C0005966,P007,S0068,D0002,2024-03-01 19:31:20.844806,67,8,1
C0005967,P007,S0068,D0014,2024-03-08 00:27:04.320282,58,38,6
C0005968,P007,S0068,D0002,2024-03-02 07:56:32.436271,18,42,1
C0005969,P007,S0068,D0007,2024-02-28 02:00:13.239972,50,6,3
C0005970,P007,S0068,D0058,2024-02-25 00:41:15.839743,44,24,1
C0005971,P007,S0068,D0038,2024-03-08 07:10:47.903130,69,42,1
C0005972,P007,S0068,D0029,2024-03-07 06:02:47.544359,50,23,2
C0005973,P007,S0068,D0007,2024-02-26 18:38:57.902455,45,18,4
C0005974,P007,S0068,D0002,2024-03-02 20:51:56.202884,11,10,4
C0005975,P007,S0068,D0012,2024-03-03 23:29:11.112621,71,2,1
C0005976,P007,S0068,D0048,2024-03-06 13:45:15.425739,58,23,4
C0005977,P007,S0068,D0032,2024-03-04 12:18:42.527286,85,13,2
C0005978,P007,S0068,D0035,2024-03-07 16:21:04.033207,47,1,6
C0005979,P007,S0068,D0002,2024-02-26 23:04:36.831508,14,90,1
C0005980,P007,S0068,D0049,2024-02-26 20:34:38.546823,9,10,8
C0005981,P007,S0068,D0005,2024-03-05 12:31:24.868912,8,12,3
C0005982,P007,S0068,D0049,2024-03-01 07:53:26.646089,56,7,3
C0005983,P007,S0068,D0002,2024-02-25 03:19:05.215855,34,3,2
C0005984,P007,S0068,D0035,2024-03-05 06:33:52.431394,12,32,1
C0005985,P007,S0068,D0014,2024-03-07 17:43:22.926531,83,6,2
C0005986,P007,S0068,D0002,2024-03-07 15:02:26.300007,74,7,6
C0005987,P007,S0068,D0029,2024-02-26 05:48:23.301095,3,13,2
C0005988,P007,S0068,D0007,2024-02-24 15:19:58.060619,76,15,3
C0005989,P007,S0068,D0049,2024-03-04 14:11:11.097149,29,10,1
C0005990,P007,S0068,D0032,2024-03-07 06:05:32.156678,5,8,1
C0005991,P007,S0068,D0020,2024-03-06 09:01:26.569800,43,37,1
C0005992,P007,S0068,D0052,2024-02-29 10:01:36.742071,75,17,3
C0005993,P007,S0068,D0012,2024-03-02 04:05:41.318834,34,12,3
C0005994,P007,S0068,D0035,2024-03-02 09:59:26.934533,8,32,6
C0005995,P007,S0068,D0048,2024-02-26 17:43:04.489751,61,28,2
C0005996,P007,S0068,D0032,2024-03-01 23:44:03.164765,106,23,3
C0005997,P007,S0068,D0014,2024-03-05 05:20:39.827566,95,25,2
C0005998,P007,S0068,D0014,2024-03-02 02:06:24.288116,27,15,2
C0005999,P007,S0068,D0020,2024-02-27 00:31:57.977907,13,17,3
C0006000,P007,S0068,D0020,2024-03-07 19:26:15.900266,51,9,1
C0006001,P007,S0068,D0007,2024-03-06 04:59:01.310819,52,2,1
C0006002,P007,S0068,D0002,2024-02-24 17:19:54.452902,20,0,1
C0006003,P007,S0068,D0022,2024-02-29 08:44:14.551533,60,8,1
C0006004,P007,S0068,D0012,2024-03-08 16:19:24.103020,13,7,4
C0006005,P007,S0068,D0002,2024-03-01 00:12:17.018473,26,14,1
C0006006,P007,S0068,D0052,2024-03-04 17:37:24.469800,23,13,1
C0006007,P007,S0068,D0005,2024-03-03 07:56:18.571782,41,2,1
C0006008,P007,S0068,D0022,2024-03-07 23:41:17.117586,151,4,2
C0006009,P007,S0068,D0048,2024-03-05 16:50:08.654357,48,22,1
C0006010,P007,S0068,D0012,2024-03-01 14:17:44.059961,60,21,1
C0006011,P007,S0068,D0029,2024-03-04 17:27:03.792235,83,14,2
C0006012,P007,S0068,D0052,2024-03-06 07:01:32.638300,62,36,2
C0006013,P007,S0068,D0002,2024-02-25 12:52:26.707839,23,2,9
C0006014,P007,S0068,D0029,2024-02-28 01:42:30.485769,95,46,1
C0006015,P007,S0068,D0034,2024-03-03 19:08:48.410403,27,49,1
C0006016,P007,S0068,D0058,2024-02-28 17:03:43.031923,64,14,1
C0006017,P007,S0068,D0002,2024-03-08 06:24:04.309573,56,83,2
C0006018,P007,S0068,D0022,2024-03-03 20:07:50.512830,73,3,1
C0006019,P007,S0068,D0058,2024-02-29 03:37:53.471444,53,1,3
C0006020,P007,S0068,D0049,2024-02-27 00:40:49.105343,7,11,1
C0006021,P007,S0068,D0014,2024-02-27 22:19:13.431217,160,87,1
C0006022,P007,S0068,D0002,2024-03-02 20:20:44.974994,44,4,2
C0006023,P007,S0068,D0002,2024-02-26 12:34:09.507854,5,10,4
C0006024,P007,S0068,D0014,2024-02-28 20:06:14.510953,60,6,3
C0006025,P007,S0068,D0029,2024-02-24 23:06:53.940172,50,12,2
C0006026,P007,S0068,D0020,2024-03-06 05:03:36.211319,107,11,2
C0006027,P007,S0068,D0048,2024-03-08 08:02:18.551830,37,28,1
C0006028,P007,S0068,D0014,2024-02-25 02:14:13.148537,41,24,1
C0006029,P007,S0068,D0005,2024-03-05 23:26:20.595299,43,9,8
C0006030,P007,S0068,D0012,2024-03-02 18:55:10.767984,100,5,2
C0006031,P007,S0068,D0049,2024-03-04 20:31:23.426718,74,6,2
C0006032,P007,S0068,D0035,2024-02-29 06:32:43.677425,28,9,2
C0006033,P007,S0068,D0032,2024-02-28 10:45:38.941059,14,1,2
C0006034,P007,S0068,D0029,2024-03-02 03:16:08.156861,17,8,5
C0006035,P007,S0068,D0058,2024-03-01 13:47:41.383331,19,16,1
C0006036,P007,S0068,D0052,2024-03-05 07:11:18.493470,45,5,4
C0006037,P007,S0068,D0022,2024-03-06 14:32:19.287176,69,14,1
C0006038,P007,S0068,D0049,2024-02-26 01:36:48.431793,120,44,1
C0006039,P007,S0068,D0002,2024-03-02 19:33:27.255868,35,18,3
C0006040,P007,S0068,D0052,2024-03-06 06:35:03.675586,33,35,1
C0006041,P007,S0068,D0022,2024-03-06 08:21:06.592465,22,5,1
C0006042,P007,S0068,D0058,2024-02-25 21:52:44.970240,88,23,6
C0006043,P007,S0068,D0014,2024-03-05 15:38:53.178360,41,5,1
C0006044,P007,S0068,D0029,2024-03-07 08:45:05.419666,11,13,1
C0006045,P007,S0068,D0020,2024-02-26 13:42:00.705496,72,29,4
C0006046,P007,S0068,D0049,2024-02-29 11:55:53.537463,77,49,1
C0006047,P007,S0068,D0034,2024-03-01 13:02:48.357154,19,13,4
C0006048,P007,S0068,D0034,2024-02-28 06:54:54.030956,77,5,1
C0006049,P007,S0068,D0052,2024-03-03 04:48:29.576599,12,2,1
C0006050,P007,S0068,D0058,2024-03-03 18:30:54.431718,18,18,3
C0006051,P007,S0068,D0048,2024-02-29 02:23:45.679010,68,37,2
C0006052,P007,S0068,D0048,2024-03-04 04:16:31.800904,29,5,3
C0006053,P007,S0068,D0032,2024-03-03 21:52:18.088564,71,14,3
C0006054,P007,S0068,D0029,2024-03-06 22:03:01.644568,16,29,1
C0006055,P007,S0068,D0022,2024-02-27 01:38:36.651879,20,2,3
C0006056,P007,S0068,D0005,2024-03-02 22:37:02.513827,58,6,1
C0006057,P007,S0068,D0029,2024-02-26 23:37:32.182372,61,22,7
C0006058,P007,S0068,D0052,2024-02-24 23:42:11.554260,67,2,1
C0006059,P007,S0068,D0035,2024-02-29 01:01:08.495703,78,54,1
C0006060,P007,S0068,D0012,2024-03-05 02:43:41.855634,78,6,1
C0006061,P007,S0068,D0029,2024-02-24 20:12:56.365800,18,24,4
C0006062,P007,S0068,D0005,2024-03-07 18:01:12.705186,95,6,1
C0006063,P007,S0068,D0002,2024-03-07 18:24:24.160412,54,42,2
C0006064,P007,S0068,D0029,2024-02-26 21:25:09.386241,39,30,2
C0006065,P007,S0068,D0002,2024-03-02 07:22:18.620040,23,5,1
C0006066,P007,S0068,D0020,2024-02-29 18:36:59.570494,38,42,3
C0006067,P007,S0068,D0058,2024-03-06 18:49:35.201132,75,11,4
C0006068,P007,S0068,D0005,2024-03-07 05:02:36.896372,16,5,1
C0006069,P007,S0068,D0049,2024-02-25 11:58:21.811685,96,5,1
C0006070,P007,S0069,D0035,2024-03-11 16:37:12.669009,133,1,1
C0006071,P007,S0069,D0029,2024-03-18 06:12:37.176613,42,18,11
C0006072,P007,S0069,D0032,2024-03-14 17:26:29.516058,53,4,2
C0006073,P007,S0069,D0048,2024-03-21 10:13:41.773364,103,7,1
C0006074,P007,S0069,D0029,2024-03-17 21:36:18.299205,31,34,1
C0006075,P007,S0069,D0032,2024-03-21 04:57:18.283244,23,52,1
C0006076,P007,S0069,D0029,2024-03-13 18:23:31.828807,69,16,5
C0006077,P007,S0069,D0035,2024-03-21 07:15:30.911463,21,21,3
C0006078,P007,S0069,D0032,2024-03-18 03:21:48.437406,18,22,3
C0006079,P007,S0069,D0048,2024-03-15 10:42:50.656049,26,5,1
C0006080,P007,S0069,D0034,2024-03-16 22:40:24.963117,112,4,2
C0006081,P007,S0069,D0052,2024-03-21 23:52:29.721104,150,4,1
C0006082,P007,S0069,D0029,2024-03-19 23:21:43.707988,10,3,1
C0006083,P007,S0069,D0035,2024-03-18 16:41:11.736355,52,22,4
C0006084,P007,S0069,D0002,2024-03-22 03:15:25.988218,90,9,1
C0006085,P007,S0069,D0035,2024-03-15 14:33:34.039960,54,4,3
C0006086,P007,S0069,D0005,2024-03-11 20:17:15.817781,22,14,2
C0006087,P007,S0069,D0002,2024-03-11 04:45:42.864719,52,8,2
C0006088,P007,S0069,D0014,2024-03-10 12:50:49.726976,44,21,1
C0006089,P007,S0069,D0014,2024-03-17 22:42:39.076776,7,3,8
C0006090,P007,S0069,D0058,2024-03-11 13:16:08.085842,36,29,2
C0006091,P007,S0069,D0052,2024-03-09 12:31:45.075448,17,10,1
C0006092,P007,S0069,D0029,2024-03-09 06:08:25.309725,20,13,1
C0006093,P007,S0069,D0002,2024-03-09 17:23:23.517856,22,3,2
C0006094,P007,S0069,D0049,2024-03-21 15:04:05.003942,91,0,1
C0006095,P007,S0069,D0002,2024-03-17 03:32:02.444226,72,73,1
C0006096,P007,S0069,D0029,2024-03-19 15:09:29.061694,14,39,1
C0006097,P007,S0069,D0007,2024-03-16 13:52:56.628603,42,38,1
C0006098,P007,S0069,D0020,2024-03-20 12:36:59.012243,45,50,1
C0006099,P007,S0069,D0049,2024-03-11 11:11:33.302156,16,16,1
C0006100,P007,S0069,D0002,2024-03-19 06:09:09.400108,11,26,1
C0006101,P007,S0069,D0052,2024-03-10 03:44:26.607210,162,6,4
C0006102,P007,S0069,D0020,2024-03-12 09:01:22.794296,122,6,1
C0006103,P007,S0069,D0002,2024-03-15 05:38:04.053414,33,9,5
C0006104,P007,S0069,D0038,2024-03-10 02:29:44.885820,64,15,2
C0006105,P007,S0069,D0022,2024-03-14 23:51:07.585747,20,4,1
C0006106,P007,S0069,D0058,2024-03-14 16:14:53.345204,17,22,2
C0006107,P007,S0069,D0029,2024-03-12 01:17:31.044900,44,5,1
C0006108,P007,S0069,D0032,2024-03-10 07:43:03.095358,85,49,5
C0006109,P007,S0069,D0029,2024-03-10 09:09:46.412647,40,8,1
C0006110,P007,S0069,D0048,2024-03-12 08:50:05.791745,59,33,1
C0006111,P007,S0069,D0014,2024-03-14 08:23:28.857342,105,37,5
C0006112,P007,S0069,D0029,2024-03-11 12:36:10.059423,13,7,5
C0006113,P007,S0069,D0034,2024-03-21 10:45:00.707089,3,27,3
C0006114,P007,S0069,D0034,2024-03-18 22:50:03.733863,40,14,1
C0006115,P007,S0069,D0022,2024-03-09 18:15:39.590036,20,3,2
C0006116,P007,S0069,D0014,2024-03-19 01:57:33.163807,43,4,2
C0006117,P007,S0069,D0034,2024-03-16 10:42:39.275900,15,21,1
C0006118,P007,S0069,D0005,2024-03-20 18:37:11.964584,39,6,5
C0006119,P007,S0069,D0022,2024-03-19 13:52:37.597507,53,12,2
C0006120,P007,S0069,D0058,2024-03-18 10:47:40.796932,51,2,1
C0006121,P007,S0069,D0048,2024-03-14 14:55:16.162051,57,7,4
C0006122,P007,S0069,D0012,2024-03-16 17:12:03.384120,35,10,2
C0006123,P007,S0069,D0020,2024-03-10 14:04:32.435849,57,8,1
C0006124,P007,S0069,D0049,2024-03-20 07:40:48.435251,39,37,1
C0006125,P007,S0069,D0012,2024-03-16 02:33:15.435691,39,11,3
C0006126,P007,S0069,D0029,2024-03-22 11:01:27.680515,5,24,1
C0006127,P007,S0069,D0029,2024-03-14 08:30:48.692257,58,13,2
C0006128,P007,S0069,D0029,2024-03-11 19:42:52.872566,150,8,2
C0006129,P007,S0069,D0052,2024-03-11 03:59:02.610758,78,22,1
C0006130,P007,S0069,D0048,2024-03-12 01:48:29.651577,24,8,10
C0006131,P007,S0069,D0022,2024-03-13 20:26:01.033003,22,20,1
C0006132,P007,S0069,D0058,2024-03-17 11:59:03.533006,15,34,1
C0006133,P007,S0069,D0048,2024-03-19 23:21:29.895373,114,4,9
C0006134,P007,S0069,D0052,2024-03-18 10:43:46.967877,24,35,8
C0006135,P007,S0069,D0005,2024-03-13 01:13:09.459474,137,5,1
C0006136,P007,S0069,D0029,2024-03-12 19:41:31.332736,27,54,2
C0006137,P007,S0069,D0058,2024-03-18 05:03:30.789109,22,12,4
C0006138,P007,S0069,D0034,2024-03-21 03:04:44.909846,9,38,1
C0006139,P007,S0069,D0034,2024-03-19 19:29:14.935939,160,104,3
C0006140,P007,S0069,D0014,2024-03-21 20:18:32.322681,41,6,3
C0006141,P007,S0069,D0035,2024-03-12 21:29:58.951454,58,26,1
C0006142,P007,S0069,D0052,2024-03-13 17:46:25.294804,74,57,1
C0006143,P007,S0069,D0048,2024-03-17 09:38:04.745036,13,15,7
C0006144,P007,S0069,D0005,2024-03-18 20:27:22.115575,62,3,2
C0006145,P007,S0069,D0049,2024-03-13 18:32:34.595723,86,14,3
C0006146,P007,S0069,D0049,2024-03-14 17:08:23.383257,21,26,1
C0006147,P007,S0069,D0038,2024-03-15 14:29:43.518159,21,15,1
C0006148,P007,S0069,D0005,2024-03-11 11:24:22.921568,16,2,2
C0006149,P007,S0069,D0014,2024-03-17 14:38:33.281968,8,2,2
C0006150,P007,S0069,D0020,2024-03-10 03:43:19.920858,16,19,1
C0006151,P007,S0069,D0014,2024-03-14 14:32:03.977256,32,15,1
C0006152,P007,S0069,D0049,2024-03-13 03:27:45.756116,16,8,1
C0006153,P007,S0069,D0002,2024-03-11 04:06:04.451875,24,33,11
C0006154,P007,S0069,D0012,2024-03-22 06:45:50.291243,125,21,1
C0006155,P007,S0069,D0014,2024-03-15 10:38:44.672249,139,6,1
C0006156,P007,S0069,D0035,2024-03-17 23:51:11.039209,123,7,2
C0006157,P007,S0069,D0002,2024-03-12 06:09:41.921402,29,4,8
C0006158,P007,S0069,D0035,2024-03-12 06:13:08.574368,38,15,1
C0006159,P007,S0069,D0032,2024-03-09 10:06:08.335109,28,27,1
C0006160,P007,S0069,D0034,2024-03-12 15:55:11.502493,49,7,1
C0006161,P007,S0069,D0029,2024-03-16 21:16:14.824485,108,60,4
C0006162,P007,S0069,D0002,2024-03-16 22:27:40.346580,14,13,1
C0006163,P007,S0069,D0007,2024-03-19 19:01:11.041961,43,18,1
C0006164,P007,S0069,D0038,2024-03-16 19:21:16.013597,17,6,1
C0006165,P007,S0069,D0038,2024-03-20 00:56:34.852401,36,21,1
C0006166,P007,S0069,D0012,2024-03-10 01:04:06.249613,18,8,1
C0006167,P007,S0069,D0049,2024-03-09 20:37:31.142048,75,49,1
C0006168,P007,S0069,D0020,2024-03-13 03:46:34.856916,20,2,2
C0006169,P007,S0069,D0058,2024-03-17 23:14:02.186637,51,11,1
C0006170,P007,S0069,D0012,2024-03-20 19:46:20.668593,34,4,2
C0006171,P007,S0069,D0007,2024-03-20 08:40:04.188746,20,3,3
C0006172,P007,S0069,D0005,2024-03-13 02:26:51.230096,22,5,1
C0006173,P007,S0069,D0020,2024-03-21 00:11:05.947377,58,0,8
C0006174,P007,S0069,D0034,2024-03-15 23:13:28.179766,92,22,3
C0006175,P007,S0069,D0032,2024-03-16 23:21:07.407585,63,7,2
C0006176,P007,S0069,D0048,2024-03-15 02:55:12.049918,116,43,1
C0006177,P007,S0069,D0020,2024-03-17 10:51:58.772775,48,15,4
C0006178,P007,S0070,D0035,2024-03-25 02:36:20.151708,42,4,1
C0006179,P007,S0070,D0058,2024-03-25 07:50:54.736882,69,10,1
C0006180,P007,S0070,D0052,2024-03-31 01:53:13.505328,44,15,5
C0006181,P007,S0070,D0012,2024-04-04 06:13:21.583597,26,23,1
C0006182,P007,S0070,D0012,2024-03-24 06:14:09.743097,201,7,2
C0006183,P007,S0070,D0052,2024-04-01 08:57:27.697061,41,56,1
C0006184,P007,S0070,D0035,2024-03-30 19:56:33.944183,19,14,2
C0006185,P007,S0070,D0052,2024-03-26 00:58:09.722922,45,14,1
C0006186,P007,S0070,D0052,2024-03-24 07:21:28.998053,170,49,2
C0006187,P007,S0070,D0052,2024-04-05 05:02:11.447212,68,11,1
C0006188,P007,S0070,D0002,2024-03-29 21:27:34.962253,54,21,2
C0006189,P007,S0070,D0012,2024-04-02 22:27:22.541386,48,20,5
C0006190,P007,S0070,D0029,2024-03-26 09:23:31.259759,28,15,3
C0006191,P007,S0070,D0007,2024-03-26 17:52:34.964469,32,8,1
C0006192,P007,S0070,D0005,2024-03-26 07:32:03.442784,12,4,3
C0006193,P007,S0070,D0007,2024-04-02 06:03:18.535559,51,17,1
C0006194,P007,S0070,D0038,2024-04-01 06:12:05.801916,48,4,2
C0006195,P007,S0070,D0014,2024-03-27 11:21:11.602382,29,2,3
C0006196,P007,S0070,D0032,2024-03-30 17:40:03.246887,29,19,2
C0006197,P007,S0070,D0034,2024-04-03 10:22:00.029689,60,19,1
C0006198,P007,S0070,D0012,2024-04-03 04:58:50.548165,12,6,5
C0006199,P007,S0070,D0014,2024-03-30 14:08:27.542755,35,7,1
C0006200,P007,S0070,D0048,2024-03-24 04:27:29.799498,36,3,3
C0006201,P007,S0070,D0029,2024-03-27 22:54:41.257197,60,10,1
C0006202,P007,S0070,D0005,2024-04-03 21:15:02.491283,29,4,4
C0006203,P007,S0070,D0014,2024-03-28 14:47:12.199311,16,5,5
C0006204,P007,S0070,D0029,2024-04-02 02:16:38.143681,85,16,1
C0006205,P007,S0070,D0007,2024-03-31 23:08:22.931270,23,29,1
C0006206,P007,S0070,D0012,2024-03-24 22:50:43.052078,110,36,6
C0006207,P007,S0070,D0020,2024-04-02 10:08:09.091679,17,19,1
C0006208,P007,S0070,D0002,2024-04-03 18:06:16.761024,37,3,1
C0006209,P007,S0070,D0049,2024-04-03 15:28:48.425772,47,6,2
C0006210,P007,S0070,D0052,2024-03-31 19:58:58.057510,45,17,1
C0006211,P007,S0070,D0014,2024-03-30 15:02:19.466556,8,34,7
C0006212,P007,S0070,D0022,2024-03-31 20:20:47.704152,40,15,2
C0006213,P007,S0070,D0005,2024-03-24 00:12:07.440836,38,34,1
C0006214,P007,S0070,D0032,2024-03-26 02:29:23.429608,96,63,8
C0006215,P007,S0070,D0029,2024-04-05 07:45:21.038835,82,26,1
C0006216,P007,S0070,D0052,2024-03-24 18:44:51.926747,3,3,3
C0006217,P007,S0070,D0032,2024-03-26 02:55:21.298825,41,15,9
C0006218,P007,S0070,D0052,2024-04-04 18:28:54.522807,39,11,4
C0006219,P007,S0070,D0035,2024-04-03 21:37:14.939602,39,18,1
C0006220,P007,S0070,D0052,2024-03-23 23:55:09.198829,15,8,1
C0006221,P007,S0070,D0012,2024-04-03 03:15:25.671142,28,42,5
C0006222,P007,S0070,D0012,2024-03-27 03:23:44.430496,49,29,1
C0006223,P007,S0070,D0052,2024-03-31 18:42:25.370761,28,47,1
C0006224,P007,S0070,D0032,2024-04-03 06:28:36.160402,42,64,1
C0006225,P007,S0070,D0005,2024-03-29 04:05:30.884659,33,15,1
C0006226,P007,S0070,D0022,2024-04-01 10:29:43.550966,99,23,2
C0006227,P007,S0070,D0007,2024-03-23 14:59:55.697440,250,75,1
C0006228,P007,S0070,D0029,2024-03-26 18:57:44.667056,10,1,4
C0006229,P007,S0070,D0012,2024-04-01 02:28:23.927003,44,19,1
C0006230,P007,S0070,D0032,2024-04-02 08:13:12.238012,147,16,2
C0006231,P007,S0070,D0007,2024-04-02 17:04:53.595801,31,40,2
C0006232,P007,S0070,D0007,2024-03-24 10:00:34.451196,22,4,1
C0006233,P007,S0070,D0034,2024-03-25 09:40:14.536067,53,6,2
C0006234,P007,S0070,D0032,2024-03-28 12:51:07.855080,40,5,1
C0006235,P008,S0071,D0051,2024-01-09 19:12:32.499295,51,7,1
C0006236,P008,S0071,D0028,2024-01-07 07:07:59.867969,30,33,1
C0006237,P008,S0071,D0016,2024-01-10 06:57:25.945114,49,80,2
C0006238,P008,S0071,D0051,2024-01-02 22:52:09.944195,89,19,1
C0006239,P008,S0071,D0028,2023-12-29 05:49:33.604514,2,3,1
C0006240,P008,S0071,D0016,2023-12-30 20:09:54.080501,73,40,2
C0006241,P008,S0071,D0011,2024-01-02 07:00:04.478206,30,9,1
C0006242,P008,S0071,D0011,2023-12-31 08:37:30.014809,11,36,1
C0006243,P008,S0071,D0039,2024-01-09 22:42:28.334199,30,7,2
C0006244,P008,S0071,D0028,2023-12-30 01:05:02.095792,67,6,3
C0006245,P008,S0071,D0028,2024-01-06 09:55:10.987909,30,2,6
C0006246,P008,S0071,D0011,2024-01-09 13:31:18.882044,46,26,1
C0006247,P008,S0071,D0011,2023-12-29 08:27:59.174940,77,33,6
C0006248,P008,S0071,D0016,2024-01-07 17:45:36.722894,109,7,4
C0006249,P008,S0071,D0011,2024-01-03 17:25:55.678483,30,21,4
C0006250,P008,S0071,D0051,2024-01-08 00:14:22.141917,31,11,1
C0006251,P008,S0071,D0051,2023-12-29 07:56:17.297812,60,49,3
C0006252,P008,S0071,D0039,2024-01-07 21:28:56.069670,26,19,3
C0006253,P008,S0071,D0016,2024-01-09 13:09:59.777536,28,6,1
C0006254,P008,S0071,D0039,2024-01-06 11:20:16.681030,56,15,1
C0006255,P008,S0071,D0028,2024-01-03 09:06:58.890180,12,5,4
C0006256,P008,S0071,D0051,2024-01-08 18:05:39.401174,10,22,1
C0006257,P008,S0071,D0011,2023-12-31 12:46:43.174789,9,24,2
C0006258,P008,S0071,D0051,2023-12-29 20:09:45.458221,42,9,4
C0006259,P008,S0071,D0011,2023-12-30 15:50:35.465051,54,7,7
C0006260,P008,S0071,D0028,2024-01-04 16:56:47.206822,140,5,1
C0006261,P008,S0071,D0028,2024-01-09 08:08:26.327355,64,8,2
C0006262,P008,S0071,D0011,2024-01-06 02:53:47.815197,57,79,7
C0006263,P008,S0071,D0051,2023-12-30 11:30:19.384465,40,2,3
C0006264,P008,S0071,D0028,2024-01-08 11:11:02.869155,31,17,3
C0006265,P008,S0071,D0039,2023-12-31 19:01:14.014839,25,12,1
C0006266,P008,S0071,D0028,2023-12-30 08:27:47.421765,54,3,1
C0006267,P008,S0071,D0011,2023-12-31 09:12:55.102975,10,16,1
C0006268,P008,S0071,D0028,2023-12-29 09:50:39.038475,36,45,1
C0006269,P008,S0071,D0028,2023-12-31 19:18:33.738657,109,8,1
C0006270,P008,S0071,D0039,2024-01-02 16:59:41.842190,44,29,1
C0006271,P008,S0071,D0016,2024-01-08 23:29:31.572081,28,20,2
C0006272,P008,S0071,D0028,2024-01-09 11:30:38.360027,41,32,2
C0006273,P008,S0071,D0011,2024-01-07 15:07:06.437870,13,25,1
C0006274,P008,S0071,D0011,2024-01-06 02:48:25.572749,11,14,5
C0006275,P008,S0071,D0016,2024-01-04 03:26:30.815299,53,51,7
C0006276,P008,S0071,D0016,2024-01-05 08:37:39.296433,131,0,1
C0006277,P008,S0071,D0051,2024-01-07 07:44:13.916278,27,38,3
C0006278,P008,S0071,D0051,2024-01-01 01:45:14.473013,24,2,2
C0006279,P008,S0071,D0011,2024-01-09 19:08:43.286595,106,1,1
C0006280,P008,S0071,D0016,2024-01-05 08:25:34.559016,72,66,3
C0006281,P008,S0071,D0039,2023-12-28 18:38:07.631261,29,80,2
C0006282,P008,S0071,D0011,2023-12-28 20:27:44.215891,97,14,7
C0006283,P008,S0071,D0039,2023-12-29 19:48:48.670286,9,15,5
C0006284,P008,S0071,D0028,2024-01-02 23:31:46.373564,66,29,2
C0006285,P008,S0071,D0039,2024-01-07 15:50:50.020491,32,2,1
C0006286,P008,S0071,D0028,2024-01-08 01:55:03.626314,23,5,1
C0006287,P008,S0071,D0039,2024-01-08 05:35:41.504299,176,29,2
C0006288,P008,S0071,D0011,2023-12-30 21:45:53.988086,67,29,7
C0006289,P008,S0071,D0051,2024-01-03 19:51:55.835478,14,51,1
C0006290,P008,S0071,D0039,2023-12-31 21:58:54.916546,81,5,3
C0006291,P008,S0071,D0011,2024-01-01 01:01:24.045882,36,36,1
C0006292,P008,S0071,D0016,2024-01-08 21:37:35.577153,64,4,2
C0006293,P008,S0071,D0028,2024-01-04 10:15:12.984864,56,1,1
C0006294,P008,S0071,D0028,2024-01-03 16:33:50.552225,14,12,7
C0006295,P008,S0072,D0011,2024-01-16 23:00:39.603742,11,57,1
C0006296,P008,S0072,D0051,2024-01-19 00:18:56.316004,31,71,1
C0006297,P008,S0072,D0028,2024-01-18 06:25:26.729135,52,77,5
C0006298,P008,S0072,D0039,2024-01-16 03:49:31.991535,15,9,1
C0006299,P008,S0072,D0039,2024-01-23 12:04:22.743383,46,55,4
C0006300,P008,S0072,D0039,2024-01-18 23:18:05.869210,12,18,1
C0006301,P008,S0072,D0051,2024-01-19 14:14:20.803650,54,5,2
C0006302,P008,S0072,D0016,2024-01-20 09:42:54.048629,55,13,1
C0006303,P008,S0072,D0028,2024-01-22 19:12:08.512365,40,7,6
C0006304,P008,S0072,D0039,2024-01-12 10:40:44.211401,34,1,1
C0006305,P008,S0072,D0051,2024-01-18 13:17:13.986625,14,8,2
C0006306,P008,S0072,D0028,2024-01-21 13:12:25.552499,69,12,1
C0006307,P008,S0072,D0039,2024-01-19 12:23:35.826935,14,6,3
C0006308,P008,S0072,D0039,2024-01-23 20:59:55.854440,7,10,1
C0006309,P008,S0072,D0039,2024-01-11 22:44:33.134972,3,13,1
C0006310,P008,S0072,D0039,2024-01-22 02:22:38.876737,40,6,3
C0006311,P008,S0072,D0039,2024-01-19 11:30:40.833190,250,5,2
C0006312,P008,S0072,D0016,2024-01-20 17:13:56.749532,59,43,5
C0006313,P008,S0072,D0016,2024-01-14 16:26:01.111128,40,6,2
C0006314,P008,S0072,D0039,2024-01-22 02:27:33.842658,48,38,5
C0006315,P008,S0072,D0039,2024-01-21 00:32:14.536019,6,23,1
C0006316,P008,S0072,D0028,2024-01-23 16:56:49.250929,45,4,1
C0006317,P008,S0072,D0028,2024-01-24 06:44:41.343156,23,3,5
C0006318,P008,S0072,D0016,2024-01-24 08:54:20.461859,13,4,1
C0006319,P008,S0072,D0039,2024-01-14 20:55:43.214889,57,21,5
C0006320,P008,S0072,D0039,2024-01-23 19:25:51.401300,26,19,9
C0006321,P008,S0072,D0028,2024-01-17 18:56:30.321576,70,40,3
C0006322,P008,S0072,D0028,2024-01-21 16:16:59.018422,35,56,2
C0006323,P008,S0072,D0039,2024-01-22 13:53:57.928355,15,19,3
C0006324,P008,S0072,D0039,2024-01-22 12:20:52.539652,8,6,4
C0006325,P008,S0072,D0016,2024-01-18 21:24:03.374373,25,17,5
C0006326,P008,S0072,D0011,2024-01-22 01:13:26.141263,3,47,1
C0006327,P008,S0072,D0016,2024-01-12 01:34:33.022359,46,41,1
C0006328,P008,S0072,D0011,2024-01-24 12:25:03.915231,36,9,3
C0006329,P008,S0072,D0016,2024-01-20 12:56:09.134072,34,23,1
C0006330,P008,S0072,D0028,2024-01-22 11:50:18.801471,63,50,1
C0006331,P008,S0072,D0028,2024-01-21 03:52:12.406755,30,19,1
C0006332,P008,S0072,D0039,2024-01-13 07:13:39.534472,50,82,1
C0006333,P008,S0072,D0016,2024-01-18 01:39:14.745264,25,16,8
C0006334,P008,S0072,D0039,2024-01-15 08:32:49.580203,10,22,3
C0006335,P008,S0072,D0028,2024-01-18 21:46:46.680528,42,7,1
C0006336,P008,S0072,D0039,2024-01-13 17:59:10.128640,51,38,4
C0006337,P008,S0072,D0039,2024-01-20 04:17:57.454459,31,89,3
C0006338,P008,S0072,D0011,2024-01-12 16:46:41.732556,46,26,3
C0006339,P008,S0072,D0051,2024-01-20 13:58:40.970314,21,12,2
C0006340,P008,S0073,D0028,2024-01-31 10:27:37.726145,34,59,4
C0006341,P008,S0073,D0028,2024-01-27 05:37:49.108204,84,19,1
C0006342,P008,S0073,D0051,2024-01-26 15:28:35.625539,21,2,1
C0006343,P008,S0073,D0016,2024-01-30 11:06:13.422713,152,12,4
C0006344,P008,S0073,D0028,2024-01-27 15:42:08.329278,32,5,1
C0006345,P008,S0073,D0028,2024-01-28 08:11:30.426875,40,25,2
C0006346,P008,S0073,D0016,2024-02-01 16:50:15.904229,34,15,1
C0006347,P008,S0073,D0028,2024-01-26 14:49:12.264215,54,21,1
C0006348,P008,S0073,D0039,2024-01-25 22:09:49.736941,71,64,2
C0006349,P008,S0073,D0016,2024-01-29 22:54:28.216898,51,51,5
C0006350,P008,S0073,D0016,2024-02-04 14:04:26.707949,7,1,2
C0006351,P008,S0073,D0051,2024-01-26 09:25:56.489474,8,0,3
C0006352,P008,S0073,D0051,2024-02-04 21:45:55.043713,35,3,1
C0006353,P008,S0073,D0039,2024-02-05 01:10:01.227197,15,7,9
C0006354,P008,S0073,D0051,2024-01-31 08:45:54.889179,155,27,1
C0006355,P008,S0073,D0011,2024-02-01 19:33:33.310584,18,10,1
C0006356,P008,S0073,D0011,2024-02-03 07:27:07.517182,22,4,4
C0006357,P008,S0073,D0011,2024-02-07 13:53:08.593362,41,30,1
C0006358,P008,S0073,D0051,2024-01-31 22:41:55.184115,82,12,1
C0006359,P008,S0073,D0051,2024-02-01 04:24:58.962623,57,18,5
C0006360,P008,S0073,D0016,2024-02-02 00:37:20.122933,9,11,1
C0006361,P008,S0073,D0051,2024-02-07 04:16:20.616883,39,8,1
C0006362,P008,S0073,D0016,2024-02-04 02:10:43.721754,55,30,3
C0006363,P008,S0073,D0039,2024-02-04 12:11:35.333209,99,12,1
C0006364,P008,S0073,D0028,2024-01-30 16:56:10.562439,37,7,3
C0006365,P008,S0073,D0016,2024-01-28 08:48:59.504950,100,47,1
C0006366,P008,S0073,D0028,2024-01-30 10:56:54.963134,26,12,5
C0006367,P008,S0073,D0051,2024-01-31 09:34:49.928367,28,15,1
C0006368,P008,S0073,D0016,2024-02-06 02:10:50.827552,36,12,1
C0006369,P008,S0073,D0011,2024-02-03 11:46:03.754448,41,31,1
C0006370,P008,S0073,D0016,2024-02-01 02:56:01.769016,56,35,7
C0006371,P008,S0073,D0028,2024-01-27 15:04:00.677059,54,68,5
C0006372,P008,S0073,D0039,2024-01-28 03:33:37.218419,53,12,2
C0006373,P008,S0073,D0011,2024-02-01 10:33:30.652017,18,9,4
C0006374,P008,S0073,D0039,2024-01-31 21:44:17.219878,55,40,7
C0006375,P008,S0073,D0028,2024-02-01 08:51:26.780209,59,18,2
C0006376,P008,S0073,D0016,2024-01-28 01:55:25.290403,51,55,5
C0006377,P008,S0073,D0039,2024-01-27 19:45:31.805766,27,18,1
C0006378,P008,S0073,D0011,2024-02-03 21:57:54.867261,48,17,6
C0006379,P008,S0073,D0011,2024-02-01 10:26:14.114825,40,13,1
C0006380,P008,S0073,D0039,2024-02-03 02:28:42.680171,57,4,3
C0006381,P008,S0073,D0016,2024-01-31 11:45:44.984697,3,10,1
C0006382,P008,S0073,D0039,2024-01-31 12:12:11.952891,49,17,1
C0006383,P008,S0073,D0028,2024-02-05 02:29:06.966674,57,17,2
C0006384,P008,S0073,D0011,2024-01-27 04:17:59.167555,68,29,1
C0006385,P008,S0073,D0011,2024-01-31 15:49:58.988596,33,76,2
C0006386,P008,S0073,D0039,2024-02-02 08:50:33.959705,90,18,6
C0006387,P008,S0073,D0016,2024-01-30 22:54:34.335249,13,4,2
C0006388,P008,S0073,D0039,2024-02-04 13:11:40.054680,83,15,1
C0006389,P008,S0073,D0016,2024-02-06 14:51:00.766544,82,43,1
C0006390,P008,S0073,D0028,2024-02-07 06:43:26.305562,13,3,1
C0006391,P008,S0074,D0039,2024-02-09 09:40:17.134926,62,21,1
C0006392,P008,S0074,D0051,2024-02-09 18:55:54.475938,88,28,1
C0006393,P008,S0074,D0028,2024-02-16 10:51:59.477156,24,8,2
C0006394,P008,S0074,D0051,2024-02-11 02:07:29.986678,12,1,3
C0006395,P008,S0074,D0039,2024-02-13 08:14:58.354309,28,21,1
C0006396,P008,S0074,D0028,2024-02-16 06:30:04.935266,62,6,3
C0006397,P008,S0074,D0051,2024-02-17 13:34:59.890464,23,18,1
C0006398,P008,S0074,D0051,2024-02-20 05:27:17.615219,67,39,1
C0006399,P008,S0074,D0028,2024-02-09 03:25:11.729405,29,34,1
C0006400,P008,S0074,D0028,2024-02-11 14:26:02.251304,60,14,4
C0006401,P008,S0074,D0039,2024-02-20 00:20:30.737258,6,7,1
C0006402,P008,S0074,D0028,2024-02-16 22:23:16.142006,14,31,4
C0006403,P008,S0074,D0016,2024-02-19 01:20:37.032575,23,27,2
C0006404,P008,S0074,D0011,2024-02-18 07:10:56.849785,20,6,3
C0006405,P008,S0074,D0016,2024-02-16 08:44:56.017732,58,14,1
C0006406,P008,S0074,D0016,2024-02-11 02:02:26.730573,71,6,2
C0006407,P008,S0074,D0039,2024-02-19 23:07:08.747673,150,54,4
C0006408,P008,S0074,D0016,2024-02-16 04:29:14.356633,48,5,7
C0006409,P008,S0074,D0011,2024-02-14 05:11:29.700952,93,0,7
C0006410,P008,S0074,D0028,2024-02-21 21:14:29.910009,62,7,2
C0006411,P008,S0074,D0011,2024-02-12 08:02:41.479154,52,6,2
C0006412,P008,S0074,D0011,2024-02-11 04:49:09.798891,10,10,3
C0006413,P008,S0074,D0028,2024-02-13 04:03:07.545647,35,46,1
C0006414,P008,S0074,D0028,2024-02-14 14:43:46.146792,32,7,5
C0006415,P008,S0074,D0028,2024-02-12 11:51:34.471209,42,25,1
C0006416,P008,S0074,D0028,2024-02-15 11:20:24.802518,43,19,2
C0006417,P008,S0074,D0039,2024-02-16 08:50:03.333881,40,48,4
C0006418,P008,S0074,D0039,2024-02-15 08:56:48.309690,68,37,1
C0006419,P008,S0074,D0028,2024-02-12 09:35:10.550242,55,27,1
C0006420,P008,S0074,D0051,2024-02-18 15:18:57.784830,26,21,2
C0006421,P008,S0074,D0039,2024-02-17 10:58:16.684013,143,10,1
C0006422,P008,S0074,D0011,2024-02-18 04:02:12.387015,18,0,9
C0006423,P008,S0074,D0011,2024-02-14 07:40:53.911595,46,19,1
C0006424,P008,S0074,D0011,2024-02-09 18:07:27.508638,46,7,4
C0006425,P008,S0074,D0051,2024-02-18 09:02:07.173537,54,7,1
C0006426,P008,S0074,D0011,2024-02-20 20:02:00.383762,51,21,3
C0006427,P008,S0074,D0011,2024-02-20 14:22:42.619308,37,10,2
C0006428,P008,S0074,D0028,2024-02-13 02:36:10.244151,51,44,1
C0006429,P008,S0074,D0051,2024-02-17 17:31:18.223937,39,20,1
C0006430,P008,S0074,D0028,2024-02-09 14:34:03.250218,20,10,1
C0006431,P008,S0074,D0039,2024-02-20 10:40:16.359645,74,25,2
C0006432,P008,S0074,D0051,2024-02-12 17:37:18.616249,25,10,5
C0006433,P008,S0074,D0051,2024-02-09 17:12:21.321236,14,6,10
C0006434,P008,S0074,D0051,2024-02-10 18:32:54.552907,56,13,3
C0006435,P008,S0074,D0039,2024-02-19 03:18:30.049310,33,16,2
C0006436,P008,S0074,D0016,2024-02-18 05:50:43.968437,26,49,7
C0006437,P008,S0074,D0028,2024-02-16 00:58:33.320452,34,14,6
C0006438,P008,S0074,D0039,2024-02-18 02:32:08.609742,9,18,2
C0006439,P008,S0074,D0039,2024-02-16 11:03:02.963998,80,9,1
C0006440,P008,S0074,D0028,2024-02-19 01:45:11.977342,52,23,5
C0006441,P008,S0074,D0051,2024-02-13 08:29:11.430278,202,5,6
C0006442,P008,S0074,D0051,2024-02-19 14:58:03.513938,41,24,1
C0006443,P008,S0074,D0016,2024-02-11 00:01:52.566562,32,0,2
C0006444,P008,S0074,D0011,2024-02-21 14:15:09.612838,69,32,4
C0006445,P008,S0074,D0016,2024-02-10 19:11:29.884071,97,10,5
C0006446,P008,S0074,D0051,2024-02-20 05:49:25.202963,99,20,1
C0006447,P008,S0074,D0039,2024-02-12 16:43:31.924888,38,7,1
C0006448,P008,S0074,D0011,2024-02-18 04:03:12.807975,29,38,3
C0006449,P008,S0074,D0011,2024-02-19 22:05:45.273097,94,22,2
C0006450,P008,S0074,D0039,2024-02-10 22:08:02.390095,13,10,6
C0006451,P008,S0074,D0028,2024-02-15 14:10:18.933019,55,18,5
C0006452,P008,S0074,D0028,2024-02-19 06:02:33.618932,26,1,1
C0006453,P008,S0074,D0039,2024-02-18 17:40:31.711298,18,8,2
C0006454,P008,S0074,D0039,2024-02-12 15:35:14.192463,29,11,4
C0006455,P008,S0074,D0028,2024-02-18 17:42:02.641612,72,5,1
C0006456,P008,S0074,D0051,2024-02-10 06:26:46.676444,49,12,1
C0006457,P008,S0074,D0016,2024-02-10 00:51:24.152848,37,14,2
C0006458,P008,S0074,D0039,2024-02-09 20:08:27.008629,42,27,1
C0006459,P008,S0074,D0039,2024-02-16 06:23:34.612559,65,28,3
C0006460,P008,S0074,D0028,2024-02-18 02:02:03.113617,19,47,3
C0006461,P008,S0074,D0011,2024-02-15 17:53:06.341681,41,24,1
C0006462,P008,S0074,D0051,2024-02-20 03:53:10.802830,67,6,1
C0006463,P008,S0074,D0051,2024-02-13 08:46:50.774365,57,40,1
C0006464,P008,S0074,D0016,2024-02-11 20:30:56.333014,63,12,4
C0006465,P008,S0074,D0016,2024-02-17 07:05:30.053367,44,10,6
C0006466,P008,S0074,D0011,2024-02-15 04:21:45.851305,56,22,1
C0006467,P008,S0074,D0039,2024-02-15 01:19:03.209693,99,22,6
C0006468,P008,S0074,D0028,2024-02-19 01:19:26.507836,20,29,2
C0006469,P008,S0074,D0028,2024-02-08 15:47:56.160645,27,8,1
C0006470,P008,S0074,D0028,2024-02-19 15:24:04.631798,86,28,5
C0006471,P008,S0074,D0039,2024-02-11 07:49:44.457500,103,14,1
C0006472,P008,S0074,D0051,2024-02-16 21:27:29.569468,17,25,1
C0006473,P008,S0074,D0051,2024-02-19 15:45:40.542714,91,1,1
C0006474,P008,S0074,D0039,2024-02-13 19:04:30.445579,41,17,1
C0006475,P008,S0074,D0016,2024-02-19 02:20:19.223610,18,15,1
C0006476,P008,S0074,D0011,2024-02-15 08:37:11.635665,48,30,1
C0006477,P008,S0074,D0028,2024-02-20 01:17:34.779920,33,3,1
C0006478,P008,S0074,D0016,2024-02-20 10:01:54.947170,96,13,2
C0006479,P008,S0074,D0039,2024-02-21 15:58:58.871761,100,13,3
C0006480,P008,S0074,D0011,2024-02-10 08:55:17.643680,53,22,2
C0006481,P008,S0074,D0039,2024-02-18 03:35:52.332240,33,67,2
C0006482,P008,S0074,D0016,2024-02-11 23:04:22.286704,71,12,6
C0006483,P008,S0074,D0016,2024-02-21 01:19:46.927195,64,25,3
C0006484,P008,S0074,D0039,2024-02-20 14:41:35.728362,38,4,2
C0006485,P008,S0074,D0051,2024-02-21 07:24:34.457583,70,20,7
C0006486,P008,S0074,D0039,2024-02-18 16:02:58.992828,57,5,2
C0006487,P008,S0074,D0016,2024-02-18 08:34:49.706527,11,11,1
C0006488,P008,S0074,D0039,2024-02-21 05:59:19.013828,2,16,2
C0006489,P008,S0074,D0051,2024-02-19 07:03:13.787683,88,28,3
C0006490,P008,S0074,D0011,2024-02-13 04:52:06.846668,25,3,4
C0006491,P008,S0074,D0039,2024-02-19 13:28:49.859844,83,27,1
C0006492,P008,S0074,D0011,2024-02-11 08:47:20.367415,13,67,1
C0006493,P008,S0074,D0039,2024-02-08 23:40:47.966236,22,21,3
C0006494,P008,S0074,D0051,2024-02-19 06:10:23.604818,51,13,1
C0006495,P008,S0074,D0039,2024-02-14 06:26:46.544657,38,52,1
C0006496,P008,S0074,D0016,2024-02-14 01:19:13.171227,45,18,2
C0006497,P008,S0074,D0039,2024-02-09 02:30:35.630123,37,4,2
C0006498,P008,S0074,D0051,2024-02-17 00:05:46.058844,50,52,4
C0006499,P008,S0074,D0039,2024-02-08 10:12:28.010907,17,12,1
C0006500,P008,S0074,D0011,2024-02-18 06:17:23.255043,61,44,1
C0006501,P008,S0074,D0011,2024-02-10 10:38:18.854558,9,49,5
C0006502,P008,S0074,D0028,2024-02-11 06:31:56.762406,61,17,1
C0006503,P008,S0074,D0011,2024-02-20 16:50:07.475724,27,33,1
C0006504,P008,S0074,D0016,2024-02-08 16:12:11.113141,39,7,5
C0006505,P008,S0074,D0039,2024-02-20 14:28:31.981573,56,36,1
C0006506,P008,S0074,D0016,2024-02-19 21:42:20.523982,15,18,1
C0006507,P008,S0074,D0011,2024-02-13 05:10:09.571415,28,18,5
C0006508,P008,S0075,D0051,2024-03-03 21:55:03.217032,55,81,1
C0006509,P008,S0075,D0039,2024-03-03 01:00:28.442292,106,4,1
C0006510,P008,S0075,D0011,2024-02-27 09:44:22.139752,48,31,1
C0006511,P008,S0075,D0016,2024-02-27 00:19:45.283880,18,12,5
C0006512,P008,S0075,D0028,2024-03-02 23:44:38.449196,7,7,1
C0006513,P008,S0075,D0039,2024-03-04 16:26:54.983914,9,14,14
C0006514,P008,S0075,D0051,2024-03-02 10:37:32.365105,41,7,2
C0006515,P008,S0075,D0011,2024-03-06 03:32:52.765956,47,30,1
C0006516,P008,S0075,D0028,2024-02-26 19:28:42.658319,109,55,2
C0006517,P008,S0075,D0051,2024-02-28 19:19:03.259824,114,12,6
C0006518,P008,S0075,D0016,2024-02-26 14:53:52.003663,18,26,3
C0006519,P008,S0075,D0011,2024-02-27 05:08:53.085013,13,22,6
C0006520,P008,S0075,D0039,2024-02-22 17:17:49.098942,35,14,1
C0006521,P008,S0075,D0011,2024-02-26 18:19:32.699581,135,45,2
C0006522,P008,S0075,D0016,2024-03-04 17:27:17.441056,40,38,4
C0006523,P008,S0075,D0016,2024-02-27 11:22:00.707037,39,55,1
C0006524,P008,S0075,D0016,2024-02-28 05:20:53.360516,39,13,1
C0006525,P008,S0075,D0011,2024-02-23 02:01:47.797492,24,9,4
C0006526,P008,S0075,D0016,2024-02-22 07:51:03.136560,44,7,4
C0006527,P008,S0075,D0011,2024-03-04 06:00:55.850641,51,27,1
C0006528,P008,S0075,D0039,2024-02-28 06:15:41.533940,35,27,4
C0006529,P008,S0075,D0051,2024-03-03 10:19:20.810540,38,3,7
C0006530,P008,S0075,D0011,2024-03-03 03:02:21.517170,29,57,9
C0006531,P008,S0075,D0011,2024-02-29 03:06:37.925001,33,41,2
C0006532,P008,S0075,D0028,2024-02-28 00:39:10.242243,14,63,3
C0006533,P008,S0075,D0016,2024-03-05 05:44:35.504668,38,40,1
C0006534,P008,S0075,D0051,2024-02-24 01:09:18.308943,29,31,5
C0006535,P008,S0075,D0016,2024-02-27 16:32:07.546968,59,16,2
C0006536,P008,S0075,D0039,2024-02-22 15:44:59.678503,48,23,10
C0006537,P008,S0075,D0011,2024-02-28 08:02:38.274126,64,8,1
C0006538,P008,S0075,D0011,2024-03-03 16:27:05.137820,7,23,4
C0006539,P008,S0075,D0028,2024-03-01 01:30:18.798648,50,11,1
C0006540,P008,S0075,D0016,2024-02-23 08:36:25.332780,74,10,8
C0006541,P008,S0075,D0016,2024-02-26 17:29:49.457592,72,3,1
C0006542,P008,S0075,D0028,2024-02-26 14:11:34.830100,74,20,1
C0006543,P008,S0075,D0011,2024-03-06 15:46:43.466967,42,6,3
C0006544,P008,S0075,D0039,2024-02-26 09:36:55.544647,48,39,1
C0006545,P008,S0075,D0039,2024-02-22 21:13:51.907372,69,18,1
C0006546,P008,S0075,D0051,2024-02-27 12:03:15.663640,55,8,1
C0006547,P008,S0075,D0011,2024-02-26 22:29:06.516369,36,18,1
C0006548,P008,S0075,D0028,2024-02-26 16:14:28.677741,25,18,7
C0006549,P008,S0075,D0016,2024-03-05 02:16:07.509336,11,44,1
C0006550,P008,S0075,D0011,2024-03-06 02:03:38.239646,59,39,2
C0006551,P008,S0075,D0016,2024-03-01 00:33:09.461774,93,4,1
C0006552,P008,S0075,D0039,2024-03-02 13:19:38.173283,85,33,1
C0006553,P008,S0075,D0016,2024-03-01 11:43:01.377584,48,44,6
C0006554,P008,S0075,D0028,2024-03-04 07:58:38.298742,122,7,1
C0006555,P008,S0075,D0011,2024-02-23 19:18:56.395024,24,14,2
C0006556,P008,S0075,D0051,2024-02-27 02:49:55.401093,33,44,1
C0006557,P008,S0075,D0016,2024-03-02 09:47:45.496550,27,4,1
C0006558,P008,S0075,D0039,2024-03-03 00:41:26.810452,9,30,4
C0006559,P008,S0075,D0011,2024-02-29 17:19:30.615667,4,56,4
C0006560,P008,S0075,D0051,2024-02-29 04:32:38.962637,60,80,2
C0006561,P008,S0075,D0011,2024-02-28 01:16:05.989680,27,4,3
C0006562,P008,S0075,D0016,2024-03-01 10:08:07.834670,151,15,2
C0006563,P008,S0075,D0028,2024-02-26 07:13:07.486039,8,32,1
C0006564,P008,S0075,D0028,2024-02-29 11:13:02.453549,40,62,1
C0006565,P008,S0075,D0028,2024-02-27 03:44:34.766545,35,10,3
C0006566,P008,S0075,D0039,2024-02-29 23:13:33.163312,13,5,4
C0006567,P008,S0075,D0016,2024-02-24 14:27:47.861352,63,66,1
C0006568,P008,S0075,D0028,2024-03-04 11:54:35.638122,36,4,2
C0006569,P008,S0075,D0011,2024-02-27 08:12:53.373161,74,9,1
C0006570,P008,S0075,D0011,2024-03-02 12:15:01.308739,64,18,3
C0006571,P008,S0075,D0028,2024-03-05 15:31:42.881718,59,12,1
C0006572,P008,S0075,D0016,2024-03-05 17:47:04.200737,12,22,1
C0006573,P008,S0075,D0051,2024-03-03 18:19:54.320624,20,5,4
C0006574,P008,S0075,D0028,2024-03-05 14:03:01.172668,49,29,1
C0006575,P008,S0075,D0016,2024-02-23 08:26:16.106678,63,20,1
C0006576,P008,S0075,D0051,2024-03-03 12:52:38.833982,33,28,1
C0006577,P008,S0075,D0011,2024-03-03 05:25:33.087334,97,25,3
C0006578,P008,S0075,D0028,2024-02-29 13:31:58.982444,122,23,6
C0006579,P008,S0075,D0039,2024-03-01 03:10:04.501585,26,22,1
C0006580,P008,S0075,D0039,2024-02-29 00:52:18.501295,44,72,2
C0006581,P008,S0075,D0011,2024-03-01 10:48:22.817658,52,58,4
C0006582,P008,S0075,D0016,2024-02-26 02:48:17.233336,104,33,1
C0006583,P008,S0075,D0028,2024-02-27 17:51:22.835673,39,11,1
C0006584,P008,S0075,D0011,2024-02-23 03:32:58.564162,27,18,2
C0006585,P008,S0075,D0039,2024-02-28 17:42:29.821240,40,20,3
C0006586,P008,S0075,D0039,2024-02-23 08:37:03.944004,43,15,1
C0006587,P008,S0075,D0016,2024-02-23 12:08:44.142890,72,0,7
C0006588,P008,S0075,D0011,2024-02-28 11:41:49.277788,61,31,6
C0006589,P008,S0075,D0016,2024-03-04 21:27:23.922124,3,22,1
C0006590,P008,S0075,D0028,2024-03-02 01:09:18.860933,128,24,1
C0006591,P008,S0075,D0028,2024-02-26 16:26:25.902025,20,22,1
C0006592,P008,S0075,D0039,2024-03-06 02:16:45.331225,17,11,1
C0006593,P008,S0075,D0051,2024-02-23 21:14:46.282334,17,9,1
C0006594,P008,S0075,D0039,2024-02-29 05:12:25.873203,22,18,2
C0006595,P008,S0075,D0051,2024-03-01 12:26:40.131555,62,27,1
C0006596,P008,S0075,D0039,2024-02-27 18:13:27.490332,85,14,3
C0006597,P008,S0075,D0051,2024-02-23 13:01:45.842674,30,26,6
C0006598,P008,S0075,D0016,2024-02-26 08:31:09.466143,50,32,1
C0006599,P008,S0075,D0016,2024-03-06 03:26:00.117916,43,20,1
C0006600,P008,S0075,D0051,2024-03-02 17:37:34.255600,29,26,1
C0006601,P008,S0075,D0011,2024-03-01 04:00:16.644269,63,59,2
C0006602,P008,S0075,D0028,2024-03-05 17:57:40.513033,159,42,1
C0006603,P008,S0075,D0016,2024-02-25 08:46:11.346136,38,11,5
C0006604,P008,S0075,D0011,2024-02-28 10:26:48.947681,58,53,10
C0006605,P008,S0075,D0051,2024-02-22 22:34:31.863512,5,32,4
C0006606,P008,S0075,D0028,2024-02-25 23:45:35.871248,131,20,2
C0006607,P008,S0075,D0011,2024-02-28 02:42:33.463993,14,38,2
C0006608,P008,S0075,D0028,2024-02-24 14:18:40.697766,73,6,1
C0006609,P008,S0075,D0028,2024-02-26 15:06:14.851389,27,52,1
C0006610,P008,S0075,D0011,2024-02-29 20:15:35.967670,27,17,2
C0006611,P008,S0075,D0028,2024-02-24 02:21:06.907755,73,15,1
C0006612,P008,S0075,D0051,2024-02-24 15:51:06.544039,6,29,6
C0006613,P008,S0075,D0028,2024-03-04 14:47:48.458245,18,6,3
C0006614,P008,S0075,D0051,2024-02-26 14:03:48.989420,46,38,1
C0006615,P008,S0075,D0028,2024-03-06 02:43:29.847360,83,29,8
C0006616,P008,S0075,D0016,2024-03-03 17:50:54.470798,71,71,1
C0006617,P008,S0075,D0011,2024-02-27 11:09:34.624411,17,14,1
C0006618,P008,S0075,D0039,2024-02-23 10:44:27.259305,83,5,1
C0006619,P008,S0075,D0028,2024-03-01 03:35:00.772623,12,27,1
C0006620,P008,S0075,D0011,2024-02-23 06:22:45.006060,98,23,1
C0006621,P008,S0075,D0051,2024-02-27 00:54:38.912826,23,46,1
C0006622,P008,S0075,D0039,2024-03-04 07:23:35.700573,56,5,2
C0006623,P008,S0075,D0051,2024-02-23 04:29:30.063752,103,32,1
C0006624,P008,S0075,D0028,2024-02-24 01:34:14.860151,107,11,3
C0006625,P008,S0075,D0051,2024-02-24 14:43:56.875606,33,4,1
C0006626,P008,S0075,D0011,2024-02-24 17:46:09.685795,10,38,2
C0006627,P008,S0075,D0011,2024-03-01 23:13:26.885478,70,4,2
C0006628,P008,S0075,D0028,2024-02-25 04:40:03.606767,5,37,3
C0006629,P008,S0075,D0039,2024-02-23 15:24:19.439322,71,37,2
C0006630,P008,S0075,D0011,2024-02-25 08:16:51.936132,44,11,1
C0006631,P008,S0075,D0028,2024-02-27 18:07:02.728226,19,40,2
C0006632,P008,S0075,D0028,2024-02-25 15:20:03.375179,24,16,1
C0006633,P008,S0075,D0028,2024-02-29 20:26:52.952130,115,19,4
C0006634,P008,S0075,D0011,2024-03-03 23:43:44.194487,115,30,8
C0006635,P008,S0075,D0011,2024-02-26 23:19:04.571911,108,44,1
C0006636,P008,S0075,D0039,2024-02-29 13:36:26.214836,10,6,1
C0006637,P008,S0076,D0051,2024-03-13 01:40:20.331467,85,25,1
C0006638,P008,S0076,D0011,2024-03-19 22:23:10.046069,78,1,1
C0006639,P008,S0076,D0051,2024-03-12 12:25:05.745717,28,9,1
C0006640,P008,S0076,D0011,2024-03-08 00:56:08.018666,41,9,4
C0006641,P008,S0076,D0028,2024-03-08 08:03:39.151855,54,30,8
C0006642,P008,S0076,D0011,2024-03-08 10:34:26.044690,1,45,2
C0006643,P008,S0076,D0011,2024-03-10 18:18:02.340544,22,50,3
C0006644,P008,S0076,D0039,2024-03-13 09:50:00.195954,36,29,1
C0006645,P008,S0076,D0028,2024-03-13 12:32:59.004362,88,21,2
C0006646,P008,S0076,D0016,2024-03-13 00:43:59.981544,25,16,6
C0006647,P008,S0076,D0016,2024-03-15 13:31:57.404428,52,13,4
C0006648,P008,S0076,D0016,2024-03-18 08:28:41.316781,74,13,1
C0006649,P008,S0076,D0028,2024-03-11 23:03:46.591238,338,1,1
C0006650,P008,S0076,D0016,2024-03-19 05:05:05.691414,63,17,7
C0006651,P008,S0076,D0016,2024-03-14 13:23:42.276902,112,4,3
C0006652,P008,S0076,D0011,2024-03-12 07:07:45.439666,24,6,1
C0006653,P008,S0076,D0028,2024-03-12 10:24:40.246825,36,1,2
C0006654,P008,S0076,D0028,2024-03-20 09:32:05.374762,139,41,2
C0006655,P008,S0076,D0016,2024-03-17 08:01:29.687401,109,22,6
C0006656,P008,S0076,D0028,2024-03-13 09:57:48.887672,24,36,3
C0006657,P008,S0076,D0011,2024-03-12 02:05:58.965310,18,26,1
C0006658,P008,S0076,D0011,2024-03-07 15:32:08.539821,55,1,4
C0006659,P008,S0076,D0051,2024-03-14 00:52:35.658495,46,4,2
C0006660,P008,S0076,D0039,2024-03-08 03:49:27.866953,66,4,7
C0006661,P008,S0076,D0039,2024-03-14 12:56:35.874487,36,19,7
C0006662,P008,S0076,D0016,2024-03-17 21:22:24.784508,131,13,1
C0006663,P008,S0076,D0011,2024-03-19 07:26:56.640533,18,19,1
C0006664,P008,S0076,D0016,2024-03-09 08:33:29.314031,35,4,2
C0006665,P008,S0076,D0051,2024-03-08 12:46:44.631924,33,3,1
C0006666,P008,S0076,D0011,2024-03-09 16:11:34.994326,39,69,1
C0006667,P008,S0076,D0028,2024-03-20 19:59:42.006318,65,17,1
C0006668,P008,S0076,D0028,2024-03-16 02:30:20.511724,28,28,5
C0006669,P008,S0076,D0039,2024-03-10 16:41:00.268272,18,8,1
C0006670,P008,S0076,D0051,2024-03-14 12:53:51.818515,58,5,12
C0006671,P008,S0076,D0051,2024-03-17 08:40:06.781819,9,9,1
C0006672,P008,S0076,D0016,2024-03-10 14:31:09.755497,42,32,3
C0006673,P008,S0076,D0016,2024-03-09 00:57:12.899072,29,8,1
C0006674,P008,S0076,D0051,2024-03-11 14:28:49.031593,14,22,2
C0006675,P008,S0076,D0011,2024-03-15 08:00:39.413066,17,41,1
C0006676,P008,S0076,D0051,2024-03-11 14:38:01.573962,118,57,2
C0006677,P008,S0076,D0016,2024-03-08 22:49:30.438543,46,34,1
C0006678,P008,S0076,D0016,2024-03-11 00:53:15.345678,122,10,1
C0006679,P008,S0076,D0028,2024-03-12 23:24:11.140616,20,24,1
C0006680,P008,S0076,D0039,2024-03-09 21:52:47.081982,14,9,2
C0006681,P008,S0076,D0016,2024-03-13 05:13:37.347068,91,34,1
C0006682,P008,S0076,D0051,2024-03-12 14:11:43.524352,35,0,1
C0006683,P008,S0076,D0039,2024-03-11 07:17:25.298085,97,10,7
C0006684,P008,S0076,D0051,2024-03-08 23:58:04.456318,45,10,2
C0006685,P008,S0076,D0011,2024-03-09 17:19:47.920305,6,48,5
C0006686,P008,S0076,D0039,2024-03-08 07:36:31.983223,49,17,3
C0006687,P008,S0076,D0051,2024-03-15 17:01:41.440922,42,7,5
C0006688,P008,S0076,D0028,2024-03-09 06:50:42.822602,113,10,12
C0006689,P008,S0076,D0011,2024-03-15 11:04:17.895133,34,4,2
C0006690,P008,S0076,D0011,2024-03-15 12:26:49.209394,31,11,1
C0006691,P008,S0076,D0039,2024-03-10 04:50:51.197077,19,1,1
C0006692,P008,S0076,D0028,2024-03-09 23:06:32.853505,202,11,1
C0006693,P008,S0076,D0028,2024-03-20 10:39:57.336415,75,0,4
C0006694,P008,S0076,D0016,2024-03-11 04:04:18.776500,11,45,10
C0006695,P008,S0076,D0011,2024-03-16 04:42:46.901077,19,29,4
C0006696,P008,S0076,D0028,2024-03-08 12:05:18.823638,182,25,2
C0006697,P008,S0076,D0011,2024-03-10 10:00:29.711222,86,46,1
C0006698,P008,S0076,D0011,2024-03-10 22:32:57.770853,25,30,1
C0006699,P008,S0076,D0011,2024-03-19 16:21:00.278921,77,25,1
C0006700,P008,S0076,D0016,2024-03-08 21:12:36.390692,60,1,6
C0006701,P008,S0076,D0028,2024-03-12 03:03:24.753705,21,12,1
C0006702,P008,S0076,D0039,2024-03-15 14:19:56.002159,101,31,4
C0006703,P008,S0076,D0011,2024-03-19 21:38:30.326015,93,47,1
C0006704,P008,S0076,D0011,2024-03-14 18:40:34.427690,11,43,1
C0006705,P008,S0076,D0016,2024-03-16 06:58:46.105797,64,27,2
C0006706,P008,S0076,D0011,2024-03-09 12:57:02.215732,37,6,2
C0006707,P008,S0076,D0028,2024-03-11 12:42:48.291415,80,27,4
C0006708,P008,S0076,D0028,2024-03-17 12:13:01.833228,40,16,1
C0006709,P008,S0076,D0028,2024-03-17 19:57:56.118618,64,57,3
C0006710,P008,S0076,D0028,2024-03-13 23:27:33.242954,279,13,1
C0006711,P008,S0076,D0011,2024-03-16 17:32:46.581327,71,28,1
C0006712,P008,S0076,D0016,2024-03-07 23:57:44.392262,116,31,3
C0006713,P008,S0076,D0016,2024-03-19 12:26:51.183577,89,2,1
C0006714,P008,S0077,D0051,2024-03-24 20:25:02.268295,79,13,1
C0006715,P008,S0077,D0039,2024-03-23 15:29:32.996858,81,17,5
C0006716,P008,S0077,D0028,2024-03-24 23:51:43.376764,16,31,1
C0006717,P008,S0077,D0039,2024-03-28 08:39:08.767377,11,18,4
C0006718,P008,S0077,D0011,2024-03-27 17:52:50.874440,174,38,1
C0006719,P008,S0077,D0016,2024-04-01 02:44:15.506865,24,26,5
C0006720,P008,S0077,D0028,2024-03-27 18:31:23.965396,36,11,1
C0006721,P008,S0077,D0011,2024-03-29 19:03:45.459327,23,48,2
C0006722,P008,S0077,D0028,2024-03-26 15:18:46.110333,32,5,1
C0006723,P008,S0077,D0051,2024-03-22 12:53:49.522574,44,11,1
C0006724,P008,S0077,D0011,2024-04-02 14:57:22.277232,67,31,2
C0006725,P008,S0077,D0016,2024-03-30 15:29:38.990340,34,16,2
C0006726,P008,S0077,D0051,2024-03-23 13:29:01.326427,40,4,4
C0006727,P008,S0077,D0011,2024-03-29 11:54:51.631654,182,43,1
C0006728,P008,S0077,D0028,2024-03-29 16:10:44.769335,37,5,7
C0006729,P008,S0077,D0051,2024-03-28 02:01:55.133582,112,23,1
C0006730,P008,S0077,D0011,2024-03-24 02:32:26.127400,83,26,3
C0006731,P008,S0077,D0051,2024-03-21 16:45:45.353327,122,25,2
C0006732,P008,S0077,D0039,2024-03-31 03:48:19.177113,63,26,2
C0006733,P008,S0077,D0011,2024-03-24 10:46:02.723615,39,10,3
C0006734,P008,S0077,D0028,2024-03-25 16:13:36.558243,46,43,6
C0006735,P008,S0077,D0028,2024-03-22 00:18:35.815329,21,12,3
C0006736,P008,S0077,D0051,2024-04-02 20:15:19.510509,15,13,6
C0006737,P008,S0077,D0016,2024-04-02 00:46:58.769055,89,32,1
C0006738,P008,S0077,D0051,2024-03-30 08:46:56.667561,44,39,1
C0006739,P008,S0077,D0028,2024-03-22 23:53:49.295066,18,89,1
C0006740,P008,S0077,D0011,2024-04-01 17:29:23.806582,28,9,1
C0006741,P008,S0077,D0028,2024-03-29 07:41:05.033220,-1,17,2
C0006742,P008,S0077,D0051,2024-03-31 12:09:44.222051,83,6,1
C0006743,P008,S0077,D0039,2024-03-29 19:21:29.694063,71,20,1
C0006744,P008,S0077,D0051,2024-03-28 13:44:10.973866,73,31,1
C0006745,P008,S0077,D0016,2024-03-27 10:36:44.805377,23,18,7
C0006746,P008,S0077,D0028,2024-04-03 05:06:35.548025,57,7,5
C0006747,P008,S0077,D0051,2024-04-02 10:12:35.395186,65,12,3
C0006748,P008,S0077,D0011,2024-03-30 19:26:21.752257,26,24,1
C0006749,P008,S0077,D0016,2024-03-27 10:17:10.508427,37,19,1
C0006750,P008,S0077,D0039,2024-03-30 00:08:53.022310,71,22,4
C0006751,P008,S0077,D0039,2024-03-25 11:53:39.615960,16,12,3
C0006752,P008,S0077,D0011,2024-04-02 00:40:16.418180,30,6,5
C0006753,P008,S0077,D0016,2024-03-24 20:35:53.207479,149,66,4
C0006754,P008,S0077,D0051,2024-03-31 15:32:49.093902,27,9,2
C0006755,P008,S0077,D0028,2024-04-02 10:16:28.188916,17,26,3
C0006756,P008,S0077,D0016,2024-04-01 01:52:13.697956,85,15,1
C0006757,P008,S0077,D0011,2024-03-28 17:03:26.156446,36,10,3
C0006758,P008,S0077,D0039,2024-03-23 03:58:19.825395,135,23,2
C0006759,P008,S0077,D0011,2024-04-01 08:58:50.025445,54,58,1
C0006760,P008,S0077,D0016,2024-03-25 19:39:34.369120,38,41,11
C0006761,P008,S0077,D0011,2024-03-22 09:48:31.550487,18,6,4
C0006762,P008,S0077,D0016,2024-04-02 00:24:05.409661,50,11,1
C0006763,P008,S0077,D0016,2024-03-26 18:02:45.086258,12,15,3
C0006764,P008,S0077,D0028,2024-03-24 11:43:50.984645,11,19,2
C0006765,P008,S0077,D0028,2024-03-29 11:51:16.338107,59,19,4
C0006766,P008,S0077,D0016,2024-04-01 19:59:18.088157,68,37,2
C0006767,P008,S0077,D0016,2024-03-28 04:48:52.862741,59,19,15
C0006768,P008,S0077,D0028,2024-03-26 17:41:09.099899,74,19,1
C0006769,P008,S0077,D0051,2024-04-03 10:57:20.486610,41,23,1
C0006770,P008,S0077,D0011,2024-03-29 12:53:13.741067,54,0,2
C0006771,P008,S0077,D0039,2024-03-21 22:58:50.795280,31,7,1
C0006772,P008,S0077,D0028,2024-03-30 08:20:03.617430,81,10,8
C0006773,P008,S0077,D0051,2024-04-02 16:26:28.142752,36,21,2
C0006774,P008,S0077,D0039,2024-04-02 07:51:30.074540,33,11,1
C0006775,P008,S0077,D0051,2024-03-28 15:39:46.047085,15,16,1
C0006776,P008,S0077,D0011,2024-03-25 10:27:40.246765,70,36,1
C0006777,P008,S0077,D0039,2024-03-21 21:29:36.598353,3,25,2
C0006778,P008,S0077,D0028,2024-03-31 23:19:00.336469,60,18,6
C0006779,P008,S0077,D0028,2024-03-22 06:11:35.064874,38,10,2
C0006780,P008,S0077,D0051,2024-03-24 15:30:19.929828,15,16,1
C0006781,P008,S0077,D0039,2024-03-26 00:14:43.839307,65,20,1
C0006782,P008,S0077,D0039,2024-03-25 18:37:01.668728,18,12,3
C0006783,P008,S0077,D0051,2024-03-27 09:25:16.304204,21,95,4
C0006784,P008,S0077,D0051,2024-03-28 23:58:27.668943,24,79,1
C0006785,P008,S0077,D0039,2024-03-26 01:37:42.208221,34,82,4
C0006786,P008,S0077,D0011,2024-03-22 01:41:35.504122,17,16,4
C0006787,P008,S0077,D0051,2024-03-29 12:20:41.488641,25,36,1
C0006788,P008,S0077,D0011,2024-03-24 00:22:38.954575,78,17,2
C0006789,P008,S0077,D0028,2024-03-22 17:52:02.897622,13,18,4
C0006790,P008,S0077,D0011,2024-03-23 22:48:34.105378,61,3,5
C0006791,P008,S0077,D0039,2024-03-26 20:50:24.034741,47,19,3
C0006792,P008,S0077,D0051,2024-03-28 07:48:32.890391,109,12,1
C0006793,P008,S0077,D0016,2024-03-22 00:10:16.955582,84,7,1
C0006794,P008,S0077,D0039,2024-04-01 16:50:44.787959,26,58,1
C0006795,P008,S0077,D0011,2024-03-27 16:06:37.244281,35,5,2
C0006796,P008,S0077,D0028,2024-03-25 17:02:39.820445,34,12,1
C0006797,P008,S0077,D0051,2024-03-26 12:38:47.587772,62,52,3
C0006798,P008,S0077,D0028,2024-03-28 05:04:35.807352,27,9,2
C0006799,P008,S0077,D0039,2024-04-01 23:47:24.308558,61,33,6
C0006800,P008,S0077,D0016,2024-03-31 03:21:23.273083,101,50,3
C0006801,P008,S0077,D0016,2024-03-29 10:58:39.449808,8,13,3
C0006802,P008,S0077,D0051,2024-03-23 14:28:27.559729,86,7,7
C0006803,P008,S0077,D0011,2024-03-27 12:58:37.614322,36,14,1
C0006804,P008,S0077,D0016,2024-03-25 16:08:23.653387,20,50,3
C0006805,P008,S0077,D0011,2024-03-26 23:37:09.395812,11,32,4
C0006806,P008,S0077,D0016,2024-03-27 08:40:12.767984,54,5,1
C0006807,P008,S0077,D0016,2024-04-02 14:17:20.361568,7,2,2
C0006808,P008,S0077,D0051,2024-03-23 15:06:50.467296,24,5,4
C0006809,P008,S0077,D0028,2024-03-31 05:53:08.709300,18,10,3
C0006810,P008,S0077,D0011,2024-03-29 23:00:08.425133,19,31,3
C0006811,P008,S0077,D0016,2024-04-01 17:51:07.573568,50,60,1
C0006812,P008,S0077,D0016,2024-03-29 17:15:33.817931,24,22,2
C0006813,P008,S0077,D0016,2024-03-29 18:41:41.459485,132,13,2
C0006814,P008,S0077,D0051,2024-03-23 19:20:08.535629,77,15,2
C0006815,P008,S0077,D0016,2024-03-27 11:27:27.593815,19,23,3
C0006816,P008,S0077,D0028,2024-03-28 08:51:14.381172,19,33,1
C0006817,P008,S0077,D0016,2024-04-01 07:14:21.243227,127,37,1
C0006818,P008,S0077,D0039,2024-04-01 10:30:45.153803,91,20,5
C0006819,P008,S0077,D0028,2024-03-28 11:58:58.031247,120,11,1
C0006820,P008,S0078,D0016,2024-04-05 20:14:47.076396,26,7,1
C0006821,P008,S0078,D0039,2024-04-07 10:25:35.985548,14,92,1
C0006822,P008,S0078,D0016,2024-04-12 14:51:55.697086,82,5,2
C0006823,P008,S0078,D0028,2024-04-13 09:42:32.074047,41,14,9
C0006824,P008,S0078,D0051,2024-04-09 18:21:05.859891,46,29,1
C0006825,P008,S0078,D0011,2024-04-11 21:51:46.629818,6,29,1
C0006826,P008,S0078,D0028,2024-04-09 19:50:36.933649,48,10,1
C0006827,P008,S0078,D0039,2024-04-14 11:57:51.889868,26,16,1
C0006828,P008,S0078,D0011,2024-04-08 05:59:32.688129,100,20,1
C0006829,P008,S0078,D0011,2024-04-14 17:27:57.712856,48,16,4
C0006830,P008,S0078,D0028,2024-04-10 08:03:50.989913,28,27,1
C0006831,P008,S0078,D0039,2024-04-13 09:06:27.430823,23,3,1
C0006832,P008,S0078,D0051,2024-04-12 23:54:27.930804,17,16,1
C0006833,P008,S0078,D0039,2024-04-04 23:20:44.072124,85,109,1
C0006834,P008,S0078,D0051,2024-04-13 10:41:58.980014,16,73,3
C0006835,P008,S0078,D0039,2024-04-06 01:08:22.137758,69,26,4
C0006836,P008,S0078,D0039,2024-04-12 19:51:35.143294,30,34,4
C0006837,P008,S0078,D0016,2024-04-14 23:24:21.824025,26,24,2
C0006838,P008,S0078,D0011,2024-04-14 22:55:22.660431,49,32,1
C0006839,P008,S0078,D0039,2024-04-13 23:48:44.313212,16,24,6
C0006840,P008,S0078,D0039,2024-04-14 20:20:43.540786,13,22,1
C0006841,P008,S0078,D0016,2024-04-05 20:01:18.861957,29,1,1
C0006842,P008,S0078,D0028,2024-04-11 19:26:41.725416,55,3,15
C0006843,P008,S0078,D0039,2024-04-09 20:11:18.115610,45,1,3
C0006844,P008,S0078,D0016,2024-04-15 19:29:25.456896,122,17,4
C0006845,P008,S0078,D0039,2024-04-04 09:39:02.653612,45,13,1
C0006846,P008,S0078,D0016,2024-04-10 18:14:11.945103,68,6,2
C0006847,P008,S0078,D0051,2024-04-09 04:55:52.769009,32,21,4
C0006848,P008,S0078,D0028,2024-04-10 23:28:10.829502,69,28,1
C0006849,P008,S0078,D0028,2024-04-12 15:33:44.707679,41,17,5
C0006850,P008,S0078,D0016,2024-04-12 17:47:04.578233,94,7,7
C0006851,P008,S0078,D0016,2024-04-07 09:01:47.931850,48,1,3
C0006852,P008,S0078,D0039,2024-04-05 00:36:07.998925,38,12,1
C0006853,P008,S0078,D0039,2024-04-14 20:54:38.779126,23,3,2
C0006854,P008,S0078,D0028,2024-04-10 18:22:46.293633,33,74,1
C0006855,P008,S0078,D0051,2024-04-06 23:15:53.764273,68,28,3
C0006856,P008,S0078,D0039,2024-04-14 23:57:26.271849,9,12,1
C0006857,P008,S0078,D0039,2024-04-14 00:48:06.392112,101,14,3
C0006858,P008,S0078,D0016,2024-04-08 14:16:29.124339,8,17,5
C0006859,P008,S0078,D0011,2024-04-07 07:54:47.232964,131,4,1
C0006860,P008,S0078,D0039,2024-04-09 04:34:10.365144,15,2,5
C0006861,P008,S0078,D0051,2024-04-15 19:47:22.354596,16,2,7
C0006862,P008,S0078,D0011,2024-04-09 02:04:43.787193,37,99,1
C0006863,P008,S0078,D0011,2024-04-14 09:49:16.133624,70,6,3
C0006864,P008,S0078,D0011,2024-04-12 12:16:19.542785,17,4,2
C0006865,P008,S0078,D0039,2024-04-12 00:15:37.515767,50,6,1
C0006866,P008,S0078,D0051,2024-04-04 22:03:21.525954,31,23,1
C0006867,P008,S0078,D0051,2024-04-14 18:04:38.280380,44,15,1
C0006868,P008,S0078,D0028,2024-04-05 22:44:47.754585,19,35,7
C0006869,P008,S0078,D0028,2024-04-08 05:26:59.363630,11,8,5
C0006870,P008,S0078,D0028,2024-04-09 18:38:00.097921,57,10,1
C0006871,P008,S0078,D0028,2024-04-11 09:26:47.720943,106,18,5
C0006872,P008,S0078,D0016,2024-04-11 06:34:06.155408,49,9,2
C0006873,P008,S0078,D0051,2024-04-12 14:50:40.379386,34,20,1
C0006874,P008,S0078,D0028,2024-04-09 08:06:54.282339,109,75,5
C0006875,P008,S0078,D0016,2024-04-07 00:19:02.027180,34,16,1
C0006876,P008,S0078,D0039,2024-04-13 14:39:45.846135,12,5,1
C0006877,P008,S0078,D0016,2024-04-09 15:05:04.769229,77,11,6
C0006878,P008,S0078,D0051,2024-04-07 19:35:48.264381,18,31,2
C0006879,P008,S0078,D0051,2024-04-10 10:31:50.490620,18,9,1
C0006880,P008,S0078,D0051,2024-04-05 21:50:37.989223,26,33,1
C0006881,P008,S0078,D0011,2024-04-05 09:33:02.935549,65,31,5
C0006882,P008,S0078,D0016,2024-04-10 19:06:44.740052,97,20,5
C0006883,P008,S0078,D0016,2024-04-11 09:13:04.867085,44,13,1
C0006884,P008,S0078,D0011,2024-04-15 22:20:06.200042,66,10,8
C0006885,P008,S0078,D0051,2024-04-13 11:14:54.426374,55,5,5
C0006886,P008,S0079,D0016,2024-04-27 08:22:44.332691,90,11,8
C0006887,P008,S0079,D0039,2024-04-25 15:10:36.094431,13,16,2
C0006888,P008,S0079,D0016,2024-04-29 08:06:43.357030,66,14,7
C0006889,P008,S0079,D0051,2024-04-25 04:45:47.436540,47,25,1
C0006890,P008,S0079,D0011,2024-04-21 18:30:07.927626,15,23,3
C0006891,P008,S0079,D0011,2024-04-20 17:07:41.602598,14,20,1
C0006892,P008,S0079,D0039,2024-04-23 10:23:34.827837,32,5,5
C0006893,P008,S0079,D0011,2024-04-28 10:01:20.703122,91,22,1
C0006894,P008,S0079,D0051,2024-04-21 15:03:06.177302,64,29,1
C0006895,P008,S0079,D0016,2024-04-24 22:45:16.028499,7,6,5
C0006896,P008,S0079,D0051,2024-04-18 08:32:57.476155,15,8,1
C0006897,P008,S0079,D0016,2024-04-25 06:55:39.076550,37,5,2
C0006898,P008,S0079,D0051,2024-04-30 11:16:53.786556,11,5,9
C0006899,P008,S0079,D0039,2024-04-24 04:22:20.955661,69,8,3
C0006900,P008,S0079,D0016,2024-04-26 05:52:11.884855,25,68,1
C0006901,P008,S0079,D0028,2024-04-20 07:29:10.842815,64,1,1
C0006902,P008,S0079,D0039,2024-04-24 19:19:06.402842,14,17,1
C0006903,P008,S0079,D0051,2024-04-30 13:44:56.279095,35,4,1
C0006904,P008,S0079,D0016,2024-04-30 10:05:21.484430,26,16,2
C0006905,P008,S0079,D0039,2024-05-01 04:53:23.908931,27,2,1
C0006906,P008,S0079,D0051,2024-04-22 10:04:11.249740,69,17,2
C0006907,P008,S0079,D0016,2024-04-22 16:54:23.821814,34,37,6
C0006908,P008,S0079,D0039,2024-04-27 19:19:27.881206,14,55,3
C0006909,P008,S0079,D0028,2024-04-30 22:15:32.754838,207,17,2
C0006910,P008,S0079,D0016,2024-04-19 22:20:27.090801,32,13,4
C0006911,P008,S0079,D0016,2024-04-19 21:18:38.518006,135,28,1
C0006912,P008,S0079,D0039,2024-04-28 08:19:06.939959,19,9,1
C0006913,P008,S0079,D0016,2024-05-01 11:35:31.903921,66,14,3
C0006914,P008,S0079,D0051,2024-04-30 06:47:01.313611,22,39,2
C0006915,P008,S0079,D0039,2024-04-28 23:01:33.947210,90,24,1
C0006916,P008,S0079,D0028,2024-04-25 20:02:46.204906,88,16,4
C0006917,P008,S0079,D0011,2024-04-28 07:10:32.434165,7,30,3
C0006918,P008,S0079,D0011,2024-04-23 12:40:57.638920,90,4,10
C0006919,P008,S0079,D0039,2024-04-20 00:35:50.461874,64,35,2
C0006920,P008,S0079,D0016,2024-04-24 19:41:44.248387,14,4,1
C0006921,P008,S0079,D0051,2024-04-21 05:10:06.877040,91,23,2
C0006922,P008,S0079,D0051,2024-04-30 14:36:52.277776,59,40,4
C0006923,P008,S0079,D0051,2024-04-27 02:47:12.208378,35,16,4
C0006924,P008,S0079,D0016,2024-04-25 01:37:17.456871,80,12,1
C0006925,P008,S0079,D0051,2024-04-26 15:41:14.990076,24,49,2
C0006926,P008,S0079,D0051,2024-04-29 10:07:53.539560,20,2,2
C0006927,P008,S0079,D0051,2024-04-19 17:31:49.918802,102,1,1
C0006928,P008,S0079,D0051,2024-04-28 17:38:21.740620,15,5,1
C0006929,P008,S0079,D0011,2024-04-24 11:51:35.857900,38,30,1
C0006930,P008,S0079,D0028,2024-04-27 19:57:48.848746,23,22,1
C0006931,P008,S0080,D0039,2024-05-02 18:26:51.356136,37,6,1
C0006932,P008,S0080,D0028,2024-05-14 11:16:49.545045,34,31,2
C0006933,P008,S0080,D0039,2024-05-08 06:12:20.565206,36,13,1
C0006934,P008,S0080,D0039,2024-05-10 00:15:19.581596,27,41,1
C0006935,P008,S0080,D0039,2024-05-03 03:59:42.857051,38,19,1
C0006936,P008,S0080,D0051,2024-05-12 08:41:47.559784,16,88,3
C0006937,P008,S0080,D0016,2024-05-07 12:51:50.343679,39,58,5
C0006938,P008,S0080,D0011,2024-05-11 23:31:33.659834,79,16,1
C0006939,P008,S0080,D0016,2024-05-12 09:56:53.303837,42,17,1
C0006940,P008,S0080,D0016,2024-05-14 18:33:13.454571,50,27,1
C0006941,P008,S0080,D0051,2024-05-09 14:41:32.000224,6,61,4
C0006942,P008,S0080,D0016,2024-05-07 12:55:32.792406,26,16,1
C0006943,P008,S0080,D0039,2024-05-12 23:56:46.272935,29,21,4
C0006944,P008,S0080,D0011,2024-05-05 16:00:06.901767,11,2,1
C0006945,P008,S0080,D0028,2024-05-06 06:07:51.145093,61,23,1
C0006946,P008,S0080,D0051,2024-05-07 16:33:28.528876,45,3,3
C0006947,P008,S0080,D0051,2024-05-11 02:35:48.796683,39,14,6
C0006948,P008,S0080,D0028,2024-05-12 22:17:02.399199,137,20,4
C0006949,P008,S0080,D0028,2024-05-14 15:24:47.810271,12,49,5
C0006950,P008,S0080,D0028,2024-05-03 13:39:00.755230,75,2,3
C0006951,P008,S0080,D0039,2024-05-06 10:04:46.103995,20,20,1
C0006952,P008,S0080,D0016,2024-05-06 12:29:32.631221,62,4,8
C0006953,P008,S0080,D0028,2024-05-11 13:12:44.393472,49,4,6
C0006954,P008,S0080,D0028,2024-05-10 23:07:55.256421,69,14,1
C0006955,P008,S0080,D0011,2024-05-02 20:13:58.893299,36,23,1
C0006956,P008,S0080,D0028,2024-05-12 07:00:46.262517,41,22,1
C0006957,P008,S0080,D0016,2024-05-14 02:40:42.087375,39,58,1
C0006958,P008,S0080,D0011,2024-05-04 12:17:45.956400,42,51,2
C0006959,P008,S0080,D0011,2024-05-03 18:26:33.803616,60,17,1
C0006960,P008,S0080,D0011,2024-05-07 17:04:42.176611,55,6,1
C0006961,P008,S0080,D0039,2024-05-06 03:55:55.390926,30,50,2
C0006962,P008,S0080,D0011,2024-05-14 00:56:53.018353,52,13,1
C0006963,P008,S0080,D0011,2024-05-04 12:36:48.217853,18,1,2
C0006964,P008,S0080,D0051,2024-05-02 17:24:54.772958,6,4,7
C0006965,P008,S0080,D0039,2024-05-04 15:25:58.212407,64,8,1
C0006966,P008,S0080,D0016,2024-05-12 12:11:59.533544,34,11,2
C0006967,P008,S0080,D0028,2024-05-10 05:00:38.803307,49,19,1
C0006968,P008,S0080,D0011,2024-05-07 06:30:14.143086,171,3,2
C0006969,P008,S0080,D0039,2024-05-04 06:40:08.492229,58,57,4
C0006970,P008,S0080,D0051,2024-05-11 15:00:34.806616,102,26,1
C0006971,P008,S0080,D0011,2024-05-09 19:11:45.329855,111,23,5
C0006972,P008,S0080,D0039,2024-05-15 00:22:51.121486,10,25,1
C0006973,P008,S0080,D0051,2024-05-08 05:32:42.785251,113,3,3
C0006974,P008,S0080,D0016,2024-05-03 20:42:24.628695,24,18,1
C0006975,P008,S0080,D0011,2024-05-10 09:39:28.595738,27,66,3
C0006976,P008,S0080,D0051,2024-05-06 04:18:20.698278,81,83,4
C0006977,P008,S0080,D0051,2024-05-05 23:43:21.889550,11,14,1
C0006978,P008,S0080,D0016,2024-05-10 15:00:52.693431,25,12,8
C0006979,P008,S0080,D0051,2024-05-08 20:10:09.366329,108,6,1
C0006980,P008,S0080,D0051,2024-05-06 18:57:59.194048,47,0,4
C0006981,P008,S0080,D0016,2024-05-09 06:07:04.759061,39,64,4
C0006982,P008,S0080,D0016,2024-05-13 14:15:30.264011,13,10,1
C0006983,P008,S0080,D0051,2024-05-09 09:05:13.627701,24,67,1
C0006984,P008,S0080,D0016,2024-05-06 05:43:53.292993,94,15,1
C0006985,P008,S0080,D0039,2024-05-04 13:03:20.139107,85,43,10
C0006986,P008,S0080,D0011,2024-05-05 11:22:48.612505,33,45,3
C0006987,P008,S0080,D0016,2024-05-02 06:34:01.929478,79,40,2
C0006988,P008,S0080,D0051,2024-05-10 16:09:07.967467,101,18,4
C0006989,P008,S0080,D0039,2024-05-11 18:03:13.816053,17,19,1
C0006990,P008,S0080,D0039,2024-05-12 15:27:06.987278,7,13,6
C0006991,P008,S0080,D0011,2024-05-11 16:24:08.961844,6,7,1
C0006992,P008,S0080,D0039,2024-05-05 21:07:49.720988,15,23,1
C0006993,P008,S0080,D0051,2024-05-04 22:56:48.722173,102,13,1
C0006994,P008,S0080,D0039,2024-05-12 13:03:01.977087,84,6,4
C0006995,P008,S0080,D0051,2024-05-09 09:45:37.823011,51,44,1
C0006996,P008,S0080,D0051,2024-05-06 11:08:27.328842,107,3,2
C0006997,P008,S0080,D0028,2024-05-12 12:04:10.959359,49,61,1
C0006998,P008,S0080,D0016,2024-05-11 21:46:36.011577,78,14,5
C0006999,P008,S0080,D0016,2024-05-15 03:42:41.384683,14,34,1
C0007000,P008,S0080,D0039,2024-05-05 00:19:46.720890,48,9,5
C0007001,P008,S0080,D0051,2024-05-14 10:04:40.487521,13,26,2
C0007002,P008,S0080,D0039,2024-05-07 12:16:57.792024,46,12,1
C0007003,P008,S0080,D0039,2024-05-12 13:59:19.788958,28,40,2
C0007004,P008,S0080,D0028,2024-05-12 22:58:16.508217,29,2,3
C0007005,P008,S0080,D0011,2024-05-03 16:10:24.392385,11,36,5
C0007006,P008,S0080,D0039,2024-05-02 20:15:17.564842,31,55,8
C0007007,P008,S0080,D0011,2024-05-08 05:54:47.832136,58,15,2
C0007008,P008,S0080,D0016,2024-05-05 00:09:26.224811,57,21,1
C0007009,P008,S0080,D0028,2024-05-06 09:04:45.056262,91,18,2
C0007010,P008,S0080,D0028,2024-05-09 07:14:25.525085,54,15,1
C0007011,P008,S0080,D0016,2024-05-04 01:41:43.997385,88,34,9
C0007012,P008,S0080,D0016,2024-05-12 01:26:08.727451,5,11,1
C0007013,P008,S0080,D0039,2024-05-04 23:32:13.304394,94,16,4
C0007014,P008,S0080,D0011,2024-05-05 23:58:37.896676,42,31,1
C0007015,P008,S0080,D0011,2024-05-10 08:40:29.042629,48,5,2
C0007016,P008,S0080,D0016,2024-05-12 11:37:55.185481,19,6,1
C0007017,P008,S0080,D0051,2024-05-04 21:22:32.518570,57,46,7
C0007018,P008,S0080,D0039,2024-05-05 13:06:33.071627,19,6,2
C0007019,P008,S0080,D0011,2024-05-05 15:45:00.232049,40,9,2
C0007020,P008,S0080,D0016,2024-05-10 04:41:54.180863,107,66,1
C0007021,P008,S0080,D0016,2024-05-12 17:02:39.424887,19,35,1
C0007022,P008,S0080,D0028,2024-05-05 04:37:51.237507,28,11,1
C0007023,P008,S0080,D0039,2024-05-12 01:19:46.242421,33,38,3
C0007024,P008,S0080,D0011,2024-05-13 03:35:58.008201,17,15,2
C0007025,P008,S0080,D0016,2024-05-06 10:03:33.467704,44,5,1
C0007026,P008,S0080,D0039,2024-05-10 09:02:08.182416,23,6,1
C0007027,P008,S0080,D0016,2024-05-04 10:30:40.241994,94,2,1
C0007028,P008,S0080,D0028,2024-05-08 17:33:36.391477,28,67,1
C0007029,P008,S0080,D0016,2024-05-02 15:36:10.155703,130,10,5
C0007030,P008,S0080,D0011,2024-05-02 20:19:38.524036,68,48,1
C0007031,P008,S0080,D0039,2024-05-14 17:54:52.471465,20,15,2
C0007032,P008,S0080,D0051,2024-05-03 19:49:46.865710,18,22,1
C0007033,P008,S0080,D0051,2024-05-02 20:51:34.626978,56,104,9
C0007034,P008,S0080,D0028,2024-05-11 04:41:32.029502,89,36,1
C0007035,P008,S0080,D0039,2024-05-10 05:52:09.662306,29,12,12
C0007036,P008,S0080,D0016,2024-05-12 06:15:16.872160,94,32,5
C0007037,P008,S0080,D0016,2024-05-12 17:51:55.075342,34,8,3
C0007038,P008,S0080,D0011,2024-05-04 06:58:00.458297,48,8,1
C0007039,P008,S0080,D0011,2024-05-03 14:28:42.511426,73,32,3
C0007040,P008,S0080,D0039,2024-05-14 03:20:47.198022,15,38,1
C0007041,P009,S0081,D0011,2024-01-10 22:40:54.065774,11,54,2
C0007042,P009,S0081,D0039,2024-01-06 17:59:52.075875,17,2,6
C0007043,P009,S0081,D0011,2023-12-30 03:20:57.686553,46,9,7
C0007044,P009,S0081,D0039,2023-12-30 18:03:18.147856,128,10,3
C0007045,P009,S0081,D0011,2024-01-09 11:45:03.640024,35,4,1
C0007046,P009,S0081,D0011,2023-12-30 23:31:13.100609,51,5,1
C0007047,P009,S0081,D0051,2024-01-04 17:10:44.328729,57,19,3
C0007048,P009,S0081,D0016,2024-01-02 11:52:18.402080,39,53,1
C0007049,P009,S0081,D0039,2024-01-01 01:53:08.621400,51,19,7
C0007050,P009,S0081,D0028,2024-01-09 09:27:45.234164,36,9,1
C0007051,P009,S0081,D0016,2023-12-30 10:16:01.422135,15,17,1
C0007052,P009,S0081,D0011,2024-01-01 07:47:00.053624,50,46,2
C0007053,P009,S0081,D0039,2024-01-01 18:34:13.895257,117,9,3
C0007054,P009,S0081,D0039,2024-01-05 14:19:41.482408,48,89,1
C0007055,P009,S0081,D0028,2024-01-03 10:54:20.563123,8,32,8
C0007056,P009,S0081,D0016,2023-12-29 16:10:58.012925,69,24,1
C0007057,P009,S0081,D0039,2024-01-08 01:53:19.997084,66,7,4
C0007058,P009,S0081,D0028,2024-01-04 20:10:04.682143,55,44,1
C0007059,P009,S0081,D0039,2024-01-08 16:55:08.877278,51,72,1
C0007060,P009,S0081,D0039,2023-12-31 06:36:40.068592,127,17,1
C0007061,P009,S0081,D0028,2024-01-07 20:01:04.905226,57,6,9
C0007062,P009,S0081,D0039,2024-01-02 21:48:52.158412,94,12,1
C0007063,P009,S0081,D0039,2023-12-30 02:48:20.807036,88,15,4
C0007064,P009,S0081,D0016,2024-01-09 05:47:16.979778,47,32,7
C0007065,P009,S0081,D0016,2024-01-07 06:29:27.540505,71,23,1
C0007066,P009,S0081,D0051,2024-01-01 10:36:44.140941,65,9,4
C0007067,P009,S0081,D0039,2024-01-03 05:25:42.403815,63,3,1
C0007068,P009,S0081,D0011,2023-12-30 06:57:24.200684,35,51,4
C0007069,P009,S0081,D0051,2024-01-03 13:59:45.239587,32,8,1
C0007070,P009,S0081,D0011,2024-01-01 14:43:01.028413,78,42,9
C0007071,P009,S0081,D0011,2024-01-09 18:13:13.852556,3,37,9
C0007072,P009,S0081,D0011,2024-01-08 11:01:01.045483,56,3,2
C0007073,P009,S0081,D0039,2024-01-02 06:43:04.380481,28,56,1
C0007074,P009,S0081,D0051,2024-01-03 08:07:43.637885,17,14,1
C0007075,P009,S0081,D0051,2024-01-06 11:39:35.805676,28,28,3
C0007076,P009,S0081,D0051,2023-12-31 11:09:44.838419,31,74,1
C0007077,P009,S0081,D0016,2024-01-05 04:42:47.041850,12,16,1
C0007078,P009,S0081,D0051,2024-01-02 14:59:38.544778,1,6,8
C0007079,P009,S0081,D0039,2024-01-07 08:46:05.568208,100,0,1
C0007080,P009,S0081,D0011,2023-12-30 11:47:25.530687,49,9,3
C0007081,P009,S0081,D0016,2024-01-10 10:01:42.922781,75,2,1
C0007082,P009,S0081,D0016,2024-01-02 10:48:48.017152,53,46,1
C0007083,P009,S0081,D0011,2023-12-31 10:26:53.509117,85,55,8
C0007084,P009,S0081,D0039,2023-12-29 21:02:04.813219,19,9,1
C0007085,P009,S0081,D0051,2023-12-31 17:00:55.745757,57,3,1
C0007086,P009,S0081,D0028,2024-01-01 12:58:43.735580,89,9,9
C0007087,P009,S0081,D0039,2024-01-01 12:20:25.614405,66,37,9
C0007088,P009,S0081,D0028,2024-01-04 10:40:38.634803,13,99,10
C0007089,P009,S0081,D0028,2023-12-31 21:51:13.016526,11,9,1
C0007090,P009,S0081,D0039,2023-12-30 10:02:47.686253,50,5,1
C0007091,P009,S0081,D0016,2024-01-01 10:24:10.391695,17,70,1
C0007092,P009,S0081,D0051,2023-12-29 02:13:06.511594,155,11,1
C0007093,P009,S0081,D0051,2024-01-07 16:40:09.801767,35,10,3
C0007094,P009,S0081,D0016,2024-01-06 11:23:20.635027,70,71,5
C0007095,P009,S0081,D0016,2024-01-08 03:16:32.627918,53,6,3
C0007096,P009,S0081,D0039,2024-01-05 05:04:47.832587,35,33,2
C0007097,P009,S0081,D0028,2023-12-31 18:33:07.138188,28,20,3
C0007098,P009,S0081,D0051,2024-01-09 19:55:19.704248,6,20,1
C0007099,P009,S0081,D0028,2024-01-04 19:29:26.442466,60,10,6
C0007100,P009,S0081,D0039,2024-01-08 09:02:58.979076,4,9,2
C0007101,P009,S0081,D0011,2024-01-10 18:11:07.348396,35,9,3
C0007102,P009,S0081,D0016,2024-01-01 01:49:40.310873,67,4,1
C0007103,P009,S0081,D0028,2024-01-05 18:19:40.401392,38,7,5
C0007104,P009,S0081,D0016,2024-01-01 18:56:07.751529,9,19,1
C0007105,P009,S0081,D0011,2024-01-02 18:39:36.755165,16,23,2
C0007106,P009,S0081,D0016,2024-01-09 00:21:37.873036,46,50,2
C0007107,P009,S0081,D0011,2024-01-07 19:08:14.226185,43,5,1
C0007108,P009,S0081,D0011,2023-12-30 11:26:17.955230,22,23,6
C0007109,P009,S0081,D0028,2024-01-05 09:44:17.173023,19,1,1
C0007110,P009,S0081,D0051,2023-12-31 14:26:10.184714,71,6,3
C0007111,P009,S0081,D0039,2023-12-30 07:49:56.419238,34,19,1
C0007112,P009,S0081,D0016,2023-12-29 02:39:47.023192,102,14,4
C0007113,P009,S0081,D0039,2024-01-09 07:43:09.925684,20,7,5
C0007114,P009,S0081,D0028,2023-12-31 03:12:10.929642,83,15,1
C0007115,P009,S0081,D0016,2023-12-29 20:48:13.490910,55,22,1
C0007116,P009,S0081,D0016,2023-12-31 20:37:39.681206,57,4,1
C0007117,P009,S0081,D0011,2024-01-10 05:50:35.101693,41,65,3
C0007118,P009,S0081,D0028,2024-01-06 10:00:05.375743,12,31,2
C0007119,P009,S0081,D0051,2024-01-08 03:08:08.208870,9,29,4
C0007120,P009,S0081,D0051,2024-01-05 01:04:12.788831,68,35,3
C0007121,P009,S0081,D0051,2024-01-01 06:56:34.379815,46,61,4
C0007122,P009,S0081,D0028,2024-01-05 05:23:31.525386,68,62,1
C0007123,P009,S0081,D0016,2024-01-06 17:34:18.679670,21,8,4
C0007124,P009,S0081,D0028,2023-12-30 02:58:42.084618,27,12,1
C0007125,P009,S0081,D0051,2024-01-04 11:52:06.490281,21,24,3
C0007126,P009,S0081,D0028,2024-01-05 12:52:38.396301,94,2,5
C0007127,P009,S0081,D0051,2024-01-06 09:15:07.620652,124,1,1
C0007128,P009,S0081,D0028,2024-01-09 08:17:35.417691,96,43,4
C0007129,P009,S0081,D0011,2024-01-03 19:12:13.795915,58,10,4
C0007130,P009,S0081,D0039,2024-01-02 05:33:49.620929,145,10,2
C0007131,P009,S0081,D0011,2024-01-09 16:28:34.148929,3,14,1
C0007132,P009,S0081,D0016,2023-12-30 13:32:30.887169,40,1,1
C0007133,P009,S0081,D0016,2024-01-08 14:10:22.644732,73,38,1
C0007134,P009,S0081,D0028,2024-01-09 22:28:42.500511,35,6,2
C0007135,P009,S0081,D0011,2023-12-30 00:07:27.640915,49,22,1
C0007136,P009,S0081,D0028,2024-01-09 08:55:59.127990,24,12,1
C0007137,P009,S0081,D0039,2024-01-01 01:13:38.848726,54,15,9
C0007138,P009,S0081,D0051,2023-12-30 00:26:41.243000,158,12,5
C0007139,P009,S0081,D0039,2024-01-04 02:26:46.471921,41,30,1
C0007140,P009,S0081,D0051,2024-01-06 11:47:50.529044,38,9,1
C0007141,P009,S0081,D0028,2024-01-05 03:41:06.944585,36,33,6
C0007142,P009,S0081,D0039,2024-01-08 01:19:37.619782,0,6,6
C0007143,P009,S0081,D0051,2024-01-04 20:06:39.764740,78,19,3
C0007144,P009,S0081,D0039,2023-12-29 23:35:48.566984,73,2,2
C0007145,P009,S0081,D0028,2024-01-11 03:42:15.307932,108,49,7
C0007146,P009,S0081,D0028,2024-01-05 01:48:03.702928,66,23,3
C0007147,P009,S0081,D0028,2024-01-09 00:40:18.485522,21,32,2
C0007148,P009,S0081,D0039,2024-01-01 20:10:55.813143,52,36,1
C0007149,P009,S0081,D0039,2024-01-05 15:37:53.402675,33,14,2
C0007150,P009,S0081,D0039,2024-01-02 08:41:22.394326,37,15,1
C0007151,P009,S0081,D0039,2024-01-05 20:05:40.641672,114,32,4
C0007152,P009,S0081,D0051,2024-01-04 04:55:24.717379,16,12,3
C0007153,P009,S0081,D0051,2024-01-09 09:53:48.628898,48,33,1
C0007154,P009,S0081,D0051,2024-01-10 17:07:48.079510,27,24,1
C0007155,P009,S0081,D0016,2024-01-11 02:18:39.964075,29,13,3
C0007156,P009,S0081,D0011,2024-01-04 21:29:46.040382,8,9,5
C0007157,P009,S0081,D0011,2024-01-11 07:32:04.551290,87,17,1
C0007158,P009,S0081,D0011,2024-01-09 21:16:32.418043,93,9,2
C0007159,P009,S0081,D0051,2024-01-01 03:48:53.197901,9,10,1
C0007160,P009,S0081,D0039,2024-01-01 02:20:05.127633,22,33,1
C0007161,P009,S0081,D0028,2024-01-02 02:53:37.826920,81,17,1
C0007162,P009,S0081,D0051,2024-01-02 00:55:08.060743,7,44,1
C0007163,P009,S0081,D0051,2024-01-06 00:21:40.530505,50,36,1
C0007164,P009,S0081,D0011,2024-01-04 13:00:00.518382,29,58,1
C0007165,P009,S0081,D0016,2024-01-07 04:37:10.596477,34,11,12
C0007166,P009,S0081,D0051,2023-12-29 21:49:12.939768,16,8,1
C0007167,P009,S0081,D0039,2024-01-09 13:37:23.252480,45,26,3
C0007168,P009,S0081,D0028,2024-01-11 09:35:27.269741,42,18,1
C0007169,P009,S0081,D0011,2023-12-29 23:49:04.450372,8,4,1
C0007170,P009,S0081,D0039,2024-01-10 17:34:27.505962,14,38,1
C0007171,P009,S0081,D0016,2024-01-09 12:33:20.685164,25,91,4
C0007172,P009,S0081,D0051,2024-01-10 17:31:31.648581,45,17,6
C0007173,P009,S0081,D0011,2024-01-04 06:07:36.238915,157,28,5
C0007174,P009,S0082,D0039,2024-01-23 22:57:31.541411,17,41,2
C0007175,P009,S0082,D0028,2024-01-13 01:33:02.639867,78,19,3
C0007176,P009,S0082,D0051,2024-01-13 09:06:56.320437,54,22,1
C0007177,P009,S0082,D0051,2024-01-22 16:49:45.659096,13,11,1
C0007178,P009,S0082,D0039,2024-01-20 10:40:12.230286,34,4,1
C0007179,P009,S0082,D0051,2024-01-20 02:59:18.626547,70,7,2
C0007180,P009,S0082,D0011,2024-01-13 02:20:20.782008,20,71,1
C0007181,P009,S0082,D0028,2024-01-14 06:13:51.049446,29,55,10
C0007182,P009,S0082,D0016,2024-01-21 09:14:30.200116,14,10,1
C0007183,P009,S0082,D0011,2024-01-13 08:31:49.726661,159,12,4
C0007184,P009,S0082,D0051,2024-01-23 03:41:55.326649,57,26,4
C0007185,P009,S0082,D0016,2024-01-24 06:55:02.909125,30,25,4
C0007186,P009,S0082,D0039,2024-01-17 14:19:55.252434,15,3,2
C0007187,P009,S0082,D0016,2024-01-21 22:19:36.914967,117,9,2
C0007188,P009,S0082,D0051,2024-01-15 09:31:15.886998,16,92,1
C0007189,P009,S0082,D0016,2024-01-18 21:41:58.692947,13,3,3
C0007190,P009,S0082,D0011,2024-01-23 09:59:40.505026,114,16,5
C0007191,P009,S0082,D0039,2024-01-22 09:22:25.472726,51,20,2
C0007192,P009,S0082,D0051,2024-01-19 09:38:47.086749,49,21,2
C0007193,P009,S0082,D0039,2024-01-22 18:04:32.945477,13,8,3
C0007194,P009,S0082,D0011,2024-01-19 17:19:13.343970,37,15,2
C0007195,P009,S0082,D0051,2024-01-17 03:08:29.455522,113,8,1
C0007196,P009,S0082,D0016,2024-01-13 13:38:02.795190,29,10,1
C0007197,P009,S0082,D0028,2024-01-17 11:13:55.536138,46,7,5
C0007198,P009,S0082,D0011,2024-01-21 01:46:47.159395,27,13,5
C0007199,P009,S0082,D0028,2024-01-16 09:14:51.388263,3,11,1
C0007200,P009,S0082,D0016,2024-01-16 16:29:57.863205,41,5,7
C0007201,P009,S0082,D0028,2024-01-19 10:55:13.500784,31,4,7
C0007202,P009,S0082,D0011,2024-01-23 22:05:45.798826,103,14,1
C0007203,P009,S0082,D0028,2024-01-20 09:51:16.579090,87,30,1
C0007204,P009,S0082,D0039,2024-01-15 01:26:07.605199,59,4,2
C0007205,P009,S0082,D0016,2024-01-22 23:17:12.915596,23,12,2
C0007206,P009,S0082,D0039,2024-01-24 19:16:11.418040,49,13,2
C0007207,P009,S0082,D0051,2024-01-15 01:01:38.599824,61,11,1
C0007208,P009,S0082,D0028,2024-01-18 09:49:32.032543,48,19,1
C0007209,P009,S0082,D0011,2024-01-20 08:07:39.828269,33,41,1
C0007210,P009,S0082,D0011,2024-01-22 13:22:54.855347,31,61,5
C0007211,P009,S0082,D0016,2024-01-23 21:55:11.570923,60,10,1
C0007212,P009,S0082,D0016,2024-01-19 14:14:16.643499,38,8,3
C0007213,P009,S0082,D0011,2024-01-21 21:19:56.188795,26,18,2
C0007214,P009,S0082,D0016,2024-01-14 22:49:02.281166,16,6,4
C0007215,P009,S0082,D0011,2024-01-20 04:59:50.769828,33,23,1
C0007216,P009,S0082,D0051,2024-01-14 22:39:16.967556,58,7,7
C0007217,P009,S0082,D0016,2024-01-20 08:11:51.083348,39,23,1
C0007218,P009,S0082,D0016,2024-01-20 20:18:34.543149,77,42,1
C0007219,P009,S0082,D0011,2024-01-24 18:43:03.582956,55,40,1
C0007220,P009,S0082,D0039,2024-01-17 07:54:53.845596,50,2,3
C0007221,P009,S0082,D0016,2024-01-16 15:35:02.312062,25,32,2
C0007222,P009,S0082,D0016,2024-01-16 13:06:06.372912,15,1,2
C0007223,P009,S0082,D0028,2024-01-19 13:51:10.595782,82,24,1
C0007224,P009,S0082,D0028,2024-01-21 09:29:22.009040,27,7,2
C0007225,P009,S0082,D0028,2024-01-21 18:10:54.619001,109,15,2
C0007226,P009,S0082,D0016,2024-01-18 07:00:51.942662,14,25,1
C0007227,P009,S0082,D0039,2024-01-23 22:29:53.923170,63,21,1
C0007228,P009,S0082,D0011,2024-01-12 15:15:50.388140,17,6,2
C0007229,P009,S0082,D0039,2024-01-19 00:56:53.885638,65,3,3
C0007230,P009,S0082,D0039,2024-01-23 21:23:41.393818,90,4,5
C0007231,P009,S0082,D0051,2024-01-21 19:48:11.583953,142,39,6
C0007232,P009,S0082,D0028,2024-01-21 04:10:50.895660,55,9,3
C0007233,P009,S0082,D0016,2024-01-16 06:58:43.306257,45,20,1
C0007234,P009,S0082,D0016,2024-01-21 03:51:18.298506,28,16,1
C0007235,P009,S0082,D0028,2024-01-21 22:54:39.355114,66,19,1
C0007236,P009,S0082,D0051,2024-01-17 06:17:19.163491,89,2,1
C0007237,P009,S0082,D0051,2024-01-17 20:12:21.718471,38,28,3
C0007238,P009,S0082,D0039,2024-01-16 07:29:50.978899,44,18,2
C0007239,P009,S0082,D0039,2024-01-18 05:54:42.091296,111,46,1
C0007240,P009,S0082,D0028,2024-01-18 11:37:38.064795,56,30,6
C0007241,P009,S0082,D0051,2024-01-20 19:57:45.583469,62,10,1
C0007242,P009,S0082,D0016,2024-01-23 06:08:37.629634,39,24,3
C0007243,P009,S0082,D0039,2024-01-17 17:04:46.101239,69,53,6
C0007244,P009,S0082,D0051,2024-01-23 09:08:54.512929,53,18,5
C0007245,P009,S0082,D0028,2024-01-23 19:42:15.516506,76,10,2
C0007246,P009,S0082,D0051,2024-01-23 14:50:38.969011,79,52,1
C0007247,P009,S0082,D0028,2024-01-21 09:37:19.500344,86,8,1
C0007248,P009,S0082,D0011,2024-01-14 00:56:26.768639,27,15,1
C0007249,P009,S0082,D0011,2024-01-24 12:55:03.791774,41,5,2
C0007250,P009,S0082,D0011,2024-01-23 11:13:55.454043,33,24,1
C0007251,P009,S0082,D0051,2024-01-18 16:10:29.967712,30,43,1
C0007252,P009,S0082,D0011,2024-01-15 10:29:19.296516,125,32,3
C0007253,P009,S0082,D0051,2024-01-22 09:03:03.828975,26,19,1
C0007254,P009,S0082,D0011,2024-01-16 08:40:11.132844,12,137,1
C0007255,P009,S0082,D0039,2024-01-23 03:24:31.603363,65,7,2
C0007256,P009,S0082,D0028,2024-01-24 05:16:52.762392,11,5,7
C0007257,P009,S0082,D0028,2024-01-21 23:25:15.086203,46,36,3
C0007258,P009,S0082,D0039,2024-01-18 15:16:45.564385,33,10,5
C0007259,P009,S0082,D0028,2024-01-16 14:29:22.840432,48,15,4
C0007260,P009,S0082,D0011,2024-01-21 18:06:29.942527,78,76,5
C0007261,P009,S0082,D0028,2024-01-20 06:17:12.110098,20,26,1
C0007262,P009,S0082,D0051,2024-01-20 23:07:05.478026,135,54,3
C0007263,P009,S0082,D0028,2024-01-20 21:23:37.680895,11,9,1
C0007264,P009,S0082,D0011,2024-01-12 16:21:09.319919,78,9,3
C0007265,P009,S0082,D0039,2024-01-14 21:56:47.264216,46,10,4
C0007266,P009,S0082,D0051,2024-01-14 16:40:04.180979,11,19,5
C0007267,P009,S0082,D0016,2024-01-13 01:27:30.972421,44,3,2
C0007268,P009,S0082,D0011,2024-01-18 05:25:36.419885,91,37,1
C0007269,P009,S0082,D0016,2024-01-17 02:04:47.389193,66,16,5
C0007270,P009,S0082,D0051,2024-01-21 05:40:46.881477,-1,13,14
C0007271,P009,S0082,D0011,2024-01-13 00:35:50.105815,88,1,3
C0007272,P009,S0082,D0051,2024-01-12 17:43:23.475394,118,29,5
C0007273,P009,S0082,D0039,2024-01-17 17:04:55.361633,17,21,1
C0007274,P009,S0083,D0051,2024-02-06 05:57:29.465506,33,41,1
C0007275,P009,S0083,D0028,2024-01-29 18:56:09.593485,22,14,1
C0007276,P009,S0083,D0039,2024-02-08 01:45:03.287975,41,43,2
C0007277,P009,S0083,D0051,2024-02-02 15:00:06.364402,56,5,3
C0007278,P009,S0083,D0016,2024-02-05 16:39:44.387776,40,21,1
C0007279,P009,S0083,D0028,2024-02-07 09:34:50.504078,42,69,1
C0007280,P009,S0083,D0039,2024-01-30 13:52:39.104750,13,10,3
C0007281,P009,S0083,D0028,2024-02-03 16:57:33.835062,130,25,1
C0007282,P009,S0083,D0039,2024-01-27 10:46:14.448188,112,47,6
C0007283,P009,S0083,D0039,2024-02-02 00:37:32.141563,55,5,3
C0007284,P009,S0083,D0051,2024-02-06 17:35:34.633261,21,6,8
C0007285,P009,S0083,D0039,2024-01-29 15:26:35.707719,19,24,1
C0007286,P009,S0083,D0011,2024-02-03 11:14:06.066461,26,23,1
C0007287,P009,S0083,D0051,2024-01-27 02:40:00.263201,17,8,1
C0007288,P009,S0083,D0028,2024-02-05 22:20:15.822704,23,32,1
C0007289,P009,S0083,D0051,2024-01-29 15:57:03.722176,7,15,7
C0007290,P009,S0083,D0011,2024-02-02 17:12:37.174426,7,17,1
C0007291,P009,S0083,D0028,2024-01-30 13:14:47.214518,66,6,4
C0007292,P009,S0083,D0011,2024-01-31 01:49:53.769650,96,12,3
C0007293,P009,S0083,D0051,2024-02-04 10:14:57.762301,58,66,1
C0007294,P009,S0083,D0039,2024-02-04 23:37:59.336497,18,40,5
C0007295,P009,S0083,D0016,2024-02-06 17:46:59.612774,10,64,3
C0007296,P009,S0083,D0011,2024-01-30 17:17:24.977845,94,15,2
C0007297,P009,S0083,D0051,2024-01-30 09:19:06.795593,63,0,10
C0007298,P009,S0083,D0028,2024-02-06 07:42:15.483305,36,3,3
C0007299,P009,S0083,D0039,2024-01-29 08:03:18.139366,14,4,4
C0007300,P009,S0083,D0028,2024-02-05 16:38:56.422199,63,12,3
C0007301,P009,S0083,D0051,2024-01-29 05:37:27.433998,72,10,2
C0007302,P009,S0083,D0028,2024-02-05 17:34:22.241089,60,46,1
C0007303,P009,S0083,D0016,2024-02-04 00:24:49.034773,35,31,1
C0007304,P009,S0083,D0028,2024-02-06 11:51:31.759549,36,50,1
C0007305,P009,S0083,D0011,2024-01-31 21:14:46.169913,26,13,1
C0007306,P009,S0083,D0011,2024-01-29 05:00:43.930500,18,22,1
C0007307,P009,S0083,D0011,2024-02-03 10:33:26.725417,25,8,1
C0007308,P009,S0083,D0011,2024-02-02 05:23:42.069563,15,49,2
C0007309,P009,S0083,D0016,2024-01-28 11:55:25.043750,86,11,2
C0007310,P009,S0083,D0011,2024-01-29 00:53:13.459056,11,29,1
C0007311,P009,S0083,D0039,2024-02-06 02:23:34.336195,7,12,5
C0007312,P009,S0083,D0028,2024-02-03 10:21:23.393566,65,10,3
C0007313,P009,S0083,D0039,2024-01-27 22:09:25.671025,23,6,1
C0007314,P009,S0083,D0051,2024-01-26 22:28:49.366217,34,14,1
C0007315,P009,S0083,D0039,2024-01-27 02:11:26.670008,52,10,1
C0007316,P009,S0083,D0011,2024-02-02 16:31:43.815408,9,30,2
C0007317,P009,S0083,D0028,2024-01-31 04:15:34.977941,63,34,1
C0007318,P009,S0083,D0028,2024-02-01 03:38:36.888653,11,25,3
C0007319,P009,S0083,D0039,2024-02-02 22:17:40.213902,132,50,7
C0007320,P009,S0083,D0051,2024-01-27 00:19:18.711016,14,10,1
C0007321,P009,S0083,D0051,2024-02-02 02:03:57.187449,73,22,1
C0007322,P009,S0083,D0028,2024-02-03 12:19:37.263604,52,33,4
C0007323,P009,S0083,D0016,2024-01-27 23:46:46.624227,85,12,6
C0007324,P009,S0083,D0051,2024-01-28 21:35:14.093200,11,13,3
C0007325,P009,S0083,D0051,2024-01-27 02:40:21.639752,68,25,2
C0007326,P009,S0083,D0051,2024-01-30 17:35:11.424091,63,1,1
C0007327,P009,S0083,D0028,2024-01-31 05:40:07.293279,57,16,2
C0007328,P009,S0083,D0039,2024-01-31 16:45:32.294164,7,15,1
C0007329,P009,S0083,D0028,2024-02-04 15:09:24.470990,37,24,1
C0007330,P009,S0083,D0051,2024-01-27 12:18:35.137099,26,42,2
C0007331,P009,S0083,D0051,2024-01-28 04:10:45.798134,52,12,2
C0007332,P009,S0083,D0016,2024-01-28 09:20:16.913126,27,36,2
C0007333,P009,S0083,D0051,2024-01-30 21:03:38.141907,75,53,1
C0007334,P009,S0083,D0039,2024-01-30 05:11:38.407452,73,33,3
C0007335,P009,S0083,D0028,2024-02-06 20:33:04.642575,23,31,2
C0007336,P009,S0083,D0051,2024-02-02 04:30:42.967683,12,6,1
C0007337,P009,S0083,D0039,2024-01-31 19:09:48.574818,19,29,2
C0007338,P009,S0083,D0051,2024-02-06 10:31:40.858990,42,5,1
C0007339,P009,S0083,D0028,2024-01-30 10:10:50.328444,21,25,4
C0007340,P009,S0083,D0028,2024-02-07 10:51:24.570328,75,24,1
C0007341,P009,S0083,D0016,2024-02-02 14:11:15.541125,46,58,1
C0007342,P009,S0083,D0051,2024-02-07 19:38:11.689786,49,9,1
C0007343,P009,S0083,D0051,2024-01-29 11:46:06.701671,11,64,1
C0007344,P009,S0083,D0039,2024-02-04 09:11:04.232449,61,5,4
C0007345,P009,S0083,D0051,2024-01-28 23:21:26.628109,25,4,3
C0007346,P009,S0083,D0011,2024-01-27 06:01:56.972976,58,2,9
C0007347,P009,S0083,D0051,2024-01-29 16:58:43.485046,11,10,4
C0007348,P009,S0083,D0011,2024-02-04 19:24:45.146810,16,28,2
C0007349,P009,S0083,D0028,2024-01-29 05:38:34.520291,34,4,2
C0007350,P009,S0083,D0028,2024-01-29 17:46:16.811232,58,17,1
C0007351,P009,S0083,D0011,2024-02-07 14:38:54.091206,24,26,3
C0007352,P009,S0083,D0039,2024-02-01 08:50:43.550546,169,22,4
C0007353,P009,S0083,D0011,2024-01-29 12:05:38.182440,49,1,2
C0007354,P009,S0083,D0051,2024-01-27 17:33:28.810273,21,47,5
C0007355,P009,S0083,D0051,2024-01-31 14:59:08.373170,118,41,1
C0007356,P009,S0083,D0051,2024-02-06 14:24:07.659720,29,2,1
C0007357,P009,S0083,D0028,2024-02-01 20:07:43.360038,23,34,1
C0007358,P009,S0083,D0039,2024-02-08 00:20:28.702161,44,6,1
C0007359,P009,S0083,D0016,2024-02-07 00:58:19.537817,67,10,1
C0007360,P009,S0083,D0039,2024-02-07 13:56:04.510071,13,8,2
C0007361,P009,S0083,D0028,2024-01-27 19:19:12.961769,25,21,1
C0007362,P009,S0083,D0011,2024-01-30 07:54:15.585699,60,12,7
C0007363,P009,S0083,D0051,2024-01-27 18:30:14.304480,15,33,3
C0007364,P009,S0083,D0016,2024-02-06 00:35:30.774470,29,8,4
C0007365,P009,S0083,D0039,2024-02-02 16:07:22.449306,74,62,6
C0007366,P009,S0083,D0028,2024-02-02 10:55:37.241315,19,57,1
C0007367,P009,S0083,D0028,2024-02-03 06:56:03.523430,51,22,2
C0007368,P009,S0083,D0028,2024-02-07 17:15:41.906958,90,43,1
C0007369,P009,S0083,D0016,2024-02-01 00:33:07.691443,10,21,1
C0007370,P009,S0083,D0051,2024-02-05 03:39:42.990836,35,56,5
C0007371,P009,S0083,D0051,2024-01-31 10:50:17.629827,42,28,8
C0007372,P009,S0083,D0051,2024-02-04 03:00:24.446749,24,6,2
C0007373,P009,S0083,D0011,2024-01-28 23:11:26.453283,45,25,9
C0007374,P009,S0083,D0016,2024-01-27 15:31:45.839730,121,10,3
C0007375,P009,S0083,D0028,2024-02-03 01:35:23.934611,73,24,1
C0007376,P009,S0083,D0016,2024-02-05 18:58:53.322531,34,25,7
C0007377,P009,S0083,D0051,2024-01-29 00:10:52.146174,68,39,6
C0007378,P009,S0083,D0028,2024-01-28 22:48:43.673442,54,9,3
C0007379,P009,S0083,D0039,2024-02-05 08:13:29.953913,61,3,1
C0007380,P009,S0083,D0016,2024-02-02 02:27:04.790754,33,62,2
C0007381,P009,S0083,D0028,2024-02-03 04:07:10.861492,10,15,1
C0007382,P009,S0083,D0039,2024-01-29 14:26:47.011501,19,13,5
C0007383,P009,S0083,D0051,2024-01-27 02:34:55.861203,53,1,1
C0007384,P009,S0083,D0011,2024-01-31 10:44:50.386250,80,9,11
C0007385,P009,S0083,D0051,2024-02-03 18:31:28.446241,6,42,1
C0007386,P009,S0083,D0039,2024-02-03 22:36:10.692277,20,21,1
C0007387,P009,S0083,D0051,2024-01-28 08:13:58.374478,79,25,1
C0007388,P009,S0083,D0039,2024-01-30 15:03:11.515122,69,21,1
C0007389,P009,S0083,D0011,2024-02-03 10:23:20.198783,84,14,1
C0007390,P009,S0083,D0039,2024-01-26 22:45:21.262750,10,36,1
C0007391,P009,S0083,D0028,2024-02-07 05:41:14.790840,49,10,1
C0007392,P009,S0083,D0051,2024-01-26 22:11:11.121466,23,10,1
C0007393,P009,S0083,D0028,2024-01-29 16:40:14.506276,23,12,8
C0007394,P009,S0083,D0028,2024-01-31 15:40:42.486490,87,12,3
C0007395,P009,S0083,D0016,2024-01-30 02:29:22.275351,11,22,1
C0007396,P009,S0083,D0011,2024-01-27 18:22:33.864866,51,34,3
C0007397,P009,S0083,D0028,2024-02-05 18:09:39.868489,9,7,1
C0007398,P009,S0083,D0028,2024-01-30 23:18:05.285497,36,21,5
C0007399,P009,S0083,D0039,2024-01-26 03:15:20.653252,25,6,1
C0007400,P009,S0083,D0016,2024-01-27 10:52:21.944434,71,24,1
C0007401,P009,S0083,D0051,2024-02-03 15:45:06.792870,30,44,2
C0007402,P009,S0083,D0039,2024-02-05 02:44:56.945112,45,60,1
C0007403,P009,S0083,D0011,2024-02-04 02:09:43.777625,50,25,2
C0007404,P009,S0083,D0028,2024-02-02 04:09:21.742205,71,21,1
C0007405,P009,S0083,D0028,2024-02-03 14:20:44.244012,43,31,4
C0007406,P009,S0083,D0028,2024-01-27 20:51:05.303560,46,9,1
C0007407,P009,S0083,D0039,2024-02-06 15:27:40.790837,87,47,4
C0007408,P009,S0083,D0051,2024-02-05 13:36:57.266808,49,55,1
C0007409,P009,S0084,D0016,2024-02-12 05:21:11.346437,90,21,1
C0007410,P009,S0084,D0051,2024-02-11 23:40:43.945427,91,11,1
C0007411,P009,S0084,D0028,2024-02-21 00:04:05.857918,48,15,8
C0007412,P009,S0084,D0051,2024-02-18 19:37:19.455082,24,52,1
C0007413,P009,S0084,D0051,2024-02-19 15:50:16.847535,17,13,1
C0007414,P009,S0084,D0011,2024-02-21 09:20:51.757333,32,23,1
C0007415,P009,S0084,D0051,2024-02-18 04:43:41.415063,87,24,2
C0007416,P009,S0084,D0016,2024-02-19 00:30:39.579266,34,50,4
C0007417,P009,S0084,D0051,2024-02-12 12:02:28.961666,12,17,3
C0007418,P009,S0084,D0011,2024-02-15 18:21:29.497109,33,25,2
C0007419,P009,S0084,D0051,2024-02-20 00:37:51.897229,111,41,6
C0007420,P009,S0084,D0016,2024-02-15 02:21:07.384984,34,9,3
C0007421,P009,S0084,D0039,2024-02-15 00:16:15.878780,25,5,2
C0007422,P009,S0084,D0011,2024-02-11 14:43:37.649798,33,36,3
C0007423,P009,S0084,D0051,2024-02-15 22:33:33.725125,35,21,1
C0007424,P009,S0084,D0051,2024-02-11 02:07:12.879162,51,16,1
C0007425,P009,S0084,D0011,2024-02-12 12:31:11.121729,55,26,1
C0007426,P009,S0084,D0016,2024-02-17 00:46:02.416413,53,26,1
C0007427,P009,S0084,D0011,2024-02-21 15:07:09.949281,39,18,3
C0007428,P009,S0084,D0039,2024-02-15 08:59:43.051292,74,22,1
C0007429,P009,S0084,D0028,2024-02-20 20:57:07.433138,105,29,3
C0007430,P009,S0084,D0016,2024-02-19 14:53:54.979824,74,1,1
C0007431,P009,S0084,D0051,2024-02-18 03:19:57.325961,82,15,3
C0007432,P009,S0084,D0016,2024-02-20 07:49:54.017791,15,3,4
C0007433,P009,S0084,D0051,2024-02-12 10:05:41.345237,11,18,7
C0007434,P009,S0084,D0051,2024-02-14 03:45:49.002847,72,16,1
C0007435,P009,S0084,D0039,2024-02-10 00:21:45.465989,13,12,2
C0007436,P009,S0084,D0016,2024-02-11 05:35:22.333970,5,4,4
C0007437,P009,S0084,D0011,2024-02-21 21:29:42.326071,104,31,1
C0007438,P009,S0084,D0011,2024-02-18 17:53:23.469280,44,0,1
C0007439,P009,S0084,D0039,2024-02-12 05:52:28.484847,61,35,3
C0007440,P009,S0084,D0011,2024-02-21 13:22:25.495347,32,5,4
C0007441,P009,S0084,D0051,2024-02-13 04:24:57.747784,37,34,1
C0007442,P009,S0084,D0016,2024-02-09 23:51:02.591727,25,36,2
C0007443,P009,S0084,D0039,2024-02-21 16:25:31.560291,93,44,8
C0007444,P009,S0084,D0051,2024-02-21 15:44:26.910049,20,23,1
C0007445,P009,S0084,D0051,2024-02-17 01:16:17.130128,67,41,2
C0007446,P009,S0084,D0051,2024-02-10 03:30:40.023275,39,32,2
C0007447,P009,S0084,D0011,2024-02-12 01:09:45.357313,8,4,3
C0007448,P009,S0084,D0016,2024-02-16 16:28:40.385828,118,16,2
C0007449,P009,S0084,D0016,2024-02-16 15:10:41.551154,31,67,8
C0007450,P009,S0084,D0016,2024-02-15 09:30:10.983386,110,22,9
C0007451,P009,S0084,D0051,2024-02-14 07:40:20.537768,36,15,5
C0007452,P009,S0084,D0011,2024-02-21 07:18:53.670561,51,21,4
C0007453,P009,S0084,D0028,2024-02-17 00:09:36.255947,59,0,1
C0007454,P009,S0084,D0016,2024-02-17 01:23:46.493992,111,6,1
C0007455,P009,S0084,D0028,2024-02-22 18:15:19.608230,113,9,1
C0007456,P009,S0084,D0039,2024-02-16 10:40:49.992586,38,42,2
C0007457,P009,S0084,D0051,2024-02-22 04:10:08.492187,103,73,5
C0007458,P009,S0084,D0039,2024-02-17 23:32:15.391117,86,14,1
C0007459,P009,S0084,D0028,2024-02-11 04:32:36.150396,37,5,5
C0007460,P009,S0084,D0028,2024-02-18 01:20:55.857615,13,8,3
C0007461,P009,S0084,D0016,2024-02-16 11:45:35.739950,75,46,2
C0007462,P009,S0084,D0039,2024-02-14 15:57:17.152223,86,8,1
C0007463,P009,S0084,D0039,2024-02-14 03:49:57.292788,160,1,1
C0007464,P009,S0084,D0016,2024-02-22 06:33:36.706635,11,40,3
C0007465,P009,S0084,D0016,2024-02-10 08:12:12.615450,24,16,1
C0007466,P009,S0084,D0016,2024-02-19 09:44:34.975543,11,12,3
C0007467,P009,S0084,D0028,2024-02-12 20:58:01.989383,57,11,1
C0007468,P009,S0084,D0051,2024-02-12 20:18:56.265271,25,10,6
C0007469,P009,S0084,D0011,2024-02-17 05:34:48.011122,71,19,1
C0007470,P009,S0084,D0016,2024-02-13 14:26:43.549754,12,49,1
C0007471,P009,S0084,D0051,2024-02-21 11:09:25.988964,4,2,5
C0007472,P009,S0084,D0028,2024-02-19 19:12:13.273675,72,10,1
C0007473,P009,S0084,D0011,2024-02-10 14:30:14.077101,34,1,1
C0007474,P009,S0084,D0051,2024-02-11 00:53:22.400854,85,46,1
C0007475,P009,S0084,D0051,2024-02-16 16:26:51.568624,23,18,2
C0007476,P009,S0084,D0039,2024-02-20 03:44:43.014005,79,17,1
C0007477,P009,S0084,D0051,2024-02-13 14:14:09.592014,53,30,4
C0007478,P009,S0084,D0051,2024-02-21 05:43:03.372504,45,51,3
C0007479,P009,S0084,D0016,2024-02-11 04:02:04.787842,80,15,4
C0007480,P009,S0084,D0016,2024-02-12 21:58:57.403711,9,14,1
C0007481,P009,S0084,D0016,2024-02-12 18:29:10.611634,33,34,4
C0007482,P009,S0084,D0039,2024-02-22 03:10:22.706258,5,13,3
C0007483,P009,S0084,D0039,2024-02-09 18:47:13.000839,65,4,3
C0007484,P009,S0084,D0016,2024-02-21 04:53:37.372474,10,10,4
C0007485,P009,S0084,D0011,2024-02-21 22:18:34.995438,49,40,1
C0007486,P009,S0084,D0028,2024-02-16 07:32:12.610334,39,47,5
C0007487,P009,S0084,D0011,2024-02-11 01:59:06.631325,65,19,2
C0007488,P009,S0084,D0039,2024-02-11 02:32:03.031372,89,34,1
C0007489,P009,S0084,D0039,2024-02-14 23:20:04.612918,7,7,11
C0007490,P009,S0084,D0011,2024-02-19 02:42:51.839160,35,34,1
C0007491,P009,S0084,D0028,2024-02-12 10:29:48.051995,22,27,5
C0007492,P009,S0084,D0051,2024-02-15 13:00:02.260036,45,2,1
C0007493,P009,S0084,D0011,2024-02-22 10:38:54.698108,63,21,1
C0007494,P009,S0084,D0051,2024-02-19 06:48:32.855596,127,72,1
C0007495,P009,S0084,D0011,2024-02-16 19:46:20.054964,103,34,6
C0007496,P009,S0084,D0011,2024-02-15 13:07:21.631105,46,8,3
C0007497,P009,S0084,D0028,2024-02-12 07:53:47.888325,11,1,2
C0007498,P009,S0084,D0011,2024-02-11 22:34:49.374126,28,19,7
C0007499,P009,S0084,D0051,2024-02-15 15:27:23.087449,20,29,1
C0007500,P009,S0084,D0011,2024-02-12 07:01:30.234755,19,26,2
C0007501,P009,S0084,D0039,2024-02-11 14:37:15.486683,55,14,2
C0007502,P009,S0084,D0011,2024-02-16 15:51:14.494900,35,4,1
C0007503,P009,S0084,D0039,2024-02-11 10:18:11.367530,43,15,2
C0007504,P009,S0084,D0039,2024-02-14 13:11:35.357001,34,7,1
C0007505,P009,S0084,D0011,2024-02-17 12:47:24.829798,126,50,2
C0007506,P009,S0085,D0028,2024-02-24 21:46:35.821618,7,13,4
C0007507,P009,S0085,D0051,2024-02-25 07:50:42.125088,23,127,8
C0007508,P009,S0085,D0051,2024-02-28 18:34:12.142641,30,18,1
C0007509,P009,S0085,D0039,2024-02-29 23:51:20.967481,51,11,1
C0007510,P009,S0085,D0039,2024-03-06 23:14:32.413103,46,11,1
C0007511,P009,S0085,D0039,2024-02-29 08:48:52.296284,32,7,13
C0007512,P009,S0085,D0039,2024-02-29 10:30:18.370717,82,10,1
C0007513,P009,S0085,D0051,2024-02-29 11:36:38.076134,81,11,4
C0007514,P009,S0085,D0016,2024-03-04 09:17:39.578447,51,11,1
C0007515,P009,S0085,D0028,2024-03-01 03:34:06.026020,34,11,2
C0007516,P009,S0085,D0051,2024-02-26 18:43:24.203457,40,20,1
C0007517,P009,S0085,D0016,2024-03-05 05:31:37.590665,51,8,1
C0007518,P009,S0085,D0011,2024-03-05 02:13:23.716406,18,48,2
C0007519,P009,S0085,D0016,2024-03-06 15:07:50.460466,81,17,1
C0007520,P009,S0085,D0011,2024-02-25 17:52:40.285060,4,9,5
C0007521,P009,S0085,D0051,2024-02-28 09:16:22.285478,28,12,1
C0007522,P009,S0085,D0016,2024-03-03 17:33:07.927747,59,10,4
C0007523,P009,S0085,D0028,2024-03-02 13:26:56.218289,26,12,1
C0007524,P009,S0085,D0028,2024-02-24 07:59:25.796965,14,37,2
C0007525,P009,S0085,D0039,2024-03-04 08:43:53.872455,10,19,1
C0007526,P009,S0085,D0016,2024-03-05 13:52:34.295498,28,33,1
C0007527,P009,S0085,D0011,2024-03-05 02:19:39.194863,13,59,1
C0007528,P009,S0085,D0051,2024-02-26 06:15:20.342845,68,11,3
C0007529,P009,S0085,D0051,2024-02-25 21:54:43.638016,53,67,1
C0007530,P009,S0085,D0039,2024-02-26 17:29:52.721068,21,5,4
C0007531,P009,S0085,D0011,2024-02-28 09:44:52.881212,4,21,3
C0007532,P009,S0085,D0028,2024-03-02 14:41:10.627459,83,30,3
C0007533,P009,S0085,D0051,2024-03-07 12:20:06.499707,25,9,1
C0007534,P009,S0085,D0011,2024-02-25 03:49:18.216886,134,7,2
C0007535,P009,S0085,D0016,2024-03-04 05:54:12.796636,63,2,3
C0007536,P009,S0085,D0016,2024-02-28 17:20:24.847458,77,40,3
C0007537,P009,S0085,D0028,2024-02-28 10:16:13.846961,119,7,1
C0007538,P009,S0085,D0011,2024-03-02 18:05:19.953691,82,50,1
C0007539,P009,S0085,D0016,2024-03-04 15:25:20.335626,89,15,1
C0007540,P009,S0085,D0011,2024-03-06 22:20:55.697443,115,0,2
C0007541,P009,S0085,D0039,2024-02-23 06:30:10.423369,13,31,4
C0007542,P009,S0085,D0011,2024-03-02 00:34:46.570580,68,2,1
C0007543,P009,S0085,D0051,2024-03-05 08:45:27.576667,40,26,2
C0007544,P009,S0085,D0051,2024-02-26 03:14:44.030525,28,7,7
C0007545,P009,S0085,D0028,2024-02-26 19:50:57.057105,52,6,2
C0007546,P009,S0085,D0011,2024-02-23 05:42:21.073678,112,55,2
C0007547,P009,S0085,D0011,2024-02-28 14:01:33.521236,29,15,4
C0007548,P009,S0085,D0016,2024-02-28 18:40:09.055245,19,12,4
C0007549,P009,S0085,D0051,2024-02-29 15:48:53.879743,73,3,1
C0007550,P009,S0085,D0028,2024-03-06 21:18:21.512303,79,21,3
C0007551,P009,S0085,D0051,2024-02-25 14:45:07.928401,78,51,2
C0007552,P009,S0085,D0016,2024-03-01 10:38:44.513741,69,11,6
C0007553,P009,S0085,D0028,2024-02-25 08:11:32.310085,40,14,2
C0007554,P009,S0085,D0016,2024-02-24 04:19:59.681039,65,33,2
C0007555,P009,S0085,D0028,2024-02-26 15:36:55.622838,40,32,2
C0007556,P009,S0085,D0051,2024-02-27 14:39:09.416171,44,13,4
C0007557,P009,S0085,D0028,2024-03-04 17:08:19.187752,13,28,1
C0007558,P009,S0085,D0016,2024-03-05 09:48:03.586874,64,39,1
C0007559,P009,S0085,D0028,2024-02-24 05:16:30.466805,21,11,1
C0007560,P009,S0085,D0011,2024-02-29 21:45:37.607952,6,17,1
C0007561,P009,S0085,D0039,2024-02-27 02:29:47.611483,34,5,2
C0007562,P009,S0085,D0051,2024-02-27 07:38:18.863870,22,26,1
C0007563,P009,S0085,D0016,2024-02-27 02:11:18.652883,39,22,2
C0007564,P009,S0085,D0039,2024-02-29 09:25:14.388700,30,13,1
C0007565,P009,S0085,D0028,2024-03-02 11:47:34.013745,16,44,1
C0007566,P009,S0085,D0011,2024-03-01 20:22:52.589308,9,25,1
C0007567,P009,S0085,D0028,2024-02-24 19:35:11.024974,66,1,1
C0007568,P009,S0085,D0016,2024-03-02 04:24:50.047176,132,13,1
C0007569,P009,S0085,D0016,2024-02-26 06:43:03.587108,14,55,2
C0007570,P009,S0085,D0039,2024-02-25 21:32:56.809943,20,5,1
C0007571,P009,S0085,D0016,2024-03-01 18:06:51.116021,11,8,1
C0007572,P009,S0085,D0028,2024-02-25 03:35:40.301285,51,58,2
C0007573,P009,S0085,D0028,2024-02-26 06:51:15.859896,97,24,1
C0007574,P009,S0085,D0051,2024-02-24 14:39:33.370191,72,48,1
C0007575,P009,S0085,D0039,2024-03-02 09:07:23.432816,8,6,4
C0007576,P009,S0085,D0011,2024-02-24 14:25:26.042692,34,12,5
C0007577,P009,S0085,D0051,2024-03-07 08:56:30.028620,81,17,1
C0007578,P009,S0085,D0039,2024-03-03 20:00:05.971925,36,13,5
C0007579,P009,S0085,D0016,2024-03-06 09:02:13.467102,33,71,4
C0007580,P009,S0085,D0039,2024-02-27 12:52:45.355521,60,21,3
C0007581,P009,S0085,D0051,2024-02-27 18:41:05.792257,129,3,2
C0007582,P009,S0085,D0051,2024-03-01 02:48:33.354667,30,4,1
C0007583,P009,S0085,D0016,2024-02-29 01:55:58.700559,14,7,5
C0007584,P009,S0085,D0011,2024-02-29 14:13:45.076884,101,1,5
C0007585,P009,S0085,D0028,2024-02-25 08:28:58.225847,13,8,2
C0007586,P009,S0085,D0051,2024-02-28 12:00:14.529940,51,2,4
C0007587,P009,S0085,D0011,2024-02-24 08:24:53.456606,29,28,8
C0007588,P009,S0085,D0016,2024-03-02 04:06:29.545051,127,13,3
C0007589,P009,S0085,D0051,2024-02-26 23:30:21.421671,4,25,1
C0007590,P009,S0085,D0051,2024-02-27 00:26:10.360703,11,37,3
C0007591,P009,S0085,D0051,2024-03-01 11:51:41.338730,67,47,1
C0007592,P009,S0085,D0016,2024-03-01 07:24:21.664802,63,7,1
C0007593,P009,S0085,D0039,2024-03-03 00:38:07.704434,85,20,3
C0007594,P009,S0085,D0051,2024-02-25 05:57:22.113384,110,61,3
C0007595,P009,S0085,D0028,2024-03-05 11:30:46.120647,43,34,2
C0007596,P009,S0085,D0051,2024-03-05 12:29:25.618646,96,13,1
C0007597,P009,S0085,D0051,2024-03-04 12:46:31.347108,34,43,4
C0007598,P009,S0085,D0016,2024-03-04 04:29:45.465662,40,19,1
C0007599,P009,S0085,D0039,2024-03-06 06:09:36.479067,17,6,1
C0007600,P009,S0085,D0039,2024-03-02 14:52:54.504524,3,38,4
C0007601,P009,S0086,D0051,2024-03-10 12:47:02.376538,104,9,3
C0007602,P009,S0086,D0039,2024-03-19 04:16:23.608225,87,10,2
C0007603,P009,S0086,D0028,2024-03-11 15:45:51.249148,10,26,1
C0007604,P009,S0086,D0028,2024-03-20 11:59:38.352858,39,28,1
C0007605,P009,S0086,D0011,2024-03-10 11:43:49.434106,110,32,1
C0007606,P009,S0086,D0039,2024-03-12 09:14:28.653613,75,8,1
C0007607,P009,S0086,D0011,2024-03-18 20:41:48.062196,30,11,2
C0007608,P009,S0086,D0039,2024-03-18 16:56:50.670505,24,17,1
C0007609,P009,S0086,D0011,2024-03-18 15:03:26.205164,10,29,1
C0007610,P009,S0086,D0011,2024-03-19 15:15:55.422417,62,47,1
C0007611,P009,S0086,D0016,2024-03-16 19:15:35.628707,67,9,9
C0007612,P009,S0086,D0051,2024-03-16 10:19:39.955195,19,23,2
C0007613,P009,S0086,D0011,2024-03-11 11:02:26.881673,40,14,2
C0007614,P009,S0086,D0011,2024-03-12 03:11:34.952262,17,19,1
C0007615,P009,S0086,D0028,2024-03-12 02:46:54.179803,195,26,9
C0007616,P009,S0086,D0011,2024-03-13 06:39:58.148204,11,9,2
C0007617,P009,S0086,D0051,2024-03-13 10:46:58.930102,44,9,2
C0007618,P009,S0086,D0028,2024-03-08 21:38:50.606601,26,40,2
C0007619,P009,S0086,D0016,2024-03-11 08:36:59.304303,11,40,1
C0007620,P009,S0086,D0011,2024-03-12 11:03:46.934370,22,7,1
C0007621,P009,S0086,D0016,2024-03-09 20:42:54.041103,89,33,1
C0007622,P009,S0086,D0016,2024-03-10 15:22:52.469347,40,42,2
C0007623,P009,S0086,D0028,2024-03-16 19:03:01.067380,64,33,1
C0007624,P009,S0086,D0011,2024-03-16 23:21:59.802588,28,30,2
C0007625,P009,S0086,D0016,2024-03-13 21:30:54.439587,95,1,2
C0007626,P009,S0086,D0039,2024-03-11 19:31:45.077188,141,3,5
C0007627,P009,S0086,D0028,2024-03-09 07:51:19.127286,33,42,5
C0007628,P009,S0086,D0016,2024-03-18 01:44:09.151191,18,0,5
C0007629,P009,S0086,D0016,2024-03-17 22:53:32.759033,55,7,1
C0007630,P009,S0086,D0051,2024-03-17 00:54:57.311385,42,63,2
C0007631,P009,S0086,D0011,2024-03-11 18:33:14.987745,33,16,5
C0007632,P009,S0086,D0028,2024-03-16 14:03:58.601944,59,15,1
C0007633,P009,S0086,D0011,2024-03-18 07:24:10.958891,45,25,2
C0007634,P009,S0086,D0039,2024-03-10 01:53:53.594467,112,21,1
C0007635,P009,S0086,D0039,2024-03-11 06:02:12.306211,111,6,3
C0007636,P009,S0086,D0028,2024-03-09 10:18:31.329047,11,29,6
C0007637,P009,S0086,D0039,2024-03-09 21:54:27.343179,14,8,4
C0007638,P009,S0086,D0016,2024-03-17 06:15:45.909275,47,13,1
C0007639,P009,S0086,D0051,2024-03-20 03:44:07.049848,22,4,3
C0007640,P009,S0086,D0039,2024-03-09 14:26:40.141698,39,2,6
C0007641,P009,S0086,D0016,2024-03-20 07:21:05.759711,7,6,2
C0007642,P009,S0086,D0039,2024-03-12 00:11:26.570140,28,36,1
C0007643,P009,S0086,D0011,2024-03-15 02:15:56.719493,59,34,5
C0007644,P009,S0086,D0039,2024-03-18 05:42:35.661969,10,10,2
C0007645,P009,S0086,D0039,2024-03-08 07:49:43.474957,2,9,1
C0007646,P009,S0086,D0028,2024-03-12 20:23:55.439043,87,14,5
C0007647,P009,S0086,D0039,2024-03-18 10:47:37.370682,77,21,4
C0007648,P009,S0086,D0011,2024-03-11 15:11:20.874363,39,36,2
C0007649,P009,S0086,D0028,2024-03-14 06:23:33.773066,19,1,2
C0007650,P009,S0086,D0011,2024-03-11 12:02:05.421076,88,5,6
C0007651,P009,S0086,D0011,2024-03-20 23:46:38.905723,39,36,4
C0007652,P009,S0086,D0011,2024-03-15 02:49:41.555391,67,22,4
C0007653,P009,S0086,D0051,2024-03-13 03:51:03.962821,135,38,8
C0007654,P009,S0086,D0051,2024-03-19 22:56:14.221750,49,6,1
C0007655,P009,S0086,D0039,2024-03-15 21:11:43.334254,15,22,4
C0007656,P009,S0086,D0039,2024-03-20 19:10:32.801746,54,11,6
C0007657,P009,S0086,D0011,2024-03-16 04:21:33.494694,111,5,2
C0007658,P009,S0086,D0039,2024-03-13 04:37:58.423891,11,4,2
C0007659,P009,S0086,D0016,2024-03-15 11:36:52.900953,135,30,1
C0007660,P009,S0086,D0016,2024-03-17 11:06:38.379938,29,19,13
C0007661,P009,S0086,D0016,2024-03-14 15:04:35.795797,49,12,1
C0007662,P009,S0086,D0016,2024-03-19 01:26:56.964201,51,70,10
C0007663,P009,S0086,D0016,2024-03-15 11:11:17.038156,16,22,1
C0007664,P009,S0087,D0028,2024-03-30 22:48:41.139664,-1,39,5
C0007665,P009,S0087,D0051,2024-04-02 11:38:49.170016,58,35,1
C0007666,P009,S0087,D0016,2024-03-25 20:30:32.274767,86,18,3
C0007667,P009,S0087,D0051,2024-03-28 23:44:19.634521,14,17,4
C0007668,P009,S0087,D0016,2024-03-26 09:50:44.801334,83,11,6
C0007669,P009,S0087,D0051,2024-03-27 05:59:59.092129,30,33,1
C0007670,P009,S0087,D0051,2024-03-24 17:21:48.823469,53,20,2
C0007671,P009,S0087,D0016,2024-03-23 21:03:44.624012,45,74,4
C0007672,P009,S0087,D0028,2024-04-02 05:42:35.815884,75,7,1
C0007673,P009,S0087,D0051,2024-04-02 03:32:40.958298,19,7,3
C0007674,P009,S0087,D0051,2024-03-29 18:35:39.766425,34,53,2
C0007675,P009,S0087,D0039,2024-03-23 00:21:25.935420,28,38,5
C0007676,P009,S0087,D0011,2024-03-26 19:53:30.602821,28,27,2
C0007677,P009,S0087,D0028,2024-03-25 02:20:10.742428,22,20,2
C0007678,P009,S0087,D0028,2024-03-27 06:05:56.652733,35,8,1
C0007679,P009,S0087,D0051,2024-03-23 23:00:59.590038,20,5,3
C0007680,P009,S0087,D0016,2024-03-29 21:19:21.760138,4,32,1
C0007681,P009,S0087,D0016,2024-04-01 19:32:07.515610,83,22,5
C0007682,P009,S0087,D0011,2024-03-28 12:05:00.011444,43,36,6
C0007683,P009,S0087,D0039,2024-04-03 13:19:49.502366,6,19,9
C0007684,P009,S0087,D0016,2024-03-23 11:35:24.730681,31,18,1
C0007685,P009,S0087,D0028,2024-04-01 22:02:43.005665,73,20,1
C0007686,P009,S0087,D0016,2024-04-03 21:58:32.306683,81,80,2
C0007687,P009,S0087,D0011,2024-03-25 11:33:44.457596,56,33,1
C0007688,P009,S0087,D0016,2024-03-24 13:03:33.269076,43,3,2
C0007689,P009,S0087,D0011,2024-03-24 17:04:11.730617,15,2,2
C0007690,P009,S0087,D0016,2024-03-24 16:57:21.978376,121,2,10
C0007691,P009,S0087,D0051,2024-04-04 16:37:23.446607,64,30,2
C0007692,P009,S0087,D0016,2024-03-27 12:34:09.885376,70,41,2
C0007693,P009,S0087,D0016,2024-04-03 22:03:10.794777,17,52,1
C0007694,P009,S0087,D0011,2024-03-27 09:46:41.845750,50,13,1
C0007695,P009,S0087,D0011,2024-04-01 00:59:14.425752,14,88,1
C0007696,P009,S0087,D0016,2024-03-23 22:05:19.521474,17,14,3
C0007697,P009,S0087,D0051,2024-03-31 11:17:42.451471,42,22,4
C0007698,P009,S0087,D0039,2024-03-25 15:52:53.381345,12,42,1
C0007699,P009,S0087,D0016,2024-03-26 12:53:07.012761,24,10,5
C0007700,P009,S0087,D0039,2024-03-31 15:04:26.826469,184,62,3
C0007701,P009,S0087,D0011,2024-04-02 23:58:13.840356,25,53,1
C0007702,P009,S0087,D0039,2024-03-28 23:05:03.878192,107,63,4
C0007703,P009,S0087,D0011,2024-03-28 02:28:57.832902,46,6,1
C0007704,P009,S0087,D0039,2024-04-04 05:30:45.550137,33,16,1
C0007705,P009,S0087,D0011,2024-04-04 04:48:06.717476,55,20,1
C0007706,P009,S0087,D0011,2024-03-25 21:13:50.588496,33,9,5
C0007707,P009,S0087,D0011,2024-03-31 18:45:35.362855,71,11,4
C0007708,P009,S0087,D0011,2024-03-25 07:23:50.841768,26,65,4
C0007709,P009,S0087,D0028,2024-03-29 03:11:52.727532,55,14,1
C0007710,P009,S0087,D0011,2024-04-04 12:17:22.529249,186,20,1
C0007711,P009,S0087,D0051,2024-03-25 09:40:47.617793,36,23,1
C0007712,P009,S0087,D0016,2024-03-29 04:07:50.214722,41,96,3
C0007713,P009,S0087,D0051,2024-03-24 22:45:52.441570,33,5,4
C0007714,P009,S0087,D0028,2024-03-24 17:01:21.678956,52,14,1
C0007715,P009,S0087,D0016,2024-04-02 06:56:53.903551,24,3,1
C0007716,P009,S0087,D0011,2024-03-28 12:22:26.620472,7,17,2
C0007717,P009,S0087,D0011,2024-03-27 18:37:33.132736,41,54,1
C0007718,P009,S0087,D0051,2024-03-27 13:00:45.171595,74,6,7
C0007719,P009,S0087,D0011,2024-03-25 23:50:32.306163,13,54,1
C0007720,P009,S0087,D0011,2024-03-31 17:03:01.808944,118,21,5
C0007721,P009,S0087,D0011,2024-04-03 10:19:10.554500,25,14,5
C0007722,P009,S0087,D0051,2024-03-26 15:41:55.721002,23,6,7
C0007723,P009,S0087,D0028,2024-03-31 13:20:52.869005,77,4,3
C0007724,P009,S0087,D0016,2024-04-01 14:08:51.531557,13,40,5
C0007725,P009,S0087,D0016,2024-03-27 19:58:59.974803,16,23,3
C0007726,P009,S0087,D0051,2024-03-29 02:51:04.898127,16,25,2
C0007727,P009,S0087,D0016,2024-03-25 22:28:26.922218,62,23,1
C0007728,P009,S0088,D0011,2024-04-09 10:51:04.702970,24,21,1
C0007729,P009,S0088,D0011,2024-04-15 20:21:16.740486,46,32,9
C0007730,P009,S0088,D0051,2024-04-07 22:18:50.824948,108,27,4
C0007731,P009,S0088,D0051,2024-04-10 20:27:45.577855,68,6,3
C0007732,P009,S0088,D0016,2024-04-08 14:11:53.387026,46,11,2
C0007733,P009,S0088,D0051,2024-04-10 18:45:29.150493,55,18,1
C0007734,P009,S0088,D0011,2024-04-10 20:39:54.598111,44,29,3
C0007735,P009,S0088,D0051,2024-04-08 23:08:12.060332,38,17,2
C0007736,P009,S0088,D0051,2024-04-06 22:27:13.890398,20,15,3
C0007737,P009,S0088,D0011,2024-04-09 21:42:51.155020,72,38,3
C0007738,P009,S0088,D0016,2024-04-08 06:01:09.019600,29,22,2
C0007739,P009,S0088,D0051,2024-04-12 01:22:42.798557,15,27,1
C0007740,P009,S0088,D0016,2024-04-17 02:17:22.599364,18,46,1
C0007741,P009,S0088,D0051,2024-04-14 01:19:42.151118,33,7,10
C0007742,P009,S0088,D0039,2024-04-13 10:37:09.521103,131,25,1
C0007743,P009,S0088,D0051,2024-04-13 09:20:15.352796,13,7,1
C0007744,P009,S0088,D0011,2024-04-15 10:27:51.979529,30,5,3
C0007745,P009,S0088,D0051,2024-04-10 11:28:41.216333,28,1,3
C0007746,P009,S0088,D0016,2024-04-08 23:32:15.563691,100,31,7
C0007747,P009,S0088,D0028,2024-04-18 02:17:08.798180,13,5,1
C0007748,P009,S0088,D0051,2024-04-06 03:45:33.398450,29,9,4
C0007749,P009,S0088,D0039,2024-04-07 12:41:46.560641,67,11,15
C0007750,P009,S0088,D0028,2024-04-06 00:16:14.401052,50,16,3
C0007751,P009,S0088,D0016,2024-04-13 01:19:40.828333,71,8,1
C0007752,P009,S0088,D0051,2024-04-06 17:19:23.222744,60,26,1
C0007753,P009,S0088,D0011,2024-04-09 19:27:13.249740,66,32,1
C0007754,P009,S0088,D0051,2024-04-12 11:22:38.891969,29,13,5
C0007755,P009,S0088,D0039,2024-04-07 16:52:26.666127,75,14,4
C0007756,P009,S0088,D0039,2024-04-13 17:09:31.202566,139,27,4
C0007757,P009,S0088,D0051,2024-04-11 15:08:39.643815,52,4,1
C0007758,P009,S0088,D0051,2024-04-14 02:55:42.176580,89,26,4
C0007759,P009,S0088,D0011,2024-04-07 18:32:14.385927,49,36,4
C0007760,P009,S0088,D0011,2024-04-10 15:52:38.376478,113,15,4
C0007761,P009,S0088,D0039,2024-04-09 04:10:05.924513,54,13,1
C0007762,P009,S0088,D0016,2024-04-14 09:47:45.326562,56,98,3
C0007763,P009,S0088,D0011,2024-04-13 07:36:44.687976,14,5,10
C0007764,P009,S0088,D0028,2024-04-17 05:45:34.748663,38,26,2
C0007765,P009,S0088,D0051,2024-04-17 23:33:05.756058,108,16,1
C0007766,P009,S0088,D0039,2024-04-17 05:13:19.685017,30,9,1
C0007767,P009,S0088,D0039,2024-04-18 00:09:34.498733,14,15,1
C0007768,P009,S0088,D0011,2024-04-10 07:57:37.557893,60,11,4
C0007769,P009,S0088,D0051,2024-04-15 14:52:48.357990,43,8,2
C0007770,P009,S0088,D0051,2024-04-16 16:50:05.422889,5,25,1
C0007771,P009,S0088,D0028,2024-04-11 12:18:05.879919,9,13,1
C0007772,P009,S0088,D0039,2024-04-12 06:59:53.854390,42,27,1
C0007773,P009,S0088,D0011,2024-04-16 06:11:20.512176,14,25,3
C0007774,P009,S0088,D0016,2024-04-08 11:02:49.121557,102,28,1
C0007775,P009,S0088,D0016,2024-04-07 20:57:41.394175,17,15,1
C0007776,P009,S0088,D0011,2024-04-12 14:52:40.172046,90,45,1
C0007777,P009,S0088,D0011,2024-04-17 03:49:23.668895,36,7,1
C0007778,P009,S0088,D0011,2024-04-16 05:17:46.136655,55,4,4
C0007779,P009,S0088,D0039,2024-04-08 02:09:48.793360,57,10,1
C0007780,P009,S0088,D0028,2024-04-06 07:36:52.909794,24,14,6
C0007781,P009,S0088,D0051,2024-04-12 21:29:57.926209,70,12,2
C0007782,P009,S0088,D0016,2024-04-15 17:57:29.150528,179,23,1
C0007783,P009,S0088,D0011,2024-04-12 10:14:32.001900,147,2,1
C0007784,P009,S0088,D0039,2024-04-10 14:58:38.239526,98,8,3
C0007785,P009,S0088,D0039,2024-04-09 20:47:32.770054,63,11,1
C0007786,P009,S0088,D0011,2024-04-14 04:51:35.758154,36,17,1
C0007787,P009,S0088,D0039,2024-04-13 17:49:48.603988,29,12,4
C0007788,P009,S0088,D0028,2024-04-10 05:10:46.382050,17,22,7
C0007789,P009,S0088,D0016,2024-04-06 16:04:17.295644,42,43,2
C0007790,P009,S0088,D0011,2024-04-09 23:22:57.711876,64,23,2
C0007791,P009,S0089,D0011,2024-04-20 10:45:17.725414,36,25,3
C0007792,P009,S0089,D0016,2024-04-25 20:47:43.567783,51,74,1
C0007793,P009,S0089,D0039,2024-04-20 02:22:41.051756,243,13,1
C0007794,P009,S0089,D0051,2024-04-23 03:10:59.522551,22,35,2
C0007795,P009,S0089,D0028,2024-05-01 03:46:58.752676,28,3,1
C0007796,P009,S0089,D0028,2024-04-27 01:42:12.426714,15,8,4
C0007797,P009,S0089,D0016,2024-04-19 15:50:15.096896,55,29,1
C0007798,P009,S0089,D0016,2024-04-27 19:09:22.875542,47,47,1
C0007799,P009,S0089,D0051,2024-04-29 07:50:18.269518,11,57,1
C0007800,P009,S0089,D0011,2024-04-22 11:37:05.700580,76,14,1
C0007801,P009,S0089,D0039,2024-04-28 18:35:35.661911,18,15,3
C0007802,P009,S0089,D0051,2024-04-20 07:55:20.629089,43,6,1
C0007803,P009,S0089,D0028,2024-04-23 17:10:52.712703,31,4,1
C0007804,P009,S0089,D0028,2024-04-28 12:56:04.402497,49,35,2
C0007805,P009,S0089,D0011,2024-04-20 06:56:47.945105,77,22,1
C0007806,P009,S0089,D0051,2024-04-27 23:32:06.315340,23,17,1
C0007807,P009,S0089,D0011,2024-04-30 23:54:17.314586,41,31,1
C0007808,P009,S0089,D0016,2024-04-20 18:54:57.595759,65,16,1
C0007809,P009,S0089,D0051,2024-05-01 06:25:05.929776,27,14,1
C0007810,P009,S0089,D0039,2024-04-30 20:07:31.068285,37,23,6
C0007811,P009,S0089,D0051,2024-05-01 11:36:27.074549,25,22,6
C0007812,P009,S0089,D0028,2024-04-27 07:41:56.425463,10,2,1
C0007813,P009,S0089,D0039,2024-04-22 13:28:30.896770,50,8,2
C0007814,P009,S0089,D0051,2024-04-22 20:19:01.108497,8,22,4
C0007815,P009,S0089,D0011,2024-04-21 18:01:47.886540,43,8,4
C0007816,P009,S0089,D0016,2024-04-29 22:15:06.061746,9,28,1
C0007817,P009,S0089,D0051,2024-05-01 21:22:27.249997,42,10,2
C0007818,P009,S0089,D0051,2024-04-26 00:27:07.378455,12,17,10
C0007819,P009,S0089,D0051,2024-04-28 01:52:30.650761,93,18,5
C0007820,P009,S0089,D0039,2024-04-21 22:30:46.159930,68,22,1
C0007821,P009,S0089,D0016,2024-04-28 08:32:22.635710,19,0,1
C0007822,P009,S0089,D0016,2024-04-25 16:07:35.249509,91,19,1
C0007823,P009,S0089,D0011,2024-04-28 00:45:58.245823,33,38,1
C0007824,P009,S0089,D0039,2024-04-21 07:01:14.715603,28,75,6
C0007825,P009,S0089,D0016,2024-04-28 04:03:06.854840,142,64,1
C0007826,P009,S0089,D0016,2024-04-27 03:22:43.985088,34,7,3
C0007827,P009,S0089,D0039,2024-05-02 15:01:30.578121,77,15,5
C0007828,P009,S0089,D0016,2024-04-28 15:08:34.374843,36,6,1
C0007829,P009,S0089,D0016,2024-04-22 04:57:17.694223,69,34,1
C0007830,P009,S0089,D0051,2024-04-22 06:39:28.467636,7,35,1
C0007831,P009,S0089,D0016,2024-04-21 08:15:55.005274,85,14,1
C0007832,P009,S0089,D0016,2024-04-21 01:17:06.495149,42,18,1
C0007833,P009,S0089,D0051,2024-04-26 16:34:44.036968,36,7,3
C0007834,P009,S0089,D0016,2024-04-29 01:40:32.060696,13,22,2
C0007835,P009,S0089,D0051,2024-04-22 09:11:28.986761,92,10,3
C0007836,P009,S0089,D0011,2024-04-26 15:08:30.575281,89,10,1
C0007837,P009,S0089,D0028,2024-05-01 19:07:28.126838,81,22,4
C0007838,P009,S0089,D0016,2024-04-29 04:51:48.488321,23,20,1
C0007839,P009,S0089,D0051,2024-04-26 08:50:26.090042,94,20,1
C0007840,P009,S0089,D0016,2024-04-21 19:52:50.998647,45,8,1
C0007841,P009,S0089,D0051,2024-04-22 08:13:36.279949,42,9,3
C0007842,P009,S0089,D0039,2024-04-22 10:35:23.649129,48,42,1
C0007843,P009,S0089,D0028,2024-05-01 18:27:40.683058,28,46,1
C0007844,P009,S0089,D0011,2024-04-21 07:09:57.170822,134,15,9
C0007845,P009,S0089,D0016,2024-04-22 13:05:32.310837,39,32,3
C0007846,P009,S0089,D0016,2024-04-24 18:48:05.275194,46,8,2
C0007847,P009,S0089,D0011,2024-04-27 18:01:20.676808,111,19,5
C0007848,P009,S0089,D0051,2024-04-24 04:45:20.805795,28,23,1
C0007849,P009,S0089,D0011,2024-05-01 03:37:36.651014,37,60,1
C0007850,P009,S0089,D0051,2024-04-26 11:53:42.228309,35,2,3
C0007851,P009,S0089,D0051,2024-04-20 08:36:48.114535,15,56,1
C0007852,P009,S0089,D0028,2024-04-24 20:33:17.628919,141,30,2
C0007853,P009,S0089,D0028,2024-04-29 06:44:34.305219,55,11,4
C0007854,P009,S0089,D0011,2024-05-02 15:55:55.140311,16,25,2
C0007855,P009,S0089,D0011,2024-04-23 15:52:32.248773,20,11,1
C0007856,P009,S0089,D0028,2024-04-25 15:14:29.265615,85,37,6
C0007857,P009,S0089,D0016,2024-04-27 03:51:46.730860,16,10,4
C0007858,P009,S0089,D0039,2024-04-23 13:59:11.769776,99,18,1
C0007859,P009,S0089,D0039,2024-04-24 17:34:00.997509,86,80,1
C0007860,P009,S0089,D0028,2024-04-25 08:16:10.193886,22,55,1
C0007861,P009,S0089,D0039,2024-04-26 04:00:41.323383,4,24,2
C0007862,P009,S0089,D0028,2024-04-21 12:32:53.555082,108,29,8
C0007863,P009,S0089,D0011,2024-05-01 13:42:47.985878,40,6,1
C0007864,P009,S0089,D0028,2024-04-21 04:47:12.026469,51,10,1
C0007865,P009,S0089,D0028,2024-04-21 09:20:28.198126,51,41,1
C0007866,P009,S0089,D0016,2024-04-19 08:10:22.971740,8,33,3
C0007867,P009,S0089,D0051,2024-04-30 17:26:57.484219,74,25,3
C0007868,P009,S0089,D0011,2024-04-26 13:36:58.441311,24,9,5
C0007869,P009,S0089,D0011,2024-04-22 10:32:17.564173,41,41,1
C0007870,P009,S0089,D0011,2024-04-21 19:41:23.080132,67,17,1
C0007871,P009,S0089,D0028,2024-05-02 06:50:13.140379,30,57,2
C0007872,P009,S0089,D0051,2024-04-21 00:59:03.259033,148,39,1
C0007873,P009,S0090,D0028,2024-05-10 09:20:40.556279,17,28,1
C0007874,P009,S0090,D0051,2024-05-09 05:18:51.768513,79,18,3
C0007875,P009,S0090,D0028,2024-05-03 10:08:37.678194,7,3,1
C0007876,P009,S0090,D0051,2024-05-06 10:07:01.201322,6,56,1
C0007877,P009,S0090,D0039,2024-05-14 04:02:08.428940,81,21,1
C0007878,P009,S0090,D0039,2024-05-13 01:50:12.386053,42,20,1
C0007879,P009,S0090,D0051,2024-05-05 14:38:46.094915,11,22,1
C0007880,P009,S0090,D0051,2024-05-04 00:45:40.173302,16,5,1
C0007881,P009,S0090,D0051,2024-05-09 04:39:35.033380,29,15,3
C0007882,P009,S0090,D0011,2024-05-08 18:37:35.903246,64,36,1
C0007883,P009,S0090,D0016,2024-05-03 16:49:26.803612,-1,11,9
C0007884,P009,S0090,D0051,2024-05-09 09:46:18.916454,83,30,1
C0007885,P009,S0090,D0028,2024-05-15 10:00:06.465698,54,32,1
C0007886,P009,S0090,D0011,2024-05-10 09:17:50.844532,23,8,2
C0007887,P009,S0090,D0016,2024-05-04 15:52:18.036758,47,10,1
C0007888,P009,S0090,D0011,2024-05-13 08:09:31.322602,56,22,1
C0007889,P009,S0090,D0028,2024-05-07 13:05:44.576991,7,61,2
C0007890,P009,S0090,D0011,2024-05-14 21:50:54.222789,150,9,1
C0007891,P009,S0090,D0016,2024-05-16 02:54:46.810098,61,16,2
C0007892,P009,S0090,D0011,2024-05-04 05:53:27.922243,149,16,1
C0007893,P009,S0090,D0051,2024-05-14 13:47:41.174893,62,15,1
C0007894,P009,S0090,D0016,2024-05-06 13:06:39.281886,55,33,2
C0007895,P009,S0090,D0039,2024-05-16 13:50:27.825154,11,5,3
C0007896,P009,S0090,D0051,2024-05-04 02:42:01.370215,15,55,1
C0007897,P009,S0090,D0016,2024-05-05 09:24:02.095292,28,22,2
C0007898,P009,S0090,D0028,2024-05-05 11:16:02.096872,12,60,6
C0007899,P009,S0090,D0051,2024-05-11 15:14:54.331128,25,28,10
C0007900,P009,S0090,D0011,2024-05-03 11:02:37.282500,60,6,3
C0007901,P009,S0090,D0039,2024-05-09 08:31:31.723089,13,12,1
C0007902,P009,S0090,D0016,2024-05-10 17:52:10.049140,86,50,3
C0007903,P009,S0090,D0051,2024-05-14 17:54:13.895475,42,24,2
C0007904,P009,S0090,D0051,2024-05-08 21:41:25.193286,68,6,3
C0007905,P009,S0090,D0011,2024-05-13 23:05:45.412859,22,46,5
C0007906,P009,S0090,D0051,2024-05-04 10:49:17.899104,35,106,3
C0007907,P009,S0090,D0051,2024-05-05 09:38:43.696730,75,4,2
C0007908,P009,S0090,D0011,2024-05-11 18:52:22.752700,68,31,3
C0007909,P009,S0090,D0011,2024-05-14 22:26:48.478987,165,6,1
C0007910,P009,S0090,D0039,2024-05-14 13:25:17.250838,56,19,1
C0007911,P009,S0090,D0011,2024-05-10 22:03:43.733625,98,26,1
C0007912,P009,S0090,D0011,2024-05-07 06:16:58.509047,69,3,4
C0007913,P009,S0090,D0039,2024-05-08 08:53:33.918009,87,7,6
C0007914,P009,S0090,D0016,2024-05-16 06:22:07.882100,62,43,1
C0007915,P009,S0090,D0011,2024-05-10 20:01:12.983310,115,96,2
C0007916,P009,S0090,D0039,2024-05-08 07:00:10.712184,6,20,1
C0007917,P009,S0090,D0039,2024-05-10 20:37:17.881205,60,1,2
C0007918,P009,S0090,D0039,2024-05-09 18:20:40.033139,21,29,3
C0007919,P009,S0090,D0028,2024-05-14 11:12:42.271307,63,85,2
C0007920,P009,S0090,D0028,2024-05-08 00:41:29.842242,49,9,1
C0007921,P009,S0090,D0051,2024-05-12 18:17:05.755449,21,26,2
C0007922,P009,S0090,D0039,2024-05-08 10:44:34.183895,88,2,1
C0007923,P009,S0090,D0039,2024-05-08 09:16:38.263356,58,39,1
C0007924,P009,S0090,D0039,2024-05-16 13:06:52.395910,175,5,7
C0007925,P009,S0090,D0011,2024-05-09 22:17:56.798376,1,6,1
C0007926,P009,S0090,D0039,2024-05-11 00:41:51.617382,26,24,7
C0007927,P009,S0090,D0016,2024-05-07 21:00:13.449222,81,15,1
C0007928,P009,S0090,D0051,2024-05-09 06:14:11.712815,36,44,2
C0007929,P009,S0090,D0039,2024-05-05 01:22:04.023926,29,22,1
C0007930,P009,S0090,D0039,2024-05-15 18:20:25.802700,109,41,5
C0007931,P009,S0090,D0028,2024-05-10 04:20:43.543145,30,16,2
C0007932,P009,S0090,D0011,2024-05-08 21:34:54.873207,19,32,1
C0007933,P009,S0090,D0028,2024-05-07 08:38:06.349205,53,32,1
C0007934,P009,S0090,D0028,2024-05-15 23:01:16.137410,11,23,1
C0007935,P009,S0090,D0016,2024-05-06 13:50:19.841972,111,73,5
C0007936,P009,S0090,D0016,2024-05-07 21:01:02.759294,48,9,4
C0007937,P009,S0090,D0016,2024-05-12 07:45:39.367321,24,27,3
C0007938,P009,S0090,D0011,2024-05-09 16:42:59.612389,30,26,4
C0007939,P009,S0090,D0028,2024-05-11 10:24:21.434371,24,20,4
C0007940,P009,S0090,D0016,2024-05-12 12:17:41.874512,11,4,4
C0007941,P009,S0090,D0051,2024-05-09 07:49:47.360519,13,25,4
C0007942,P009,S0090,D0016,2024-05-04 14:03:50.994410,59,27,2
C0007943,P009,S0090,D0028,2024-05-15 11:18:02.604665,24,2,2
C0007944,P009,S0090,D0016,2024-05-14 23:23:03.809336,15,39,4
C0007945,P009,S0090,D0011,2024-05-08 14:22:42.613776,45,5,1
C0007946,P009,S0090,D0051,2024-05-06 22:34:56.165441,52,8,10
C0007947,P009,S0090,D0016,2024-05-06 08:50:10.888858,33,28,1
C0007948,P009,S0090,D0011,2024-05-15 22:26:34.090434,60,25,2
C0007949,P009,S0090,D0016,2024-05-16 01:03:58.597139,103,2,1
C0007950,P009,S0090,D0039,2024-05-14 23:44:33.359595,33,8,1
C0007951,P009,S0090,D0028,2024-05-16 04:33:05.554868,24,25,4
C0007952,P009,S0090,D0051,2024-05-03 03:35:35.929655,24,7,1
C0007953,P009,S0090,D0051,2024-05-12 09:06:03.448013,36,83,1
C0007954,P009,S0090,D0028,2024-05-10 21:09:23.930358,25,19,1
C0007955,P009,S0090,D0028,2024-05-06 04:49:03.514723,24,9,2
C0007956,P009,S0090,D0039,2024-05-09 21:32:37.820169,38,18,3
C0007957,P009,S0090,D0051,2024-05-03 20:21:27.567844,30,24,1
C0007958,P009,S0090,D0039,2024-05-03 14:03:58.684037,110,30,1
C0007959,P009,S0090,D0051,2024-05-11 23:33:54.815619,47,1,1
C0007960,P009,S0090,D0028,2024-05-15 13:08:39.438424,50,67,8
C0007961,P009,S0090,D0039,2024-05-08 02:06:47.732498,59,22,5
C0007962,P009,S0090,D0051,2024-05-12 13:52:45.714816,41,5,2
C0007963,P009,S0090,D0028,2024-05-16 16:18:56.362858,36,48,7
C0007964,P009,S0090,D0011,2024-05-03 22:08:53.971236,42,39,1
C0007965,P009,S0090,D0039,2024-05-14 19:04:49.829495,114,21,11
C0007966,P009,S0090,D0011,2024-05-05 21:05:18.093743,19,20,1
C0007967,P009,S0090,D0051,2024-05-07 17:59:02.023286,46,26,1
C0007968,P009,S0090,D0011,2024-05-10 08:42:20.268569,49,10,1
C0007969,P009,S0090,D0016,2024-05-11 18:29:49.699070,-1,8,3
C0007970,P009,S0090,D0011,2024-05-15 08:18:17.382615,9,12,2
C0007971,P009,S0090,D0051,2024-05-04 15:04:01.785629,45,51,1
C0007972,P009,S0090,D0016,2024-05-13 03:18:05.766424,61,19,5
C0007973,P009,S0090,D0039,2024-05-11 10:47:08.888353,6,17,2
C0007974,P009,S0090,D0016,2024-05-12 09:34:30.517603,16,15,5
C0007975,P009,S0090,D0011,2024-05-05 20:18:33.280206,9,23,3
C0007976,P009,S0090,D0011,2024-05-10 09:52:00.036806,16,20,3
C0007977,P009,S0090,D0051,2024-05-14 17:49:55.302455,90,10,1
C0007978,P009,S0090,D0039,2024-05-03 23:57:09.105542,83,17,4
C0007979,P009,S0090,D0039,2024-05-12 07:14:55.278648,76,5,1
C0007980,P009,S0090,D0028,2024-05-09 08:15:14.284014,71,14,6
C0007981,P009,S0090,D0051,2024-05-06 06:27:02.260254,41,33,4
C0007982,P009,S0090,D0039,2024-05-14 12:43:38.277475,-1,9,4
C0007983,P009,S0090,D0039,2024-05-14 00:19:52.460088,20,32,2
C0007984,P009,S0090,D0028,2024-05-05 07:18:38.700605,28,15,1
C0007985,P009,S0090,D0051,2024-05-13 18:13:58.115536,44,59,1
C0007986,P009,S0090,D0011,2024-05-14 15:28:34.722686,29,20,2
C0007987,P009,S0090,D0016,2024-05-05 02:52:35.430519,35,7,1
C0007988,P009,S0090,D0028,2024-05-09 22:33:28.034941,16,56,5
C0007989,P009,S0090,D0039,2024-05-16 03:29:18.068209,40,16,1
C0007990,P009,S0090,D0011,2024-05-09 17:52:30.175686,80,36,1
C0007991,P009,S0090,D0028,2024-05-05 13:39:53.959898,18,4,2
C0007992,P009,S0090,D0028,2024-05-12 00:45:48.736759,102,53,2
C0007993,P009,S0090,D0016,2024-05-05 16:36:51.843590,18,12,5
C0007994,P009,S0090,D0039,2024-05-14 02:07:48.604232,43,17,1
C0007995,P009,S0090,D0011,2024-05-07 04:57:16.285725,43,21,2
C0007996,P009,S0090,D0016,2024-05-07 22:51:03.162102,67,23,4
C0007997,P009,S0090,D0051,2024-05-09 07:35:06.808886,36,11,9
C0007998,P009,S0090,D0016,2024-05-03 09:05:21.017002,83,12,1
C0007999,P009,S0090,D0028,2024-05-14 06:56:07.507942,14,9,1
C0008000,P009,S0090,D0051,2024-05-08 16:04:26.454797,14,7,4
C0008001,P009,S0090,D0028,2024-05-14 06:29:09.713695,119,21,1
C0008002,P009,S0090,D0039,2024-05-14 21:49:06.589017,19,13,1
C0008003,P009,S0090,D0051,2024-05-14 15:10:15.787819,8,8,4
C0008004,P009,S0090,D0011,2024-05-04 09:20:10.138962,35,26,2
C0008005,P009,S0090,D0039,2024-05-13 21:26:25.896092,35,13,2
C0008006,P010,S0091,D0040,2023-12-09 11:02:53.120174,164,32,2
C0008007,P010,S0091,D0045,2023-12-08 12:33:58.864026,48,15,2
C0008008,P010,S0091,D0053,2023-12-08 16:42:10.917079,8,5,4
C0008009,P010,S0091,D0036,2023-12-02 10:52:51.555762,18,37,3
C0008010,P010,S0091,D0040,2023-12-06 20:02:47.183090,33,20,1
C0008011,P010,S0091,D0010,2023-12-10 01:52:09.737669,42,15,1
C0008012,P010,S0091,D0045,2023-12-08 08:04:39.205112,40,5,1
C0008013,P010,S0091,D0040,2023-12-01 07:06:44.494081,31,41,1
C0008014,P010,S0091,D0040,2023-12-11 16:09:40.217346,40,26,2
C0008015,P010,S0091,D0040,2023-12-12 17:44:49.994707,55,2,6
C0008016,P010,S0091,D0036,2023-12-09 14:40:17.882146,39,26,1
C0008017,P010,S0091,D0036,2023-12-06 10:37:29.418093,20,17,3
C0008018,P010,S0091,D0041,2023-12-10 09:40:52.608894,70,18,2
C0008019,P010,S0091,D0036,2023-12-05 17:16:59.716689,19,3,1
C0008020,P010,S0091,D0001,2023-12-11 00:41:34.070220,6,6,3
C0008021,P010,S0091,D0001,2023-12-07 01:44:16.283618,53,14,1
C0008022,P010,S0091,D0053,2023-12-11 11:37:32.747102,65,13,2
C0008023,P010,S0091,D0053,2023-12-12 13:38:18.767473,25,5,2
C0008024,P010,S0091,D0010,2023-12-04 10:35:20.735798,43,14,2
C0008025,P010,S0091,D0046,2023-12-03 18:10:46.542326,76,11,2
C0008026,P010,S0091,D0001,2023-12-02 00:02:13.971442,40,35,4
C0008027,P010,S0091,D0040,2023-12-12 10:42:29.297902,40,1,1
C0008028,P010,S0091,D0045,2023-12-08 00:56:55.649933,53,15,1
C0008029,P010,S0091,D0001,2023-12-02 08:45:34.140638,12,22,4
C0008030,P010,S0091,D0046,2023-12-01 09:14:47.747588,11,2,1
C0008031,P010,S0091,D0046,2023-12-07 00:38:02.834068,84,11,2
C0008032,P010,S0091,D0046,2023-12-06 16:02:30.180615,162,22,2
C0008033,P010,S0091,D0040,2023-12-08 22:39:38.407538,95,16,1
C0008034,P010,S0091,D0041,2023-12-04 20:08:31.884191,43,13,1
C0008035,P010,S0091,D0040,2023-11-30 10:56:04.418171,38,12,1
C0008036,P010,S0091,D0010,2023-11-30 22:57:01.659874,48,48,1
C0008037,P010,S0091,D0040,2023-12-10 15:43:51.602062,108,3,4
C0008038,P010,S0091,D0040,2023-12-05 22:32:23.674480,43,12,1
C0008039,P010,S0091,D0053,2023-12-06 00:07:25.173605,43,53,3
C0008040,P010,S0091,D0045,2023-12-12 11:03:31.296587,37,37,4
C0008041,P010,S0091,D0010,2023-12-10 04:05:32.445749,125,16,1
C0008042,P010,S0091,D0036,2023-12-01 04:39:52.164218,87,24,1
C0008043,P010,S0091,D0045,2023-12-12 09:07:36.456742,67,15,1
C0008044,P010,S0091,D0046,2023-12-13 12:50:52.802750,15,33,1
C0008045,P010,S0091,D0040,2023-12-08 20:08:27.400254,44,21,3
C0008046,P010,S0091,D0041,2023-12-11 01:29:31.172954,19,31,2
C0008047,P010,S0091,D0001,2023-12-07 12:22:50.186173,42,18,5
C0008048,P010,S0091,D0010,2023-12-11 18:37:04.330457,47,31,1
C0008049,P010,S0091,D0045,2023-12-06 05:13:12.841954,44,57,9
C0008050,P010,S0091,D0053,2023-12-13 09:49:52.611888,32,28,1
C0008051,P010,S0091,D0001,2023-12-10 22:42:54.444352,55,76,6
C0008052,P010,S0091,D0053,2023-12-13 12:22:17.269967,152,2,1
C0008053,P010,S0091,D0001,2023-12-04 10:17:22.675741,78,7,2
C0008054,P010,S0091,D0040,2023-12-03 05:36:52.806133,22,25,3
C0008055,P010,S0091,D0010,2023-12-10 10:02:58.829228,54,22,1
C0008056,P010,S0091,D0040,2023-12-11 12:12:06.791541,104,8,10
C0008057,P010,S0091,D0001,2023-12-03 08:54:10.839641,10,15,3
C0008058,P010,S0091,D0001,2023-12-01 00:44:21.804857,17,51,2
C0008059,P010,S0091,D0010,2023-12-09 08:48:35.288494,97,13,1
C0008060,P010,S0091,D0046,2023-12-04 09:11:34.473379,53,50,1
C0008061,P010,S0091,D0053,2023-11-30 12:34:29.775794,13,90,8
C0008062,P010,S0091,D0046,2023-12-09 08:08:19.776876,60,71,7
C0008063,P010,S0091,D0040,2023-12-06 04:02:35.624086,37,6,4
C0008064,P010,S0091,D0001,2023-12-01 19:02:57.429778,107,59,1
C0008065,P010,S0091,D0045,2023-12-12 07:00:19.504141,41,3,3
C0008066,P010,S0091,D0001,2023-12-06 02:48:14.686626,56,15,1
C0008067,P010,S0091,D0040,2023-11-30 22:51:13.915161,19,24,3
C0008068,P010,S0091,D0041,2023-12-11 01:10:32.693332,23,11,1
C0008069,P010,S0091,D0040,2023-12-01 15:42:51.206937,44,23,1
C0008070,P010,S0091,D0045,2023-12-03 22:11:27.531086,20,1,1
C0008071,P010,S0091,D0036,2023-12-05 13:06:22.756302,46,22,1
C0008072,P010,S0091,D0010,2023-12-02 16:04:29.795638,66,3,2
C0008073,P010,S0091,D0040,2023-12-03 04:13:07.446998,26,12,2
C0008074,P010,S0091,D0046,2023-12-05 09:36:49.590362,71,102,1
C0008075,P010,S0091,D0041,2023-12-05 13:46:30.336671,179,37,1
C0008076,P010,S0091,D0045,2023-12-09 00:06:28.593843,91,19,2
C0008077,P010,S0091,D0010,2023-12-07 18:08:50.054474,6,56,12
C0008078,P010,S0091,D0046,2023-12-12 23:09:25.930329,9,13,1
C0008079,P010,S0091,D0053,2023-12-10 20:00:03.280776,10,17,2
C0008080,P010,S0091,D0045,2023-12-10 17:41:21.441609,98,11,6
C0008081,P010,S0091,D0046,2023-12-04 22:44:18.315034,27,5,7
C0008082,P010,S0091,D0041,2023-12-04 09:28:27.508283,39,49,2
C0008083,P010,S0091,D0046,2023-12-01 08:54:22.606406,64,13,1
C0008084,P010,S0091,D0001,2023-12-04 18:08:19.237522,13,1,5
C0008085,P010,S0091,D0036,2023-12-05 04:01:52.734905,28,9,1
C0008086,P010,S0091,D0001,2023-12-03 16:02:03.712702,21,17,1
C0008087,P010,S0091,D0046,2023-12-04 15:31:36.526072,38,23,1
C0008088,P010,S0091,D0010,2023-12-05 11:49:47.774018,91,4,6
C0008089,P010,S0091,D0045,2023-12-10 10:21:23.547253,26,16,1
C0008090,P010,S0091,D0045,2023-12-12 19:38:44.477333,112,10,1
C0008091,P010,S0091,D0010,2023-12-04 17:26:53.791666,8,19,1
C0008092,P010,S0091,D0001,2023-12-08 05:37:30.700812,98,60,1
C0008093,P010,S0091,D0053,2023-12-12 03:26:34.706245,42,18,3
C0008094,P010,S0091,D0036,2023-12-07 10:06:32.963787,14,9,3
C0008095,P010,S0091,D0010,2023-12-03 10:49:18.016456,105,25,5
C0008096,P010,S0091,D0041,2023-12-09 08:25:11.653831,95,13,1
C0008097,P010,S0091,D0053,2023-12-01 17:09:16.804686,49,120,1
C0008098,P010,S0091,D0040,2023-12-12 11:32:10.063068,40,3,3
C0008099,P010,S0091,D0053,2023-12-11 11:00:54.968195,29,43,5
C0008100,P010,S0091,D0036,2023-12-10 15:40:35.377699,71,13,3
C0008101,P010,S0091,D0046,2023-11-30 16:00:35.877877,25,32,3
C0008102,P010,S0091,D0046,2023-12-02 10:26:13.545926,18,9,1
C0008103,P010,S0091,D0046,2023-11-30 08:52:52.026570,58,39,1
C0008104,P010,S0091,D0041,2023-12-09 13:25:32.926741,17,12,1
C0008105,P010,S0091,D0053,2023-12-02 16:52:28.112603,211,23,6
C0008106,P010,S0091,D0001,2023-12-06 17:57:49.241614,36,76,2
C0008107,P010,S0091,D0010,2023-12-05 15:54:24.689711,62,19,2
C0008108,P010,S0091,D0036,2023-12-09 19:19:30.232680,37,64,4
C0008109,P010,S0091,D0001,2023-12-05 23:42:24.026389,80,19,9
C0008110,P010,S0091,D0036,2023-12-04 09:06:55.177313,30,60,1
C0008111,P010,S0091,D0036,2023-12-09 16:38:08.345799,27,4,2
C0008112,P010,S0091,D0041,2023-12-11 19:18:56.514467,14,38,1
C0008113,P010,S0091,D0053,2023-12-02 17:50:48.142875,42,33,1
C0008114,P010,S0091,D0036,2023-12-11 15:47:32.274509,85,8,4
C0008115,P010,S0091,D0046,2023-12-12 04:55:55.715023,24,4,3
C0008116,P010,S0091,D0045,2023-12-10 12:24:00.649351,99,13,1
C0008117,P010,S0091,D0041,2023-12-10 06:14:29.137713,25,12,11
C0008118,P010,S0091,D0041,2023-12-07 12:53:54.130243,16,2,3
C0008119,P010,S0091,D0001,2023-12-09 00:07:09.046182,31,16,1
C0008120,P010,S0091,D0041,2023-12-01 19:04:30.934661,16,16,1
C0008121,P010,S0091,D0036,2023-12-01 03:00:58.284915,86,7,3
C0008122,P010,S0091,D0036,2023-12-01 10:10:52.696410,20,10,2
C0008123,P010,S0091,D0046,2023-12-08 22:15:34.962184,99,32,7
C0008124,P010,S0091,D0053,2023-12-08 13:42:06.947989,55,11,1
C0008125,P010,S0091,D0001,2023-12-03 11:18:10.779420,37,14,1
C0008126,P010,S0091,D0001,2023-12-10 09:27:37.948159,37,32,1
C0008127,P010,S0091,D0046,2023-11-30 18:11:33.407787,100,5,4
C0008128,P010,S0091,D0001,2023-12-11 22:53:29.153596,12,12,2
C0008129,P010,S0091,D0045,2023-12-06 08:51:20.745141,33,8,1
C0008130,P010,S0091,D0010,2023-12-01 14:43:07.365968,81,21,1
C0008131,P010,S0091,D0040,2023-12-02 19:02:37.111666,27,22,4
C0008132,P010,S0091,D0001,2023-12-10 05:59:10.565404,47,8,10
C0008133,P010,S0091,D0036,2023-12-07 21:49:28.139594,126,14,3
C0008134,P010,S0091,D0010,2023-12-11 06:56:17.360098,31,31,1
C0008135,P010,S0091,D0041,2023-12-04 17:13:16.102438,19,35,3
C0008136,P010,S0091,D0045,2023-12-08 09:28:47.424242,22,21,5
C0008137,P010,S0091,D0010,2023-12-03 22:41:26.743745,21,2,2
C0008138,P010,S0091,D0045,2023-11-30 15:14:40.041262,21,24,1
C0008139,P010,S0091,D0053,2023-12-04 02:07:27.110340,65,29,8
C0008140,P010,S0091,D0053,2023-12-10 09:22:26.621534,58,51,1
C0008141,P010,S0091,D0041,2023-12-01 01:28:46.126572,8,3,1
C0008142,P010,S0092,D0041,2023-12-17 06:23:53.169223,17,6,2
C0008143,P010,S0092,D0041,2023-12-14 02:02:35.561076,94,30,1
C0008144,P010,S0092,D0045,2023-12-19 21:10:41.232023,70,8,1
C0008145,P010,S0092,D0040,2023-12-17 08:01:29.863511,66,76,1
C0008146,P010,S0092,D0036,2023-12-21 18:53:04.069002,80,42,6
C0008147,P010,S0092,D0045,2023-12-25 03:13:02.617725,79,12,2
C0008148,P010,S0092,D0010,2023-12-22 13:05:31.526688,8,6,4
C0008149,P010,S0092,D0001,2023-12-23 03:26:54.552714,23,5,1
C0008150,P010,S0092,D0040,2023-12-15 12:56:47.081586,78,11,1
C0008151,P010,S0092,D0046,2023-12-20 20:56:51.945825,5,5,3
C0008152,P010,S0092,D0036,2023-12-24 13:49:50.825996,55,9,4
C0008153,P010,S0092,D0040,2023-12-20 09:56:25.386097,152,6,1
C0008154,P010,S0092,D0045,2023-12-17 16:22:32.000187,74,56,7
C0008155,P010,S0092,D0046,2023-12-14 18:46:49.556972,60,31,1
C0008156,P010,S0092,D0041,2023-12-23 07:23:00.534034,72,6,1
C0008157,P010,S0092,D0046,2023-12-24 07:16:20.360599,111,46,7
C0008158,P010,S0092,D0010,2023-12-27 06:48:57.565237,80,16,2
C0008159,P010,S0092,D0041,2023-12-24 04:41:58.661650,55,80,10
C0008160,P010,S0092,D0001,2023-12-14 06:37:19.081921,113,16,5
C0008161,P010,S0092,D0045,2023-12-15 06:01:47.642615,93,12,4
C0008162,P010,S0092,D0036,2023-12-27 01:36:37.623085,36,0,1
C0008163,P010,S0092,D0053,2023-12-17 01:24:46.538289,35,32,3
C0008164,P010,S0092,D0045,2023-12-22 21:02:11.211749,46,38,9
C0008165,P010,S0092,D0040,2023-12-23 09:17:53.686611,66,21,4
C0008166,P010,S0092,D0036,2023-12-20 13:36:16.154611,61,21,2
C0008167,P010,S0092,D0041,2023-12-20 01:30:32.614905,100,6,1
C0008168,P010,S0092,D0040,2023-12-23 10:58:54.760586,28,58,6
C0008169,P010,S0092,D0036,2023-12-22 22:55:33.452919,45,11,1
C0008170,P010,S0092,D0041,2023-12-22 11:35:23.490441,72,21,2
C0008171,P010,S0092,D0010,2023-12-22 09:13:49.076939,8,25,9
C0008172,P010,S0092,D0040,2023-12-20 03:25:03.689371,90,21,1
C0008173,P010,S0092,D0053,2023-12-22 21:59:56.290790,103,35,2
C0008174,P010,S0092,D0046,2023-12-25 11:21:11.011489,42,3,1
C0008175,P010,S0092,D0053,2023-12-24 23:39:51.907926,21,47,2
C0008176,P010,S0092,D0040,2023-12-25 01:38:08.538378,46,30,1
C0008177,P010,S0092,D0045,2023-12-24 06:56:43.083619,101,18,5
C0008178,P010,S0092,D0046,2023-12-22 16:03:44.059444,118,8,6
C0008179,P010,S0092,D0053,2023-12-21 00:23:53.475714,22,5,11
C0008180,P010,S0092,D0001,2023-12-15 07:12:08.352572,44,2,2
C0008181,P010,S0092,D0041,2023-12-22 12:38:56.012633,79,15,2
C0008182,P010,S0092,D0041,2023-12-20 07:57:04.668780,32,11,1
C0008183,P010,S0092,D0053,2023-12-23 00:37:22.151371,24,20,2
C0008184,P010,S0092,D0036,2023-12-18 12:17:04.546742,26,9,4
C0008185,P010,S0092,D0053,2023-12-25 14:33:52.953869,65,39,1
C0008186,P010,S0092,D0053,2023-12-19 18:42:44.964142,101,34,1
C0008187,P010,S0092,D0053,2023-12-16 05:27:49.897846,15,35,4
C0008188,P010,S0092,D0040,2023-12-16 20:14:25.634481,51,26,2
C0008189,P010,S0092,D0010,2023-12-26 09:35:31.392447,20,1,4
C0008190,P010,S0092,D0040,2023-12-23 09:37:49.212436,33,5,4
C0008191,P010,S0092,D0001,2023-12-18 15:34:31.749360,37,11,9
C0008192,P010,S0092,D0045,2023-12-16 19:51:47.830658,64,24,1
C0008193,P010,S0092,D0046,2023-12-15 10:38:28.784106,7,2,1
C0008194,P010,S0092,D0045,2023-12-22 09:43:53.334863,25,22,6
C0008195,P010,S0092,D0053,2023-12-16 01:25:54.523974,30,12,1
C0008196,P010,S0092,D0045,2023-12-23 02:37:18.431764,178,27,1
C0008197,P010,S0092,D0010,2023-12-18 14:03:21.350505,103,4,1
C0008198,P010,S0092,D0010,2023-12-16 08:11:33.499108,46,11,1
C0008199,P010,S0092,D0036,2023-12-16 01:35:38.807468,44,6,4
C0008200,P010,S0092,D0001,2023-12-27 09:29:40.513783,41,7,2
C0008201,P010,S0092,D0036,2023-12-20 01:33:34.084241,85,3,1
C0008202,P010,S0092,D0036,2023-12-22 12:12:28.230935,25,23,3
C0008203,P010,S0092,D0046,2023-12-15 19:24:57.908536,24,10,2
C0008204,P010,S0092,D0045,2023-12-26 17:39:11.963931,90,45,3
C0008205,P010,S0092,D0041,2023-12-22 15:26:35.726723,28,10,6
C0008206,P010,S0092,D0036,2023-12-18 20:08:41.025395,19,12,2
C0008207,P010,S0092,D0001,2023-12-17 09:14:34.741316,10,22,7
C0008208,P010,S0092,D0010,2023-12-19 11:37:05.960343,11,10,2
C0008209,P010,S0092,D0041,2023-12-15 00:04:19.995982,71,31,2
C0008210,P010,S0092,D0010,2023-12-23 17:56:22.772595,66,28,3
C0008211,P010,S0092,D0001,2023-12-26 05:55:23.099195,38,1,5
C0008212,P010,S0092,D0001,2023-12-19 13:04:26.612911,169,26,4
C0008213,P010,S0092,D0045,2023-12-17 15:21:48.333655,26,10,1
C0008214,P010,S0092,D0053,2023-12-23 22:22:54.106063,25,13,1
C0008215,P010,S0092,D0045,2023-12-16 01:10:42.973284,48,3,3
C0008216,P010,S0092,D0036,2023-12-23 05:24:04.669496,8,8,1
C0008217,P010,S0092,D0046,2023-12-25 21:51:55.711355,75,5,1
C0008218,P010,S0092,D0045,2023-12-21 06:50:35.732502,36,58,8
C0008219,P010,S0092,D0045,2023-12-16 13:22:13.600388,33,34,5
C0008220,P010,S0092,D0053,2023-12-27 03:09:42.759382,54,10,1
C0008221,P010,S0092,D0046,2023-12-14 07:03:15.829009,27,13,5
C0008222,P010,S0092,D0041,2023-12-19 00:54:54.115982,30,30,1
C0008223,P010,S0092,D0046,2023-12-22 10:47:01.386033,18,21,2
C0008224,P010,S0092,D0001,2023-12-15 22:02:42.330141,87,32,1
C0008225,P010,S0092,D0036,2023-12-21 23:33:00.464528,61,0,3
C0008226,P010,S0092,D0045,2023-12-22 10:49:21.366972,28,49,3
C0008227,P010,S0092,D0040,2023-12-22 11:42:38.349973,16,40,3
C0008228,P010,S0092,D0046,2023-12-25 21:14:57.775647,22,131,6
C0008229,P010,S0092,D0041,2023-12-19 14:10:59.374996,36,10,1
C0008230,P010,S0092,D0046,2023-12-18 01:19:12.260537,18,53,4
C0008231,P010,S0092,D0046,2023-12-15 00:49:11.084865,89,10,7
C0008232,P010,S0092,D0046,2023-12-25 02:06:19.016082,137,10,2
C0008233,P010,S0092,D0041,2023-12-26 02:16:11.824158,41,69,2
C0008234,P010,S0092,D0040,2023-12-23 23:04:23.605512,119,12,1
C0008235,P010,S0092,D0053,2023-12-17 10:17:18.520053,25,0,1
C0008236,P010,S0092,D0041,2023-12-24 23:39:19.320996,65,12,1
C0008237,P010,S0092,D0046,2023-12-25 00:39:23.252408,67,10,2
C0008238,P010,S0092,D0010,2023-12-24 08:35:20.229535,66,30,1
C0008239,P010,S0093,D0046,2024-01-08 18:29:14.240859,56,18,1
C0008240,P010,S0093,D0046,2024-01-03 22:58:25.598430,21,11,2
C0008241,P010,S0093,D0046,2024-01-08 10:23:01.116854,49,46,3
C0008242,P010,S0093,D0010,2024-01-02 01:43:30.550244,71,55,2
C0008243,P010,S0093,D0001,2024-01-06 21:19:47.810848,47,6,1
C0008244,P010,S0093,D0053,2024-01-05 14:24:38.497804,29,3,6
C0008245,P010,S0093,D0036,2024-01-10 04:34:23.776522,23,1,6
C0008246,P010,S0093,D0041,2024-01-07 00:09:22.289461,123,22,1
C0008247,P010,S0093,D0010,2024-01-05 14:06:32.037601,142,28,2
C0008248,P010,S0093,D0053,2024-01-03 22:17:59.759653,45,5,5
C0008249,P010,S0093,D0053,2024-01-02 13:40:45.427220,33,49,1
C0008250,P010,S0093,D0053,2024-01-01 07:12:08.431351,47,48,2
C0008251,P010,S0093,D0001,2024-01-04 12:29:24.848895,50,37,1
C0008252,P010,S0093,D0010,2023-12-30 00:18:35.491094,50,19,1
C0008253,P010,S0093,D0001,2024-01-02 06:24:14.376231,19,14,5
C0008254,P010,S0093,D0001,2024-01-10 17:06:47.853475,14,17,4
C0008255,P010,S0093,D0036,2024-01-09 10:05:19.429151,67,30,3
C0008256,P010,S0093,D0010,2023-12-30 11:46:57.535464,100,16,2
C0008257,P010,S0093,D0010,2023-12-29 16:00:01.046692,55,4,1
C0008258,P010,S0093,D0041,2024-01-04 13:42:21.674822,82,41,3
C0008259,P010,S0093,D0041,2024-01-02 06:05:45.869799,97,62,1
C0008260,P010,S0093,D0036,2024-01-06 20:17:24.941736,29,8,3
C0008261,P010,S0093,D0040,2024-01-01 11:43:11.925838,5,25,6
C0008262,P010,S0093,D0045,2023-12-30 23:34:31.655028,59,21,1
C0008263,P010,S0093,D0036,2024-01-02 06:12:11.878112,35,55,4
C0008264,P010,S0093,D0010,2024-01-09 23:27:01.736416,21,12,3
C0008265,P010,S0093,D0010,2024-01-03 11:36:32.654131,54,85,1
C0008266,P010,S0093,D0053,2024-01-08 01:46:28.247175,18,10,1
C0008267,P010,S0093,D0001,2024-01-05 13:28:40.123331,44,83,3
C0008268,P010,S0093,D0010,2024-01-03 07:41:30.263939,37,43,1
C0008269,P010,S0093,D0010,2024-01-09 13:19:55.870539,120,3,2
C0008270,P010,S0093,D0001,2023-12-30 23:05:17.554520,2,12,1
C0008271,P010,S0093,D0040,2024-01-06 07:03:59.059620,15,24,1
C0008272,P010,S0093,D0040,2023-12-30 16:05:10.538855,36,2,2
C0008273,P010,S0093,D0010,2023-12-30 04:27:59.753596,26,63,1
C0008274,P010,S0093,D0010,2024-01-02 20:46:20.345134,6,44,1
C0008275,P010,S0093,D0036,2023-12-29 12:32:44.739493,8,12,3
C0008276,P010,S0093,D0036,2023-12-29 05:44:25.954110,29,49,6
C0008277,P010,S0093,D0001,2024-01-03 00:57:17.601597,8,44,2
C0008278,P010,S0093,D0010,2023-12-30 10:26:35.218781,28,18,1
C0008279,P010,S0093,D0046,2024-01-09 21:24:52.901824,33,48,1
C0008280,P010,S0093,D0041,2023-12-30 16:31:52.998121,13,19,4
C0008281,P010,S0093,D0046,2023-12-28 14:54:09.255945,78,67,1
C0008282,P010,S0093,D0045,2024-01-01 22:33:01.616009,24,31,10
C0008283,P010,S0093,D0001,2023-12-30 00:29:04.710821,64,15,1
C0008284,P010,S0093,D0041,2024-01-06 22:43:03.571972,130,4,1
C0008285,P010,S0093,D0041,2024-01-04 04:21:26.196444,80,27,1
C0008286,P010,S0093,D0053,2024-01-06 07:29:58.662212,60,3,1
C0008287,P010,S0093,D0010,2023-12-30 01:32:31.008657,2,0,5
C0008288,P010,S0093,D0041,2024-01-05 02:35:58.863502,28,7,4
C0008289,P010,S0093,D0046,2023-12-30 04:05:37.107800,18,60,1
C0008290,P010,S0093,D0041,2024-01-04 02:41:03.390670,47,24,1
C0008291,P010,S0093,D0041,2024-01-06 13:05:45.328411,25,32,4
C0008292,P010,S0093,D0036,2024-01-04 03:07:05.251385,59,10,5
C0008293,P010,S0093,D0041,2024-01-03 09:08:56.921176,15,47,1
C0008294,P010,S0094,D0041,2024-01-12 23:25:11.190495,28,17,8
C0008295,P010,S0094,D0001,2024-01-12 00:32:35.038797,52,42,3
C0008296,P010,S0094,D0001,2024-01-11 22:45:18.536807,19,22,1
C0008297,P010,S0094,D0045,2024-01-14 07:04:55.131948,27,51,3
C0008298,P010,S0094,D0036,2024-01-21 10:04:07.398212,29,30,1
C0008299,P010,S0094,D0036,2024-01-19 23:56:29.279175,14,10,4
C0008300,P010,S0094,D0036,2024-01-17 16:11:02.789209,53,56,1
C0008301,P010,S0094,D0036,2024-01-12 19:05:29.842409,38,30,3
C0008302,P010,S0094,D0040,2024-01-15 04:44:13.050567,83,39,1
C0008303,P010,S0094,D0001,2024-01-14 12:16:14.928616,49,17,2
C0008304,P010,S0094,D0053,2024-01-22 03:58:57.323195,28,12,1
C0008305,P010,S0094,D0045,2024-01-15 17:23:08.448991,76,16,2
C0008306,P010,S0094,D0045,2024-01-12 23:07:26.471103,46,18,3
C0008307,P010,S0094,D0045,2024-01-14 13:29:52.035414,30,33,1
C0008308,P010,S0094,D0040,2024-01-21 12:44:28.887150,19,20,1
C0008309,P010,S0094,D0040,2024-01-19 18:30:05.872962,71,4,3
C0008310,P010,S0094,D0045,2024-01-15 19:11:38.872957,42,13,4
C0008311,P010,S0094,D0040,2024-01-18 01:30:01.620452,236,11,2
C0008312,P010,S0094,D0001,2024-01-16 23:35:28.982718,24,9,1
C0008313,P010,S0094,D0041,2024-01-12 01:03:39.553605,15,8,1
C0008314,P010,S0094,D0041,2024-01-20 20:03:01.712677,-1,6,1
C0008315,P010,S0094,D0001,2024-01-17 09:48:40.282645,33,12,1
C0008316,P010,S0094,D0053,2024-01-23 15:48:09.628324,12,19,3
C0008317,P010,S0094,D0053,2024-01-20 12:45:39.246827,42,74,10
C0008318,P010,S0094,D0053,2024-01-12 06:58:06.429283,6,10,1
C0008319,P010,S0094,D0001,2024-01-19 00:29:23.154048,82,15,2
C0008320,P010,S0094,D0041,2024-01-20 14:25:55.895694,78,44,1
C0008321,P010,S0094,D0001,2024-01-11 09:23:50.681974,17,42,3
C0008322,P010,S0094,D0001,2024-01-16 19:50:09.273524,38,1,3
C0008323,P010,S0094,D0010,2024-01-17 13:00:00.003007,12,1,1
C0008324,P010,S0094,D0053,2024-01-13 20:35:16.982823,42,1,6
C0008325,P010,S0094,D0053,2024-01-22 05:35:08.007640,60,25,4
C0008326,P010,S0094,D0041,2024-01-16 21:20:31.344737,85,17,10
C0008327,P010,S0094,D0036,2024-01-16 00:09:30.726403,79,4,2
C0008328,P010,S0094,D0001,2024-01-23 22:53:43.079212,26,21,1
C0008329,P010,S0094,D0045,2024-01-17 17:17:33.026161,48,18,3
C0008330,P010,S0094,D0046,2024-01-14 17:51:38.561285,74,24,2
C0008331,P010,S0094,D0036,2024-01-14 00:06:34.908666,37,15,2
C0008332,P010,S0094,D0001,2024-01-15 04:48:45.328004,49,19,1
C0008333,P010,S0094,D0036,2024-01-18 13:17:45.895390,24,10,2
C0008334,P010,S0094,D0036,2024-01-20 13:05:36.786334,22,19,1
C0008335,P010,S0094,D0040,2024-01-12 14:32:06.751097,29,19,2
C0008336,P010,S0094,D0041,2024-01-17 10:12:49.235280,86,34,1
C0008337,P010,S0094,D0001,2024-01-21 20:29:02.545873,31,51,6
C0008338,P010,S0094,D0041,2024-01-21 17:42:12.529062,29,0,4
C0008339,P010,S0094,D0041,2024-01-21 05:19:14.940023,20,6,5
C0008340,P010,S0094,D0046,2024-01-20 07:38:01.182208,65,7,5
C0008341,P010,S0094,D0001,2024-01-21 07:16:23.542934,45,40,3
C0008342,P010,S0094,D0041,2024-01-14 18:15:31.844079,32,26,3
C0008343,P010,S0094,D0053,2024-01-22 05:36:59.507701,32,3,3
C0008344,P010,S0095,D0010,2024-02-04 05:04:01.574694,59,2,1
C0008345,P010,S0095,D0036,2024-02-05 09:53:21.350166,15,13,2
C0008346,P010,S0095,D0041,2024-01-25 21:21:56.850764,26,7,5
C0008347,P010,S0095,D0036,2024-02-06 04:30:32.903356,51,1,1
C0008348,P010,S0095,D0045,2024-01-28 09:57:15.543518,65,14,3
C0008349,P010,S0095,D0053,2024-02-07 13:59:40.898499,23,18,5
C0008350,P010,S0095,D0053,2024-02-02 20:52:43.977468,22,22,1
C0008351,P010,S0095,D0041,2024-02-06 23:49:52.435694,32,6,2
C0008352,P010,S0095,D0010,2024-01-31 02:26:37.568604,144,16,3
C0008353,P010,S0095,D0041,2024-02-01 12:33:06.110562,74,7,3
C0008354,P010,S0095,D0046,2024-01-28 11:03:24.198967,22,9,3
C0008355,P010,S0095,D0053,2024-01-31 03:14:13.082645,125,25,1
C0008356,P010,S0095,D0036,2024-01-26 23:59:43.929285,73,8,1
C0008357,P010,S0095,D0036,2024-01-31 00:26:54.345457,61,9,1
C0008358,P010,S0095,D0010,2024-02-01 06:14:08.895171,31,30,1
C0008359,P010,S0095,D0040,2024-02-06 15:10:39.418033,7,16,1
C0008360,P010,S0095,D0010,2024-01-29 21:16:54.321476,18,7,2
C0008361,P010,S0095,D0041,2024-02-03 14:06:11.705936,36,1,1
C0008362,P010,S0095,D0045,2024-02-01 13:11:55.511094,21,2,1
C0008363,P010,S0095,D0045,2024-01-26 18:55:28.469075,17,28,8
C0008364,P010,S0095,D0041,2024-02-02 00:19:30.803090,80,39,1
C0008365,P010,S0095,D0041,2024-02-05 23:52:04.073484,9,26,4
C0008366,P010,S0095,D0041,2024-01-30 12:01:26.964813,56,7,2
C0008367,P010,S0095,D0046,2024-02-07 07:27:46.540116,11,10,1
C0008368,P010,S0095,D0046,2024-02-01 00:28:07.618392,54,8,3
C0008369,P010,S0095,D0010,2024-01-27 12:43:52.781976,192,31,3
C0008370,P010,S0095,D0053,2024-02-02 08:22:34.698106,66,36,1
C0008371,P010,S0095,D0053,2024-01-26 15:26:05.509304,61,18,1
C0008372,P010,S0095,D0041,2024-01-26 10:06:22.586357,15,40,1
C0008373,P010,S0095,D0046,2024-01-27 18:26:12.411588,41,2,6
C0008374,P010,S0095,D0040,2024-01-31 16:42:43.554053,34,6,5
C0008375,P010,S0095,D0010,2024-02-02 04:10:57.583073,40,17,4
C0008376,P010,S0095,D0045,2024-02-02 02:59:58.162193,79,15,4
C0008377,P010,S0095,D0036,2024-02-05 23:26:44.152021,7,7,1
C0008378,P010,S0095,D0040,2024-02-01 14:50:58.820299,36,9,3
C0008379,P010,S0095,D0001,2024-01-25 22:12:55.315635,15,2,1
C0008380,P010,S0095,D0001,2024-01-28 04:14:55.501383,18,3,1
C0008381,P010,S0095,D0045,2024-02-02 00:39:48.937070,67,30,1
C0008382,P010,S0095,D0001,2024-02-04 04:50:35.760865,74,8,2
C0008383,P010,S0095,D0045,2024-02-02 09:03:19.352512,124,5,11
C0008384,P010,S0095,D0045,2024-02-07 01:40:01.341310,19,2,1
C0008385,P010,S0095,D0036,2024-01-30 09:54:53.875929,35,31,2
C0008386,P010,S0095,D0010,2024-01-30 08:34:09.515508,28,5,1
C0008387,P010,S0095,D0010,2024-02-06 08:12:26.481608,188,57,1
C0008388,P010,S0095,D0001,2024-01-29 14:25:17.439451,57,21,2
C0008389,P010,S0095,D0036,2024-01-31 13:51:51.389254,28,32,1
C0008390,P010,S0095,D0036,2024-01-25 03:16:24.058218,53,7,7
C0008391,P010,S0095,D0010,2024-02-02 03:19:20.103200,26,26,1
C0008392,P010,S0095,D0045,2024-01-27 14:49:53.877335,82,22,1
C0008393,P010,S0095,D0001,2024-02-05 20:49:39.301804,21,56,1
C0008394,P010,S0095,D0010,2024-01-31 16:41:46.242919,49,4,3
C0008395,P010,S0095,D0041,2024-01-27 19:36:24.796146,70,36,1
C0008396,P010,S0095,D0040,2024-01-27 12:48:14.811676,111,28,1
C0008397,P010,S0095,D0010,2024-01-29 07:18:36.800149,25,45,8
C0008398,P010,S0095,D0046,2024-01-30 07:30:21.366812,39,37,1
C0008399,P010,S0095,D0040,2024-01-25 18:04:59.643139,6,1,10
C0008400,P010,S0095,D0053,2024-01-31 17:40:59.618637,23,4,2
C0008401,P010,S0095,D0041,2024-02-01 14:27:43.499420,168,43,1
C0008402,P010,S0095,D0053,2024-02-03 15:28:35.976788,107,15,4
C0008403,P010,S0095,D0040,2024-01-28 13:23:57.934509,58,47,4
C0008404,P010,S0095,D0036,2024-02-01 14:45:03.205671,51,6,2
C0008405,P010,S0095,D0041,2024-01-31 09:53:42.408571,101,31,1
C0008406,P010,S0095,D0041,2024-02-06 20:56:35.122339,72,0,2
C0008407,P010,S0095,D0045,2024-02-03 06:55:59.892654,13,11,6
C0008408,P010,S0095,D0046,2024-02-02 22:10:19.875106,27,48,1
C0008409,P010,S0095,D0046,2024-01-29 20:14:35.848474,59,19,1
C0008410,P010,S0095,D0053,2024-01-29 07:08:24.430567,28,27,1
C0008411,P010,S0095,D0045,2024-02-03 03:58:48.995697,45,49,1
C0008412,P010,S0095,D0045,2024-01-31 00:26:01.976767,34,42,4
C0008413,P010,S0095,D0046,2024-01-28 01:35:39.660034,15,23,1
C0008414,P010,S0095,D0001,2024-02-03 03:32:46.982596,25,4,1
C0008415,P010,S0095,D0010,2024-01-30 20:56:54.705004,47,33,7
C0008416,P010,S0095,D0001,2024-01-29 08:08:20.864526,33,53,5
C0008417,P010,S0095,D0036,2024-02-01 06:00:21.221934,17,31,1
C0008418,P010,S0095,D0010,2024-01-28 20:56:36.583404,47,26,1
C0008419,P010,S0095,D0046,2024-01-26 21:35:05.156564,83,33,3
C0008420,P010,S0095,D0001,2024-02-02 08:22:48.583898,16,16,1
C0008421,P010,S0095,D0053,2024-02-03 13:21:11.084199,63,50,1
C0008422,P010,S0095,D0040,2024-01-30 19:13:35.202278,67,23,2
C0008423,P010,S0095,D0046,2024-01-28 11:19:37.359284,81,89,1
C0008424,P010,S0095,D0010,2024-02-06 17:32:06.807523,4,8,1
C0008425,P010,S0095,D0001,2024-02-03 21:11:27.469851,23,15,1
C0008426,P010,S0095,D0041,2024-01-26 22:31:44.528691,64,12,6
C0008427,P010,S0095,D0046,2024-02-01 09:41:36.372485,13,76,1
C0008428,P010,S0095,D0010,2024-02-01 07:28:04.121635,130,6,3
C0008429,P010,S0095,D0053,2024-02-02 21:26:03.986713,12,18,4
C0008430,P010,S0095,D0053,2024-01-31 00:25:00.618635,93,37,3
C0008431,P010,S0095,D0001,2024-02-04 08:24:01.706916,123,2,2
C0008432,P010,S0095,D0036,2024-02-05 23:33:38.336555,12,22,2
C0008433,P010,S0095,D0041,2024-02-06 05:24:08.499321,10,72,1
C0008434,P010,S0095,D0053,2024-01-29 22:00:48.965240,32,23,2
C0008435,P010,S0095,D0010,2024-01-30 13:39:07.874765,21,5,3
C0008436,P010,S0095,D0045,2024-02-03 19:33:12.173752,135,13,1
C0008437,P010,S0095,D0036,2024-02-03 09:19:25.667799,51,9,2
C0008438,P010,S0095,D0036,2024-02-02 20:16:26.045760,49,15,7
C0008439,P010,S0095,D0041,2024-02-06 03:25:54.871318,52,2,3
C0008440,P010,S0095,D0041,2024-02-02 04:43:13.645817,11,29,1
C0008441,P010,S0095,D0001,2024-02-05 00:39:09.034592,27,4,4
C0008442,P010,S0095,D0001,2024-01-29 02:26:28.270886,67,61,1
C0008443,P010,S0095,D0046,2024-01-26 12:15:11.250095,13,2,1
C0008444,P010,S0095,D0041,2024-02-01 12:13:21.792882,110,28,1
C0008445,P010,S0095,D0040,2024-02-04 23:53:30.368501,84,25,2
C0008446,P010,S0095,D0046,2024-01-31 19:24:32.119827,135,1,1
C0008447,P010,S0095,D0036,2024-02-07 02:34:56.520777,4,8,1
C0008448,P010,S0095,D0053,2024-02-05 08:17:49.194577,38,15,1
C0008449,P010,S0095,D0010,2024-01-29 16:01:28.131149,24,85,1
C0008450,P010,S0095,D0041,2024-02-07 02:45:41.022009,32,3,2
C0008451,P010,S0095,D0036,2024-02-02 01:57:07.021889,60,79,1
C0008452,P010,S0095,D0045,2024-01-25 20:55:15.787389,102,8,1
C0008453,P010,S0095,D0053,2024-01-28 18:28:45.530731,39,30,6
C0008454,P010,S0095,D0041,2024-01-28 03:07:49.616646,64,9,10
C0008455,P010,S0095,D0045,2024-02-07 08:49:26.210800,47,0,8
C0008456,P010,S0095,D0010,2024-02-04 07:33:51.301907,14,5,4
C0008457,P010,S0095,D0010,2024-02-01 18:10:16.267605,22,12,6
C0008458,P010,S0095,D0001,2024-02-01 04:10:21.875566,31,18,4
C0008459,P010,S0095,D0041,2024-01-29 06:34:59.762900,16,3,2
C0008460,P010,S0095,D0041,2024-01-29 23:27:41.826401,78,8,1
C0008461,P010,S0095,D0045,2024-01-27 20:40:24.698288,56,12,2
C0008462,P010,S0095,D0053,2024-02-01 08:05:28.219941,96,22,4
C0008463,P010,S0095,D0001,2024-02-06 05:03:42.846987,53,26,1
C0008464,P010,S0096,D0045,2024-02-20 15:20:38.197132,53,39,5
C0008465,P010,S0096,D0046,2024-02-18 18:04:55.317289,30,27,6
C0008466,P010,S0096,D0036,2024-02-19 12:57:42.852293,-1,43,2
C0008467,P010,S0096,D0001,2024-02-20 09:02:20.970825,8,8,4
C0008468,P010,S0096,D0040,2024-02-18 05:38:28.446673,64,4,1
C0008469,P010,S0096,D0046,2024-02-19 15:56:49.385104,56,3,1
C0008470,P010,S0096,D0045,2024-02-12 00:34:22.804837,23,6,4
C0008471,P010,S0096,D0041,2024-02-16 11:55:42.762911,21,1,3
C0008472,P010,S0096,D0040,2024-02-13 14:21:11.682251,52,23,1
C0008473,P010,S0096,D0001,2024-02-13 00:57:38.316934,30,21,2
C0008474,P010,S0096,D0046,2024-02-12 14:54:58.048745,60,73,2
C0008475,P010,S0096,D0001,2024-02-08 17:31:51.290882,34,17,2
C0008476,P010,S0096,D0010,2024-02-12 19:49:47.439626,11,4,2
C0008477,P010,S0096,D0046,2024-02-10 20:53:38.751732,49,2,5
C0008478,P010,S0096,D0041,2024-02-15 21:07:55.528591,12,0,1
C0008479,P010,S0096,D0010,2024-02-12 08:50:12.325609,51,14,1
C0008480,P010,S0096,D0010,2024-02-12 04:09:52.165762,114,4,1
C0008481,P010,S0096,D0053,2024-02-10 00:11:56.456282,35,8,2
C0008482,P010,S0096,D0041,2024-02-17 16:38:26.844747,114,6,2
C0008483,P010,S0096,D0046,2024-02-13 05:06:47.791082,80,24,5
C0008484,P010,S0096,D0045,2024-02-20 03:46:39.087328,55,27,3
C0008485,P010,S0096,D0036,2024-02-18 05:02:47.270081,12,8,1
C0008486,P010,S0096,D0053,2024-02-13 02:55:15.966934,35,4,2
C0008487,P010,S0096,D0046,2024-02-13 13:43:03.718327,42,39,2
C0008488,P010,S0096,D0046,2024-02-09 07:49:47.099258,50,82,1
C0008489,P010,S0096,D0010,2024-02-11 22:00:25.660865,103,7,1
C0008490,P010,S0096,D0046,2024-02-16 10:07:28.159501,36,10,11
C0008491,P010,S0096,D0053,2024-02-16 22:26:50.178544,63,21,3
C0008492,P010,S0096,D0046,2024-02-14 21:07:43.511579,67,1,3
C0008493,P010,S0096,D0040,2024-02-08 22:21:46.733604,58,0,1
C0008494,P010,S0096,D0045,2024-02-13 18:28:28.326133,31,36,2
C0008495,P010,S0096,D0036,2024-02-16 07:53:21.272123,50,24,4
C0008496,P010,S0096,D0001,2024-02-10 21:21:44.884894,23,10,1
C0008497,P010,S0096,D0053,2024-02-17 13:32:46.347352,28,11,4
C0008498,P010,S0096,D0036,2024-02-16 15:37:53.150442,41,28,2
C0008499,P010,S0096,D0046,2024-02-16 21:54:04.926278,56,41,1
C0008500,P010,S0096,D0041,2024-02-17 23:34:49.923815,66,15,1
C0008501,P010,S0096,D0010,2024-02-13 04:25:24.917354,52,31,1
C0008502,P010,S0096,D0040,2024-02-19 04:14:20.040907,53,12,1
C0008503,P010,S0096,D0046,2024-02-18 01:02:33.191868,99,32,4
C0008504,P010,S0096,D0053,2024-02-11 07:04:14.965639,111,16,4
C0008505,P010,S0096,D0010,2024-02-09 03:34:47.835882,29,6,1
C0008506,P010,S0096,D0045,2024-02-11 19:36:57.775880,34,17,5
C0008507,P010,S0096,D0045,2024-02-15 20:28:49.348810,16,56,1
C0008508,P010,S0096,D0053,2024-02-14 19:28:46.034573,87,19,3
C0008509,P010,S0096,D0041,2024-02-16 17:33:30.969197,67,95,1
C0008510,P010,S0096,D0010,2024-02-10 23:53:44.918251,70,1,4
C0008511,P010,S0096,D0053,2024-02-16 05:23:55.786452,9,28,5
C0008512,P010,S0096,D0046,2024-02-17 05:08:27.115153,5,12,1
C0008513,P010,S0096,D0001,2024-02-19 06:23:38.940520,21,16,4
C0008514,P010,S0096,D0040,2024-02-14 07:57:16.025607,5,23,2
C0008515,P010,S0096,D0036,2024-02-20 16:31:45.256586,17,14,3
C0008516,P010,S0096,D0001,2024-02-16 15:03:58.827819,25,7,10
C0008517,P010,S0096,D0036,2024-02-12 22:53:37.075083,45,19,6
C0008518,P010,S0096,D0053,2024-02-15 13:11:15.617958,40,32,1
C0008519,P010,S0096,D0053,2024-02-19 23:59:12.982527,25,6,4
C0008520,P010,S0096,D0001,2024-02-18 12:03:46.511078,49,90,5
C0008521,P010,S0096,D0045,2024-02-11 06:22:13.679544,44,11,1
C0008522,P010,S0096,D0040,2024-02-12 06:28:33.448770,79,12,1
C0008523,P010,S0096,D0010,2024-02-09 19:53:56.919472,22,2,3
C0008524,P010,S0097,D0001,2024-03-05 14:10:39.626422,41,88,5
C0008525,P010,S0097,D0046,2024-02-24 06:49:48.200868,60,33,2
C0008526,P010,S0097,D0045,2024-03-01 16:03:55.076141,43,7,2
C0008527,P010,S0097,D0053,2024-03-04 00:01:22.832707,12,9,1
C0008528,P010,S0097,D0001,2024-02-28 02:58:26.566740,1,8,2
C0008529,P010,S0097,D0045,2024-02-26 11:45:00.225780,26,2,5
C0008530,P010,S0097,D0041,2024-02-22 07:03:22.376902,80,55,5
C0008531,P010,S0097,D0053,2024-02-23 19:01:38.732847,24,51,2
C0008532,P010,S0097,D0040,2024-03-01 18:29:23.213093,30,13,2
C0008533,P010,S0097,D0046,2024-03-03 22:12:12.658323,26,11,3
C0008534,P010,S0097,D0046,2024-02-28 10:55:58.134279,24,30,1
C0008535,P010,S0097,D0010,2024-02-25 05:37:22.144696,22,29,3
C0008536,P010,S0097,D0045,2024-02-23 00:40:14.748116,55,6,3
C0008537,P010,S0097,D0041,2024-02-24 15:03:50.584249,49,12,2
C0008538,P010,S0097,D0045,2024-02-29 21:46:29.693063,16,22,7
C0008539,P010,S0097,D0036,2024-02-25 14:25:01.795064,35,52,1
C0008540,P010,S0097,D0053,2024-02-24 00:03:11.809461,21,47,7
C0008541,P010,S0097,D0001,2024-02-25 14:50:04.203763,28,14,4
C0008542,P010,S0097,D0053,2024-03-02 08:35:21.685288,35,73,7
C0008543,P010,S0097,D0053,2024-03-05 09:06:05.062966,31,31,1
C0008544,P010,S0097,D0036,2024-02-22 14:39:12.087136,21,3,11
C0008545,P010,S0097,D0001,2024-02-27 21:34:41.391372,31,48,3
C0008546,P010,S0097,D0053,2024-02-27 06:51:56.195426,36,17,7
C0008547,P010,S0097,D0053,2024-02-26 09:44:27.523419,99,14,1
C0008548,P010,S0097,D0040,2024-02-26 05:54:45.949334,24,40,5
C0008549,P010,S0097,D0010,2024-02-24 18:45:52.806301,195,55,7
C0008550,P010,S0097,D0036,2024-03-03 20:08:57.011789,46,10,2
C0008551,P010,S0097,D0010,2024-02-23 09:32:37.308729,115,19,2
C0008552,P010,S0097,D0041,2024-03-01 15:41:28.068092,123,8,3
C0008553,P010,S0097,D0010,2024-02-29 12:24:56.784181,142,50,5
C0008554,P010,S0097,D0045,2024-02-25 02:34:08.481127,41,37,1
C0008555,P010,S0097,D0046,2024-02-24 03:02:56.484377,35,51,1
C0008556,P010,S0097,D0036,2024-03-05 17:12:24.347447,37,2,1
C0008557,P010,S0097,D0045,2024-02-27 17:40:04.823075,46,57,1
C0008558,P010,S0097,D0045,2024-03-05 04:59:31.826254,71,27,1
C0008559,P010,S0097,D0045,2024-02-25 15:11:51.262871,49,2,4
C0008560,P010,S0097,D0010,2024-02-28 16:56:03.055996,40,9,2
C0008561,P010,S0097,D0001,2024-02-23 13:51:42.580288,53,31,4
C0008562,P010,S0097,D0053,2024-03-02 15:32:56.344020,115,12,3
C0008563,P010,S0097,D0036,2024-03-06 03:53:36.091755,48,3,1
C0008564,P010,S0097,D0045,2024-02-25 23:32:44.379363,10,20,1
C0008565,P010,S0097,D0046,2024-02-23 02:34:22.754246,29,8,9
C0008566,P010,S0097,D0045,2024-03-03 14:18:22.985603,32,22,2
C0008567,P010,S0097,D0041,2024-02-22 07:16:03.691340,51,30,4
C0008568,P010,S0097,D0041,2024-02-25 01:36:46.196269,24,9,1
C0008569,P010,S0097,D0045,2024-03-01 15:20:14.880094,61,11,1
C0008570,P010,S0097,D0045,2024-02-23 14:32:52.866949,22,22,3
C0008571,P010,S0097,D0045,2024-02-29 06:51:33.642314,81,4,1
C0008572,P010,S0097,D0041,2024-03-01 23:17:48.516935,21,9,3
C0008573,P010,S0097,D0045,2024-03-03 03:07:54.526276,43,5,4
C0008574,P010,S0097,D0001,2024-02-24 08:53:25.314699,20,9,2
C0008575,P010,S0097,D0001,2024-03-02 09:49:46.891295,84,22,1
C0008576,P010,S0097,D0041,2024-03-06 07:37:31.078079,50,6,1
C0008577,P010,S0097,D0036,2024-03-02 00:13:20.974715,28,22,5
C0008578,P010,S0097,D0041,2024-02-28 11:45:01.543964,92,5,3
C0008579,P010,S0097,D0036,2024-02-27 21:45:51.458069,17,10,1
C0008580,P010,S0097,D0040,2024-03-06 19:43:04.125345,35,36,1
C0008581,P010,S0097,D0010,2024-03-02 18:12:28.368245,49,16,3
C0008582,P010,S0097,D0045,2024-02-28 20:48:57.733036,65,30,1
C0008583,P010,S0097,D0010,2024-02-25 22:01:05.750761,24,2,9
C0008584,P010,S0097,D0041,2024-02-29 02:18:06.199554,35,38,3
C0008585,P010,S0097,D0045,2024-02-24 10:32:55.720451,89,10,3
C0008586,P010,S0097,D0036,2024-02-25 13:39:24.586931,60,60,1
C0008587,P010,S0097,D0046,2024-03-01 11:33:41.032189,40,1,6
C0008588,P010,S0097,D0045,2024-02-28 15:08:22.472330,99,8,1
C0008589,P010,S0097,D0041,2024-03-03 05:17:09.379081,59,4,2
C0008590,P010,S0097,D0036,2024-03-02 05:09:45.523825,86,32,1
C0008591,P010,S0097,D0041,2024-03-04 20:15:48.944466,48,98,1
C0008592,P010,S0097,D0010,2024-03-03 18:12:53.804601,7,42,1
C0008593,P010,S0097,D0001,2024-02-27 23:46:21.382504,156,9,5
C0008594,P010,S0097,D0041,2024-02-24 23:05:24.315397,40,14,3
C0008595,P010,S0097,D0046,2024-02-25 17:09:42.917308,43,35,3
C0008596,P010,S0097,D0040,2024-02-28 23:59:01.250538,33,23,1
C0008597,P010,S0097,D0036,2024-02-23 09:38:09.193877,14,27,5
C0008598,P010,S0097,D0001,2024-03-05 05:53:00.394209,60,14,9
C0008599,P010,S0097,D0041,2024-02-25 00:04:46.226316,16,17,3
C0008600,P010,S0097,D0001,2024-02-23 07:47:45.540841,24,9,2
C0008601,P010,S0097,D0045,2024-02-29 06:56:19.661891,7,5,1
C0008602,P010,S0097,D0036,2024-02-26 16:31:24.551038,44,30,5
C0008603,P010,S0097,D0045,2024-02-28 20:32:13.397386,5,3,1
C0008604,P010,S0097,D0046,2024-02-27 22:56:37.582073,28,3,3
C0008605,P010,S0097,D0040,2024-03-05 09:55:10.126352,25,52,2
C0008606,P010,S0097,D0041,2024-02-25 22:07:01.302930,23,14,3
C0008607,P010,S0097,D0036,2024-03-01 07:07:49.437070,38,17,1
C0008608,P010,S0097,D0010,2024-02-22 06:27:06.105361,109,25,6
C0008609,P010,S0097,D0001,2024-02-23 11:32:12.944690,204,35,2
C0008610,P010,S0097,D0001,2024-02-27 08:05:14.779708,70,10,2
C0008611,P010,S0097,D0001,2024-02-25 19:20:41.951060,14,17,8
C0008612,P010,S0097,D0053,2024-02-23 12:40:27.048269,112,5,5
C0008613,P010,S0097,D0040,2024-03-01 09:05:26.597538,10,53,6
C0008614,P010,S0097,D0041,2024-02-27 20:43:56.600504,58,23,11
C0008615,P010,S0097,D0010,2024-03-05 18:18:34.972395,45,30,3
C0008616,P010,S0097,D0041,2024-03-01 04:49:22.747795,20,11,1
C0008617,P010,S0097,D0036,2024-02-29 11:28:18.671015,74,50,9
C0008618,P010,S0097,D0001,2024-02-25 11:16:50.519402,97,4,2
C0008619,P010,S0097,D0040,2024-03-06 12:22:02.089053,70,11,2
C0008620,P010,S0097,D0053,2024-02-23 01:05:26.215417,72,10,5
C0008621,P010,S0098,D0053,2024-03-12 01:39:13.748480,80,55,2
C0008622,P010,S0098,D0045,2024-03-13 01:43:23.513402,11,29,9
C0008623,P010,S0098,D0040,2024-03-16 00:54:47.342121,11,20,1
C0008624,P010,S0098,D0046,2024-03-16 15:42:46.001996,54,8,5
C0008625,P010,S0098,D0053,2024-03-13 22:01:15.122124,9,6,1
C0008626,P010,S0098,D0036,2024-03-11 17:41:22.898475,27,17,1
C0008627,P010,S0098,D0036,2024-03-08 12:58:28.576323,26,14,1
C0008628,P010,S0098,D0046,2024-03-07 10:13:32.683596,51,8,2
C0008629,P010,S0098,D0041,2024-03-07 19:33:11.729179,12,18,1
C0008630,P010,S0098,D0053,2024-03-19 03:30:08.411394,15,20,2
C0008631,P010,S0098,D0036,2024-03-13 06:58:09.407538,47,2,1
C0008632,P010,S0098,D0036,2024-03-19 02:35:06.089462,70,50,3
C0008633,P010,S0098,D0053,2024-03-12 08:50:05.706559,106,26,2
C0008634,P010,S0098,D0053,2024-03-20 01:21:07.941904,60,11,1
C0008635,P010,S0098,D0046,2024-03-07 11:27:21.291517,87,76,5
C0008636,P010,S0098,D0045,2024-03-17 12:00:27.915065,60,116,2
C0008637,P010,S0098,D0036,2024-03-10 23:21:14.513356,38,11,6
C0008638,P010,S0098,D0046,2024-03-19 04:57:01.148483,53,20,1
C0008639,P010,S0098,D0046,2024-03-10 14:14:06.552887,49,39,4
C0008640,P010,S0098,D0046,2024-03-14 12:49:39.251071,183,3,1
C0008641,P010,S0098,D0045,2024-03-11 21:08:14.415760,33,33,3
C0008642,P010,S0098,D0045,2024-03-10 02:53:03.085578,53,4,2
C0008643,P010,S0098,D0046,2024-03-12 12:57:35.901351,25,42,1
C0008644,P010,S0098,D0053,2024-03-12 01:55:26.887647,198,23,5
C0008645,P010,S0098,D0010,2024-03-11 10:13:21.439317,37,6,5
C0008646,P010,S0098,D0041,2024-03-18 02:27:05.457961,14,86,6
C0008647,P010,S0098,D0046,2024-03-12 05:41:38.260254,54,9,2
C0008648,P010,S0098,D0041,2024-03-19 01:01:50.477599,20,62,1
C0008649,P010,S0098,D0036,2024-03-19 05:16:21.422652,51,25,1
C0008650,P010,S0098,D0053,2024-03-20 03:08:22.228051,42,12,9
C0008651,P010,S0098,D0045,2024-03-15 23:25:59.738884,110,8,1
C0008652,P010,S0098,D0053,2024-03-14 15:06:14.134412,31,5,5
C0008653,P010,S0098,D0001,2024-03-13 15:32:45.013125,48,21,1
C0008654,P010,S0098,D0001,2024-03-08 17:32:41.294939,25,16,5
C0008655,P010,S0098,D0046,2024-03-16 08:14:23.505162,56,20,7
C0008656,P010,S0098,D0010,2024-03-07 21:29:17.716711,48,6,1
C0008657,P010,S0098,D0045,2024-03-11 11:45:41.203708,17,25,1
C0008658,P010,S0098,D0041,2024-03-09 02:05:30.938568,132,2,2
C0008659,P010,S0098,D0001,2024-03-14 01:44:26.955709,173,24,7
C0008660,P010,S0098,D0041,2024-03-07 15:32:48.029915,33,3,4
C0008661,P010,S0098,D0053,2024-03-14 22:05:45.519892,22,32,3
C0008662,P010,S0098,D0036,2024-03-14 22:07:24.392342,35,45,6
C0008663,P010,S0098,D0045,2024-03-12 11:50:48.684038,79,23,4
C0008664,P010,S0098,D0040,2024-03-14 20:41:24.404465,33,15,6
C0008665,P010,S0098,D0046,2024-03-15 04:29:04.699354,13,34,2
C0008666,P010,S0098,D0040,2024-03-09 02:21:33.294982,35,44,2
C0008667,P010,S0098,D0046,2024-03-12 03:26:33.903340,39,16,3
C0008668,P010,S0098,D0036,2024-03-14 19:02:57.947577,17,20,3
C0008669,P010,S0098,D0041,2024-03-13 23:16:50.025097,53,66,4
C0008670,P010,S0098,D0036,2024-03-10 12:07:37.642484,43,6,1
C0008671,P010,S0098,D0001,2024-03-16 04:23:33.326587,53,11,1
C0008672,P010,S0098,D0046,2024-03-10 09:00:34.236919,10,35,1
C0008673,P010,S0098,D0010,2024-03-14 11:26:13.306697,46,33,1
C0008674,P010,S0098,D0046,2024-03-16 09:06:59.257922,33,40,1
C0008675,P010,S0098,D0036,2024-03-16 03:47:11.574647,97,54,3
C0008676,P010,S0098,D0040,2024-03-12 20:55:07.820310,33,9,5
C0008677,P010,S0098,D0036,2024-03-14 19:37:06.812842,63,21,4
C0008678,P010,S0098,D0010,2024-03-09 08:47:46.807672,82,30,1
C0008679,P010,S0098,D0045,2024-03-09 07:29:55.556270,101,28,1
C0008680,P010,S0098,D0036,2024-03-19 13:43:37.360412,31,2,2
C0008681,P010,S0098,D0010,2024-03-09 21:37:43.918156,65,12,3
C0008682,P010,S0098,D0045,2024-03-15 17:04:53.171496,21,22,1
C0008683,P010,S0098,D0045,2024-03-12 00:06:44.237263,104,12,1
C0008684,P010,S0098,D0053,2024-03-13 09:33:00.334718,91,18,1
C0008685,P010,S0098,D0001,2024-03-13 09:22:30.777956,6,42,7
C0008686,P010,S0098,D0001,2024-03-08 10:47:05.377339,58,5,1
C0008687,P010,S0098,D0053,2024-03-15 22:05:48.116106,16,19,1
C0008688,P010,S0098,D0036,2024-03-10 07:03:51.123516,30,1,1
C0008689,P010,S0098,D0046,2024-03-13 09:47:40.277321,16,30,7
C0008690,P010,S0098,D0001,2024-03-09 11:40:59.737736,14,27,2
C0008691,P010,S0098,D0053,2024-03-09 03:01:20.347819,99,1,3
C0008692,P010,S0098,D0053,2024-03-16 09:41:11.227408,113,71,13
C0008693,P010,S0098,D0045,2024-03-09 16:47:17.913887,2,25,4
C0008694,P010,S0098,D0040,2024-03-18 13:43:41.686757,69,10,1
C0008695,P010,S0098,D0040,2024-03-20 11:07:13.343137,122,37,3
C0008696,P010,S0098,D0001,2024-03-19 16:50:06.749602,143,8,4
C0008697,P010,S0098,D0040,2024-03-16 10:44:46.426586,42,4,6
C0008698,P010,S0098,D0010,2024-03-19 17:26:59.872915,33,15,3
C0008699,P010,S0098,D0045,2024-03-13 17:21:20.208769,115,18,1
C0008700,P010,S0098,D0041,2024-03-18 14:08:24.093075,102,65,3
C0008701,P010,S0098,D0045,2024-03-13 23:35:18.232976,29,60,5
C0008702,P010,S0098,D0040,2024-03-16 20:13:25.785610,8,27,4
C0008703,P010,S0098,D0010,2024-03-17 10:51:24.567221,74,2,1
C0008704,P010,S0098,D0041,2024-03-09 06:43:31.184654,30,6,1
C0008705,P010,S0099,D0010,2024-04-02 15:52:10.875968,43,55,1
C0008706,P010,S0099,D0053,2024-03-27 12:35:56.518887,38,11,2
C0008707,P010,S0099,D0036,2024-04-03 05:00:14.112194,31,11,3
C0008708,P010,S0099,D0053,2024-03-24 20:54:39.472516,51,18,1
C0008709,P010,S0099,D0046,2024-03-29 00:05:31.191499,18,83,3
C0008710,P010,S0099,D0040,2024-03-23 18:26:39.658052,80,42,2
C0008711,P010,S0099,D0036,2024-03-22 00:14:49.054729,69,14,1
C0008712,P010,S0099,D0053,2024-04-01 05:11:18.454816,23,61,2
C0008713,P010,S0099,D0045,2024-03-27 02:30:49.851899,67,0,2
C0008714,P010,S0099,D0046,2024-03-28 03:26:05.866899,43,29,6
C0008715,P010,S0099,D0036,2024-03-29 12:28:28.709628,36,12,10
C0008716,P010,S0099,D0040,2024-03-31 21:45:47.355096,37,18,9
C0008717,P010,S0099,D0045,2024-03-22 00:15:14.494470,38,33,1
C0008718,P010,S0099,D0040,2024-03-27 10:46:06.667106,48,10,4
C0008719,P010,S0099,D0010,2024-04-03 19:38:59.004661,44,39,4
C0008720,P010,S0099,D0001,2024-03-26 09:30:51.674575,11,4,1
C0008721,P010,S0099,D0001,2024-03-23 04:52:53.239892,6,82,3
C0008722,P010,S0099,D0001,2024-04-03 00:27:39.777024,26,8,2
C0008723,P010,S0099,D0040,2024-03-29 15:37:39.392128,105,8,2
C0008724,P010,S0099,D0040,2024-03-23 05:27:13.962112,12,11,1
C0008725,P010,S0099,D0046,2024-04-03 02:27:26.805845,21,15,1
C0008726,P010,S0099,D0040,2024-03-21 23:57:44.188424,50,41,6
C0008727,P010,S0099,D0001,2024-03-31 16:13:01.387347,14,18,1
C0008728,P010,S0099,D0001,2024-03-22 22:52:05.648460,25,37,5
C0008729,P010,S0099,D0010,2024-03-29 19:42:57.676230,12,49,3
C0008730,P010,S0099,D0001,2024-04-01 11:56:29.599662,58,5,1
C0008731,P010,S0099,D0045,2024-03-21 12:09:02.452177,97,19,1
C0008732,P010,S0099,D0046,2024-03-30 13:32:15.495440,33,28,3
C0008733,P010,S0099,D0046,2024-03-30 07:08:52.645687,28,10,4
C0008734,P010,S0099,D0010,2024-03-25 01:41:36.124525,95,20,3
C0008735,P010,S0099,D0040,2024-03-29 05:47:08.058479,36,7,1
C0008736,P010,S0099,D0046,2024-03-23 22:36:28.625249,74,25,6
C0008737,P010,S0099,D0041,2024-04-01 07:58:44.002021,16,6,8
C0008738,P010,S0099,D0046,2024-04-01 18:07:50.527885,87,12,1
C0008739,P010,S0099,D0046,2024-03-31 21:21:27.093492,30,22,5
C0008740,P010,S0099,D0053,2024-03-30 10:37:55.079467,29,78,1
C0008741,P010,S0099,D0053,2024-03-22 13:39:57.029156,9,19,1
C0008742,P010,S0099,D0045,2024-03-23 19:38:34.497280,63,24,3
C0008743,P010,S0099,D0036,2024-04-02 09:48:50.883737,115,25,1
C0008744,P010,S0099,D0053,2024-04-01 05:24:24.821677,175,28,4
C0008745,P010,S0099,D0010,2024-03-28 17:03:07.176381,43,16,1
C0008746,P010,S0099,D0040,2024-03-30 11:17:11.339424,135,4,3
C0008747,P010,S0099,D0046,2024-04-02 19:49:40.106942,21,21,1
C0008748,P010,S0099,D0041,2024-03-23 14:08:01.246387,72,14,7
C0008749,P010,S0099,D0041,2024-03-25 11:00:46.802586,35,20,2
C0008750,P010,S0099,D0040,2024-03-21 17:28:13.102841,41,9,5
C0008751,P010,S0099,D0010,2024-03-27 08:26:11.036499,46,21,4
C0008752,P010,S0099,D0045,2024-03-27 21:00:17.404207,28,15,1
C0008753,P010,S0099,D0053,2024-03-22 17:51:41.073739,13,13,2
C0008754,P010,S0099,D0045,2024-03-28 06:27:23.636951,51,8,2
C0008755,P010,S0099,D0053,2024-03-25 03:56:44.396965,52,2,1
C0008756,P010,S0099,D0046,2024-03-28 10:57:58.568715,8,10,3
C0008757,P010,S0099,D0046,2024-03-29 17:30:49.385768,19,20,2
C0008758,P010,S0099,D0001,2024-04-01 21:20:42.054007,24,42,4
C0008759,P010,S0099,D0040,2024-03-26 00:57:21.702709,65,80,1
C0008760,P010,S0099,D0045,2024-03-22 22:15:47.120712,29,55,1
C0008761,P010,S0099,D0046,2024-03-23 04:42:29.307650,31,1,1
C0008762,P010,S0099,D0053,2024-03-22 19:36:06.480537,2,14,6
C0008763,P010,S0099,D0045,2024-03-26 16:50:51.763382,26,63,1
C0008764,P010,S0099,D0040,2024-03-24 18:44:42.910212,80,51,4
C0008765,P010,S0099,D0046,2024-03-27 10:57:03.092923,56,11,2
C0008766,P010,S0099,D0053,2024-03-29 19:32:43.800627,20,10,2
C0008767,P010,S0099,D0010,2024-04-01 08:22:14.180232,86,34,3
C0008768,P010,S0099,D0046,2024-04-01 10:01:43.021745,61,58,1
C0008769,P010,S0099,D0010,2024-03-29 09:43:56.512434,26,15,1
C0008770,P010,S0099,D0001,2024-03-26 05:54:48.836136,12,16,1
C0008771,P010,S0099,D0001,2024-03-24 08:56:50.485793,38,0,4
C0008772,P010,S0099,D0036,2024-03-30 15:28:02.410181,58,25,1
C0008773,P010,S0099,D0041,2024-04-03 04:44:18.730865,15,18,3
C0008774,P010,S0099,D0045,2024-03-22 00:34:04.402917,46,3,5
C0008775,P010,S0099,D0046,2024-03-22 20:23:09.874134,19,46,4
C0008776,P010,S0099,D0045,2024-03-22 09:39:49.661436,86,15,7
C0008777,P010,S0099,D0046,2024-03-31 02:31:25.112114,9,6,1
C0008778,P010,S0099,D0041,2024-03-24 15:28:25.523013,27,15,4
C0008779,P010,S0099,D0045,2024-03-22 06:28:53.727028,15,30,2
C0008780,P010,S0099,D0053,2024-03-26 10:21:18.303970,41,46,5
C0008781,P010,S0099,D0040,2024-03-22 23:33:10.033333,12,11,4
C0008782,P010,S0099,D0036,2024-03-27 00:26:43.750665,28,71,5
C0008783,P010,S0099,D0041,2024-03-22 11:07:07.965717,31,18,2
C0008784,P010,S0099,D0040,2024-03-29 04:41:22.791681,95,9,1
C0008785,P010,S0099,D0046,2024-03-28 06:45:03.281462,25,4,1
C0008786,P010,S0099,D0040,2024-04-02 14:58:19.528921,121,6,4
C0008787,P010,S0099,D0046,2024-03-27 17:50:03.203612,96,5,1
C0008788,P010,S0099,D0010,2024-03-30 05:06:44.786765,53,37,1
C0008789,P010,S0099,D0045,2024-03-29 07:14:11.128190,58,29,1
C0008790,P010,S0099,D0041,2024-04-02 13:50:09.369789,121,4,5
C0008791,P010,S0099,D0040,2024-04-01 02:26:26.474807,36,20,1
C0008792,P010,S0099,D0053,2024-03-30 13:07:37.862863,27,17,1
C0008793,P010,S0099,D0036,2024-04-01 07:25:52.356684,28,17,1
C0008794,P010,S0099,D0053,2024-03-24 10:11:26.432020,12,24,2
C0008795,P010,S0099,D0046,2024-03-28 20:23:40.029394,32,26,1
C0008796,P010,S0099,D0001,2024-03-25 02:22:19.168973,44,9,1
C0008797,P010,S0099,D0046,2024-03-25 17:41:29.616717,13,9,1
C0008798,P010,S0099,D0010,2024-03-29 13:18:03.688074,11,11,2
C0008799,P010,S0099,D0036,2024-03-29 17:40:36.380184,16,101,3
C0008800,P010,S0099,D0010,2024-03-23 22:57:25.382137,67,9,7
C0008801,P010,S0099,D0053,2024-04-01 06:24:12.725063,67,18,2
C0008802,P010,S0099,D0040,2024-03-25 03:15:54.364719,83,62,1
C0008803,P010,S0099,D0046,2024-04-01 07:27:31.548846,122,10,3
C0008804,P010,S0099,D0040,2024-04-01 07:51:01.913671,99,72,1
C0008805,P010,S0099,D0045,2024-03-25 07:33:05.046112,22,13,3
C0008806,P010,S0099,D0053,2024-03-31 00:31:28.952886,48,19,1
C0008807,P010,S0099,D0045,2024-03-30 16:37:54.860446,65,19,1
C0008808,P010,S0099,D0036,2024-04-03 04:35:18.989590,20,9,1
C0008809,P010,S0099,D0046,2024-04-03 09:45:45.224048,47,46,4
C0008810,P010,S0099,D0041,2024-04-03 12:14:28.780704,15,5,2
C0008811,P010,S0099,D0010,2024-03-27 03:31:34.088718,16,11,2
C0008812,P010,S0099,D0001,2024-03-28 03:30:32.199432,87,45,5
C0008813,P010,S0099,D0046,2024-03-28 02:43:46.802824,20,15,1
C0008814,P010,S0099,D0041,2024-04-02 20:08:33.990335,106,1,2
C0008815,P010,S0099,D0040,2024-04-01 14:37:30.767355,117,11,1
C0008816,P010,S0099,D0046,2024-03-22 09:05:30.376249,17,13,1
C0008817,P010,S0099,D0010,2024-04-01 10:21:15.285817,67,2,5
C0008818,P010,S0099,D0045,2024-03-27 03:35:26.858521,153,15,1
C0008819,P010,S0099,D0046,2024-03-30 06:25:14.430598,63,6,2
C0008820,P010,S0099,D0001,2024-03-24 14:39:27.579242,78,14,1
C0008821,P010,S0099,D0041,2024-03-28 06:08:05.357270,44,11,2
C0008822,P010,S0099,D0036,2024-03-24 07:17:40.824159,72,1,4
C0008823,P010,S0099,D0001,2024-03-24 05:40:16.547274,50,23,11
C0008824,P010,S0099,D0041,2024-03-29 22:00:35.141499,52,68,5
C0008825,P010,S0099,D0040,2024-03-23 03:26:32.468860,53,19,1
C0008826,P010,S0099,D0041,2024-03-31 13:43:28.823773,12,21,1
C0008827,P010,S0099,D0045,2024-03-28 05:38:13.285137,26,34,1
C0008828,P010,S0099,D0053,2024-03-23 14:53:00.237812,122,24,3
C0008829,P010,S0099,D0001,2024-03-26 22:55:45.041409,84,27,3
C0008830,P010,S0099,D0010,2024-03-27 18:09:30.032214,74,49,1
C0008831,P010,S0099,D0041,2024-03-30 18:29:52.301764,19,26,3
C0008832,P010,S0099,D0045,2024-03-29 05:24:58.949853,66,20,1
C0008833,P010,S0099,D0036,2024-04-01 01:29:16.826127,58,9,3
C0008834,P010,S0099,D0041,2024-03-27 19:59:22.199223,21,5,3
C0008835,P010,S0099,D0036,2024-03-31 17:00:44.650968,31,26,1
C0008836,P010,S0099,D0041,2024-03-25 06:02:06.640851,52,4,4
C0008837,P010,S0100,D0046,2024-04-13 01:16:38.948913,31,32,4
C0008838,P010,S0100,D0041,2024-04-07 02:32:41.457830,8,4,2
C0008839,P010,S0100,D0001,2024-04-15 16:15:20.978126,41,10,5
C0008840,P010,S0100,D0053,2024-04-15 14:36:04.390820,61,22,1
C0008841,P010,S0100,D0040,2024-04-09 06:32:48.138629,4,14,1
C0008842,P010,S0100,D0036,2024-04-17 09:45:44.102787,80,20,2
C0008843,P010,S0100,D0010,2024-04-05 07:33:34.228724,1,55,2
C0008844,P010,S0100,D0045,2024-04-14 15:10:59.165355,141,7,2
C0008845,P010,S0100,D0036,2024-04-16 00:08:24.901387,91,16,1
C0008846,P010,S0100,D0040,2024-04-07 05:29:16.872479,28,7,7
C0008847,P010,S0100,D0001,2024-04-09 12:00:33.587784,64,7,3
C0008848,P010,S0100,D0010,2024-04-14 22:47:29.301080,20,10,2
C0008849,P010,S0100,D0053,2024-04-13 23:17:39.450636,3,17,1
C0008850,P010,S0100,D0053,2024-04-10 10:35:46.157652,62,21,3
C0008851,P010,S0100,D0001,2024-04-14 07:46:34.311033,28,25,14
C0008852,P010,S0100,D0045,2024-04-10 15:06:59.289793,17,7,1
C0008853,P010,S0100,D0040,2024-04-15 16:44:33.559444,16,8,13
C0008854,P010,S0100,D0041,2024-04-07 05:33:35.106829,46,48,1
C0008855,P010,S0100,D0041,2024-04-15 12:24:38.159777,94,12,3
C0008856,P010,S0100,D0001,2024-04-10 12:29:08.967128,60,48,1
C0008857,P010,S0100,D0041,2024-04-08 04:25:54.579670,29,46,2
C0008858,P010,S0100,D0036,2024-04-04 14:12:20.635265,8,9,3
C0008859,P010,S0100,D0010,2024-04-14 23:15:09.627840,18,11,1
C0008860,P010,S0100,D0010,2024-04-11 09:29:57.934464,40,13,2
C0008861,P010,S0100,D0045,2024-04-10 12:01:42.175712,31,28,12
C0008862,P010,S0100,D0046,2024-04-15 01:08:16.646411,14,7,1
C0008863,P010,S0100,D0053,2024-04-12 03:44:59.284873,39,57,11
C0008864,P010,S0100,D0001,2024-04-10 10:23:35.045670,64,63,1
C0008865,P010,S0100,D0053,2024-04-16 23:07:29.191130,5,5,1
C0008866,P010,S0100,D0041,2024-04-11 13:01:18.392078,35,13,1
C0008867,P010,S0100,D0036,2024-04-12 04:53:46.300442,76,10,4
C0008868,P010,S0100,D0045,2024-04-05 20:26:46.349958,42,33,1
C0008869,P010,S0100,D0036,2024-04-10 08:47:21.815776,30,12,8
C0008870,P010,S0100,D0010,2024-04-09 14:55:35.639829,24,4,9
C0008871,P010,S0100,D0045,2024-04-05 16:32:02.957352,50,51,5
C0008872,P010,S0100,D0001,2024-04-08 23:12:39.004939,33,19,4
C0008873,P010,S0100,D0041,2024-04-09 01:46:00.664964,47,34,4
C0008874,P010,S0100,D0010,2024-04-09 03:55:35.362266,77,17,3
C0008875,P010,S0100,D0046,2024-04-11 20:36:16.825612,63,13,1
C0008876,P010,S0100,D0001,2024-04-07 19:19:50.721727,66,78,1
C0008877,P010,S0100,D0053,2024-04-14 08:01:56.737578,42,31,1
C0008878,P010,S0100,D0010,2024-04-12 20:54:34.091226,15,19,2
C0008879,P010,S0100,D0046,2024-04-13 13:02:14.667706,81,16,2
C0008880,P010,S0100,D0053,2024-04-08 01:52:34.343915,42,3,3
C0008881,P010,S0100,D0040,2024-04-06 06:49:08.214807,60,3,1
C0008882,P010,S0100,D0046,2024-04-15 07:59:41.099821,14,4,1
C0008883,P010,S0100,D0041,2024-04-09 23:45:39.452379,3,21,5
C0008884,P010,S0100,D0053,2024-04-10 12:15:52.262564,35,8,1
C0008885,P010,S0100,D0045,2024-04-07 17:08:38.775042,136,38,1
C0008886,P010,S0100,D0001,2024-04-13 08:14:44.313003,59,7,4
C0008887,P010,S0100,D0053,2024-04-05 07:44:36.302646,29,89,3
C0008888,P010,S0100,D0001,2024-04-06 18:05:40.772719,4,4,4
C0008889,P010,S0100,D0053,2024-04-15 21:23:55.797504,11,29,1
C0008890,P010,S0100,D0046,2024-04-09 22:23:31.501293,75,33,1
C0008891,P010,S0100,D0045,2024-04-09 15:26:28.458192,52,18,1
C0008892,P010,S0100,D0053,2024-04-11 06:13:53.905733,29,3,3
C0008893,P010,S0100,D0045,2024-04-11 23:01:57.475274,70,36,1
C0008894,P010,S0100,D0001,2024-04-06 21:38:23.013582,19,28,6
C0008895,P010,S0100,D0001,2024-04-12 19:55:17.137640,32,39,1
C0008896,P010,S0100,D0001,2024-04-05 01:36:52.000458,24,7,1
C0008897,P010,S0100,D0040,2024-04-05 05:56:40.710836,71,4,2
C0008898,P010,S0100,D0053,2024-04-10 05:53:34.576876,27,3,1
C0008899,P010,S0100,D0010,2024-04-10 12:06:10.344823,46,16,1
C0008900,P010,S0100,D0010,2024-04-08 10:10:56.277166,25,5,1
C0008901,P010,S0100,D0041,2024-04-11 13:46:45.597163,39,37,4
C0008902,P010,S0100,D0001,2024-04-07 20:19:51.716595,49,22,2
C0008903,P010,S0100,D0036,2024-04-11 11:23:16.143342,18,0,3
C0008904,P010,S0100,D0046,2024-04-10 12:16:31.926195,15,20,2
C0008905,P010,S0100,D0040,2024-04-11 11:32:32.592066,54,36,5
C0008906,P010,S0100,D0053,2024-04-12 08:44:39.902996,33,33,2
C0008907,P010,S0100,D0041,2024-04-08 14:40:03.110260,39,25,3
C0008908,P010,S0100,D0053,2024-04-04 23:49:27.653352,25,14,3
C0008909,P010,S0100,D0041,2024-04-11 06:51:43.223428,15,34,7
C0008910,P010,S0100,D0053,2024-04-06 13:22:48.975986,104,10,1
C0008911,P010,S0100,D0010,2024-04-12 02:37:18.258045,13,28,10
C0008912,P010,S0100,D0046,2024-04-14 08:08:21.501251,10,23,1
C0008913,P010,S0100,D0010,2024-04-16 22:45:12.715055,18,39,3
C0008914,P010,S0100,D0053,2024-04-05 08:21:55.675669,24,12,1
C0008915,P010,S0100,D0046,2024-04-07 11:13:30.550197,24,43,1
C0008916,P010,S0100,D0001,2024-04-07 21:12:13.652755,62,7,3
C0008917,P010,S0100,D0045,2024-04-05 21:42:37.694095,42,4,1
C0008918,P010,S0100,D0045,2024-04-07 06:48:20.729937,53,1,3
C0008919,P010,S0100,D0036,2024-04-05 15:40:57.702818,51,11,1
C0008920,P010,S0100,D0036,2024-04-16 21:38:19.847291,29,43,1
C0008921,P010,S0100,D0041,2024-04-06 10:55:44.938379,24,33,1
C0008922,P010,S0100,D0046,2024-04-14 09:30:30.612594,47,24,4
C0008923,P010,S0100,D0045,2024-04-15 17:40:44.363777,175,13,7
C0008924,P010,S0100,D0041,2024-04-14 06:03:37.440680,73,17,5
C0008925,P010,S0100,D0046,2024-04-08 01:04:14.521249,100,7,1
C0008926,P010,S0100,D0010,2024-04-05 07:23:11.726168,91,7,1
C0008927,P010,S0100,D0046,2024-04-04 21:07:10.913491,12,15,1
C0008928,P010,S0100,D0001,2024-04-11 21:00:35.483665,45,8,3
C0008929,P010,S0100,D0045,2024-04-08 03:06:51.386735,47,45,6
C0008930,P010,S0100,D0001,2024-04-07 21:46:57.901345,23,9,4
C0008931,P010,S0100,D0053,2024-04-09 12:09:36.796312,36,1,1
C0008932,P010,S0100,D0041,2024-04-07 11:16:23.579716,83,18,1
C0008933,P010,S0100,D0053,2024-04-14 03:48:09.682692,50,35,1
C0008934,P010,S0100,D0046,2024-04-08 18:46:40.246914,39,63,4
C0008935,P010,S0100,D0053,2024-04-17 13:35:56.393550,31,16,4
C0008936,P010,S0100,D0036,2024-04-12 06:44:21.402585,49,8,2
C0008937,P010,S0100,D0001,2024-04-12 20:48:01.936966,3,27,2
C0008938,P010,S0100,D0045,2024-04-17 10:01:58.651603,38,31,2
C0008939,P010,S0100,D0040,2024-04-06 22:32:45.623301,22,22,1
C0008940,P010,S0100,D0001,2024-04-15 17:13:17.970358,31,7,2
C0008941,P010,S0100,D0053,2024-04-16 08:43:25.080064,26,7,5
C0008942,P010,S0100,D0045,2024-04-13 21:00:45.531480,73,46,1
C0008943,P010,S0100,D0046,2024-04-14 02:55:23.777305,16,17,11
C0008944,P010,S0100,D0040,2024-04-06 07:13:06.147692,35,17,1
C0008945,P010,S0100,D0040,2024-04-07 09:10:10.910423,21,6,5
C0008946,P010,S0100,D0041,2024-04-04 09:53:10.821971,17,9,3
C0008947,P010,S0100,D0010,2024-04-16 10:50:01.525949,113,39,1
C0008948,P010,S0100,D0001,2024-04-09 23:13:20.281661,81,41,4
C0008949,P010,S0100,D0001,2024-04-14 10:41:49.062357,52,10,1
C0008950,P010,S0100,D0041,2024-04-04 04:17:54.911391,52,8,1
C0008951,P010,S0100,D0046,2024-04-09 19:31:34.010835,110,30,1
C0008952,P010,S0100,D0040,2024-04-04 17:03:17.071221,47,25,1
C0008953,P010,S0100,D0046,2024-04-06 12:05:33.127594,13,32,1
C0008954,P010,S0100,D0053,2024-04-14 00:09:06.422311,12,1,2
C0008955,P010,S0100,D0040,2024-04-04 09:26:48.285291,48,53,2
C0008956,P010,S0100,D0041,2024-04-12 17:58:59.058330,79,37,1
C0008957,P010,S0100,D0053,2024-04-15 08:15:36.821391,55,31,8
C0008958,P010,S0100,D0053,2024-04-04 10:07:20.973332,118,15,1
C0008959,P010,S0100,D0001,2024-04-16 09:38:09.579668,52,24,1
C0008960,P010,S0100,D0046,2024-04-10 23:33:02.555908,57,26,1
C0008961,P010,S0100,D0053,2024-04-05 09:58:56.588991,76,17,4
C0008962,P010,S0100,D0010,2024-04-04 19:54:28.620569,29,58,2
C0008963,P010,S0100,D0010,2024-04-10 06:10:31.893862,59,7,1
C0008964,P010,S0100,D0036,2024-04-05 17:07:08.581389,46,43,2
C0008965,P010,S0100,D0053,2024-04-06 01:19:08.227391,40,20,1
C0008966,P010,S0100,D0010,2024-04-15 20:17:54.301311,50,36,2
C0008967,P010,S0100,D0010,2024-04-08 06:49:45.518488,36,19,1
C0008968,P010,S0100,D0053,2024-04-17 18:04:16.106332,38,10,1
C0008969,P010,S0100,D0053,2024-04-07 15:27:21.717311,15,22,7
C0008970,P010,S0100,D0001,2024-04-05 21:57:14.614293,37,1,5
C0008971,P010,S0100,D0046,2024-04-11 12:51:04.955251,54,13,1
C0008972,P010,S0100,D0041,2024-04-05 07:27:30.093982,2,7,1
C0008973,P010,S0100,D0036,2024-04-16 20:50:40.132255,47,36,3
C0008974,P011,S0101,D0051,2023-12-03 21:57:57.788051,44,17,1
C0008975,P011,S0101,D0051,2023-11-25 18:43:41.991357,104,49,3
C0008976,P011,S0101,D0028,2023-12-01 15:30:02.178220,9,19,2
C0008977,P011,S0101,D0051,2023-12-03 17:52:16.907765,42,19,3
C0008978,P011,S0101,D0039,2023-11-26 01:28:27.468960,165,5,4
C0008979,P011,S0101,D0039,2023-12-06 01:44:11.285400,83,1,1
C0008980,P011,S0101,D0028,2023-11-28 17:22:03.296485,118,28,1
C0008981,P011,S0101,D0051,2023-12-05 15:12:30.773720,96,4,2
C0008982,P011,S0101,D0039,2023-12-04 00:15:37.849821,7,3,5
C0008983,P011,S0101,D0039,2023-12-02 10:46:37.015594,86,2,1
C0008984,P011,S0101,D0051,2023-11-26 11:42:24.825164,34,28,1
C0008985,P011,S0101,D0011,2023-11-26 21:00:47.739203,41,11,1
C0008986,P011,S0101,D0016,2023-11-25 05:06:39.797544,19,47,1
C0008987,P011,S0101,D0028,2023-12-05 20:49:06.715832,13,36,1
C0008988,P011,S0101,D0028,2023-11-28 19:43:47.104522,36,11,1
C0008989,P011,S0101,D0016,2023-11-29 02:28:34.232603,6,2,6
C0008990,P011,S0101,D0011,2023-11-27 10:27:47.332695,10,18,5
C0008991,P011,S0101,D0039,2023-12-04 07:06:43.752206,114,20,3
C0008992,P011,S0101,D0051,2023-12-03 00:37:18.168975,113,17,4
C0008993,P011,S0101,D0016,2023-12-03 20:09:06.213433,11,14,1
C0008994,P011,S0101,D0051,2023-11-27 03:30:10.042685,87,57,1
C0008995,P011,S0101,D0011,2023-11-25 09:45:38.337781,8,4,3
C0008996,P011,S0101,D0039,2023-11-27 14:40:56.459754,82,6,5
C0008997,P011,S0101,D0011,2023-12-04 23:42:32.504250,136,7,3
C0008998,P011,S0101,D0039,2023-11-25 19:25:00.485470,60,18,6
C0008999,P011,S0101,D0051,2023-12-04 00:03:45.093666,36,20,1
C0009000,P011,S0101,D0028,2023-12-03 22:45:57.869724,2,5,4
C0009001,P011,S0101,D0011,2023-11-25 14:42:02.937108,3,9,5
C0009002,P011,S0101,D0051,2023-12-06 09:53:00.195098,18,13,1
C0009003,P011,S0101,D0011,2023-11-25 05:17:43.443421,39,26,1
C0009004,P011,S0101,D0028,2023-11-24 06:45:10.716989,14,20,1
C0009005,P011,S0101,D0011,2023-11-25 03:17:00.828887,17,33,1
C0009006,P011,S0101,D0028,2023-12-05 03:22:57.984514,56,9,1
C0009007,P011,S0101,D0028,2023-11-27 03:49:39.010940,43,15,1
C0009008,P011,S0101,D0016,2023-12-01 14:57:01.593703,28,8,1
C0009009,P011,S0101,D0028,2023-12-06 04:29:37.489415,23,2,3
C0009010,P011,S0101,D0011,2023-12-01 13:14:54.248356,23,21,2
C0009011,P011,S0101,D0028,2023-11-30 16:52:31.425741,35,18,2
C0009012,P011,S0101,D0016,2023-11-26 17:01:25.827150,66,46,9
C0009013,P011,S0101,D0051,2023-11-30 12:21:47.787715,47,1,1
C0009014,P011,S0102,D0051,2023-12-20 23:59:24.195175,42,6,1
C0009015,P011,S0102,D0016,2023-12-15 08:28:39.824461,66,51,5
C0009016,P011,S0102,D0016,2023-12-10 05:36:00.722681,31,37,1
C0009017,P011,S0102,D0039,2023-12-14 03:35:48.275599,89,36,1
C0009018,P011,S0102,D0051,2023-12-15 00:51:15.256738,45,21,1
C0009019,P011,S0102,D0011,2023-12-14 12:29:47.364094,58,15,1
C0009020,P011,S0102,D0028,2023-12-09 05:23:01.963370,44,26,1
C0009021,P011,S0102,D0051,2023-12-16 06:19:37.783952,18,19,1
C0009022,P011,S0102,D0011,2023-12-08 12:36:29.796611,19,1,1
C0009023,P011,S0102,D0039,2023-12-12 20:18:49.587394,72,25,1
C0009024,P011,S0102,D0011,2023-12-12 10:11:50.715418,93,14,2
C0009025,P011,S0102,D0039,2023-12-14 23:51:20.224090,13,9,1
C0009026,P011,S0102,D0011,2023-12-09 03:14:26.235521,52,15,3
C0009027,P011,S0102,D0016,2023-12-12 20:21:12.892435,5,42,1
C0009028,P011,S0102,D0039,2023-12-13 05:06:26.460488,38,15,1
C0009029,P011,S0102,D0016,2023-12-09 03:18:04.165862,28,9,1
C0009030,P011,S0102,D0028,2023-12-21 00:15:19.837348,134,31,2
C0009031,P011,S0102,D0011,2023-12-14 08:38:33.799968,35,15,5
C0009032,P011,S0102,D0039,2023-12-12 16:43:23.828218,23,23,3
C0009033,P011,S0102,D0028,2023-12-14 19:18:18.355876,38,45,1
C0009034,P011,S0102,D0028,2023-12-17 14:49:21.805561,18,4,2
C0009035,P011,S0102,D0051,2023-12-21 19:49:53.705865,2,25,6
C0009036,P011,S0102,D0016,2023-12-08 16:49:07.768490,19,9,1
C0009037,P011,S0102,D0011,2023-12-21 11:50:58.424425,61,49,1
C0009038,P011,S0102,D0011,2023-12-10 23:39:22.182232,82,28,3
C0009039,P011,S0102,D0028,2023-12-09 03:23:34.540334,79,18,7
C0009040,P011,S0102,D0016,2023-12-12 16:35:47.851012,33,55,1
C0009041,P011,S0102,D0051,2023-12-21 06:46:26.084728,111,9,3
C0009042,P011,S0102,D0039,2023-12-15 22:47:18.090835,27,8,4
C0009043,P011,S0102,D0016,2023-12-16 20:37:34.733293,1,7,5
C0009044,P011,S0102,D0028,2023-12-13 06:26:41.151374,111,26,7
C0009045,P011,S0102,D0039,2023-12-14 10:27:59.283819,49,27,3
C0009046,P011,S0102,D0051,2023-12-21 06:11:50.123057,49,30,2
C0009047,P011,S0102,D0028,2023-12-12 13:12:37.692920,7,29,3
C0009048,P011,S0102,D0039,2023-12-14 07:28:02.160069,13,36,4
C0009049,P011,S0102,D0016,2023-12-09 23:44:35.812555,36,3,4
C0009050,P011,S0102,D0016,2023-12-20 08:08:49.890576,25,5,4
C0009051,P011,S0102,D0051,2023-12-10 22:17:15.438746,13,16,1
C0009052,P011,S0102,D0051,2023-12-13 12:59:59.758868,109,33,1
C0009053,P011,S0102,D0016,2023-12-14 17:41:02.546149,39,13,1
C0009054,P011,S0102,D0028,2023-12-17 14:00:45.683050,18,13,2
C0009055,P011,S0102,D0051,2023-12-11 21:44:21.708282,112,48,1
C0009056,P011,S0102,D0039,2023-12-15 19:06:47.761077,23,28,3
C0009057,P011,S0102,D0028,2023-12-21 06:40:22.346823,38,31,4
C0009058,P011,S0102,D0016,2023-12-21 02:06:37.330050,57,3,1
C0009059,P011,S0102,D0039,2023-12-12 15:18:53.396974,52,37,2
C0009060,P011,S0102,D0016,2023-12-11 03:14:46.564635,95,16,5
C0009061,P011,S0102,D0039,2023-12-08 06:39:18.497660,5,72,1
C0009062,P011,S0102,D0051,2023-12-12 02:21:55.644525,35,26,1
C0009063,P011,S0102,D0011,2023-12-15 03:05:23.781841,24,18,1
C0009064,P011,S0102,D0011,2023-12-14 04:03:16.223469,15,13,1
C0009065,P011,S0102,D0011,2023-12-21 06:17:15.683173,175,13,1
C0009066,P011,S0102,D0028,2023-12-15 14:35:18.985222,101,29,1
C0009067,P011,S0102,D0028,2023-12-18 20:43:34.328150,28,24,1
C0009068,P011,S0102,D0016,2023-12-21 16:09:14.896343,17,21,2
C0009069,P011,S0102,D0016,2023-12-09 12:02:30.533229,13,10,2
C0009070,P011,S0102,D0028,2023-12-08 19:52:12.295981,39,42,1
C0009071,P011,S0102,D0016,2023-12-20 01:09:36.804737,42,18,1
C0009072,P011,S0102,D0039,2023-12-20 10:10:58.153587,26,30,1
C0009073,P011,S0102,D0028,2023-12-09 01:33:11.135508,94,26,3
C0009074,P011,S0103,D0051,2023-12-31 00:56:55.897141,39,29,2
C0009075,P011,S0103,D0039,2024-01-04 08:16:01.331139,14,7,3
C0009076,P011,S0103,D0028,2023-12-22 10:41:58.225087,88,4,1
C0009077,P011,S0103,D0016,2023-12-24 19:44:04.126068,53,30,2
C0009078,P011,S0103,D0039,2024-01-02 03:31:46.871841,69,22,6
C0009079,P011,S0103,D0028,2023-12-29 10:26:41.666322,36,12,1
C0009080,P011,S0103,D0028,2023-12-22 15:04:01.647065,28,11,3
C0009081,P011,S0103,D0039,2023-12-31 07:39:41.977619,40,5,3
C0009082,P011,S0103,D0051,2023-12-29 17:03:32.604993,20,65,2
C0009083,P011,S0103,D0011,2023-12-27 09:12:32.013371,68,3,3
C0009084,P011,S0103,D0011,2023-12-23 18:24:59.493944,114,38,2
C0009085,P011,S0103,D0039,2023-12-24 11:35:53.581754,49,9,2
C0009086,P011,S0103,D0039,2023-12-29 02:31:20.522026,20,3,3
C0009087,P011,S0103,D0028,2023-12-29 00:39:10.773426,51,35,2
C0009088,P011,S0103,D0011,2023-12-28 09:59:04.637915,35,23,6
C0009089,P011,S0103,D0039,2023-12-27 15:32:29.920107,80,9,5
C0009090,P011,S0103,D0016,2023-12-25 07:30:05.682616,68,2,3
C0009091,P011,S0103,D0039,2023-12-26 20:33:14.671667,145,7,6
C0009092,P011,S0103,D0028,2024-01-02 18:41:57.556664,41,28,1
C0009093,P011,S0103,D0039,2023-12-28 20:05:03.414108,92,14,3
C0009094,P011,S0103,D0039,2023-12-26 07:08:47.346756,16,29,1
C0009095,P011,S0103,D0011,2023-12-26 03:15:47.716035,57,9,2
C0009096,P011,S0103,D0028,2023-12-30 03:47:21.515517,68,21,3
C0009097,P011,S0103,D0011,2024-01-02 02:23:28.905172,24,25,2
C0009098,P011,S0103,D0011,2023-12-30 22:42:15.281568,21,13,2
C0009099,P011,S0103,D0051,2023-12-28 12:05:11.560513,17,19,2
C0009100,P011,S0103,D0051,2023-12-31 20:59:41.614008,104,26,2
C0009101,P011,S0103,D0028,2023-12-26 02:35:21.558398,7,7,5
C0009102,P011,S0103,D0039,2023-12-29 02:12:03.821141,63,37,11
C0009103,P011,S0103,D0016,2023-12-22 22:38:03.768289,32,11,1
C0009104,P011,S0103,D0011,2023-12-29 11:12:35.408803,20,30,1
C0009105,P011,S0103,D0051,2023-12-23 18:40:53.722628,40,6,1
C0009106,P011,S0103,D0039,2024-01-03 11:41:35.871399,58,4,2
C0009107,P011,S0103,D0016,2023-12-26 08:09:31.181902,52,28,3
C0009108,P011,S0103,D0028,2024-01-01 20:51:29.590805,11,8,6
C0009109,P011,S0103,D0028,2023-12-23 01:47:08.663599,43,29,2
C0009110,P011,S0103,D0051,2023-12-25 22:25:58.750933,7,2,1
C0009111,P011,S0103,D0051,2023-12-25 22:48:34.636846,3,20,4
C0009112,P011,S0103,D0016,2023-12-28 17:54:24.441695,165,20,3
C0009113,P011,S0103,D0028,2023-12-31 17:27:15.794430,48,34,1
C0009114,P011,S0103,D0011,2023-12-30 15:44:45.964389,37,67,4
C0009115,P011,S0103,D0028,2023-12-30 13:09:13.644338,21,2,4
C0009116,P011,S0104,D0028,2024-01-12 12:15:15.986681,38,52,4
C0009117,P011,S0104,D0051,2024-01-14 23:08:34.333677,33,35,2
C0009118,P011,S0104,D0028,2024-01-09 17:21:12.211523,48,1,6
C0009119,P011,S0104,D0011,2024-01-09 14:02:30.546467,153,12,1
C0009120,P011,S0104,D0051,2024-01-09 19:21:17.038883,60,19,6
C0009121,P011,S0104,D0039,2024-01-12 21:39:03.321035,20,32,1
C0009122,P011,S0104,D0016,2024-01-09 01:27:01.770970,6,14,4
C0009123,P011,S0104,D0039,2024-01-13 01:30:25.083295,25,6,5
C0009124,P011,S0104,D0028,2024-01-14 05:17:52.990720,44,26,4
C0009125,P011,S0104,D0051,2024-01-16 00:23:26.563436,42,7,1
C0009126,P011,S0104,D0039,2024-01-15 05:09:58.920561,92,15,3
C0009127,P011,S0104,D0039,2024-01-06 10:42:24.846321,43,20,9
C0009128,P011,S0104,D0011,2024-01-06 09:00:55.819590,53,17,3
C0009129,P011,S0104,D0016,2024-01-14 00:55:43.569107,17,25,8
C0009130,P011,S0104,D0051,2024-01-07 22:51:30.669492,60,10,3
C0009131,P011,S0104,D0016,2024-01-11 00:43:22.340598,52,63,5
C0009132,P011,S0104,D0051,2024-01-10 09:26:10.657522,33,24,4
C0009133,P011,S0104,D0011,2024-01-08 20:19:29.644265,55,5,6
C0009134,P011,S0104,D0028,2024-01-14 00:56:01.248254,124,22,2
C0009135,P011,S0104,D0039,2024-01-08 13:39:47.338968,38,44,1
C0009136,P011,S0104,D0016,2024-01-09 17:16:48.334344,22,4,10
C0009137,P011,S0104,D0028,2024-01-10 06:08:24.615898,85,1,3
C0009138,P011,S0104,D0051,2024-01-10 23:55:03.685433,20,26,4
C0009139,P011,S0104,D0016,2024-01-07 20:42:19.649618,45,7,1
C0009140,P011,S0104,D0028,2024-01-12 06:09:57.646066,33,0,7
C0009141,P011,S0104,D0016,2024-01-12 01:50:04.826316,6,1,2
C0009142,P011,S0104,D0028,2024-01-09 15:32:28.848372,32,1,2
C0009143,P011,S0104,D0016,2024-01-08 02:58:37.932386,39,3,2
C0009144,P011,S0104,D0016,2024-01-13 18:03:57.633225,32,8,3
C0009145,P011,S0104,D0028,2024-01-10 16:30:13.619988,48,51,1
C0009146,P011,S0104,D0039,2024-01-07 21:48:09.564814,25,27,1
C0009147,P011,S0104,D0039,2024-01-12 17:52:39.946846,76,5,3
C0009148,P011,S0104,D0039,2024-01-07 02:18:38.672664,35,32,3
C0009149,P011,S0104,D0028,2024-01-18 09:22:36.672296,18,24,1
C0009150,P011,S0104,D0011,2024-01-13 11:30:31.993118,52,8,1
C0009151,P011,S0104,D0051,2024-01-08 00:07:54.278778,18,15,3
C0009152,P011,S0104,D0016,2024-01-09 06:35:55.456026,11,5,2
C0009153,P011,S0104,D0051,2024-01-16 15:37:54.130336,35,34,3
C0009154,P011,S0104,D0011,2024-01-12 13:08:55.918239,50,20,1
C0009155,P011,S0104,D0028,2024-01-18 16:15:00.203355,108,20,4
C0009156,P011,S0104,D0039,2024-01-16 23:28:04.455009,60,24,1
C0009157,P011,S0104,D0028,2024-01-13 11:46:11.015580,88,1,5
C0009158,P011,S0104,D0039,2024-01-16 18:09:01.541820,28,9,2
C0009159,P011,S0104,D0039,2024-01-11 18:43:47.759279,33,22,2
C0009160,P011,S0104,D0016,2024-01-10 10:35:41.645206,84,5,4
C0009161,P011,S0104,D0028,2024-01-16 22:09:15.154625,103,17,4
C0009162,P011,S0104,D0011,2024-01-08 11:41:11.097393,53,4,3
C0009163,P011,S0104,D0051,2024-01-07 20:53:39.929838,20,21,1
C0009164,P011,S0104,D0016,2024-01-16 11:26:39.912433,61,29,3
C0009165,P011,S0104,D0039,2024-01-07 18:14:55.490097,50,12,2
C0009166,P011,S0104,D0051,2024-01-11 05:58:06.686759,16,20,1
C0009167,P011,S0104,D0028,2024-01-07 15:47:29.223366,9,13,4
C0009168,P011,S0104,D0039,2024-01-11 19:22:19.566972,59,19,2
C0009169,P011,S0104,D0039,2024-01-17 12:59:39.583973,23,19,1
C0009170,P011,S0104,D0051,2024-01-17 09:58:34.360742,33,39,3
C0009171,P011,S0104,D0016,2024-01-15 18:54:31.200400,16,13,3
C0009172,P011,S0104,D0051,2024-01-07 02:12:14.655755,111,16,4
C0009173,P011,S0104,D0011,2024-01-10 22:33:45.245127,126,8,1
C0009174,P011,S0104,D0051,2024-01-18 04:05:06.295219,63,63,1
C0009175,P011,S0104,D0011,2024-01-06 07:32:15.218175,42,16,2
C0009176,P011,S0104,D0028,2024-01-10 06:42:15.363009,67,3,1
C0009177,P011,S0104,D0016,2024-01-16 00:41:01.355494,30,23,3
C0009178,P011,S0104,D0051,2024-01-16 11:37:15.288935,41,22,1
C0009179,P011,S0104,D0039,2024-01-18 12:32:32.293485,60,41,1
C0009180,P011,S0104,D0011,2024-01-07 09:50:34.574442,19,5,2
C0009181,P011,S0104,D0016,2024-01-06 18:07:44.076213,63,1,3
C0009182,P011,S0104,D0039,2024-01-15 18:44:40.346092,41,26,8
C0009183,P011,S0104,D0051,2024-01-06 20:27:08.155318,35,9,4
C0009184,P011,S0104,D0016,2024-01-17 03:13:25.508305,83,8,1
C0009185,P011,S0104,D0016,2024-01-12 22:23:24.681329,45,11,3
C0009186,P011,S0104,D0051,2024-01-12 22:23:16.265307,131,63,3
C0009187,P011,S0104,D0051,2024-01-16 17:34:22.823750,51,13,1
C0009188,P011,S0105,D0051,2024-01-30 10:33:27.196545,20,2,4
C0009189,P011,S0105,D0016,2024-01-31 18:57:56.346069,60,31,1
C0009190,P011,S0105,D0011,2024-01-25 00:44:19.048733,29,46,1
C0009191,P011,S0105,D0051,2024-01-25 08:23:19.417518,36,19,5
C0009192,P011,S0105,D0028,2024-01-27 10:37:37.898883,22,4,1
C0009193,P011,S0105,D0011,2024-01-22 08:10:19.842674,50,2,2
C0009194,P011,S0105,D0028,2024-01-25 04:18:01.701148,29,24,2
C0009195,P011,S0105,D0039,2024-02-01 14:13:14.281649,15,17,1
C0009196,P011,S0105,D0051,2024-01-23 01:09:52.076242,55,13,1
C0009197,P011,S0105,D0011,2024-01-25 21:55:46.177807,81,13,4
C0009198,P011,S0105,D0016,2024-01-29 11:57:03.550001,74,45,1
C0009199,P011,S0105,D0028,2024-01-27 17:44:43.377536,108,16,4
C0009200,P011,S0105,D0028,2024-01-20 06:25:11.223314,14,19,8
C0009201,P011,S0105,D0028,2024-01-20 12:00:34.188484,95,16,7
C0009202,P011,S0105,D0011,2024-01-31 13:12:00.855841,7,19,4
C0009203,P011,S0105,D0039,2024-01-30 03:30:33.913310,88,26,1
C0009204,P011,S0105,D0039,2024-01-21 04:09:50.976688,151,7,4
C0009205,P011,S0105,D0011,2024-01-30 11:21:12.753274,20,9,3
C0009206,P011,S0105,D0016,2024-01-23 23:57:21.908837,44,6,1
C0009207,P011,S0105,D0016,2024-01-24 05:48:36.513654,9,11,3
C0009208,P011,S0105,D0039,2024-01-31 22:08:41.668971,46,3,1
C0009209,P011,S0105,D0011,2024-01-20 09:15:39.406126,58,4,1
C0009210,P011,S0105,D0016,2024-01-25 12:38:25.227165,29,12,3
C0009211,P011,S0105,D0011,2024-01-24 13:53:08.149374,36,7,4
C0009212,P011,S0105,D0039,2024-01-26 02:35:20.675180,45,20,3
C0009213,P011,S0105,D0039,2024-01-24 18:34:57.774039,65,6,3
C0009214,P011,S0105,D0039,2024-01-27 02:02:53.982578,49,13,12
C0009215,P011,S0105,D0011,2024-01-29 19:16:24.049437,40,4,1
C0009216,P011,S0105,D0028,2024-01-20 07:53:38.631792,97,1,1
C0009217,P011,S0105,D0028,2024-01-20 12:49:22.105257,37,13,3
C0009218,P011,S0105,D0011,2024-01-23 14:27:46.275851,28,68,8
C0009219,P011,S0105,D0016,2024-01-23 17:47:17.428344,69,36,5
C0009220,P011,S0105,D0011,2024-01-19 16:13:52.256959,35,32,4
C0009221,P011,S0105,D0039,2024-01-26 21:43:16.311605,15,29,3
C0009222,P011,S0105,D0051,2024-01-25 17:52:29.382254,75,8,2
C0009223,P011,S0105,D0028,2024-01-19 23:12:28.896297,88,16,1
C0009224,P011,S0105,D0051,2024-01-23 05:08:33.627766,17,41,1
C0009225,P011,S0105,D0011,2024-01-30 13:48:00.934075,100,3,2
C0009226,P011,S0105,D0016,2024-01-27 01:41:28.850761,53,22,3
C0009227,P011,S0105,D0028,2024-01-31 06:57:20.616591,5,49,1
C0009228,P011,S0105,D0028,2024-02-01 09:40:29.377689,49,0,2
C0009229,P011,S0105,D0011,2024-01-29 16:55:53.790259,56,4,2
C0009230,P011,S0105,D0016,2024-01-24 00:38:52.669703,121,0,2
C0009231,P011,S0105,D0011,2024-01-21 23:11:43.147371,100,7,2
C0009232,P011,S0105,D0051,2024-01-27 00:31:04.971085,20,14,1
C0009233,P011,S0105,D0028,2024-01-31 23:07:06.563742,33,6,4
C0009234,P011,S0105,D0016,2024-01-23 07:09:28.151296,17,2,1
C0009235,P011,S0105,D0016,2024-01-31 23:47:55.299083,20,33,1
C0009236,P011,S0105,D0028,2024-01-26 21:44:49.348755,40,13,5
C0009237,P011,S0105,D0051,2024-01-20 05:30:02.229235,84,24,6
C0009238,P011,S0105,D0051,2024-01-23 21:42:34.627202,46,28,4
C0009239,P011,S0105,D0028,2024-01-21 22:57:30.346978,65,35,1
C0009240,P011,S0105,D0051,2024-01-31 07:00:29.024249,23,38,2
C0009241,P011,S0105,D0051,2024-01-24 00:47:57.231536,51,11,3
C0009242,P011,S0105,D0011,2024-01-26 09:30:49.032916,111,64,5
C0009243,P011,S0105,D0051,2024-01-28 22:11:03.218021,151,3,2
C0009244,P011,S0105,D0039,2024-01-27 00:03:38.146637,38,33,2
C0009245,P011,S0105,D0039,2024-01-27 08:40:49.486539,23,3,3
C0009246,P011,S0105,D0051,2024-01-30 10:38:28.105733,82,13,6
C0009247,P011,S0105,D0011,2024-01-25 00:48:46.747448,70,25,3
C0009248,P011,S0105,D0051,2024-01-29 12:51:29.797254,28,16,1
C0009249,P011,S0105,D0051,2024-01-22 04:17:01.700860,39,11,6
C0009250,P011,S0105,D0016,2024-01-24 11:59:39.757681,26,10,1
C0009251,P011,S0105,D0028,2024-01-22 16:38:01.226203,36,3,4
C0009252,P011,S0105,D0039,2024-01-23 13:50:33.301868,73,10,1
C0009253,P011,S0105,D0039,2024-01-23 10:00:41.470842,50,29,1
C0009254,P011,S0105,D0028,2024-01-21 09:46:41.320079,28,8,2
C0009255,P011,S0105,D0039,2024-01-23 07:33:35.663027,32,3,3
C0009256,P011,S0105,D0039,2024-01-25 09:13:08.830377,36,65,1
C0009257,P011,S0105,D0039,2024-01-23 08:17:44.075939,102,24,2
C0009258,P011,S0105,D0011,2024-01-26 16:09:33.206297,79,36,2
C0009259,P011,S0105,D0039,2024-01-25 20:08:47.464658,49,15,1
C0009260,P011,S0105,D0011,2024-01-30 10:31:55.200878,169,3,1
C0009261,P011,S0105,D0016,2024-01-31 17:51:24.896365,11,15,1
C0009262,P011,S0105,D0028,2024-01-28 20:19:07.849468,33,47,2
C0009263,P011,S0105,D0011,2024-01-20 06:03:37.162324,23,5,1
C0009264,P011,S0105,D0028,2024-01-24 10:21:22.909308,2,32,2
C0009265,P011,S0105,D0051,2024-01-27 23:26:57.116221,23,17,1
C0009266,P011,S0105,D0016,2024-01-21 19:49:51.596756,25,12,4
C0009267,P011,S0105,D0011,2024-01-27 12:39:33.361113,2,51,2
C0009268,P011,S0105,D0011,2024-01-26 14:23:01.011985,84,24,1
C0009269,P011,S0105,D0011,2024-01-22 18:58:51.359718,8,9,5
C0009270,P011,S0105,D0051,2024-01-19 18:44:04.520968,62,10,1
C0009271,P011,S0105,D0028,2024-01-25 07:08:20.412016,110,51,1
C0009272,P011,S0105,D0051,2024-01-31 22:09:38.167838,45,18,1
C0009273,P011,S0105,D0039,2024-01-30 19:37:30.930292,91,32,4
C0009274,P011,S0105,D0039,2024-01-28 10:11:46.326987,68,6,1
C0009275,P011,S0105,D0039,2024-01-20 12:13:05.310536,42,49,1
C0009276,P011,S0105,D0051,2024-01-20 05:30:16.945536,38,18,1
C0009277,P011,S0105,D0016,2024-01-22 23:43:08.753077,37,7,1
C0009278,P011,S0105,D0011,2024-01-24 06:01:03.871913,123,8,6
C0009279,P011,S0105,D0028,2024-01-22 11:53:36.380165,50,16,6
C0009280,P011,S0105,D0028,2024-01-24 14:32:54.815873,78,27,3
C0009281,P011,S0105,D0011,2024-01-29 06:15:57.521905,81,16,10
C0009282,P011,S0105,D0051,2024-01-29 05:17:46.876995,121,16,2
C0009283,P011,S0105,D0011,2024-01-26 04:21:51.628940,22,4,2
C0009284,P011,S0105,D0051,2024-01-21 10:29:43.922690,43,19,2
C0009285,P011,S0105,D0039,2024-01-27 02:43:44.247866,12,12,5
C0009286,P011,S0105,D0011,2024-01-30 22:47:52.143364,20,50,2
C0009287,P011,S0106,D0051,2024-02-13 18:16:56.723665,4,20,6
C0009288,P011,S0106,D0016,2024-02-14 01:42:33.973437,81,16,8
C0009289,P011,S0106,D0028,2024-02-03 05:28:46.447862,6,12,1
C0009290,P011,S0106,D0011,2024-02-07 12:51:23.070956,70,3,11
C0009291,P011,S0106,D0028,2024-02-08 08:56:12.095187,41,17,1
C0009292,P011,S0106,D0016,2024-02-07 18:29:21.600267,48,105,3
C0009293,P011,S0106,D0051,2024-02-15 12:10:28.578386,16,14,1
C0009294,P011,S0106,D0051,2024-02-09 10:16:19.985413,46,18,5
C0009295,P011,S0106,D0039,2024-02-09 14:48:13.367728,24,84,4
C0009296,P011,S0106,D0016,2024-02-10 23:26:45.600154,15,7,1
C0009297,P011,S0106,D0039,2024-02-14 22:29:50.294016,79,5,1
C0009298,P011,S0106,D0016,2024-02-08 14:25:02.479841,66,11,2
C0009299,P011,S0106,D0051,2024-02-10 07:29:31.071186,55,35,2
C0009300,P011,S0106,D0016,2024-02-05 21:09:18.444901,39,22,1
C0009301,P011,S0106,D0011,2024-02-07 08:39:22.783303,24,30,1
C0009302,P011,S0106,D0028,2024-02-08 04:26:27.928947,39,7,2
C0009303,P011,S0106,D0016,2024-02-10 08:13:36.186082,36,17,14
C0009304,P011,S0106,D0028,2024-02-12 03:00:37.403567,24,9,3
C0009305,P011,S0106,D0039,2024-02-14 22:21:46.885699,3,6,2
C0009306,P011,S0106,D0011,2024-02-04 00:59:38.245975,26,15,1
C0009307,P011,S0106,D0028,2024-02-13 09:52:53.826066,22,11,1
C0009308,P011,S0106,D0011,2024-02-09 10:16:44.078199,131,46,1
C0009309,P011,S0106,D0011,2024-02-15 03:14:46.450291,63,5,1
C0009310,P011,S0106,D0016,2024-02-11 05:41:46.344309,31,5,1
C0009311,P011,S0106,D0016,2024-02-04 11:04:53.074356,47,7,7
C0009312,P011,S0106,D0016,2024-02-14 12:25:36.900652,25,23,4
C0009313,P011,S0106,D0028,2024-02-05 19:31:20.316781,59,12,1
C0009314,P011,S0106,D0051,2024-02-06 18:18:18.533003,36,22,1
C0009315,P011,S0106,D0051,2024-02-05 03:13:31.896703,4,21,1
C0009316,P011,S0106,D0011,2024-02-11 20:57:39.948776,15,18,4
C0009317,P011,S0106,D0028,2024-02-14 09:19:08.527639,21,18,2
C0009318,P011,S0106,D0051,2024-02-05 15:43:11.798757,86,65,2
C0009319,P011,S0106,D0051,2024-02-08 20:06:41.051578,38,21,1
C0009320,P011,S0106,D0051,2024-02-09 09:39:30.819596,107,14,1
C0009321,P011,S0106,D0028,2024-02-09 15:34:11.331485,26,6,2
C0009322,P011,S0106,D0051,2024-02-03 19:38:44.385297,23,40,1
C0009323,P011,S0106,D0028,2024-02-12 19:42:23.715439,33,28,2
C0009324,P011,S0106,D0051,2024-02-04 18:06:36.790414,44,3,1
C0009325,P011,S0106,D0039,2024-02-12 01:50:51.900515,138,6,4
C0009326,P011,S0106,D0039,2024-02-14 23:11:27.232297,48,4,6
C0009327,P011,S0106,D0028,2024-02-14 14:21:33.289254,40,40,1
C0009328,P011,S0106,D0039,2024-02-05 15:14:42.556979,85,8,3
C0009329,P011,S0106,D0039,2024-02-15 02:05:07.615656,24,4,1
C0009330,P011,S0106,D0016,2024-02-11 08:32:08.347550,22,21,9
C0009331,P011,S0106,D0016,2024-02-07 23:38:28.525009,41,25,5
C0009332,P011,S0106,D0051,2024-02-10 23:28:28.647675,93,11,1
C0009333,P011,S0106,D0011,2024-02-05 19:22:17.158814,99,77,3
C0009334,P011,S0106,D0051,2024-02-06 01:49:19.490079,46,50,1
C0009335,P011,S0106,D0011,2024-02-13 04:16:30.827661,28,13,1
C0009336,P011,S0106,D0028,2024-02-04 20:16:51.868532,15,47,1
C0009337,P011,S0106,D0011,2024-02-09 12:27:35.400663,4,24,3
C0009338,P011,S0106,D0011,2024-02-02 15:23:48.571817,69,12,1
C0009339,P011,S0106,D0028,2024-02-12 12:18:11.520298,19,2,1
C0009340,P011,S0106,D0028,2024-02-09 00:24:45.583251,17,0,4
C0009341,P011,S0106,D0016,2024-02-08 07:42:29.610498,72,17,6
C0009342,P011,S0106,D0051,2024-02-07 10:59:08.667663,27,5,2
C0009343,P011,S0106,D0016,2024-02-08 15:55:11.507905,8,33,6
C0009344,P011,S0106,D0011,2024-02-02 04:00:04.443091,124,14,3
C0009345,P011,S0106,D0016,2024-02-09 06:28:16.777022,49,7,1
C0009346,P011,S0106,D0051,2024-02-08 00:23:25.585449,35,14,2
C0009347,P011,S0106,D0028,2024-02-09 16:24:32.919393,23,13,1
C0009348,P011,S0106,D0016,2024-02-11 01:42:19.828829,7,27,1
C0009349,P011,S0106,D0039,2024-02-04 20:47:16.371218,76,14,1
C0009350,P011,S0106,D0016,2024-02-07 22:38:23.191875,22,20,1
C0009351,P011,S0106,D0016,2024-02-13 05:50:53.222040,160,11,4
C0009352,P011,S0106,D0016,2024-02-04 04:17:34.290432,71,34,2
C0009353,P011,S0106,D0039,2024-02-08 01:35:44.231027,12,35,2
C0009354,P011,S0106,D0028,2024-02-07 14:37:43.499162,36,22,2
C0009355,P011,S0106,D0039,2024-02-15 05:20:37.066950,38,8,1
C0009356,P011,S0106,D0051,2024-02-07 20:36:46.308287,91,14,7
C0009357,P011,S0106,D0051,2024-02-11 15:51:12.163582,18,64,1
C0009358,P011,S0106,D0011,2024-02-04 16:36:25.762880,75,27,3
C0009359,P011,S0106,D0039,2024-02-02 22:02:52.300292,75,16,5
C0009360,P011,S0106,D0028,2024-02-07 09:45:08.888332,96,44,1
C0009361,P011,S0106,D0039,2024-02-06 16:48:31.415274,71,23,1
C0009362,P011,S0106,D0039,2024-02-10 12:05:48.376340,1,4,2
C0009363,P011,S0106,D0011,2024-02-03 02:32:05.479205,47,31,3
C0009364,P011,S0106,D0028,2024-02-09 09:08:15.978892,212,35,4
C0009365,P011,S0106,D0028,2024-02-10 04:24:26.331892,122,36,3
C0009366,P011,S0106,D0028,2024-02-09 00:18:35.750447,32,21,4
C0009367,P011,S0106,D0051,2024-02-08 08:21:15.656000,17,42,1
C0009368,P011,S0106,D0039,2024-02-04 21:05:43.169231,100,35,2
C0009369,P011,S0106,D0028,2024-02-12 19:49:46.191756,19,36,3
C0009370,P011,S0106,D0011,2024-02-14 01:37:57.581080,46,25,4
C0009371,P011,S0106,D0051,2024-02-08 05:01:33.355697,91,58,1
C0009372,P011,S0106,D0039,2024-02-10 09:57:22.803337,177,22,4
C0009373,P011,S0106,D0039,2024-02-05 00:14:21.683070,82,25,2
C0009374,P011,S0106,D0039,2024-02-08 18:01:01.699496,61,8,1
C0009375,P011,S0106,D0039,2024-02-04 07:56:47.336951,39,28,1
C0009376,P011,S0106,D0028,2024-02-13 02:18:40.883383,32,30,2
C0009377,P011,S0106,D0011,2024-02-06 02:37:28.050313,15,5,1
C0009378,P011,S0106,D0016,2024-02-06 10:39:36.559910,24,41,1
C0009379,P011,S0107,D0016,2024-02-19 17:25:11.714443,32,22,2
C0009380,P011,S0107,D0051,2024-02-25 14:30:33.832465,-1,11,5
C0009381,P011,S0107,D0016,2024-02-23 22:41:40.395848,12,9,4
C0009382,P011,S0107,D0039,2024-02-16 16:47:55.980285,60,3,10
C0009383,P011,S0107,D0028,2024-02-18 05:14:48.855099,27,13,2
C0009384,P011,S0107,D0028,2024-02-21 13:40:29.072197,20,1,4
C0009385,P011,S0107,D0011,2024-02-27 08:38:47.832996,99,16,9
C0009386,P011,S0107,D0028,2024-02-25 15:38:19.341429,53,21,6
C0009387,P011,S0107,D0039,2024-02-18 01:34:19.764135,34,7,5
C0009388,P011,S0107,D0051,2024-02-24 20:57:20.262766,64,17,1
C0009389,P011,S0107,D0039,2024-02-22 07:01:10.084179,75,5,3
C0009390,P011,S0107,D0051,2024-02-25 19:49:54.081979,10,6,1
C0009391,P011,S0107,D0028,2024-02-25 06:37:08.516670,19,33,1
C0009392,P011,S0107,D0011,2024-02-17 16:11:37.919233,10,9,3
C0009393,P011,S0107,D0051,2024-02-27 10:43:02.544028,67,73,1
C0009394,P011,S0107,D0011,2024-02-25 09:59:49.023353,32,4,4
C0009395,P011,S0107,D0016,2024-02-23 23:46:15.495810,28,2,2
C0009396,P011,S0107,D0028,2024-02-19 19:24:29.758825,25,7,1
C0009397,P011,S0107,D0011,2024-02-17 09:56:11.699481,72,47,3
C0009398,P011,S0107,D0039,2024-02-27 09:15:27.548782,88,5,6
C0009399,P011,S0107,D0028,2024-02-20 09:06:32.161208,9,63,1
C0009400,P011,S0107,D0011,2024-02-26 04:48:06.395313,37,26,1
C0009401,P011,S0107,D0011,2024-02-24 13:15:28.661843,76,20,4
C0009402,P011,S0107,D0011,2024-02-22 21:47:07.540770,61,53,6
C0009403,P011,S0107,D0051,2024-02-21 04:12:40.453760,12,27,1
C0009404,P011,S0107,D0051,2024-02-19 15:23:41.534716,42,68,1
C0009405,P011,S0107,D0051,2024-02-24 06:42:11.649794,46,57,3
C0009406,P011,S0107,D0051,2024-02-19 02:36:18.602444,39,55,6
C0009407,P011,S0107,D0028,2024-02-24 09:17:44.124348,97,8,3
C0009408,P011,S0107,D0051,2024-02-18 22:08:14.629211,31,52,2
C0009409,P011,S0107,D0028,2024-02-24 09:06:43.988909,62,1,1
C0009410,P011,S0107,D0039,2024-02-16 21:53:27.220180,42,21,4
C0009411,P011,S0107,D0016,2024-02-23 06:04:26.124276,40,42,3
C0009412,P011,S0107,D0016,2024-02-18 06:50:24.701234,29,12,1
C0009413,P011,S0107,D0039,2024-02-21 09:03:49.410542,35,19,1
C0009414,P011,S0107,D0016,2024-02-20 14:29:10.746834,33,16,3
C0009415,P011,S0107,D0039,2024-02-26 19:09:30.765487,16,16,6
C0009416,P011,S0107,D0051,2024-02-17 08:02:22.952936,67,32,2
C0009417,P011,S0107,D0051,2024-02-23 02:46:34.756303,38,10,3
C0009418,P011,S0107,D0016,2024-02-26 23:47:57.282464,82,8,2
C0009419,P011,S0107,D0039,2024-02-17 23:56:54.299897,100,77,2
C0009420,P011,S0107,D0016,2024-02-28 23:12:00.210903,21,8,1
C0009421,P011,S0107,D0011,2024-02-23 19:30:11.408535,92,15,1
C0009422,P011,S0107,D0039,2024-02-22 13:03:48.226816,78,6,4
C0009423,P011,S0107,D0039,2024-02-28 05:47:30.794355,178,51,1
C0009424,P011,S0107,D0039,2024-02-26 21:31:31.887244,49,6,3
C0009425,P011,S0107,D0011,2024-02-22 08:25:51.423598,31,2,1
C0009426,P011,S0107,D0028,2024-02-22 18:54:17.235863,55,29,1
C0009427,P011,S0107,D0011,2024-02-19 22:09:34.045332,10,34,1
C0009428,P011,S0107,D0011,2024-02-25 04:45:02.787618,42,28,2
C0009429,P011,S0107,D0039,2024-02-26 19:56:12.943589,8,9,2
C0009430,P011,S0107,D0011,2024-02-28 12:55:16.562158,42,50,1
C0009431,P011,S0107,D0039,2024-02-18 17:08:22.988223,33,3,4
C0009432,P011,S0107,D0039,2024-02-17 22:14:48.174888,19,7,9
C0009433,P011,S0107,D0011,2024-02-26 14:54:26.673515,14,3,2
C0009434,P011,S0107,D0011,2024-02-17 22:23:24.642361,64,4,4
C0009435,P011,S0107,D0016,2024-02-27 00:31:17.392755,21,15,1
C0009436,P011,S0107,D0011,2024-02-19 23:34:41.454006,22,32,2
C0009437,P011,S0107,D0051,2024-02-19 19:11:31.197124,31,4,1
C0009438,P011,S0107,D0028,2024-02-26 20:24:11.525241,131,32,1
C0009439,P011,S0107,D0016,2024-02-24 20:14:28.186607,116,58,1
C0009440,P011,S0107,D0028,2024-02-26 00:26:28.393001,48,67,3
C0009441,P011,S0107,D0039,2024-02-23 02:06:29.917990,96,9,1
C0009442,P011,S0107,D0011,2024-02-24 04:35:08.128531,32,14,1
C0009443,P011,S0107,D0039,2024-02-24 00:35:20.747851,8,18,1
C0009444,P011,S0107,D0011,2024-02-20 13:12:11.759967,18,3,5
C0009445,P011,S0107,D0051,2024-02-20 23:27:07.009265,84,14,4
C0009446,P011,S0107,D0011,2024-02-17 17:46:09.260810,15,21,1
C0009447,P011,S0107,D0039,2024-02-16 13:11:43.028348,12,49,1
C0009448,P011,S0107,D0016,2024-02-18 06:38:52.798379,36,6,2
C0009449,P011,S0107,D0028,2024-02-17 12:21:17.157986,14,22,3
C0009450,P011,S0107,D0011,2024-02-22 06:39:36.936379,7,14,6
C0009451,P011,S0107,D0028,2024-02-27 19:26:10.833574,14,5,1
C0009452,P011,S0107,D0051,2024-02-19 19:01:20.288037,27,36,2
C0009453,P011,S0107,D0039,2024-02-19 09:00:47.134445,24,8,1
C0009454,P011,S0107,D0011,2024-02-24 15:41:13.946996,46,44,1
C0009455,P011,S0107,D0039,2024-02-17 01:01:45.732351,136,3,2
C0009456,P011,S0107,D0016,2024-02-20 18:56:12.165515,48,24,2
C0009457,P011,S0107,D0039,2024-02-21 10:16:17.897160,58,21,1
C0009458,P011,S0107,D0028,2024-02-19 07:30:32.514413,50,10,2
C0009459,P011,S0107,D0016,2024-02-18 19:23:50.871617,114,11,1
C0009460,P011,S0107,D0028,2024-02-21 15:21:10.842383,96,24,4
C0009461,P011,S0107,D0028,2024-02-29 07:32:44.427841,62,13,1
C0009462,P011,S0107,D0016,2024-02-19 00:27:52.920225,88,22,3
C0009463,P011,S0107,D0028,2024-02-24 14:38:20.639615,18,15,1
C0009464,P011,S0107,D0016,2024-02-17 16:51:25.173837,18,33,1
C0009465,P011,S0108,D0028,2024-03-13 17:47:46.572931,98,2,2
C0009466,P011,S0108,D0028,2024-03-06 21:38:31.807091,83,24,1
C0009467,P011,S0108,D0028,2024-03-02 06:37:33.176525,27,2,4
C0009468,P011,S0108,D0039,2024-03-02 17:37:19.108429,103,1,1
C0009469,P011,S0108,D0011,2024-03-09 19:52:44.592387,65,30,1
C0009470,P011,S0108,D0051,2024-03-08 17:44:22.959389,24,19,1
C0009471,P011,S0108,D0039,2024-03-09 18:24:08.356856,50,39,2
C0009472,P011,S0108,D0039,2024-03-07 15:21:59.791933,39,4,2
C0009473,P011,S0108,D0051,2024-03-01 23:33:48.302184,28,40,1
C0009474,P011,S0108,D0051,2024-03-14 00:21:20.242802,26,33,2
C0009475,P011,S0108,D0016,2024-03-07 22:23:47.581536,107,23,7
C0009476,P011,S0108,D0016,2024-03-09 17:54:21.445879,20,8,2
C0009477,P011,S0108,D0051,2024-03-05 14:47:27.927400,108,28,1
C0009478,P011,S0108,D0011,2024-03-08 08:50:37.315185,33,8,1
C0009479,P011,S0108,D0028,2024-03-06 05:35:50.519858,39,8,1
C0009480,P011,S0108,D0028,2024-03-11 16:53:26.130660,79,47,2
C0009481,P011,S0108,D0051,2024-03-09 16:44:02.723673,24,23,1
C0009482,P011,S0108,D0039,2024-03-07 06:33:54.238525,28,4,1
C0009483,P011,S0108,D0028,2024-03-02 13:36:33.702780,7,6,4
C0009484,P011,S0108,D0016,2024-03-01 17:46:24.289178,77,27,10
C0009485,P011,S0108,D0011,2024-03-01 15:38:21.244098,54,8,1
C0009486,P011,S0108,D0011,2024-03-09 00:26:55.770983,43,17,1
C0009487,P011,S0108,D0051,2024-03-11 02:51:12.303330,28,3,4
C0009488,P011,S0108,D0016,2024-03-01 17:51:12.265914,47,15,2
C0009489,P011,S0108,D0051,2024-03-04 19:30:39.106387,50,55,6
C0009490,P011,S0108,D0016,2024-03-12 03:18:53.943024,42,41,2
C0009491,P011,S0108,D0011,2024-03-02 22:55:36.087372,14,13,1
C0009492,P011,S0108,D0039,2024-03-10 14:11:25.740647,38,13,1
C0009493,P011,S0108,D0011,2024-03-04 10:21:31.888655,41,13,1
C0009494,P011,S0108,D0051,2024-03-02 03:33:20.410678,15,8,1
C0009495,P011,S0108,D0016,2024-03-11 08:08:50.033189,20,3,4
C0009496,P011,S0108,D0011,2024-03-05 05:06:48.506786,10,92,1
C0009497,P011,S0108,D0011,2024-03-04 11:09:34.436205,71,13,2
C0009498,P011,S0108,D0051,2024-03-10 06:17:33.150416,54,23,4
C0009499,P011,S0108,D0011,2024-03-06 08:24:09.872928,36,29,1
C0009500,P011,S0108,D0011,2024-03-12 01:39:51.949085,35,27,5
C0009501,P011,S0108,D0011,2024-03-04 05:34:40.140008,58,15,6
C0009502,P011,S0108,D0028,2024-03-08 18:21:34.412054,17,31,3
C0009503,P011,S0108,D0051,2024-03-05 06:09:01.338718,20,60,1
C0009504,P011,S0108,D0039,2024-03-13 06:46:00.811557,54,15,1
C0009505,P011,S0108,D0039,2024-03-05 05:58:54.126222,15,16,1
C0009506,P011,S0108,D0011,2024-03-10 23:39:29.308677,129,26,1
C0009507,P011,S0108,D0039,2024-03-03 08:12:23.355032,51,6,3
C0009508,P011,S0108,D0039,2024-03-11 01:54:26.314869,83,54,1
C0009509,P011,S0108,D0028,2024-03-03 16:15:23.986400,9,73,6
C0009510,P011,S0108,D0011,2024-03-10 14:06:32.698056,39,12,3
C0009511,P011,S0108,D0051,2024-03-05 21:55:14.714173,38,5,3
C0009512,P011,S0108,D0039,2024-03-10 05:14:37.208366,45,2,4
C0009513,P011,S0108,D0051,2024-03-11 18:52:08.625945,41,16,8
C0009514,P011,S0108,D0039,2024-03-14 01:33:07.955921,149,2,1
C0009515,P011,S0108,D0051,2024-03-04 04:26:16.472477,157,13,3
C0009516,P011,S0108,D0028,2024-03-10 22:29:37.426070,68,18,1
C0009517,P011,S0108,D0016,2024-03-02 02:26:57.701406,51,26,1
C0009518,P011,S0108,D0039,2024-03-09 12:13:27.049182,60,11,4
C0009519,P011,S0108,D0028,2024-03-09 02:10:54.956763,5,25,1
C0009520,P011,S0109,D0011,2024-03-25 08:19:27.068531,14,0,5
C0009521,P011,S0109,D0051,2024-03-25 18:16:23.707506,14,10,4
C0009522,P011,S0109,D0051,2024-03-20 02:26:52.576181,138,2,2
C0009523,P011,S0109,D0051,2024-03-20 09:08:34.366921,7,14,1
C0009524,P011,S0109,D0039,2024-03-16 16:03:43.651162,16,14,3
C0009525,P011,S0109,D0051,2024-03-25 22:23:30.571738,56,20,4
C0009526,P011,S0109,D0039,2024-03-20 14:29:08.197222,120,10,2
C0009527,P011,S0109,D0016,2024-03-23 05:03:00.707622,25,19,2
C0009528,P011,S0109,D0016,2024-03-25 00:37:01.537199,101,25,4
C0009529,P011,S0109,D0011,2024-03-16 18:39:29.624856,53,12,4
C0009530,P011,S0109,D0039,2024-03-16 16:32:56.114747,16,22,6
C0009531,P011,S0109,D0051,2024-03-20 23:35:04.988546,18,33,2
C0009532,P011,S0109,D0039,2024-03-24 18:05:40.470458,31,46,3
C0009533,P011,S0109,D0039,2024-03-26 02:32:56.616462,1,69,3
C0009534,P011,S0109,D0028,2024-03-24 16:00:04.281774,30,4,1
C0009535,P011,S0109,D0016,2024-03-25 06:39:29.418280,29,43,1
C0009536,P011,S0109,D0011,2024-03-20 12:32:05.838829,34,25,4
C0009537,P011,S0109,D0016,2024-03-25 05:12:56.994573,91,33,3
C0009538,P011,S0109,D0051,2024-03-23 20:10:55.849980,20,6,4
C0009539,P011,S0109,D0016,2024-03-22 17:43:46.282636,8,30,5
C0009540,P011,S0109,D0028,2024-03-16 22:51:23.837217,68,25,2
C0009541,P011,S0109,D0039,2024-03-27 12:19:42.379606,73,42,1
C0009542,P011,S0109,D0039,2024-03-24 20:20:57.897490,120,33,1
C0009543,P011,S0109,D0051,2024-03-25 06:12:02.157670,71,2,2
C0009544,P011,S0109,D0016,2024-03-23 21:17:47.167167,21,9,3
C0009545,P011,S0109,D0028,2024-03-23 19:20:21.966084,12,10,1
C0009546,P011,S0109,D0039,2024-03-22 06:39:10.488354,82,62,2
C0009547,P011,S0109,D0051,2024-03-24 22:57:18.240561,39,0,3
C0009548,P011,S0109,D0016,2024-03-27 23:35:11.052454,18,5,1
C0009549,P011,S0109,D0011,2024-03-27 13:13:55.287754,20,16,1
C0009550,P011,S0109,D0028,2024-03-27 20:16:40.226332,33,55,4
C0009551,P011,S0109,D0028,2024-03-20 20:35:52.242882,38,8,3
C0009552,P011,S0109,D0028,2024-03-17 15:12:47.246887,60,13,1
C0009553,P011,S0109,D0039,2024-03-21 16:26:06.251990,67,31,2
C0009554,P011,S0109,D0028,2024-03-21 21:07:56.861006,36,16,1
C0009555,P011,S0109,D0016,2024-03-22 09:26:24.911744,25,32,3
C0009556,P011,S0109,D0028,2024-03-23 23:36:31.271722,54,19,3
C0009557,P011,S0109,D0028,2024-03-16 23:56:15.740619,33,25,7
C0009558,P011,S0109,D0039,2024-03-19 16:18:51.388814,9,20,2
C0009559,P011,S0109,D0028,2024-03-21 04:43:01.511016,74,14,1
C0009560,P011,S0109,D0051,2024-03-15 10:46:37.139258,24,18,6
C0009561,P011,S0109,D0011,2024-03-22 16:54:26.063784,4,4,4
C0009562,P011,S0109,D0028,2024-03-22 09:14:16.584377,48,24,2
C0009563,P011,S0109,D0051,2024-03-25 14:18:36.400176,17,18,1
C0009564,P011,S0109,D0039,2024-03-17 21:53:39.348761,104,8,4
C0009565,P011,S0109,D0039,2024-03-21 16:59:08.005704,40,47,1
C0009566,P011,S0109,D0028,2024-03-17 15:37:16.639246,120,9,4
C0009567,P011,S0109,D0039,2024-03-16 16:27:37.128451,2,68,1
C0009568,P011,S0109,D0028,2024-03-25 05:12:12.484258,36,40,3
C0009569,P011,S0109,D0016,2024-03-15 21:16:35.543642,68,31,1
C0009570,P011,S0109,D0039,2024-03-21 17:13:19.618351,61,32,1
C0009571,P011,S0109,D0039,2024-03-19 02:13:02.378080,42,5,7
C0009572,P011,S0109,D0011,2024-03-27 14:26:43.662182,56,24,1
C0009573,P011,S0109,D0051,2024-03-21 02:03:15.919723,121,29,1
C0009574,P011,S0109,D0039,2024-03-16 10:52:53.370792,83,4,3
C0009575,P011,S0109,D0051,2024-03-23 16:58:14.611541,44,19,1
C0009576,P011,S0109,D0051,2024-03-25 19:06:40.530932,81,49,3
C0009577,P011,S0109,D0039,2024-03-27 23:05:52.598045,36,2,3
C0009578,P011,S0109,D0011,2024-03-25 02:58:45.825431,78,10,5
C0009579,P011,S0109,D0039,2024-03-21 10:07:09.585165,11,15,4
C0009580,P011,S0109,D0028,2024-03-18 05:58:03.131940,42,20,2
C0009581,P011,S0109,D0051,2024-03-28 01:01:02.092568,82,69,1
C0009582,P011,S0109,D0051,2024-03-18 01:55:22.592356,31,5,1
C0009583,P011,S0109,D0051,2024-03-20 22:45:20.421346,52,22,3
C0009584,P011,S0109,D0016,2024-03-18 10:53:18.141289,34,29,2
C0009585,P011,S0109,D0011,2024-03-24 21:47:19.495595,51,12,1
C0009586,P011,S0109,D0051,2024-03-26 12:02:30.828147,31,19,5
C0009587,P011,S0109,D0016,2024-03-21 21:55:45.887077,112,10,1
C0009588,P011,S0109,D0011,2024-03-26 19:27:51.242856,23,7,1
C0009589,P011,S0109,D0039,2024-03-18 06:15:49.005574,114,84,2
C0009590,P011,S0109,D0051,2024-03-20 01:56:16.619405,15,3,2
C0009591,P011,S0109,D0016,2024-03-19 19:41:41.596897,45,49,1
C0009592,P011,S0109,D0016,2024-03-25 16:22:56.734256,46,24,5
C0009593,P011,S0109,D0011,2024-03-22 01:23:18.800542,17,55,5
C0009594,P011,S0109,D0028,2024-03-27 06:48:02.578595,44,85,1
C0009595,P011,S0109,D0011,2024-03-18 08:30:54.656198,34,3,5
C0009596,P011,S0109,D0039,2024-03-26 08:49:14.331474,124,11,5
C0009597,P011,S0109,D0011,2024-03-23 14:40:42.291307,14,5,1
C0009598,P011,S0109,D0028,2024-03-23 13:26:03.586309,51,26,1
C0009599,P011,S0109,D0039,2024-03-20 16:09:34.846655,49,25,1
C0009600,P011,S0109,D0051,2024-03-18 12:39:28.741732,42,76,7
C0009601,P011,S0109,D0039,2024-03-26 22:21:20.346167,5,36,5
C0009602,P011,S0109,D0039,2024-03-16 04:35:48.726237,19,5,7
C0009603,P011,S0109,D0051,2024-03-19 21:40:09.515924,47,0,1
C0009604,P011,S0109,D0011,2024-03-20 22:49:53.602933,118,16,2
C0009605,P011,S0109,D0039,2024-03-21 17:32:07.054538,80,1,1
C0009606,P011,S0109,D0016,2024-03-27 22:37:37.214398,5,8,2
C0009607,P011,S0109,D0039,2024-03-24 05:10:28.087626,36,13,2
C0009608,P011,S0109,D0016,2024-03-19 10:09:08.724396,70,13,1
C0009609,P011,S0109,D0016,2024-03-19 16:48:51.287466,73,19,1
C0009610,P011,S0109,D0011,2024-03-27 09:53:49.916078,92,0,6
C0009611,P011,S0109,D0016,2024-03-20 17:30:46.383755,23,2,6
C0009612,P011,S0109,D0016,2024-03-25 13:47:14.066886,127,30,1
C0009613,P011,S0109,D0016,2024-03-24 04:34:11.602124,7,3,2
C0009614,P011,S0109,D0028,2024-03-24 11:29:59.114619,62,21,1
C0009615,P011,S0109,D0028,2024-03-15 15:51:42.966598,84,11,1
C0009616,P011,S0109,D0011,2024-03-20 11:54:42.337021,67,10,14
C0009617,P011,S0109,D0039,2024-03-26 19:21:21.146361,14,10,1
C0009618,P011,S0110,D0016,2024-04-03 12:38:36.293946,2,41,1
C0009619,P011,S0110,D0051,2024-04-08 22:46:18.876438,132,8,7
C0009620,P011,S0110,D0011,2024-04-01 05:28:25.520311,40,32,1
C0009621,P011,S0110,D0016,2024-04-06 01:34:02.015330,53,7,1
C0009622,P011,S0110,D0016,2024-04-03 00:16:34.322174,25,13,2
C0009623,P011,S0110,D0051,2024-03-31 06:27:30.515094,46,9,1
C0009624,P011,S0110,D0028,2024-04-02 09:18:06.406995,71,28,1
C0009625,P011,S0110,D0028,2024-04-06 02:57:29.301438,139,11,1
C0009626,P011,S0110,D0028,2024-04-07 21:30:02.002552,30,34,1
C0009627,P011,S0110,D0051,2024-04-09 14:34:03.983338,22,13,2
C0009628,P011,S0110,D0016,2024-03-31 09:20:41.828162,28,17,1
C0009629,P011,S0110,D0051,2024-04-05 06:00:12.226223,21,13,2
C0009630,P011,S0110,D0011,2024-04-04 19:53:05.944866,152,31,10
C0009631,P011,S0110,D0016,2024-04-05 00:07:28.521943,101,11,3
C0009632,P011,S0110,D0011,2024-04-05 09:31:21.051828,12,88,4
C0009633,P011,S0110,D0039,2024-04-07 04:00:13.984228,70,28,8
C0009634,P011,S0110,D0051,2024-04-04 17:48:42.245344,56,24,3
C0009635,P011,S0110,D0039,2024-04-08 14:12:23.544471,54,23,2
C0009636,P011,S0110,D0039,2024-03-30 19:24:01.671292,47,60,1
C0009637,P011,S0110,D0016,2024-04-10 02:16:01.450191,44,13,2
C0009638,P011,S0110,D0016,2024-04-08 18:01:34.951964,88,26,3
C0009639,P011,S0110,D0011,2024-04-07 21:21:06.640204,22,19,2
C0009640,P011,S0110,D0028,2024-04-11 00:50:08.458652,41,7,2
C0009641,P011,S0110,D0011,2024-04-04 16:22:53.242252,23,18,5
C0009642,P011,S0110,D0039,2024-03-31 19:20:02.619416,61,42,2
C0009643,P011,S0110,D0039,2024-04-09 09:53:22.665126,44,26,6
C0009644,P011,S0110,D0051,2024-04-06 04:48:04.497538,72,47,6
C0009645,P011,S0110,D0028,2024-04-03 11:53:50.076956,32,20,3
C0009646,P011,S0110,D0016,2024-04-08 03:21:40.440774,42,11,2
C0009647,P011,S0110,D0028,2024-04-08 18:29:32.892870,8,17,1
C0009648,P011,S0110,D0051,2024-03-29 20:52:22.384655,28,7,5
C0009649,P011,S0110,D0039,2024-04-06 07:32:03.248733,52,3,5
C0009650,P011,S0110,D0016,2024-04-01 06:34:27.369960,69,30,1
C0009651,P011,S0110,D0039,2024-04-08 20:03:44.588906,41,10,7
C0009652,P011,S0110,D0011,2024-04-02 20:08:42.400148,80,31,1
C0009653,P011,S0110,D0028,2024-03-30 12:56:02.779301,62,35,1
C0009654,P011,S0110,D0039,2024-03-30 09:31:15.558626,55,12,1
C0009655,P011,S0110,D0039,2024-04-08 20:29:38.468895,11,2,1
C0009656,P011,S0110,D0028,2024-04-03 03:56:08.616071,69,4,2
C0009657,P011,S0110,D0011,2024-03-30 04:03:26.638739,47,15,1
C0009658,P011,S0110,D0028,2024-04-08 13:08:41.317159,107,1,1
C0009659,P011,S0110,D0039,2024-04-01 14:59:38.837894,30,9,4
C0009660,P011,S0110,D0039,2024-04-11 04:49:13.935880,57,9,5
C0009661,P011,S0110,D0039,2024-04-07 15:25:34.916679,12,86,1
C0009662,P011,S0110,D0028,2024-04-08 11:46:52.814396,5,33,5
C0009663,P011,S0110,D0051,2024-04-08 10:40:50.838585,16,13,6
C0009664,P011,S0110,D0011,2024-04-02 05:31:06.372945,63,41,12
C0009665,P011,S0110,D0028,2024-04-10 16:42:33.952481,132,7,6
C0009666,P011,S0110,D0039,2024-04-03 18:36:56.669570,87,1,1
C0009667,P011,S0110,D0039,2024-04-10 13:15:58.227669,205,16,6
C0009668,P011,S0110,D0051,2024-04-05 08:07:27.633199,46,8,6
C0009669,P011,S0110,D0039,2024-04-03 14:21:33.647055,47,61,1
C0009670,P011,S0110,D0028,2024-04-03 18:12:34.036577,25,29,2
C0009671,P011,S0110,D0016,2024-04-08 22:46:35.081187,47,23,2
C0009672,P011,S0110,D0028,2024-04-09 08:42:03.734900,41,24,2
C0009673,P011,S0110,D0051,2024-04-07 13:09:17.198993,109,4,6
C0009674,P011,S0110,D0016,2024-04-03 09:41:33.597705,81,0,1
C0009675,P011,S0110,D0051,2024-04-06 05:02:00.667737,10,22,1
C0009676,P011,S0110,D0039,2024-04-07 21:03:58.664620,46,33,1
C0009677,P011,S0110,D0028,2024-03-30 11:44:23.987447,126,32,1
C0009678,P011,S0110,D0016,2024-03-31 10:47:52.425536,44,17,1
C0009679,P011,S0110,D0011,2024-04-05 16:32:19.611828,50,16,1
C0009680,P011,S0110,D0051,2024-04-06 23:47:11.771769,54,39,4
C0009681,P011,S0110,D0011,2024-04-05 19:34:14.921501,42,29,2
C0009682,P011,S0110,D0011,2024-04-09 01:41:55.903173,61,6,1
C0009683,P011,S0110,D0051,2024-04-05 12:35:17.668484,52,24,2
C0009684,P011,S0110,D0016,2024-04-04 16:51:14.434548,41,3,3
C0009685,P012,S0111,D0019,2023-11-26 12:26:07.670117,66,32,3
C0009686,P012,S0111,D0042,2023-11-24 02:52:00.944100,36,10,2
C0009687,P012,S0111,D0006,2023-11-21 01:28:00.469233,130,8,1
C0009688,P012,S0111,D0026,2023-11-25 08:19:29.756539,12,60,1
C0009689,P012,S0111,D0006,2023-11-28 21:19:15.577389,14,29,1
C0009690,P012,S0111,D0030,2023-11-26 20:30:44.735896,79,26,1
C0009691,P012,S0111,D0004,2023-11-22 08:13:38.736510,19,7,9
C0009692,P012,S0111,D0042,2023-11-20 14:41:55.459309,121,8,1
C0009693,P012,S0111,D0006,2023-11-27 02:54:52.150586,17,20,1
C0009694,P012,S0111,D0004,2023-11-22 06:50:56.552504,25,19,7
C0009695,P012,S0111,D0019,2023-11-25 16:27:53.043536,29,34,1
C0009696,P012,S0111,D0004,2023-11-27 18:33:05.972571,14,33,1
C0009697,P012,S0111,D0006,2023-11-21 12:15:24.776818,17,3,4
C0009698,P012,S0111,D0019,2023-11-21 12:40:04.456609,50,58,2
C0009699,P012,S0111,D0026,2023-11-21 07:24:13.976664,77,25,2
C0009700,P012,S0111,D0004,2023-11-25 03:03:14.195722,18,30,6
C0009701,P012,S0111,D0050,2023-11-26 17:57:33.226977,35,6,2
C0009702,P012,S0111,D0019,2023-12-01 03:00:20.763186,86,21,2
C0009703,P012,S0111,D0006,2023-11-19 19:54:37.340705,74,3,3
C0009704,P012,S0111,D0042,2023-11-21 09:06:31.805017,48,8,3
C0009705,P012,S0111,D0006,2023-11-20 00:50:29.064185,10,30,1
C0009706,P012,S0111,D0042,2023-11-27 22:40:03.843209,30,11,6
C0009707,P012,S0111,D0030,2023-11-24 04:45:16.353400,17,5,3
C0009708,P012,S0111,D0050,2023-11-27 12:29:03.151356,93,19,1
C0009709,P012,S0111,D0042,2023-11-29 21:59:17.386053,33,27,3
C0009710,P012,S0111,D0006,2023-11-29 17:15:52.998344,58,1,2
C0009711,P012,S0111,D0042,2023-11-25 23:02:14.740679,14,64,1
C0009712,P012,S0111,D0042,2023-11-30 10:35:46.280780,69,4,2
C0009713,P012,S0111,D0004,2023-11-19 22:36:37.598391,12,8,8
C0009714,P012,S0111,D0030,2023-11-29 07:58:50.908825,56,10,6
C0009715,P012,S0111,D0050,2023-11-29 05:39:20.721855,12,10,2
C0009716,P012,S0111,D0019,2023-11-24 22:41:18.340312,25,58,2
C0009717,P012,S0111,D0026,2023-11-28 08:51:13.045551,24,9,2
C0009718,P012,S0111,D0026,2023-11-21 08:53:42.817803,60,13,6
C0009719,P012,S0111,D0006,2023-11-30 12:07:28.673939,55,4,5
C0009720,P012,S0111,D0050,2023-12-02 04:06:33.971019,67,30,2
C0009721,P012,S0111,D0050,2023-11-24 09:36:02.852439,16,46,3
C0009722,P012,S0111,D0050,2023-11-27 23:04:59.337760,26,18,5
C0009723,P012,S0111,D0030,2023-11-20 22:39:45.306354,47,18,2
C0009724,P012,S0111,D0026,2023-11-25 15:35:30.197576,29,36,4
C0009725,P012,S0111,D0019,2023-11-30 15:12:27.435452,17,28,2
C0009726,P012,S0111,D0050,2023-11-30 18:46:21.679443,227,28,2
C0009727,P012,S0111,D0050,2023-11-22 17:38:17.041475,14,14,3
C0009728,P012,S0111,D0042,2023-11-23 13:41:41.359702,74,8,3
C0009729,P012,S0111,D0030,2023-11-20 18:38:55.511648,44,38,1
C0009730,P012,S0111,D0050,2023-11-29 15:17:49.865337,22,20,1
C0009731,P012,S0111,D0026,2023-11-26 03:35:52.522072,18,18,3
C0009732,P012,S0111,D0042,2023-11-28 22:47:09.381717,24,11,1
C0009733,P012,S0111,D0004,2023-11-27 00:51:13.849003,28,44,2
C0009734,P012,S0111,D0019,2023-11-22 17:03:55.399046,39,21,3
C0009735,P012,S0111,D0050,2023-11-19 13:20:00.304671,28,6,2
C0009736,P012,S0111,D0019,2023-12-01 17:12:16.734616,21,1,4
C0009737,P012,S0111,D0026,2023-12-01 02:02:15.344296,86,4,5
C0009738,P012,S0111,D0026,2023-11-29 04:46:38.809007,8,50,1
C0009739,P012,S0111,D0042,2023-11-29 20:47:23.538466,36,20,2
C0009740,P012,S0111,D0004,2023-11-26 11:33:59.254356,17,10,1
C0009741,P012,S0111,D0004,2023-11-27 11:35:02.137978,45,12,2
C0009742,P012,S0111,D0006,2023-11-22 21:48:48.204711,49,37,10
C0009743,P012,S0111,D0042,2023-11-28 11:12:47.564580,13,41,4
C0009744,P012,S0111,D0042,2023-11-23 01:26:56.938071,36,40,5
C0009745,P012,S0111,D0030,2023-11-26 00:30:57.922565,59,30,2
C0009746,P012,S0111,D0030,2023-11-23 06:12:45.886621,25,2,1
C0009747,P012,S0111,D0006,2023-11-23 09:54:58.085874,79,29,1
C0009748,P012,S0111,D0019,2023-11-29 14:40:57.624351,31,3,3
C0009749,P012,S0111,D0030,2023-12-01 02:10:18.340368,96,6,6
C0009750,P012,S0111,D0042,2023-11-24 14:29:02.595115,64,21,2
C0009751,P012,S0111,D0026,2023-11-19 18:20:57.688910,32,16,2
C0009752,P012,S0111,D0030,2023-11-27 04:44:08.043017,102,39,5
C0009753,P012,S0111,D0006,2023-12-01 04:38:45.913648,41,0,1
C0009754,P012,S0111,D0050,2023-12-01 21:19:50.584961,84,1,1
C0009755,P012,S0111,D0006,2023-11-23 19:18:51.738939,38,85,1
C0009756,P012,S0111,D0026,2023-11-24 07:48:26.636702,28,37,6
C0009757,P012,S0111,D0004,2023-11-22 14:13:26.584608,50,33,4
C0009758,P012,S0111,D0030,2023-11-20 10:43:43.340869,29,5,1
C0009759,P012,S0111,D0006,2023-11-21 06:39:34.665245,59,31,1
C0009760,P012,S0111,D0050,2023-11-20 21:34:23.885712,13,35,1
C0009761,P012,S0111,D0050,2023-11-29 05:45:52.915018,38,49,4
C0009762,P012,S0111,D0026,2023-11-23 10:31:53.258379,20,2,3
C0009763,P012,S0111,D0050,2023-11-26 10:28:14.773199,26,21,7
C0009764,P012,S0111,D0050,2023-12-01 07:54:39.496491,81,16,3
C0009765,P012,S0111,D0004,2023-11-26 13:35:13.329576,41,8,3
C0009766,P012,S0111,D0030,2023-11-23 16:02:20.816298,42,8,1
C0009767,P012,S0111,D0030,2023-11-26 23:34:31.298783,6,38,6
C0009768,P012,S0111,D0042,2023-11-30 20:51:04.684347,50,26,1
C0009769,P012,S0111,D0030,2023-11-28 16:45:38.090392,17,7,5
C0009770,P012,S0111,D0030,2023-11-27 13:06:49.320149,39,65,3
C0009771,P012,S0111,D0006,2023-11-21 17:28:14.892733,9,17,2
C0009772,P012,S0111,D0026,2023-11-26 04:31:27.950035,85,14,2
C0009773,P012,S0111,D0019,2023-12-02 10:36:08.580195,49,27,3
C0009774,P012,S0111,D0004,2023-11-23 22:58:56.515747,40,28,2
C0009775,P012,S0111,D0019,2023-12-01 00:22:51.928138,19,22,3
C0009776,P012,S0111,D0026,2023-11-29 04:30:36.604462,118,31,1
C0009777,P012,S0111,D0042,2023-11-20 18:08:45.313507,23,29,5
C0009778,P012,S0111,D0019,2023-11-20 21:43:06.461681,21,15,2
C0009779,P012,S0111,D0006,2023-11-23 22:10:47.745299,187,15,4
C0009780,P012,S0111,D0042,2023-11-22 17:37:05.630411,32,13,1
C0009781,P012,S0111,D0019,2023-11-28 17:41:15.746351,12,2,2
C0009782,P012,S0111,D0026,2023-11-28 04:24:42.017652,55,18,4
C0009783,P012,S0111,D0050,2023-11-29 20:54:55.441460,73,8,1
C0009784,P012,S0111,D0050,2023-11-22 22:29:05.240392,62,9,3
C0009785,P012,S0111,D0030,2023-11-30 23:22:00.667187,25,12,3
C0009786,P012,S0111,D0004,2023-12-01 07:56:23.954103,14,3,10
C0009787,P012,S0111,D0042,2023-11-24 09:40:50.691959,36,55,4
C0009788,P012,S0111,D0004,2023-11-19 12:21:10.007564,20,0,4
C0009789,P012,S0111,D0030,2023-11-29 03:08:30.818227,22,33,1
C0009790,P012,S0111,D0030,2023-11-26 07:17:17.263063,30,12,3
C0009791,P012,S0111,D0050,2023-11-22 04:43:30.096762,4,12,3
C0009792,P012,S0111,D0004,2023-12-01 16:00:48.926639,50,3,2
C0009793,P012,S0111,D0019,2023-11-28 16:27:32.421835,26,9,1
C0009794,P012,S0111,D0006,2023-11-25 16:31:40.143026,43,71,1
C0009795,P012,S0111,D0030,2023-11-19 12:32:53.863790,43,40,2
C0009796,P012,S0111,D0050,2023-12-01 05:17:44.614855,14,29,2
C0009797,P012,S0111,D0030,2023-11-30 09:20:33.498582,17,14,1
C0009798,P012,S0111,D0030,2023-12-02 05:47:39.189481,15,7,1
C0009799,P012,S0111,D0030,2023-11-21 11:54:54.708897,46,19,2
C0009800,P012,S0111,D0019,2023-11-28 06:29:51.131945,37,34,1
C0009801,P012,S0111,D0026,2023-11-21 22:49:05.526626,37,8,1
C0009802,P012,S0111,D0006,2023-11-25 23:33:34.465618,37,40,4
C0009803,P012,S0111,D0006,2023-12-01 08:38:03.731713,22,23,1
C0009804,P012,S0111,D0004,2023-11-25 16:25:25.622974,44,27,2
C0009805,P012,S0111,D0006,2023-11-27 10:37:52.460447,63,15,5
C0009806,P012,S0111,D0006,2023-11-27 23:47:23.108577,66,91,8
C0009807,P012,S0111,D0050,2023-11-26 18:18:18.695965,58,11,6
C0009808,P012,S0111,D0042,2023-11-28 15:12:54.492598,80,94,2
C0009809,P012,S0111,D0050,2023-12-02 10:42:33.404442,39,72,3
C0009810,P012,S0111,D0026,2023-11-30 18:36:44.954483,82,39,5
C0009811,P012,S0111,D0006,2023-11-28 12:54:58.536896,73,10,2
C0009812,P012,S0111,D0026,2023-11-23 02:53:10.565095,53,23,8
C0009813,P012,S0111,D0006,2023-11-19 21:44:49.468134,20,78,4
C0009814,P012,S0111,D0050,2023-11-23 01:51:52.827772,47,35,1
C0009815,P012,S0111,D0019,2023-11-26 03:20:50.453194,94,2,1
C0009816,P012,S0111,D0042,2023-11-19 18:14:34.465809,28,0,6
C0009817,P012,S0111,D0006,2023-12-01 14:23:42.060101,114,4,3
C0009818,P012,S0111,D0006,2023-11-28 13:13:58.644561,19,51,1
C0009819,P012,S0111,D0019,2023-11-28 03:11:40.016596,37,18,3
C0009820,P012,S0111,D0004,2023-11-29 17:46:36.077360,66,17,2
C0009821,P012,S0111,D0030,2023-11-21 15:27:15.032234,42,5,1
C0009822,P012,S0111,D0004,2023-11-21 04:19:16.852799,57,6,3
C0009823,P012,S0111,D0019,2023-11-22 15:25:58.373249,12,105,1
C0009824,P012,S0112,D0019,2023-12-03 12:00:45.467593,56,16,1
C0009825,P012,S0112,D0004,2023-12-14 20:56:07.649039,15,2,3
C0009826,P012,S0112,D0026,2023-12-13 06:15:55.832403,36,24,2
C0009827,P012,S0112,D0006,2023-12-13 00:25:53.004681,69,27,1
C0009828,P012,S0112,D0026,2023-12-06 07:35:16.933799,53,13,5
C0009829,P012,S0112,D0006,2023-12-13 19:27:07.654699,142,7,4
C0009830,P012,S0112,D0019,2023-12-09 12:12:35.109731,26,15,5
C0009831,P012,S0112,D0019,2023-12-03 23:57:18.517448,23,38,1
C0009832,P012,S0112,D0030,2023-12-04 00:54:57.140745,35,15,3
C0009833,P012,S0112,D0026,2023-12-08 01:30:43.158380,17,14,1
C0009834,P012,S0112,D0030,2023-12-06 08:30:42.365164,21,25,8
C0009835,P012,S0112,D0050,2023-12-03 19:16:02.136305,64,32,1
C0009836,P012,S0112,D0019,2023-12-10 14:45:55.317810,133,17,7
C0009837,P012,S0112,D0030,2023-12-15 23:11:42.432799,129,51,4
C0009838,P012,S0112,D0026,2023-12-12 12:00:12.006621,67,7,1
C0009839,P012,S0112,D0050,2023-12-09 14:24:24.308976,22,22,1
C0009840,P012,S0112,D0050,2023-12-09 05:57:13.933728,9,57,6
C0009841,P012,S0112,D0006,2023-12-10 05:51:46.874598,5,20,6
C0009842,P012,S0112,D0019,2023-12-15 20:36:06.598277,25,64,1
C0009843,P012,S0112,D0030,2023-12-11 23:23:40.052990,81,1,2
C0009844,P012,S0112,D0019,2023-12-09 16:45:37.558229,13,7,3
C0009845,P012,S0112,D0019,2023-12-11 20:10:28.725237,25,4,1
C0009846,P012,S0112,D0006,2023-12-14 18:05:55.042791,5,35,2
C0009847,P012,S0112,D0042,2023-12-06 15:23:16.809503,33,38,2
C0009848,P012,S0112,D0006,2023-12-05 17:58:00.501465,19,48,5
C0009849,P012,S0112,D0004,2023-12-16 06:32:26.859619,12,22,1
C0009850,P012,S0112,D0030,2023-12-03 16:19:57.916191,10,27,3
C0009851,P012,S0112,D0006,2023-12-07 16:00:00.897561,75,12,1
C0009852,P012,S0112,D0026,2023-12-11 05:18:30.869186,30,14,5
C0009853,P012,S0112,D0019,2023-12-03 07:07:56.320216,30,89,3
C0009854,P012,S0112,D0006,2023-12-07 16:37:48.071770,73,17,2
C0009855,P012,S0112,D0019,2023-12-05 12:00:35.542994,70,2,2
C0009856,P012,S0112,D0006,2023-12-03 12:18:47.289058,20,5,1
C0009857,P012,S0112,D0026,2023-12-11 17:46:06.379284,28,11,2
C0009858,P012,S0112,D0042,2023-12-08 13:55:13.540714,45,38,1
C0009859,P012,S0112,D0006,2023-12-04 21:35:10.104545,41,32,2
C0009860,P012,S0112,D0006,2023-12-04 18:59:06.253838,156,2,4
C0009861,P012,S0112,D0042,2023-12-04 00:31:13.667979,122,7,5
C0009862,P012,S0112,D0006,2023-12-12 12:14:24.394051,80,22,1
C0009863,P012,S0112,D0030,2023-12-11 16:42:02.506001,138,4,1
C0009864,P012,S0112,D0004,2023-12-08 20:10:56.115960,113,22,1
C0009865,P012,S0112,D0030,2023-12-04 04:34:40.755394,34,4,2
C0009866,P012,S0112,D0030,2023-12-15 03:12:17.125386,13,12,3
C0009867,P012,S0112,D0006,2023-12-05 15:22:45.968839,23,11,1
C0009868,P012,S0112,D0019,2023-12-10 23:48:55.112703,115,6,12
C0009869,P012,S0112,D0050,2023-12-06 08:14:35.963423,11,14,2
C0009870,P012,S0112,D0030,2023-12-05 16:10:48.487498,23,6,4
C0009871,P012,S0112,D0019,2023-12-14 22:36:48.577095,87,18,2
C0009872,P012,S0112,D0019,2023-12-10 02:01:42.387165,75,33,4
C0009873,P012,S0112,D0042,2023-12-04 02:19:53.071437,80,26,4
C0009874,P012,S0112,D0026,2023-12-04 01:30:47.503131,44,10,1
C0009875,P012,S0112,D0019,2023-12-15 21:40:00.179266,21,17,2
C0009876,P012,S0112,D0019,2023-12-05 06:21:23.255250,27,17,4
C0009877,P012,S0112,D0030,2023-12-06 21:40:20.698028,45,8,1
C0009878,P012,S0112,D0019,2023-12-07 20:09:54.024232,30,19,1
C0009879,P012,S0112,D0004,2023-12-07 09:44:19.819939,33,10,4
C0009880,P012,S0112,D0026,2023-12-14 01:02:36.047347,40,5,1
C0009881,P012,S0112,D0026,2023-12-10 23:52:05.224594,9,6,1
C0009882,P012,S0112,D0050,2023-12-07 18:11:56.870162,61,5,4
C0009883,P012,S0112,D0030,2023-12-04 03:13:46.861494,3,5,4
C0009884,P012,S0112,D0006,2023-12-06 19:30:46.335733,5,20,3
C0009885,P012,S0112,D0026,2023-12-10 11:11:28.117421,21,25,1
C0009886,P012,S0112,D0006,2023-12-15 19:27:16.858791,119,12,2
C0009887,P012,S0112,D0042,2023-12-14 07:47:43.387616,59,30,5
C0009888,P012,S0112,D0006,2023-12-15 19:59:39.593481,51,14,1
C0009889,P012,S0112,D0006,2023-12-09 21:59:41.792120,24,7,1
C0009890,P012,S0112,D0004,2023-12-03 21:14:59.341408,96,19,1
C0009891,P012,S0112,D0030,2023-12-09 07:53:08.448727,75,16,1
C0009892,P012,S0112,D0050,2023-12-13 10:06:05.833349,70,11,2
C0009893,P012,S0112,D0006,2023-12-07 13:35:12.065669,29,19,1
C0009894,P012,S0112,D0004,2023-12-07 05:40:00.035565,60,31,1
C0009895,P012,S0112,D0019,2023-12-13 05:53:28.807821,27,16,5
C0009896,P012,S0113,D0006,2023-12-28 04:31:47.181264,52,14,1
C0009897,P012,S0113,D0050,2023-12-29 21:48:06.392777,8,41,1
C0009898,P012,S0113,D0030,2023-12-24 23:12:35.931830,11,10,5
C0009899,P012,S0113,D0019,2023-12-18 09:51:27.896748,99,2,3
C0009900,P012,S0113,D0026,2023-12-18 07:10:43.854131,123,10,3
C0009901,P012,S0113,D0006,2023-12-28 09:07:23.830137,38,7,1
C0009902,P012,S0113,D0004,2023-12-19 16:27:52.537828,60,32,1
C0009903,P012,S0113,D0026,2023-12-25 22:54:37.055470,68,1,1
C0009904,P012,S0113,D0050,2023-12-29 11:08:43.609734,63,1,4
C0009905,P012,S0113,D0042,2023-12-21 04:14:05.311418,19,14,1
C0009906,P012,S0113,D0004,2023-12-29 18:02:54.715083,8,64,1
C0009907,P012,S0113,D0006,2023-12-20 10:39:32.802719,84,44,2
C0009908,P012,S0113,D0019,2023-12-29 23:14:55.885634,67,1,1
C0009909,P012,S0113,D0042,2023-12-21 05:14:29.676280,60,24,3
C0009910,P012,S0113,D0050,2023-12-30 07:38:48.618827,68,13,1
C0009911,P012,S0113,D0050,2023-12-21 20:29:58.080836,46,0,3
C0009912,P012,S0113,D0042,2023-12-27 20:05:45.194935,27,35,2
C0009913,P012,S0113,D0004,2023-12-28 08:45:22.735377,33,19,1
C0009914,P012,S0113,D0006,2023-12-25 05:18:35.323177,129,1,1
C0009915,P012,S0113,D0042,2023-12-23 13:57:22.575229,81,24,2
C0009916,P012,S0113,D0004,2023-12-27 07:40:11.622544,21,27,3
C0009917,P012,S0113,D0042,2023-12-24 14:55:24.802146,22,9,1
C0009918,P012,S0113,D0004,2023-12-25 14:39:37.692390,85,0,1
C0009919,P012,S0113,D0042,2023-12-28 10:04:37.050435,21,13,1
C0009920,P012,S0113,D0030,2023-12-20 18:50:01.944621,13,20,7
C0009921,P012,S0113,D0006,2023-12-27 19:42:47.048236,71,65,3
C0009922,P012,S0113,D0019,2023-12-17 23:27:23.225053,11,6,1
C0009923,P012,S0113,D0042,2023-12-17 17:35:46.026103,13,50,5
C0009924,P012,S0113,D0026,2023-12-22 03:59:46.557455,54,25,1
C0009925,P012,S0113,D0026,2023-12-20 18:30:46.089563,14,1,1
C0009926,P012,S0113,D0004,2023-12-26 03:12:40.237359,31,16,1
C0009927,P012,S0113,D0019,2023-12-27 10:58:22.991130,-1,14,5
C0009928,P012,S0113,D0006,2023-12-19 12:05:58.521940,21,5,5
C0009929,P012,S0113,D0030,2023-12-21 05:41:20.660809,30,5,1
C0009930,P012,S0113,D0006,2023-12-20 01:31:48.649013,18,5,1
C0009931,P012,S0113,D0026,2023-12-29 11:05:11.451357,51,15,2
C0009932,P012,S0113,D0030,2023-12-23 07:06:14.337004,68,7,2
C0009933,P012,S0113,D0030,2023-12-23 19:27:39.575199,17,15,3
C0009934,P012,S0113,D0004,2023-12-19 20:44:37.415399,74,3,1
C0009935,P012,S0113,D0019,2023-12-27 03:35:22.117240,154,43,1
C0009936,P012,S0113,D0030,2023-12-26 14:59:25.999001,26,10,1
C0009937,P012,S0113,D0026,2023-12-18 05:09:34.386595,40,4,3
C0009938,P012,S0113,D0050,2023-12-29 08:42:33.852608,63,8,5
C0009939,P012,S0113,D0004,2023-12-30 05:33:15.373218,14,30,6
C0009940,P012,S0113,D0026,2023-12-20 08:07:30.913404,7,48,3
C0009941,P012,S0113,D0050,2023-12-17 18:04:50.475067,6,7,1
C0009942,P012,S0113,D0019,2023-12-24 20:42:20.164485,36,5,5
C0009943,P012,S0113,D0006,2023-12-27 20:22:26.387900,25,3,6
C0009944,P012,S0113,D0030,2023-12-19 10:45:31.480640,98,18,1
C0009945,P012,S0113,D0006,2023-12-22 20:07:29.415610,10,37,8
C0009946,P012,S0113,D0006,2023-12-25 08:43:45.836092,14,20,4
C0009947,P012,S0113,D0026,2023-12-29 21:50:16.932394,45,9,1
C0009948,P012,S0113,D0004,2023-12-18 03:45:52.909805,63,5,1
C0009949,P012,S0113,D0004,2023-12-21 15:50:31.881622,36,7,6
C0009950,P012,S0113,D0042,2023-12-24 02:05:40.469136,35,18,1
C0009951,P012,S0113,D0004,2023-12-20 09:31:18.512000,55,13,1
C0009952,P012,S0113,D0019,2023-12-22 17:20:39.844726,65,2,1
C0009953,P012,S0113,D0006,2023-12-25 01:52:29.092755,15,4,5
C0009954,P012,S0113,D0004,2023-12-18 10:46:23.962891,35,29,5
C0009955,P012,S0113,D0026,2023-12-20 09:28:35.838484,21,9,1
C0009956,P012,S0113,D0006,2023-12-18 23:02:15.377926,32,32,1
C0009957,P012,S0113,D0042,2023-12-20 18:45:55.758049,61,2,1
C0009958,P012,S0113,D0050,2023-12-21 07:05:52.391726,88,13,1
C0009959,P012,S0114,D0030,2024-01-01 19:02:48.432950,68,7,1
C0009960,P012,S0114,D0019,2024-01-12 06:41:02.682895,19,7,1
C0009961,P012,S0114,D0026,2024-01-05 21:47:48.680274,91,39,2
C0009962,P012,S0114,D0004,2024-01-02 22:39:35.876029,18,28,3
C0009963,P012,S0114,D0030,2023-12-31 22:16:20.194140,12,9,2
C0009964,P012,S0114,D0006,2024-01-09 12:59:28.562400,94,17,1
C0009965,P012,S0114,D0050,2024-01-10 07:56:36.870262,87,34,1
C0009966,P012,S0114,D0006,2024-01-12 07:31:51.600247,15,21,1
C0009967,P012,S0114,D0050,2024-01-10 10:54:46.885706,65,17,4
C0009968,P012,S0114,D0042,2024-01-06 19:30:28.348050,71,34,3
C0009969,P012,S0114,D0042,2024-01-05 10:58:46.175939,52,6,10
C0009970,P012,S0114,D0026,2024-01-05 14:15:49.955330,8,28,4
C0009971,P012,S0114,D0050,2024-01-01 03:05:01.609042,85,11,1
C0009972,P012,S0114,D0006,2024-01-01 02:30:47.537145,15,7,4
C0009973,P012,S0114,D0050,2024-01-05 01:42:34.061879,56,1,10
C0009974,P012,S0114,D0030,2024-01-10 20:39:27.605864,99,29,1
C0009975,P012,S0114,D0030,2024-01-03 01:42:49.197289,20,4,1
C0009976,P012,S0114,D0050,2024-01-13 01:37:41.622917,50,7,1
C0009977,P012,S0114,D0042,2024-01-08 22:43:05.457170,13,11,2
C0009978,P012,S0114,D0042,2024-01-03 20:35:48.021662,3,22,2
C0009979,P012,S0114,D0050,2024-01-09 18:16:11.844133,47,7,5
C0009980,P012,S0114,D0050,2024-01-07 08:14:01.376214,21,20,3
C0009981,P012,S0114,D0026,2024-01-08 07:33:16.769359,132,3,1
C0009982,P012,S0114,D0050,2024-01-02 14:12:24.375748,84,35,1
C0009983,P012,S0114,D0019,2024-01-10 23:36:53.669690,57,61,5
C0009984,P012,S0114,D0050,2024-01-11 06:33:53.938803,80,13,2
C0009985,P012,S0114,D0004,2024-01-07 13:14:48.135853,127,46,8
C0009986,P012,S0114,D0004,2024-01-10 01:58:21.822280,57,10,2
C0009987,P012,S0114,D0050,2024-01-10 21:34:47.510138,41,10,1
C0009988,P012,S0114,D0006,2024-01-09 06:25:23.025521,38,7,2
C0009989,P012,S0114,D0019,2024-01-03 21:08:52.239717,79,16,1
C0009990,P012,S0114,D0050,2024-01-08 07:52:39.277502,63,10,4
C0009991,P012,S0114,D0026,2024-01-08 23:55:11.804755,32,21,6
C0009992,P012,S0114,D0006,2024-01-01 03:32:45.454739,26,25,2
C0009993,P012,S0114,D0019,2024-01-11 06:13:35.594831,23,13,1
C0009994,P012,S0114,D0006,2024-01-06 22:15:17.012242,38,5,2
C0009995,P012,S0114,D0042,2024-01-07 04:26:17.308318,110,14,5
C0009996,P012,S0114,D0019,2024-01-12 00:26:56.552417,23,16,1
C0009997,P012,S0114,D0019,2024-01-04 10:57:43.376171,14,21,2
C0009998,P012,S0114,D0019,2024-01-02 06:26:32.208651,89,10,1
C0009999,P012,S0114,D0050,2024-01-03 21:16:32.604841,30,6,1
C0010000,P012,S0114,D0006,2024-01-13 06:12:11.225983,38,15,4
C0010001,P012,S0114,D0042,2024-01-02 05:34:17.860964,16,7,3
C0010002,P012,S0114,D0030,2024-01-13 08:27:00.024588,113,24,1
C0010003,P012,S0114,D0006,2024-01-11 03:58:31.887452,177,20,1
C0010004,P012,S0114,D0026,2024-01-02 14:17:45.875266,87,68,1
C0010005,P012,S0114,D0050,2024-01-09 04:30:18.152896,64,12,2
C0010006,P012,S0114,D0019,2024-01-09 22:41:53.413278,60,16,6
C0010007,P012,S0114,D0042,2024-01-11 16:52:15.810166,34,8,3
C0010008,P012,S0114,D0019,2024-01-08 08:29:33.284356,74,6,4
C0010009,P012,S0114,D0019,2024-01-08 17:44:49.225901,144,9,1
C0010010,P012,S0114,D0050,2024-01-13 06:17:29.418743,58,12,1
C0010011,P012,S0115,D0006,2024-01-25 19:41:11.829143,64,10,4
C0010012,P012,S0115,D0050,2024-01-16 01:10:56.641641,36,17,15
C0010013,P012,S0115,D0050,2024-01-16 01:52:04.246054,87,22,3
C0010014,P012,S0115,D0030,2024-01-16 16:24:43.820606,61,17,1
C0010015,P012,S0115,D0030,2024-01-20 06:31:31.093184,85,29,5
C0010016,P012,S0115,D0006,2024-01-16 18:15:08.914354,29,26,1
C0010017,P012,S0115,D0004,2024-01-18 21:14:43.277044,24,0,5
C0010018,P012,S0115,D0006,2024-01-20 16:51:22.579845,16,54,1
C0010019,P012,S0115,D0050,2024-01-16 04:26:36.068351,63,7,6
C0010020,P012,S0115,D0006,2024-01-24 17:35:14.370324,52,83,2
C0010021,P012,S0115,D0004,2024-01-15 17:22:51.139688,51,22,1
C0010022,P012,S0115,D0050,2024-01-27 17:59:57.177391,43,16,1
C0010023,P012,S0115,D0004,2024-01-15 11:11:39.495284,73,9,1
C0010024,P012,S0115,D0050,2024-01-19 04:25:56.625546,63,35,6
C0010025,P012,S0115,D0019,2024-01-25 02:36:26.347994,68,3,7
C0010026,P012,S0115,D0030,2024-01-18 08:00:18.313707,64,11,1
C0010027,P012,S0115,D0019,2024-01-26 03:12:13.011835,70,11,1
C0010028,P012,S0115,D0026,2024-01-23 15:06:45.384422,7,37,1
C0010029,P012,S0115,D0006,2024-01-23 02:21:17.312707,35,42,3
C0010030,P012,S0115,D0004,2024-01-19 03:11:47.458449,70,25,1
C0010031,P012,S0115,D0050,2024-01-26 07:48:00.195319,127,20,2
C0010032,P012,S0115,D0004,2024-01-27 00:24:26.812790,72,33,2
C0010033,P012,S0115,D0030,2024-01-24 13:58:23.266889,6,18,1
C0010034,P012,S0115,D0026,2024-01-24 00:38:32.308494,57,15,4
C0010035,P012,S0115,D0026,2024-01-21 13:34:00.054714,34,41,3
C0010036,P012,S0115,D0026,2024-01-15 09:43:34.253969,24,18,2
C0010037,P012,S0115,D0026,2024-01-19 04:16:36.359146,154,15,4
C0010038,P012,S0115,D0042,2024-01-25 17:16:32.317964,12,37,1
C0010039,P012,S0115,D0019,2024-01-18 08:29:25.565917,43,21,1
C0010040,P012,S0115,D0050,2024-01-18 16:31:05.018496,20,26,1
C0010041,P012,S0115,D0050,2024-01-15 14:18:49.749144,118,39,2
C0010042,P012,S0115,D0030,2024-01-15 11:45:14.572880,21,7,6
C0010043,P012,S0115,D0006,2024-01-24 14:19:56.399670,73,19,3
C0010044,P012,S0115,D0050,2024-01-27 14:57:23.305975,100,56,6
C0010045,P012,S0115,D0004,2024-01-16 07:06:48.066607,33,1,12
C0010046,P012,S0115,D0004,2024-01-18 01:36:35.988122,19,10,1
C0010047,P012,S0115,D0026,2024-01-15 04:01:51.606167,23,5,3
C0010048,P012,S0115,D0026,2024-01-16 04:23:13.634668,27,119,1
C0010049,P012,S0115,D0030,2024-01-17 22:15:39.296492,58,2,3
C0010050,P012,S0115,D0042,2024-01-15 11:01:38.536869,17,35,1
C0010051,P012,S0115,D0042,2024-01-23 15:46:00.078558,39,22,2
C0010052,P012,S0115,D0026,2024-01-15 21:19:46.729850,63,3,8
C0010053,P012,S0115,D0050,2024-01-23 14:53:03.310496,26,13,1
C0010054,P012,S0115,D0030,2024-01-17 16:59:59.245774,129,3,3
C0010055,P012,S0115,D0006,2024-01-22 16:32:22.645781,110,22,6
C0010056,P012,S0115,D0019,2024-01-26 12:05:07.789090,6,26,3
C0010057,P012,S0115,D0030,2024-01-19 20:02:47.943091,11,6,1
C0010058,P012,S0115,D0026,2024-01-22 01:03:10.040927,47,96,8
C0010059,P012,S0115,D0030,2024-01-25 13:10:39.455324,24,3,2
C0010060,P012,S0115,D0050,2024-01-22 13:11:30.375398,69,36,1
C0010061,P012,S0115,D0019,2024-01-25 05:48:31.340218,30,12,7
C0010062,P012,S0115,D0050,2024-01-21 14:54:59.971254,84,63,3
C0010063,P012,S0115,D0004,2024-01-18 11:58:47.105195,68,37,1
C0010064,P012,S0115,D0019,2024-01-22 03:32:51.060309,99,26,3
C0010065,P012,S0115,D0019,2024-01-18 21:18:20.517727,51,24,4
C0010066,P012,S0115,D0026,2024-01-15 14:12:39.725693,43,23,1
C0010067,P012,S0115,D0042,2024-01-24 01:35:35.341675,66,18,3
C0010068,P012,S0115,D0004,2024-01-24 13:04:53.322532,37,11,2
C0010069,P012,S0115,D0006,2024-01-21 14:25:36.551480,25,23,2
C0010070,P012,S0115,D0050,2024-01-19 02:29:17.186805,32,44,1
C0010071,P012,S0115,D0006,2024-01-17 14:52:59.214541,71,35,9
C0010072,P012,S0115,D0026,2024-01-21 17:11:29.157487,28,0,1
C0010073,P012,S0116,D0042,2024-02-06 17:49:47.935774,78,24,4
C0010074,P012,S0116,D0004,2024-02-01 13:55:26.378674,139,32,2
C0010075,P012,S0116,D0019,2024-01-30 03:12:51.305532,7,27,7
C0010076,P012,S0116,D0030,2024-02-01 12:28:10.027855,52,11,9
C0010077,P012,S0116,D0006,2024-02-09 11:13:01.468160,48,9,7
C0010078,P012,S0116,D0006,2024-02-02 14:11:09.248564,37,18,1
C0010079,P012,S0116,D0004,2024-02-05 14:00:36.241158,18,18,5
C0010080,P012,S0116,D0004,2024-01-31 05:22:52.423811,77,22,1
C0010081,P012,S0116,D0050,2024-01-29 20:03:45.494651,49,9,3
C0010082,P012,S0116,D0004,2024-02-01 03:49:44.361973,58,7,2
C0010083,P012,S0116,D0050,2024-02-02 22:26:18.657155,35,8,2
C0010084,P012,S0116,D0042,2024-02-07 22:44:54.478873,33,7,1
C0010085,P012,S0116,D0042,2024-01-30 08:38:21.396165,25,25,1
C0010086,P012,S0116,D0042,2024-02-09 10:45:19.928556,61,31,2
C0010087,P012,S0116,D0006,2024-01-31 13:22:15.838576,96,6,6
C0010088,P012,S0116,D0042,2024-01-31 01:26:03.303021,69,27,5
C0010089,P012,S0116,D0006,2024-02-04 04:00:40.620077,39,4,3
C0010090,P012,S0116,D0050,2024-02-08 18:42:23.065620,112,2,2
C0010091,P012,S0116,D0026,2024-02-07 12:42:40.779059,100,15,1
C0010092,P012,S0116,D0026,2024-02-03 04:23:28.946687,23,15,2
C0010093,P012,S0116,D0030,2024-02-07 05:33:04.351273,58,2,3
C0010094,P012,S0116,D0006,2024-01-30 15:49:15.813628,8,28,1
C0010095,P012,S0116,D0030,2024-02-02 05:18:56.128356,3,70,2
C0010096,P012,S0116,D0019,2024-02-03 03:20:46.855051,66,3,1
C0010097,P012,S0116,D0006,2024-02-05 11:28:35.897710,20,9,3
C0010098,P012,S0116,D0019,2024-01-29 21:47:44.991864,43,24,1
C0010099,P012,S0116,D0026,2024-02-09 16:19:15.021414,142,0,1
C0010100,P012,S0116,D0050,2024-02-01 06:27:44.282160,15,39,3
C0010101,P012,S0116,D0006,2024-02-08 07:44:13.721844,39,66,4
C0010102,P012,S0116,D0006,2024-02-03 17:12:40.445574,19,1,2
C0010103,P012,S0116,D0004,2024-02-10 01:19:54.315587,147,42,6
C0010104,P012,S0116,D0006,2024-02-09 13:19:51.507801,13,32,3
C0010105,P012,S0116,D0004,2024-02-04 19:58:36.321554,79,22,1
C0010106,P012,S0116,D0006,2024-02-09 16:10:41.349673,84,70,3
C0010107,P012,S0116,D0042,2024-02-03 15:25:33.695741,45,22,1
C0010108,P012,S0116,D0042,2024-02-05 04:30:30.178260,-1,14,2
C0010109,P012,S0116,D0019,2024-02-03 10:07:31.091762,24,33,8
C0010110,P012,S0116,D0050,2024-01-28 16:16:25.740012,37,16,1
C0010111,P012,S0116,D0042,2024-02-04 18:28:04.188257,29,45,2
C0010112,P012,S0116,D0030,2024-02-03 12:52:33.121069,15,30,4
C0010113,P012,S0116,D0042,2024-02-04 15:23:04.913021,63,17,2
C0010114,P012,S0116,D0042,2024-02-07 17:56:28.501176,16,6,3
C0010115,P012,S0116,D0050,2024-01-28 01:07:38.190870,29,8,1
C0010116,P012,S0116,D0050,2024-02-10 02:24:22.777291,44,81,5
C0010117,P012,S0116,D0050,2024-02-01 17:45:56.943447,54,8,1
C0010118,P012,S0116,D0042,2024-02-03 01:35:39.536457,22,9,5
C0010119,P012,S0116,D0026,2024-02-07 12:23:56.640128,34,13,7
C0010120,P012,S0116,D0004,2024-01-29 18:20:29.503970,66,34,4
C0010121,P012,S0116,D0026,2024-02-03 19:45:45.748650,16,15,2
C0010122,P012,S0116,D0006,2024-02-07 17:05:44.200735,15,11,4
C0010123,P012,S0116,D0030,2024-02-03 00:45:00.159266,29,32,1
C0010124,P012,S0116,D0042,2024-02-05 00:44:27.177699,16,21,1
C0010125,P012,S0117,D0026,2024-02-23 02:37:57.726441,14,1,5
C0010126,P012,S0117,D0050,2024-02-20 02:38:47.486267,42,8,1
C0010127,P012,S0117,D0026,2024-02-22 09:33:38.609468,13,13,1
C0010128,P012,S0117,D0050,2024-02-12 20:03:57.133210,32,18,2
C0010129,P012,S0117,D0030,2024-02-12 07:47:09.149114,26,36,1
C0010130,P012,S0117,D0050,2024-02-11 07:14:28.877405,42,61,4
C0010131,P012,S0117,D0006,2024-02-23 02:57:16.168904,38,48,1
C0010132,P012,S0117,D0004,2024-02-14 04:03:06.664459,3,10,6
C0010133,P012,S0117,D0004,2024-02-18 00:11:54.080778,54,4,1
C0010134,P012,S0117,D0026,2024-02-13 02:31:34.655852,43,7,1
C0010135,P012,S0117,D0026,2024-02-20 21:20:41.626437,12,13,2
C0010136,P012,S0117,D0050,2024-02-23 21:21:18.006892,97,13,7
C0010137,P012,S0117,D0042,2024-02-16 04:04:10.638927,54,12,9
C0010138,P012,S0117,D0026,2024-02-15 02:48:07.666946,40,5,1
C0010139,P012,S0117,D0004,2024-02-11 22:47:25.547199,17,74,6
C0010140,P012,S0117,D0042,2024-02-15 04:29:17.856487,59,6,2
C0010141,P012,S0117,D0030,2024-02-23 11:06:20.976764,28,9,10
C0010142,P012,S0117,D0042,2024-02-21 01:04:01.086172,38,29,1
C0010143,P012,S0117,D0004,2024-02-16 17:47:31.860561,27,1,1
C0010144,P012,S0117,D0004,2024-02-13 20:24:24.374051,44,15,1
C0010145,P012,S0117,D0050,2024-02-22 10:31:11.787870,56,3,1
C0010146,P012,S0117,D0019,2024-02-13 21:33:06.996870,54,19,1
C0010147,P012,S0117,D0004,2024-02-20 02:44:12.921170,33,6,1
C0010148,P012,S0117,D0026,2024-02-22 20:11:42.774288,80,2,1
C0010149,P012,S0117,D0004,2024-02-15 14:42:03.669765,20,30,7
C0010150,P012,S0117,D0050,2024-02-18 18:55:09.988713,33,48,1
C0010151,P012,S0117,D0006,2024-02-18 18:45:21.232627,31,32,3
C0010152,P012,S0117,D0019,2024-02-19 16:57:05.518124,36,25,1
C0010153,P012,S0117,D0026,2024-02-15 18:24:58.675936,100,15,1
C0010154,P012,S0117,D0030,2024-02-20 15:03:54.540344,22,11,2
C0010155,P012,S0117,D0006,2024-02-21 11:17:46.725351,51,15,4
C0010156,P012,S0117,D0004,2024-02-20 11:29:04.976081,22,18,2
C0010157,P012,S0117,D0030,2024-02-19 06:59:39.270959,67,54,4
C0010158,P012,S0117,D0050,2024-02-21 21:57:54.785593,28,12,2
C0010159,P012,S0117,D0004,2024-02-11 11:30:40.331655,30,60,4
C0010160,P012,S0117,D0050,2024-02-15 22:51:22.474539,21,33,1
C0010161,P012,S0117,D0004,2024-02-12 20:13:41.438412,10,55,3
C0010162,P012,S0117,D0050,2024-02-15 08:57:22.162382,68,14,1
C0010163,P012,S0117,D0030,2024-02-11 13:55:14.032996,6,6,1
C0010164,P012,S0117,D0019,2024-02-20 06:38:56.185300,102,4,2
C0010165,P012,S0117,D0026,2024-02-17 06:26:42.695172,104,4,3
C0010166,P012,S0117,D0006,2024-02-19 23:21:51.234859,-1,2,1
C0010167,P012,S0117,D0019,2024-02-15 13:49:14.231200,7,41,6
C0010168,P012,S0118,D0004,2024-03-03 02:54:47.649408,19,44,5
C0010169,P012,S0118,D0030,2024-03-06 21:32:42.755105,36,16,5
C0010170,P012,S0118,D0004,2024-03-06 12:19:52.185220,39,35,1
C0010171,P012,S0118,D0050,2024-02-27 18:25:44.820080,74,0,1
C0010172,P012,S0118,D0042,2024-03-07 13:51:16.476023,106,11,9
C0010173,P012,S0118,D0042,2024-02-29 01:42:24.096038,64,17,8
C0010174,P012,S0118,D0019,2024-03-03 10:37:41.613787,10,13,4
C0010175,P012,S0118,D0004,2024-03-09 04:49:30.497846,50,19,11
C0010176,P012,S0118,D0042,2024-03-01 09:52:23.064691,33,1,2
C0010177,P012,S0118,D0019,2024-03-01 15:42:10.418361,68,42,1
C0010178,P012,S0118,D0019,2024-02-25 18:32:23.835307,52,19,4
C0010179,P012,S0118,D0004,2024-02-25 18:47:45.519997,17,1,4
C0010180,P012,S0118,D0030,2024-03-05 15:27:53.254182,3,3,2
C0010181,P012,S0118,D0026,2024-03-02 14:17:34.712827,56,0,4
C0010182,P012,S0118,D0050,2024-03-03 13:00:49.282279,33,1,6
C0010183,P012,S0118,D0050,2024-02-25 14:51:06.046392,13,5,1
C0010184,P012,S0118,D0030,2024-03-08 06:58:42.215788,14,8,1
C0010185,P012,S0118,D0006,2024-03-02 01:45:50.284703,118,0,2
C0010186,P012,S0118,D0006,2024-03-04 01:16:49.688429,75,0,4
C0010187,P012,S0118,D0042,2024-03-09 00:39:47.476117,70,17,1
C0010188,P012,S0118,D0019,2024-02-27 23:42:16.565924,37,4,2
C0010189,P012,S0118,D0042,2024-03-06 12:58:01.393220,41,4,1
C0010190,P012,S0118,D0019,2024-03-02 08:54:55.108526,69,7,1
C0010191,P012,S0118,D0019,2024-02-26 15:55:10.041381,34,16,1
C0010192,P012,S0118,D0050,2024-03-01 02:06:35.721254,29,11,1
C0010193,P012,S0118,D0004,2024-03-09 08:15:34.804032,32,40,1
C0010194,P012,S0118,D0030,2024-02-25 06:16:03.702820,56,20,3
C0010195,P012,S0118,D0050,2024-02-28 03:28:21.217111,73,43,1
C0010196,P012,S0118,D0042,2024-02-28 21:10:02.375992,25,16,1
C0010197,P012,S0118,D0026,2024-02-26 02:50:13.077422,27,4,6
C0010198,P012,S0118,D0050,2024-02-26 04:21:55.645330,73,2,1
C0010199,P012,S0118,D0004,2024-03-04 19:22:03.630112,22,32,1
C0010200,P012,S0118,D0030,2024-02-29 21:40:56.159155,34,60,1
C0010201,P012,S0118,D0019,2024-02-27 14:24:44.311822,105,4,1
C0010202,P012,S0118,D0019,2024-02-28 23:17:51.408826,35,28,1
C0010203,P012,S0118,D0019,2024-03-05 13:55:52.469251,41,71,4
C0010204,P012,S0118,D0006,2024-02-26 01:03:53.796791,19,27,1
C0010205,P012,S0118,D0026,2024-02-28 18:16:09.878024,26,15,3
C0010206,P012,S0118,D0019,2024-03-09 06:34:04.173068,14,28,2
C0010207,P012,S0118,D0050,2024-03-04 20:35:39.781550,192,42,1
C0010208,P012,S0119,D0042,2024-03-13 21:55:06.342890,19,42,2
C0010209,P012,S0119,D0030,2024-03-17 19:23:39.336514,6,25,3
C0010210,P012,S0119,D0004,2024-03-11 03:43:30.829308,17,11,3
C0010211,P012,S0119,D0030,2024-03-22 03:50:49.117379,15,21,3
C0010212,P012,S0119,D0006,2024-03-13 02:39:28.978471,68,7,1
C0010213,P012,S0119,D0004,2024-03-22 16:46:16.960163,216,3,3
C0010214,P012,S0119,D0050,2024-03-16 17:41:24.073989,31,14,3
C0010215,P012,S0119,D0030,2024-03-14 12:02:22.910121,38,14,8
C0010216,P012,S0119,D0042,2024-03-15 06:37:54.268536,70,47,2
C0010217,P012,S0119,D0030,2024-03-11 13:54:13.929099,44,10,6
C0010218,P012,S0119,D0050,2024-03-20 16:18:48.109872,33,16,9
C0010219,P012,S0119,D0050,2024-03-12 17:01:15.292977,7,16,1
C0010220,P012,S0119,D0006,2024-03-18 16:04:05.036583,84,6,3
C0010221,P012,S0119,D0050,2024-03-17 01:53:15.404495,50,42,4
C0010222,P012,S0119,D0026,2024-03-11 08:43:28.342098,24,6,5
C0010223,P012,S0119,D0026,2024-03-23 05:29:00.113381,58,81,3
C0010224,P012,S0119,D0019,2024-03-15 05:09:41.965222,24,1,4
C0010225,P012,S0119,D0030,2024-03-22 14:55:16.725910,4,5,1
C0010226,P012,S0119,D0006,2024-03-18 05:40:30.028582,56,27,1
C0010227,P012,S0119,D0030,2024-03-15 13:29:49.841349,80,7,1
C0010228,P012,S0119,D0050,2024-03-22 23:44:05.738221,30,10,2
C0010229,P012,S0119,D0006,2024-03-13 11:35:37.713845,5,4,1
C0010230,P012,S0119,D0050,2024-03-22 13:12:29.607336,29,32,3
C0010231,P012,S0119,D0006,2024-03-22 23:04:00.182316,46,15,1
C0010232,P012,S0119,D0004,2024-03-22 07:18:44.392916,30,7,1
C0010233,P012,S0119,D0026,2024-03-15 18:53:33.055265,18,35,1
C0010234,P012,S0119,D0030,2024-03-22 00:32:07.284725,46,33,1
C0010235,P012,S0119,D0026,2024-03-18 16:53:59.106826,108,2,1
C0010236,P012,S0119,D0030,2024-03-10 22:32:04.776350,167,16,6
C0010237,P012,S0119,D0019,2024-03-21 18:30:28.147184,10,11,1
C0010238,P012,S0119,D0050,2024-03-21 19:10:39.288362,72,58,11
C0010239,P012,S0119,D0006,2024-03-22 18:09:31.687946,7,5,3
C0010240,P012,S0119,D0019,2024-03-17 18:12:16.547697,32,15,2
C0010241,P012,S0119,D0042,2024-03-21 23:23:32.581083,51,16,3
C0010242,P012,S0119,D0019,2024-03-11 18:30:47.948554,13,17,1
C0010243,P012,S0119,D0050,2024-03-20 18:31:41.387319,44,18,1
C0010244,P012,S0119,D0042,2024-03-11 23:54:54.971785,59,16,4
C0010245,P012,S0119,D0026,2024-03-10 13:57:31.843402,98,14,2
C0010246,P012,S0119,D0004,2024-03-19 09:47:29.790977,110,13,1
C0010247,P012,S0119,D0026,2024-03-15 00:12:56.849568,-1,25,1
C0010248,P012,S0119,D0050,2024-03-13 07:22:56.304696,24,6,1
C0010249,P012,S0119,D0006,2024-03-23 16:29:07.055216,47,10,2
C0010250,P012,S0120,D0026,2024-03-31 03:39:05.796427,9,25,1
C0010251,P012,S0120,D0019,2024-04-01 01:03:37.927302,33,12,4
C0010252,P012,S0120,D0004,2024-03-25 18:49:32.009886,77,28,1
C0010253,P012,S0120,D0006,2024-04-05 00:40:01.246138,36,36,1
C0010254,P012,S0120,D0004,2024-03-29 06:40:04.184626,12,5,1
C0010255,P012,S0120,D0050,2024-04-02 21:38:15.123129,51,35,4
C0010256,P012,S0120,D0004,2024-03-30 21:57:07.919664,82,11,8
C0010257,P012,S0120,D0004,2024-03-31 18:22:30.436071,97,6,1
C0010258,P012,S0120,D0050,2024-03-30 05:49:10.646156,49,5,3
C0010259,P012,S0120,D0006,2024-04-02 07:59:19.704308,63,2,4
C0010260,P012,S0120,D0019,2024-03-27 03:10:56.774122,18,12,1
C0010261,P012,S0120,D0004,2024-03-26 11:59:41.573028,20,15,11
C0010262,P012,S0120,D0019,2024-03-27 19:15:37.912152,18,38,4
C0010263,P012,S0120,D0004,2024-03-27 00:55:56.157991,19,6,1
C0010264,P012,S0120,D0006,2024-04-04 17:08:18.521506,16,6,1
C0010265,P012,S0120,D0006,2024-03-25 16:54:53.427203,75,8,1
C0010266,P012,S0120,D0019,2024-04-02 11:42:37.506231,52,4,2
C0010267,P012,S0120,D0004,2024-04-03 17:10:45.688502,56,12,3
C0010268,P012,S0120,D0050,2024-04-03 16:20:26.306986,14,5,1
C0010269,P012,S0120,D0050,2024-03-27 18:40:33.722440,77,14,8
C0010270,P012,S0120,D0050,2024-03-25 10:57:49.359276,49,32,2
C0010271,P012,S0120,D0026,2024-03-24 17:49:39.325753,20,12,7
C0010272,P012,S0120,D0030,2024-03-30 03:15:27.526910,40,11,1
C0010273,P012,S0120,D0004,2024-03-30 15:37:53.265947,36,11,2
C0010274,P012,S0120,D0004,2024-04-02 10:06:14.815495,19,94,1
C0010275,P012,S0120,D0019,2024-03-30 13:19:22.599771,130,37,1
C0010276,P012,S0120,D0019,2024-04-01 12:18:45.008031,129,24,2
C0010277,P012,S0120,D0030,2024-03-31 06:21:22.247091,46,3,3
C0010278,P012,S0120,D0006,2024-04-05 04:43:22.135131,17,7,3
C0010279,P012,S0120,D0030,2024-03-28 15:30:02.499908,46,6,3
C0010280,P012,S0120,D0030,2024-03-29 00:46:28.981459,91,103,2
C0010281,P012,S0120,D0050,2024-03-25 02:48:58.468863,41,6,3
C0010282,P012,S0120,D0004,2024-03-29 10:25:02.027612,66,28,6
C0010283,P012,S0120,D0030,2024-03-25 03:27:44.349380,18,17,1
C0010284,P012,S0120,D0050,2024-03-29 20:01:37.152519,9,39,2
C0010285,P012,S0120,D0004,2024-03-27 11:36:18.740387,8,4,3
C0010286,P012,S0120,D0030,2024-04-01 18:25:09.692915,32,123,6
C0010287,P012,S0120,D0006,2024-03-31 04:57:08.531704,59,31,1
C0010288,P012,S0120,D0050,2024-03-29 23:52:00.279772,139,13,1
C0010289,P012,S0120,D0042,2024-04-05 23:10:35.866584,19,17,4
C0010290,P012,S0120,D0004,2024-03-28 01:44:12.104007,63,2,1
C0010291,P012,S0120,D0006,2024-03-27 09:17:02.809883,44,4,1
C0010292,P012,S0120,D0004,2024-04-05 21:34:19.390010,18,0,4
C0010293,P012,S0120,D0026,2024-04-03 16:59:39.921962,28,15,1
C0010294,P012,S0120,D0030,2024-03-24 16:20:53.719577,75,37,3
C0010295,P012,S0120,D0006,2024-04-05 02:32:00.784674,82,16,3
C0010296,P012,S0120,D0050,2024-03-30 05:58:00.667384,54,67,5
C0010297,P012,S0120,D0006,2024-04-01 03:15:26.370986,64,43,3
C0010298,P012,S0120,D0006,2024-03-26 22:44:20.249413,26,55,2
C0010299,P012,S0120,D0030,2024-04-06 10:54:49.883747,38,57,1
C0010300,P012,S0120,D0019,2024-03-29 16:06:37.146981,37,24,4
C0010301,P012,S0120,D0050,2024-03-28 11:11:14.509051,24,2,7
C0010302,P012,S0120,D0050,2024-04-06 08:47:19.355066,60,3,2
C0010303,P012,S0120,D0042,2024-04-04 12:25:13.249012,10,30,1
C0010304,P012,S0120,D0006,2024-03-26 07:50:12.609231,58,14,5
C0010305,P012,S0120,D0050,2024-03-26 09:29:47.080130,19,25,6
C0010306,P012,S0120,D0004,2024-03-28 21:31:23.435986,47,26,1
C0010307,P012,S0120,D0019,2024-04-04 09:29:58.542913,15,6,2
C0010308,P012,S0120,D0004,2024-03-29 13:34:26.646473,44,5,2
C0010309,P012,S0120,D0026,2024-04-05 09:12:22.558109,35,68,5
C0010310,P012,S0120,D0026,2024-04-03 13:36:33.239671,33,15,1
C0010311,P012,S0120,D0030,2024-03-28 15:02:00.667230,94,16,2
C0010312,P012,S0120,D0006,2024-04-05 10:31:12.221888,35,25,4
C0010313,P012,S0120,D0006,2024-04-01 22:28:11.150649,116,6,3
C0010314,P012,S0120,D0042,2024-04-03 09:16:11.641610,29,24,3
C0010315,P012,S0120,D0042,2024-03-30 21:11:03.198458,162,16,1
C0010316,P012,S0120,D0004,2024-03-31 00:40:58.026257,20,69,4
C0010317,P012,S0120,D0030,2024-04-04 01:51:27.269425,48,92,3
C0010318,P012,S0120,D0042,2024-04-04 12:07:18.718619,48,26,2
C0010319,P012,S0120,D0026,2024-04-01 20:00:49.669407,35,16,1
C0010320,P012,S0120,D0042,2024-03-29 15:55:33.833351,88,70,6
C0010321,P012,S0120,D0042,2024-03-26 18:02:45.992991,23,14,2
C0010322,P012,S0120,D0042,2024-03-27 19:48:44.098571,53,69,7
C0010323,P012,S0120,D0050,2024-04-01 08:02:02.567495,80,19,2
C0010324,P012,S0120,D0019,2024-03-25 10:57:34.281263,37,3,6
C0010325,P012,S0120,D0030,2024-04-01 22:14:00.682393,103,37,9
C0010326,P012,S0120,D0050,2024-03-29 01:43:17.790055,30,19,1
C0010327,P012,S0120,D0006,2024-03-25 05:08:51.244250,46,7,4
C0010328,P012,S0120,D0004,2024-03-26 20:17:27.529427,29,10,3
C0010329,P012,S0120,D0050,2024-03-24 09:48:06.575379,131,57,1
C0010330,P012,S0120,D0050,2024-03-29 02:44:42.138661,43,30,11
C0010331,P012,S0120,D0006,2024-04-03 09:15:39.107134,31,23,8
C0010332,P012,S0120,D0019,2024-04-02 12:36:04.646535,47,30,5
C0010333,P012,S0120,D0042,2024-03-25 20:04:15.974473,65,17,1
C0010334,P012,S0120,D0030,2024-03-27 14:01:57.671737,24,38,3
C0010335,P012,S0120,D0030,2024-03-31 16:33:16.589865,20,15,5
C0010336,P012,S0120,D0004,2024-03-26 18:16:10.346635,38,4,1
C0010337,P012,S0120,D0030,2024-03-25 05:29:54.869594,46,47,2
C0010338,P012,S0120,D0004,2024-03-29 19:28:41.938095,11,11,1
C0010339,P012,S0120,D0030,2024-03-29 22:49:59.799070,100,8,2
C0010340,P012,S0120,D0019,2024-03-30 23:38:26.537577,40,33,2
C0010341,P012,S0120,D0042,2024-03-27 04:35:24.611304,32,4,1
C0010342,P012,S0120,D0019,2024-03-31 12:22:45.122124,37,4,2
C0010343,P012,S0120,D0019,2024-03-29 15:52:51.783051,14,23,1
C0010344,P012,S0120,D0006,2024-03-28 11:11:12.859742,44,92,3
C0010345,P012,S0120,D0004,2024-03-30 10:57:38.543903,61,5,1
C0010346,P012,S0120,D0019,2024-03-28 16:31:10.268323,49,26,6
C0010347,P012,S0120,D0050,2024-03-28 17:43:22.762509,26,4,3
C0010348,P012,S0120,D0050,2024-03-28 22:42:43.078830,30,32,1
C0010349,P012,S0120,D0004,2024-03-30 13:39:06.298288,63,45,3
C0010350,P012,S0120,D0019,2024-04-04 15:01:59.126626,18,20,2
C0010351,P012,S0120,D0050,2024-03-25 02:42:29.313943,30,24,6
C0010352,P012,S0120,D0026,2024-03-26 07:04:31.954830,16,46,1
C0010353,P012,S0120,D0004,2024-04-03 13:28:04.193898,6,36,1
C0010354,P012,S0120,D0030,2024-03-26 19:13:10.029989,57,31,2
C0010355,P012,S0120,D0030,2024-04-04 20:07:15.759392,16,18,2
C0010356,P012,S0120,D0050,2024-03-30 01:10:38.466050,109,7,3
C0010357,P012,S0120,D0030,2024-03-24 20:51:24.520282,39,19,1
C0010358,P012,S0120,D0050,2024-03-27 07:16:44.716816,20,23,2
C0010359,P012,S0120,D0050,2024-03-24 16:17:33.255138,15,17,4
C0010360,P012,S0120,D0019,2024-04-02 11:11:48.146385,35,18,1
C0010361,P012,S0120,D0026,2024-03-27 20:06:16.254174,61,54,1
